UniProt_accession,AlphaFold_model,pLDDT
P03913,True,91.88
Q6QU67,True,92.38
P14862,True,88.44
Q869S5,True,49.03
O42629,True,97.69
Q4WCR3,True,95.56
A0A0D2YFZ8,True,83.5
N1PA11,True,82.38
I1RV24,True,85.69
Q7RVI1,True,91.06
F2T1C4,True,82.25
A0A1W6BT46,True,81.44
A0A0S2CHA9,True,83.31
A0A0D2YFZ9,True,62.16
O74524,True,84.75
G1XU02,True,95.94
N4WE43,True,89.0
Q7D5F9,True,86.38
P87000,True,68.44
P43547,True,85.44
Q9P6J4,True,96.5
C5M6H7,True,90.06
Q4WUL0,True,58.66
E3RIP0,True,73.56
B2KWI3,True,91.19
P20107,True,69.19
A0A0D2YG00,True,92.0
A7LXT8,True,96.0
Q4WY69,True,58.94
O94460,True,94.56
P28348,True,69.62
B9EXZ6,True,87.25
O94511,True,93.19
B8NM75,True,79.06
L0MXJ3,True,84.44
G2QFD0,True,88.56
Q5ZJP9,True,68.31
Q9UTN8,True,95.75
A0A2Z6E914,True,92.31
P52492,True,94.0
P17064,True,85.94
W6QB10,True,93.69
Q9HET8,True,73.5
O60029,True,85.12
Q10441,True,90.5
B3VI55,True,95.44
O42632,True,70.06
E9JFX9,True,93.0
Q4X017,True,92.88
P9WEG9,True,90.94
S3DQN8,True,90.62
A0A1L9WLF6,True,94.44
B6JVD0,True,89.75
O74308,True,67.5
I1RF57,True,74.06
O94305,True,79.12
P22129,True,85.5
O94128,True,91.38
P42058,True,97.56
P56523,True,88.44
G9N4A9,True,95.88
Q7NUZ0,True,83.81
Q9D379,True,94.06
P14137,True,89.31
P08158,True,97.31
Q1DKX4,True,83.0
Q6UEF4,True,89.5
P94502,True,97.62
Q9W0T5,True,77.75
Q9C8U6,True,86.25
P10563,True,66.19
G7IYC1,True,95.5
Q59QC7,True,57.56
C8VJW1,True,79.94
A2QY54,True,96.12
Q7RV75,True,93.06
P0A391,True,98.44
P39731,True,76.5
Q6FQK7,True,91.94
P38196,True,80.81
A0A024SH20,True,91.56
Q5K8S8,True,92.62
P34208,True,84.62
Q6CTX8,True,92.69
O13909,True,75.38
O13796,True,71.81
O13911,True,88.94
Q7S158,True,63.53
Q9P8X9,True,94.94
E9R598,True,94.19
P10356,True,95.44
Q5A1E3,True,70.69
S0EFU6,True,76.81
P80235,True,90.75
Q9BY08,True,94.0
Q8IYM9,True,85.06
Q10211,True,93.56
Q9Y7P3,True,77.12
P09940,False,
Q5BFF8,True,94.81
B6HIC2,True,80.75
P38678,True,65.88
O34812,True,95.5
Q7SE80,True,91.5
P14068,True,87.75
O42904,True,74.88
Q6BU46,True,93.94
Q7S1R6,True,81.0
D4AU28,True,90.12
Q6NT99,True,98.12
Q4X1R1,True,84.31
A0A2J6RX17,True,85.19
P60327,True,98.5
Q5BC23,True,91.31
A0A384J409,True,67.75
A0A2V5GRP3,True,88.5
B8NDS8,True,78.0
A2QBQ3,True,62.69
Q7XTT4,True,54.88
A9BQY2,True,98.44
O59668,True,86.19
Q6P798,True,89.69
Q01738,True,92.5
G2Q1C9,True,69.25
P42117,True,91.0
D4B093,True,85.31
Q8N0X4,True,90.69
Q9US13,True,75.75
A0A075TXZ3,True,92.0
Q1K8U2,True,87.38
A4FV72,True,82.12
W7N466,True,73.25
Q7SE71,True,82.56
Q7SGE5,True,80.44
Q0UVK7,True,87.44
O74823,True,77.94
Q07950,True,84.06
P41056,True,97.31
Q6YFE5,True,91.06
O13868,True,83.31
A1C5F1,True,86.5
Q9P7F2,True,93.06
K4BW79,True,87.06
P50850,True,94.56
Q6C5V7,True,74.31
Q0C9R3,True,92.56
P32561,True,91.62
O94548,True,65.25
Q8N2Z9,True,89.38
O94562,True,95.12
G0SA56,True,65.25
O59826,True,94.38
O42916,True,92.19
P0CT64,True,95.81
P48013,True,70.81
A0A1D8PDT4,True,93.69
Q10488,True,94.06
G2WTI6,True,82.38
P24488,True,59.44
Q4W9R7,True,81.69
O74945,True,79.31
O60132,True,49.5
Q4WXV6,True,64.75
G3XP90,True,89.81
Q5AUY2,True,84.81
D5G4B1,True,82.31
Q70J59,True,89.81
O75083,True,96.5
D2D3B6,True,86.5
Q09908,True,58.34
Q7TNE1,True,91.94
Q9M8Z7,True,73.5
B0Y8Y5,True,88.0
Q2U0K1,True,87.19
Q9KBN7,True,94.0
Q9P7C5,True,79.69
Q0TVF9,True,91.38
Q0CTF3,True,90.12
Q9SJK3,True,82.44
Q9FF61,True,71.56
B2KWH6,True,85.94
A0A2I1BT15,True,93.75
Q9C467,True,91.19
A7YN26,True,93.12
Q09811,True,59.91
Q4IN52,True,85.0
Q5A1M4,True,77.44
P40185,True,92.25
P39992,True,65.81
P31723,True,94.56
P43619,True,96.25
O60476,True,85.25
P69310,True,95.5
P38163,True,85.12
Q5B3I9,True,74.69
Q4WXA1,True,76.19
Q95KV7,True,94.0
O59741,True,72.62
A0A2I1BSW0,True,94.81
I1RC73,True,79.56
A0A823A0V1,True,81.25
O13493,True,65.94
Q03795,True,78.56
A0A1V6PAN1,True,93.38
Q6QDR4,True,93.25
O74970,True,87.0
A0A179G9G5,True,76.56
Q8RY79,True,96.44
P18407,True,96.81
Q7SHI8,True,84.12
P07276,True,60.22
Q7SFB0,True,91.06
A7GKX6,True,93.12
A1DG72,True,89.81
P36070,True,81.25
Q6C338,True,88.12
Q5A0A9,True,74.12
A0A0B4FP77,True,95.88
P53699,True,78.5
Q9UM13,True,90.19
P22193,True,83.38
C6Y4C1,True,82.12
Q12029,True,81.69
O60081,True,87.19
Q7SDM8,True,92.69
Q9SF85,True,95.69
P0DUT8,True,70.81
Q05156,True,94.0
Q5AF55,True,63.81
G0S8E7,True,65.94
Q2QRV3,True,97.56
P58710,True,95.19
A2RAF6,True,78.69
P13604,True,96.81
Q00251,True,89.25
P40093,True,95.0
Q9US47,True,97.06
Q9LVW9,True,82.06
A0A0C4VYV1,True,89.81
G1UB37,True,78.75
P40215,True,88.94
Q03455,True,72.44
Q10086,True,75.12
F2SQT8,True,82.62
Q10097,True,84.31
O14360,True,59.34
Q9P7Q9,True,92.56
P14799,True,90.19
Q9SKJ7,True,88.5
P59234,True,87.12
Q54XV3,True,93.19
P29458,True,72.12
O14280,True,95.06
Q9I6M4,True,97.62
S0ARX1,True,87.06
Q09818,True,65.69
Q9H093,True,62.28
Q12559,True,96.88
Q5B797,True,78.56
Q5BD15,True,81.38
P40292,True,85.75
O94708,True,60.66
B1A0U5,True,64.62
Q4W9V1,True,95.69
O60105,True,95.88
Q10422,True,64.62
Q5BGK3,True,85.06
Q6MVL2,True,88.5
O94289,True,88.94
B0Y9Q4,True,76.88
A1C7B5,True,65.94
P53127,True,70.25
P09231,True,82.12
P87120,True,94.25
Q09870,True,95.12
E9P974,True,93.25
O13920,True,70.88
I1RAY1,True,80.81
Q12436,True,74.19
P87305,True,94.25
Q5ZMJ9,True,51.91
Q9FGJ3,True,74.25
O74347,True,89.69
Q9C0U7,True,69.25
B6HN82,True,86.0
Q48806,True,90.88
Q00258,True,92.81
Q92412,True,87.31
D7UTD0,True,93.44
P21976,True,86.25
O65709,True,92.62
B2FQ90,True,98.38
Q2YDE3,True,88.19
Q5B5P1,True,85.12
P19115,True,90.81
G2XER1,True,54.78
Q1DQZ5,True,79.5
Q6B516,True,69.31
Q9N3Q8,True,89.56
Q8GXX0,True,78.06
Q96TU3,True,95.5
P42039,True,71.06
O13453,True,74.31
A0A8F4SN83,True,91.69
A0A1D8PPG4,True,83.94
B0XQS8,True,87.12
Q08980,True,83.81
D4ANG0,True,89.69
Q09923,True,95.94
Q8LAD0,True,86.38
A7F3V4,True,72.94
Q4U3Y2,True,87.56
Q9P7B5,True,75.0
A5DHM6,True,93.38
O60200,True,89.62
G0S2K4,True,68.06
F9XMW5,True,72.44
Q9Y874,True,85.44
Q9BVI0,True,54.47
O60103,True,72.0
A7B3K3,True,96.56
A0A0R4J5R0,True,92.12
G2X352,True,61.44
Q92544,True,85.56
Q03516,True,80.69
A0A2I2F271,True,85.25
I1RD82,True,79.12
Q8ISP0,True,89.62
A0A8J9R8G6,True,88.88
B0Y691,True,85.12
Q39085,True,91.75
M2R8W9,True,85.31
Q09764,True,78.88
A0A172QE52,True,85.56
P17573,True,92.75
A0A166YZY4,True,87.75
Q75GS4,True,94.5
Q9H5Z1,True,86.62
Q9HGM6,True,81.94
Q9USN1,True,67.56
D4B5D4,True,67.69
Q9P376,True,75.88
M4VQY9,True,92.62
B0XZU9,True,94.0
Q09856,True,76.88
P48466,True,96.06
O13713,True,68.75
Q7SA04,True,67.38
Q7Z9J4,True,81.19
Q9XIG1,True,74.94
Q00177,True,94.94
Q9SMR2,True,79.19
A0A1U8QG99,True,83.5
Q12322,True,84.62
P38838,True,76.06
Q92RP0,True,96.5
Q8GY96,True,93.0
P25451,True,96.94
P56329,True,67.12
A0ABQ8WBK9,False,
Q4WGL2,True,62.09
Q1E2D2,True,72.38
P07278,True,78.12
Q4X0I7,True,84.44
B0R858,True,94.5
Q8X082,True,91.06
Q9C0W1,True,93.81
Q7RWZ7,True,91.75
Q8N9N2,True,65.44
Q9P4Z1,False,
O14113,True,74.75
Q90678,True,86.75
P87173,True,91.38
P0CX39,True,92.56
P9WEL4,True,93.62
A0A2H0ZCS5,True,84.94
P08540,True,88.25
D4B5N6,True,83.38
G2XAE9,True,60.38
P22944,True,86.5
G2X002,True,86.0
Q4V835,True,65.12
A6SIJ6,True,74.62
Q54PQ4,True,83.25
P40100,True,79.12
N4WEA4,True,92.0
Q6BUX2,True,95.0
Q8IWT3,True,67.06
Q8VE37,True,93.88
P25375,True,92.38
P53173,True,93.81
Q9USQ7,True,83.44
Q0CPF9,True,74.81
E9DW54,True,58.56
B3LPW3,True,63.16
G0SCU5,True,93.0
P40579,True,96.62
Q5AYI6,True,93.56
O14057,True,87.31
O43050,True,94.19
G2Q0E2,True,69.88
Q4WP81,True,75.81
O42615,True,88.31
G1XJZ0,True,92.69
Q5B7U0,True,93.69
P39453,True,81.19
A6QPH8,True,90.5
P55251,True,89.5
H1VN83,True,93.19
Q9HE11,True,75.19
P15937,True,96.44
V5ILS6,True,65.31
B0XUR7,True,74.0
O42978,True,93.62
Q5A599,True,76.75
Q0V5W8,True,90.06
Q9VGP1,True,67.25
P53252,True,80.69
B8NKA3,True,94.75
P52291,True,91.06
Q6GNT9,True,97.62
O74853,True,71.81
Q9P326,True,75.56
Q09749,True,89.06
O14088,True,97.19
Q03829,True,73.5
Q0CHV5,True,62.47
G0S156,True,67.81
C5CZC3,True,95.94
Q7RXU7,True,85.44
M2YMU7,True,94.0
G2XF54,True,46.84
P40106,True,97.69
Q9CPY6,True,84.94
B8NL22,True,84.69
Q8X092,True,90.12
Q2UMM4,True,91.19
Q0UPV4,True,91.06
Q0QWS4,True,96.38
A0A0F6NRE2,True,92.69
Q8GWR2,True,93.81
Q96WY0,True,79.62
P45444,False,
P0CQ67,True,63.28
Q54CU7,True,89.5
O14224,True,83.94
Q4X162,True,86.69
P38164,True,76.31
A3KP37,True,89.81
Q09875,True,90.12
O14130,True,73.06
O34788,True,96.94
Q7RYW8,True,76.69
Q2UA85,True,77.56
C5GVC6,True,83.19
O94235,True,59.84
Q0C7E6,True,86.12
O43100,True,84.88
Q7S302,True,91.06
Q9UTA8,True,92.12
Q4WDL3,True,90.0
P40386,True,93.5
Q6AXT8,True,65.06
Q0CLX3,True,65.25
Q06328,True,78.0
O60150,True,88.19
Q54P77,True,90.31
Q8NKC1,True,91.75
A0A144Y7G4,True,96.06
Q5AUT0,True,76.12
E9F689,True,96.88
P38902,True,95.44
Q4WT65,True,82.62
P07272,True,68.38
Q2UPA8,True,72.19
J5JLF2,False,
M2SNN6,True,95.38
Q5FVP5,True,87.69
Q00455,True,88.19
Q7S6W5,True,90.62
Q10161,True,77.81
P0DTN6,True,86.25
Q9HFR7,True,91.06
A0A336U966,True,92.38
P23724,True,94.62
Q05031,True,93.12
O60116,True,94.38
A2RAL4,True,96.81
O67071,True,96.88
P50537,True,89.5
Q5AUW9,True,95.44
Q8NIG3,True,88.5
Q9XTI0,True,97.12
O94606,True,82.38
Q07842,True,91.69
P54950,True,94.25
Q9USP1,True,78.31
Q2GZQ4,True,70.94
Q4WV44,True,88.62
Q9Y7N0,True,70.62
Q7SI16,True,85.44
Q9ZVL3,True,75.12
Q12425,True,76.56
Q4IPB8,True,95.75
Q9ZU50,True,90.62
Q9UTQ7,True,76.56
O62761,True,92.38
O88767,True,98.25
B6H059,True,78.38
G0S196,True,74.62
P47813,True,77.94
A0A499UB99,True,96.56
Q7S9P4,True,86.25
Q9C701,True,95.81
O74999,True,77.94
B0XZV0,True,90.88
Q2TXF1,True,93.62
O59682,True,91.75
P11113,True,79.88
Q9SN58,True,95.0
O69787,True,97.75
Q2PGG3,True,95.5
Q6C7S6,True,97.0
Q06098,True,79.06
Q7S5M7,True,94.62
Q6C9W0,True,91.88
Q6DGZ0,True,86.5
D6N7U5,True,87.56
P21657,True,66.31
Q754R5,True,73.5
D4B327,True,75.0
Q3JES6,True,91.94
G0S5Q0,True,74.62
P54267,True,76.75
P48008,True,84.81
O34714,True,96.38
Q7SG97,True,78.5
P23231,True,80.88
Q9ST27,True,73.69
P78980,True,84.69
A1CFL2,True,93.81
O94394,True,88.31
E3RD74,True,84.19
Q7S5N0,True,79.25
P32637,True,97.88
D4AUX6,True,79.12
P53147,True,60.38
Q5B428,True,86.31
Q4KLB0,True,89.0
K9FWK0,True,53.69
Q9HDY7,True,58.84
P18696,True,87.12
O60017,True,93.94
S8B3I4,True,88.88
E0CYR6,True,91.88
A6RRW0,True,88.0
Q9Y794,True,56.5
I1RV22,True,87.56
D0U690,True,83.5
A0A1L7TV54,True,81.0
P34211,True,87.88
A7LXU0,True,94.62
O14352,True,81.81
P25637,True,86.38
O00102,True,94.31
G3YFS7,True,89.75
C8VSE7,True,68.12
Q9P6Q3,True,80.81
A5H0J3,True,95.56
A7EM88,True,89.06
A0A1L9WLE2,True,91.19
W7MVT8,True,72.0
Q871K1,True,94.19
O43029,True,94.38
P17505,True,94.0
P38972,True,93.62
P46852,True,97.81
O59674,True,85.44
C7GQJ1,True,84.0
Q92250,True,95.88
Q8J0F0,True,94.5
G9N4A3,True,88.44
P78920,True,78.44
Q2KJG8,True,83.19
Q12184,True,78.62
O42953,True,75.31
Q03322,True,73.06
A6RPX6,True,85.88
O74225,True,93.81
O14172,True,90.12
O94343,True,82.44
Q10423,True,90.94
Q06511,True,68.69
Q01513,True,63.28
Q10494,True,95.5
G8BHG4,True,96.38
A7HU16,True,96.38
J4W1I9,False,
Q5AK94,True,87.12
D7PI12,True,66.69
P06134,True,81.81
P35845,True,73.25
C9K7C2,True,67.25
P80547,True,92.5
O60177,True,65.0
A0A0J9UVG7,True,88.5
P9WNH2,True,88.56
O14156,True,84.0
Q9XVQ9,True,92.62
Q08924,True,93.44
Q5BGA9,True,72.19
G2TRT0,True,74.19
P50136,True,92.0
O59780,True,59.47
P34227,True,88.44
P24719,True,76.88
A7EZS5,True,95.88
Q08971,True,88.0
Q00748,True,84.69
Q1K5G1,True,88.25
I1RV17,True,95.88
Q00858,True,63.78
O94321,True,66.75
Q9US44,True,84.62
Q9HF51,True,83.81
A0A179HKZ8,True,77.5
Q3E793,True,88.12
Q0CJ61,True,79.12
Q6FRT5,True,81.38
O94389,True,79.81
Q5BCG1,True,91.94
O31020,True,97.69
Q0UPX4,True,58.38
P0C955,True,87.44
A0A1U8QVI3,True,65.19
B6HV32,True,82.56
P0DN31,True,83.44
P26990,True,93.88
Q9SKC9,True,88.12
G0SFH5,True,82.56
P44094,True,96.06
O14111,True,71.81
P28349,True,65.38
Q66WM4,True,95.5
P48503,True,85.62
O14109,True,82.56
P48508,True,91.5
B9WYE6,True,96.19
P36601,True,87.12
P53395,True,79.75
A4D9J5,True,83.0
A7SVT1,True,82.62
Q09330,True,72.06
Q9C0V1,True,89.5
P38068,True,81.94
G9N4A8,True,91.81
Q10298,True,94.0
G0S4X2,True,61.84
P40996,True,69.56
Q6DDF4,True,84.31
O42786,True,91.38
Q9DBM1,True,58.59
Q92357,True,62.5
Q9UUA6,True,92.94
P38166,True,69.0
A0A1L7VET2,True,72.19
Q06706,True,87.38
A6QR31,True,79.06
Q9P7V3,True,88.75
Q9Y8A7,True,91.69
P47125,True,86.69
Q755T8,True,90.88
Q05424,True,93.06
A1CLD2,True,89.5
Q8NK92,True,87.38
Q700S9,True,95.5
G0RY74,True,83.75
P38148,True,79.06
Q10451,True,73.5
P40984,True,96.88
Q4WCX9,True,82.81
Q4WJ81,True,49.12
C7C435,True,92.94
Q2H085,True,80.19
Q20296,True,87.88
O94247,True,87.5
C8VC05,True,70.25
Q0UTF0,True,62.31
Q9UT76,True,84.44
P50526,True,62.69
P94063,True,91.94
Q1K8C8,True,89.94
Q05549,True,80.62
Q5AD51,True,95.94
Q9HFS2,True,54.12
Q9Y7Q6,True,85.5
Q5B0C0,True,87.69
Q0USZ4,True,84.19
Q2U6T7,True,77.31
Q0UTI3,True,82.69
Q06816,True,89.69
Q5FJB5,True,95.56
Q09733,True,62.03
O60188,True,75.94
G2TRS3,True,71.94
Q09808,True,60.06
P42837,True,75.44
Q0U2G5,True,89.44
O59941,True,83.0
Q4J6J6,True,98.0
A0A089FNE5,True,86.06
O94445,True,85.19
Q9JKB1,True,97.31
W8QRE4,True,97.44
Q6Q885,True,92.44
Q3TCH7,True,88.88
B8NU03,True,82.88
Q5A687,True,87.56
Q4WYA5,True,90.06
Q12737,True,94.69
B5ZA76,True,97.12
P27765,True,97.38
Q9H6B9,True,94.38
A1DDY6,True,60.28
Q08902,True,89.06
Q7RW48,True,88.88
Q9Y783,True,88.81
O08699,True,96.06
Q7S4H6,True,82.25
Q09813,True,68.0
Q7SAK9,True,76.81
Q1DK38,True,82.5
P43548,True,81.88
Q17389,True,87.38
A0A1V1FNZ5,True,91.69
Q6FWS5,True,79.0
P40445,True,86.31
P51691,True,98.12
Q7SB95,True,93.0
G2XEY9,True,48.59
P54069,True,93.69
Q10151,True,77.19
I1S130,True,95.06
O94703,True,86.25
Q4W9M3,True,89.69
O13833,True,86.75
Q8TFU8,True,60.47
Q5AHG6,True,67.19
O74553,True,96.31
Q05648,True,72.56
P52553,True,92.62
Q12558,True,93.56
A0A1L9X986,True,60.16
Q09785,True,92.75
O60039,True,75.25
Q75A82,True,82.88
D4AS70,True,92.44
O74861,True,76.31
O94616,True,92.38
K0E3U9,True,87.38
Q0UUE2,True,85.81
Q4WY31,True,74.25
A6RRF7,True,87.62
Q9UUN3,True,81.81
Q9P804,True,85.94
O58584,True,97.5
Q00359,True,90.62
Q9XZ25,True,72.62
O14188,True,72.19
A0A384K116,True,81.5
T2FKR1,True,93.75
P35844,True,91.81
Q4WEY4,True,92.62
G3XMB9,True,93.31
Q8K2L8,True,63.34
Q9XWZ2,True,93.94
Q86CZ2,True,55.72
P39106,True,87.81
Q9P7B7,True,76.44
G2XDI2,True,93.12
Q12731,True,78.62
V5IQE0,True,75.25
Q1GTB8,True,97.44
A0A1U8QTA2,True,94.25
A2QEQ6,True,92.12
Q4WK40,True,65.75
Q4WWN2,True,66.06
A0A1D8PGY0,True,95.5
Q54WM0,True,82.56
Q7RXP5,True,91.69
P16543,True,95.75
Q12289,True,84.12
G1X456,True,73.06
Q12570,True,91.38
B0Y1V8,True,90.56
Q12160,True,60.5
A0A455R7E6,True,85.62
A0A0A2JW93,True,81.31
Q7SEW2,True,78.0
Q12232,True,68.12
P32644,True,72.94
Q9UT49,True,72.06
O74469,True,83.25
Q9M9G6,True,61.91
Q50HP3,True,89.25
Q9UTM2,True,72.38
Q02972,True,96.06
Q9P4W7,True,81.31
V5IRD7,True,82.5
F4HX15,True,71.62
P0CI40,True,76.88
O93883,True,93.44
Q12740,True,91.88
Q55EF8,True,81.38
O13657,True,59.62
K7LC65,True,74.94
O59785,True,67.0
B6D9A7,True,88.88
P22194,True,92.12
P53705,True,48.5
Q02908,True,90.38
A0A2P1DP75,True,91.25
Q09177,True,87.06
P32573,True,93.88
Q1E9C0,True,68.38
Q09142,True,66.19
B2VVA8,True,91.88
P22315,True,86.69
Q9WZ31,True,92.06
Q05958,True,56.81
G8BHG6,True,96.62
Q5NA18,True,78.94
O42999,True,91.38
P25578,True,88.19
P25043,True,93.62
A0A1E3B0S4,True,82.25
P28739,True,76.38
O13899,True,83.5
P0CU28,True,90.94
P0CU27,True,92.25
P37515,True,97.75
P32917,True,58.53
B8M9J5,True,94.19
P32899,True,92.19
P40915,True,86.0
I1Z8E6,True,92.44
A0A2J8C362,True,88.44
Q4WL66,True,96.0
G2WQ23,True,60.28
E5AD52,True,53.91
B0XMC1,True,94.5
C0R562,True,82.0
Q9LPZ4,True,77.69
Q4X214,True,59.56
O14258,True,44.81
C4JF73,True,66.56
Q99288,True,84.56
A0A9P5CTI1,True,90.31
Q10332,True,65.31
Q8ITY4,True,77.94
Q0V090,True,72.81
Q9JLG8,True,69.75
Q9LIR9,True,81.88
O94660,True,96.25
P34752,True,95.0
Q69ZS7,True,74.44
Q8DJN6,True,96.69
Q10414,True,82.94
O94361,True,96.0
Q10567,True,81.25
Q00075,True,90.5
P33240,True,59.81
Q10752,True,76.0
A0A0B5LB52,True,94.44
G2X9E8,True,76.25
P48467,True,76.38
Q9Y815,True,54.22
P53575,True,97.06
A1CHL0,True,85.12
Q7SAF6,True,75.5
P69325,True,92.88
F9X3D9,True,96.19
O36017,True,93.38
P31382,True,89.25
P15380,True,80.12
Q9HBL8,True,96.62
I1R9A8,True,91.56
A1A653,True,94.12
P37302,True,85.62
Q53552,True,92.88
Q96VA4,True,96.38
P0CG71,True,87.12
A0A194VQ39,True,70.81
P87240,True,64.38
A0A1X7S690,True,86.12
B8MW97,True,94.56
A0A3G1DJF8,True,88.19
Q9CWD8,True,84.69
P32804,True,83.81
Q02990,True,64.0
P53839,True,96.38
Q4WQZ2,True,96.12
Q7RX40,True,86.56
A3QUP1,True,93.94
Q9P3U1,True,66.5
Q92457,True,95.25
P9WEE3,False,
G2X3G9,True,88.56
Q9C5G0,True,63.09
A6SK19,True,54.97
B2KWI1,True,90.5
P50167,True,95.44
A0A0E0RTV6,True,95.12
Q9VJY8,True,72.5
O13816,True,81.69
Q10235,True,92.69
Q76KX0,True,96.06
Q6FNY1,True,80.0
A6SRX6,True,86.69
O94491,True,83.69
Q9C2D4,True,88.62
Q8TB22,True,89.69
A0A385XI11,True,96.81
Q5ADL9,True,90.5
P87175,True,79.81
O60129,True,61.41
Q10279,True,88.44
Q1MTR3,True,78.81
Q12645,True,89.94
Q66ID3,True,86.56
G5EFZ1,True,94.81
Q84C00,True,87.0
I1S4N7,True,78.19
P33723,True,86.19
Q9C0Z1,True,81.81
Q7XKV2,True,94.38
B2JQY2,True,93.0
P53322,True,80.25
P53871,True,87.0
O75762,True,81.94
P32599,True,88.25
Q9M2N5,True,80.25
Q4WQ08,True,75.25
Q9SRL4,True,86.88
Q07G10,True,83.5
Q0UZV8,True,63.38
B8NW36,True,96.38
P87304,True,94.5
P11592,True,90.31
A3KG59,True,94.0
Q9UTA4,True,83.25
Q7SXW3,True,85.62
Q99385,True,87.25
A2QK68,True,89.25
Q5B2K4,True,80.94
P15646,True,78.06
P10978,True,79.56
Q9HDZ2,True,87.44
P32378,True,86.38
Q4WHT7,True,95.44
Q4WHU1,True,91.38
P9WF03,True,93.75
Q9FRL8,True,96.88
Q6BII9,True,94.62
Q9XH58,True,79.0
Q7SHF3,True,95.19
Q4WCV3,True,69.62
P14904,True,94.0
Q8LPL7,True,95.75
A0A3G1DJF0,True,95.12
Q96W30,True,87.62
Q7RVX9,True,86.44
Q5AU81,True,94.69
W7MTI3,True,87.5
J4VZG7,True,73.38
Q9P6J3,True,96.25
P23550,True,94.38
A0A0B4GDU5,True,90.38
P25710,True,79.94
Q0U7W4,True,86.81
C0HM97,True,86.06
Q81PE9,True,88.75
Q6CC39,True,82.12
Q01910,False,
Q2UDK7,True,95.0
W7N2P6,True,95.38
A0A481WNM6,True,92.75
W7N2B4,True,83.25
Q26304,True,93.56
P53659,True,86.75
Q9URX7,True,94.06
A0A1D8PCL1,True,84.5
A0A384JSZ0,True,71.75
Q5B0F4,True,93.88
C8VJW0,True,72.12
Q9C0U9,True,78.25
Q9V9A7,True,91.69
Q0U6L1,True,91.31
Q00713,True,89.62
O42939,True,80.12
D7PHY8,True,85.5
Q6CU12,True,95.06
Q5XTS1,True,65.75
A4QQN1,True,96.75
Q9USP0,True,87.5
Q10445,True,79.88
A0A0B5KYT4,True,90.25
O13779,True,66.38
O04514,True,87.19
Q9CX00,True,73.12
A0A179GC70,True,82.19
A0A059JK44,True,79.12
G0RV93,True,89.44
Q5ADS0,True,94.06
Q2UNX4,True,63.88
A0A0A2ILW0,True,73.81
Q0II91,True,70.44
Q7RXQ8,True,93.12
G2X2I9,True,72.0
A2QBB4,True,93.0
O14342,True,75.75
Q95SX7,True,86.94
Q400C8,True,90.81
Q5AXT5,True,67.25
Q1MLL4,True,97.56
Q94AX4,True,84.5
Q12381,True,80.56
M2WJ74,True,92.0
A4D9Q8,True,61.69
O94565,True,88.62
A2QTE5,True,92.06
Q2TXF9,True,90.69
W1QDJ3,True,88.0
A1L252,True,78.94
Q5BLX8,True,94.75
A0A1V6NWP3,True,90.75
O60126,True,94.44
A1A698,True,76.0
Q01358,True,94.69
O13775,True,92.19
M2T5U2,True,57.53
Q8X0J4,True,92.88
P48009,True,82.69
Q4WI96,True,82.56
A4D9U3,True,72.12
O94448,True,92.56
Q5BE04,True,68.69
O94383,True,81.69
Q6P632,True,94.5
Q5TC63,True,94.69
O42857,True,86.31
Q10156,True,66.56
A0A098DDI1,True,89.81
M2YI75,True,83.75
Q7TVI2,True,95.12
O74933,True,95.25
O13875,True,82.75
B4F753,True,86.25
Q9Y7T4,True,64.94
P29029,True,77.56
Q7RX33,True,83.75
B5BP48,True,89.75
Q10475,True,53.25
P54280,True,69.19
Q5A5P7,True,74.69
Q03730,True,82.81
Q12674,True,70.81
P36091,True,93.31
E9F8I5,True,81.25
O23180,True,91.88
O14227,True,83.06
Q6J2K5,True,75.06
Q9Y705,True,73.56
Q9USN3,True,87.25
O14209,True,96.12
Q9RLB8,True,88.0
G3XMC2,True,92.12
C5FW30,True,90.88
Q5B187,True,81.0
A0A8D5RZ52,True,85.38
Q10077,True,59.06
B5BP49,True,80.81
P40009,True,80.88
B0Y2K1,True,95.38
O43052,True,67.56
Q6FRG6,True,96.25
Q2SD50,True,92.81
O59953,True,93.94
Q2U4L7,True,96.25
Q12185,True,85.0
O74889,True,69.56
Q4WDK4,True,87.75
Q2U9J2,True,83.38
Q870L3,True,80.81
Q01373,True,94.12
E5A8D2,True,91.25
B7ZK61,True,85.5
P23750,True,88.25
Q70FG7,True,96.56
Q02905,True,95.69
O60066,True,94.81
Q2U9B5,True,94.06
A0A0B5LB55,True,94.06
O74977,True,77.44
Q09744,True,83.94
Q02342,True,68.94
A0A146F0J0,True,91.19
Q9USQ2,True,72.31
Q6CGL4,True,97.06
B0Y8W1,True,87.06
P53200,True,89.69
Q0V1P1,True,71.19
Q9UTC7,True,87.12
Q9V3C5,True,70.94
B0CQN7,True,91.69
Q41346,True,97.5
Q04336,True,86.44
P41636,True,91.69
O74750,True,87.81
O94408,True,94.25
Q9VAY7,True,75.44
Q09116,True,85.44
Q1K4P1,True,77.12
Q8NIQ8,True,88.62
A2TBU1,True,91.0
A1CUF9,True,62.0
A0A142PTM2,True,94.06
P30657,True,93.5
Q5BFT5,True,91.19
O13921,True,83.12
Q9LIS2,True,68.19
Q5B912,True,96.12
A2QHM1,True,88.12
Q08448,True,85.62
B8MKZ2,True,91.19
Q4WS70,True,82.19
Q9X1Q0,True,96.75
P38989,True,85.44
Q9P7S2,True,82.5
Q0UY45,True,86.31
P23833,True,77.44
Q4I8S2,True,74.5
B0Y0I4,True,95.06
Q8ZPP5,True,74.81
Q4WMU5,True,80.56
Q7S906,True,79.12
O74968,True,81.44
P31413,True,90.69
G4MY67,True,86.31
P0C149,True,81.0
O14139,True,70.62
O59718,True,64.12
O60079,True,77.0
Q9C4M5,True,97.38
P32857,True,79.38
Q4WYX0,True,88.25
P41767,True,85.31
Q0U1G2,True,69.19
A0A1J0HSL8,True,75.5
Q9UT20,True,85.88
O14435,True,94.56
P0C197,True,65.81
G2XBG0,True,52.28
O74561,True,54.66
Q9P3K8,True,78.5
O59813,True,84.69
P56286,True,81.19
Q9P381,True,83.38
P07286,True,90.25
Q10099,True,89.12
Q9Y7G5,True,93.62
Q4WF56,True,94.12
Q4HZB8,True,97.06
A0A455LJ99,True,60.03
Q8K1Z0,True,78.62
P38156,True,78.19
Q01336,True,96.31
Q03649,True,92.19
Q9C0Y2,True,59.84
Q9HDX3,True,91.62
Q5BFG8,True,95.38
G4MYD3,True,63.66
B0Y6R2,True,89.44
P49731,True,73.19
P40468,True,71.94
L7WU90,True,86.5
O13773,True,64.38
B8NP78,True,94.69
P51979,True,72.81
D4AZ24,True,82.5
Q0C9E6,True,68.19
O14253,True,86.56
P08466,True,84.81
P07921,True,78.94
O60044,True,87.94
P41925,True,90.69
J4VWM7,True,94.38
P00440,True,84.88
Q4WT34,True,81.62
Q23917,True,72.12
Q9UTI5,True,94.56
O74854,True,75.75
Q4WHZ1,True,76.31
O74965,True,84.0
Q7SA60,True,78.0
P0CT41,True,69.88
G0S024,True,73.69
Q9USY1,True,85.69
Q9P6L7,True,82.44
Q9NRW7,True,90.56
Q4WZB4,True,80.75
Q4I073,True,93.12
G4N4D6,True,81.44
P87159,True,54.19
A6RIB9,True,68.88
O13880,True,77.69
Q04835,True,75.56
Q7SH52,True,89.94
C0HMA2,True,96.06
Q9I4V0,True,96.56
Q9US46,True,87.62
P49365,True,96.94
P50166,True,95.5
Q0UIG9,True,86.75
Q4W9I3,True,94.38
Q9UT86,True,86.5
P36586,True,88.69
Q0TXG3,True,94.88
Q9P6P8,True,77.75
A2QTU0,True,85.19
P48777,True,83.81
A0A223HDH4,True,96.44
Q9UI26,True,93.44
Q9P774,True,69.62
P78615,True,87.0
Q7ZXH7,True,92.19
A0A1U8QP15,True,94.38
Q1K730,True,69.06
H8WR05,True,97.38
B0XNL6,True,92.38
Q12166,True,91.31
G2X8Y4,True,88.94
Q0V0I4,True,72.81
A0A1B1JE71,True,81.56
Q9CZJ2,True,82.81
A0A166Z003,True,83.69
Q9F8D7,True,81.38
Q9FT70,True,67.0
Q750A5,True,89.31
Q875R9,True,92.69
P40896,True,94.38
O13492,True,88.81
Q893M2,True,96.62
A7EI75,True,87.69
Q09752,True,85.25
G0REX8,True,88.44
O14041,True,92.5
O60153,True,66.62
P11913,True,90.25
P39729,True,84.94
P87174,True,72.5
O14417,True,89.44
P38090,True,80.81
Q9P787,True,73.56
P42251,True,93.44
E9CXX8,True,93.25
O74465,True,80.25
P0CT33,True,51.69
Q9FN94,True,84.56
Q9RBP5,True,97.06
P0CS18,True,89.62
P40514,True,87.75
Q5BD67,True,87.75
O14048,True,74.25
Q54YZ9,True,64.25
O94520,True,75.19
A0A8J9WH54,True,81.0
A5DN78,True,88.0
Q8NJ73,True,91.56
A0A067XMP1,True,95.81
V5XYQ7,True,81.56
Q8TG90,True,94.38
Q12644,True,84.19
P0CJ44,True,93.56
Q5BDX1,True,85.19
P53389,True,81.44
A0A348AXX5,True,95.25
Q9HGM4,True,91.38
Q09855,True,84.0
P0CH63,True,98.56
Q5K8R6,True,87.19
Q05506,True,91.69
P41410,True,73.44
Q9UNK0,True,76.31
H1V216,True,77.75
P26659,True,86.5
Q92KZ3,True,98.25
B6V867,True,90.81
A1CZ92,True,89.5
Q9X248,True,97.44
G2XHN6,True,49.75
Q01971,True,87.94
P0CL19,True,96.06
Q8BMA6,True,78.44
Q9P6J0,True,86.31
O74396,True,71.0
A0A3G9K5C8,True,92.75
Q54WR5,True,70.5
O43301,True,84.31
Q07442,True,68.44
Q12000,True,76.25
P55906,True,89.75
P39956,True,64.69
V5NZC3,True,95.62
P87017,True,89.0
O00625,True,96.94
P34729,True,90.44
Q9UU86,True,80.31
A7E835,True,51.91
Q9UTN6,True,74.44
Q9UUI8,True,76.38
Q5B5B0,True,58.28
P22152,True,86.12
D4AV26,True,93.88
P49148,True,72.5
P9WEE9,False,
O59790,True,79.44
Q68CJ6,True,78.25
A9NIV5,True,75.94
Q0UN56,True,79.75
P9WEG4,True,92.06
A0A3G1DJE2,True,82.75
P46333,True,86.94
P30236,True,75.19
P20261,True,96.56
P34209,True,94.25
A0A2L0P0K0,True,77.69
P9WF00,True,71.31
Q4WQN1,True,88.62
G0S7R3,True,55.34
Q5UP73,False,
Q9HFC7,True,72.0
Q12200,True,85.44
P47075,True,81.19
O94242,True,89.88
C0SPB2,True,86.56
O18498,True,82.06
Q99173,True,68.44
A0A2I2F2K7,True,94.75
O74959,True,88.19
Q9LSS7,True,92.5
P25443,True,88.62
P46882,True,97.06
Q4R6H1,True,88.94
Q0U822,True,68.94
A0A0A2IBP6,True,83.88
G0S920,True,69.88
P40971,True,68.81
P47154,True,92.5
Q9UUE2,True,79.19
O74628,True,95.19
C8VBV0,True,90.38
W7L9E5,True,90.81
A0A1L9WLD5,True,54.25
P0CX23,True,93.88
Q11120,True,91.19
Q10335,True,79.56
J5JC21,True,95.69
Q8T9S7,True,70.25
P36150,True,79.81
Q4WD48,True,88.44
O74814,True,73.25
Q9USP6,True,74.06
P11837,True,65.62
Q56128,True,76.75
Q10183,True,76.06
E5AE42,True,95.5
P9WET4,True,84.31
Q24537,True,71.31
P32795,True,77.94
Q7SF81,True,87.19
Q9USY7,True,75.44
Q50LG0,True,90.0
O60508,True,85.81
Q06466,True,80.69
Q9P6I8,True,93.0
A6SDU6,True,88.0
P38318,True,83.31
Q03441,True,75.62
Q09415,True,94.0
P22134,True,88.31
Q503U1,True,92.81
Q4H425,True,84.25
Q5AQL1,True,90.69
Q90941,True,73.69
Q9UUB5,True,73.44
Q6NTW6,True,96.62
A0A1D8PG41,True,67.31
O22785,True,86.62
P39709,True,80.31
W6QTE8,True,93.88
Q8IY18,True,79.44
Q5B5S8,True,96.31
Q8RJP2,True,94.31
A0A1L9X996,True,73.88
Q9LQV2,True,90.31
P39849,True,97.38
W7E8S5,True,93.06
P43535,True,77.62
O42875,True,89.81
P34054,True,84.44
Q9WYG0,True,97.44
Q12017,True,74.94
Q9P7G0,True,76.5
A4D9B0,True,95.25
P80576,True,91.88
A0A1Y1C7S2,True,86.25
P22579,True,62.44
Q7SHB2,True,85.38
G4N525,True,63.06
Q9R6X3,True,87.94
Q4IA56,True,93.31
O74852,True,85.5
P53388,True,81.38
B1ZGR2,True,83.81
Q7ZUW2,True,81.75
Q2UPB0,True,91.25
P07046,True,95.81
J9VX18,True,82.44
Q8Z0C8,True,96.31
Q8XA81,True,92.19
P25377,True,97.12
W7MAD3,True,93.81
O13339,True,81.12
O14354,True,75.88
Q7S7F1,True,86.19
B0XXL3,True,74.25
Q05530,True,88.94
Q1QUJ4,True,97.25
A7EB95,True,73.31
Q09682,True,92.94
Q4WJ90,True,93.31
A1DC16,True,94.31
Q9Y7N9,True,72.56
Q1MTN9,True,66.94
D4B2W4,True,91.56
Q9Y7M6,True,92.12
Q12463,True,92.56
A2R7P5,True,52.94
Q7SGT7,True,91.88
Q23256,True,72.06
Q28D01,True,83.19
Q8GXS3,True,95.62
Q30DW8,True,92.75
G0S6T0,True,89.56
P49374,True,80.81
Q00313,True,82.69
A0A455ZIM6,True,83.31
Q03114,True,91.38
C8V329,True,88.56
Q10153,True,85.19
O13731,True,75.25
M3APK9,True,95.94
Q2UEK9,True,83.25
G2XBY5,True,87.0
B8NPA4,True,96.62
O36033,True,87.88
O13716,True,95.25
Q9USW9,True,81.5
A2BGL3,True,78.31
Q6ZXT2,True,88.06
O94556,True,84.38
O43066,True,55.03
B2AAJ5,True,94.06
P40817,True,96.31
A1CX75,True,82.69
P38219,True,88.38
Q4U3U4,True,87.31
Q9FJD1,True,86.06
B7P877,True,94.75
M2ZIX7,True,90.88
P06834,True,95.88
Q12152,True,57.38
Q5AZC9,True,75.38
A0A384JQC9,True,85.56
O14249,True,84.38
A0A084B9Z0,True,90.94
G3XMB7,True,88.12
M9QUV5,True,95.62
G3XMD1,True,86.12
G2X4M1,True,97.69
O93884,True,96.25
Q9P7T8,True,78.75
A0A411L027,False,
A0A411KZZ8,True,95.88
P20133,True,96.75
Q0UXN8,True,88.69
P28344,True,97.06
P52498,True,83.5
Q7SGY1,True,92.25
P38347,True,83.5
Q753H5,True,91.06
O14328,True,68.81
B2AWZ9,True,95.31
Q9HFW2,True,65.94
Q9URU6,True,88.69
Q50568,True,97.56
Q08912,True,86.19
P45517,True,98.25
Q94KD8,True,94.19
A0A242M8J4,True,94.94
Q9C0Z0,True,85.81
P17549,True,94.19
O93918,True,89.5
O94695,True,73.31
P54353,True,85.44
Q877B9,True,89.75
Q4WHY8,True,67.31
O33680,True,96.81
P11353,True,93.44
Q9C5E7,True,57.97
Q54YH4,True,46.28
A0A1D8PNZ7,True,76.81
P37967,True,96.12
D4AK18,True,93.88
P38925,True,74.62
Q5B323,True,73.81
P43567,True,96.44
G4MZY8,True,85.38
Q4WTL5,True,94.31
A0A348HAX9,True,77.0
Q9P370,True,81.69
A5ABF5,True,95.0
Q1D752,True,95.31
A5UMN6,True,97.19
Q9UU99,True,54.47
A0A1L9WLF2,True,74.69
Q9LIF4,True,91.56
A0A411KUQ2,True,84.12
Q8MI29,True,98.0
Q1LSE1,True,96.56
Q7S2H6,True,78.81
A0A411KUU5,True,95.12
Q17RB8,True,72.38
G1UJF5,True,80.81
O94751,True,64.31
Q4WYP6,True,80.12
Q4WHT8,True,97.19
Q09853,True,73.81
O14241,True,92.81
D4AQA7,True,89.06
Q12486,True,93.19
G0SF70,True,95.38
P33192,True,93.25
Q10178,True,76.69
G1XTZ9,True,86.94
P32873,True,60.53
P24590,True,96.44
Q4ING3,True,84.69
Q4X212,False,
A0A8F4PNE5,True,82.0
Q4WQ60,True,68.56
A0A1D8PK89,True,85.38
Q2UDB2,True,88.56
Q0UG82,True,64.25
A5ABV9,True,56.06
P87235,True,78.62
P49776,True,83.56
Q8TFH1,True,91.81
C8V7U7,True,88.94
Q9URY4,True,92.19
Q4WMW2,True,69.5
B3H615,True,74.5
Q9P7B0,True,63.88
O60158,True,67.56
Q0CSA1,True,93.56
A0AAN4PAE6,True,91.12
Q608B0,True,96.88
Q8GXR2,True,86.0
Q9D099,True,93.06
O88554,True,84.06
B8NWW6,True,93.5
Q5BB40,True,87.12
O00103,True,88.25
Q8JZV7,True,94.88
O43011,True,86.06
E9R5G2,True,93.25
Q96UM2,True,95.75
Q8WZJ7,True,94.5
P0DUR7,True,95.31
Q9UU90,True,90.25
Q08726,True,83.38
Q4WN99,True,76.88
A7EAY2,True,70.19
P87230,True,85.12
A6RMY5,True,79.0
Q04225,True,83.12
Q7SBD5,True,94.12
D4AXV8,True,85.88
G2X5A0,True,78.25
G2XJK5,True,48.25
A0A068A9T3,True,57.25
Q568K5,True,92.06
A0A1D8PNF7,True,72.62
Q02981,True,78.75
Q4WWZ9,True,73.31
Q0UV95,True,87.94
A0A1L9X9G5,True,95.06
P47950,True,77.5
Q2UNA2,True,89.06
P09400,True,92.25
P40506,True,88.94
Q05933,True,90.38
J9N5P9,True,73.25
G2WUC4,True,66.31
O14299,True,66.25
Q4WQF3,True,74.62
O94710,True,86.81
D4B0V1,True,87.81
O82645,True,66.75
P0C7N6,True,85.62
P83783,True,96.75
Q5HIG2,True,96.56
P21367,True,97.62
O43000,True,83.25
Q25BW5,True,97.81
O94528,True,87.31
Q0D135,True,87.06
F4IY03,True,91.38
P38805,True,89.06
Q9UU82,True,85.0
A0A3G9JYJ6,True,88.62
Q7ZXB8,True,67.88
Q1K8T6,True,80.94
Q10160,True,86.88
Q6C5G0,True,60.44
A0A1L9WUM2,True,94.62
C8V1D1,True,94.88
O35459,True,88.5
Q4WBW4,True,88.94
O13900,True,69.69
P53131,True,91.19
Q9C167,True,81.31
Q74ZA9,True,89.44
Q0V786,True,83.62
Q0CSA2,True,82.06
Q5B467,True,92.75
Q9P7C6,True,83.88
A2RI97,True,90.5
Q9UT36,True,97.69
O14334,True,92.75
U3H042,True,82.19
P87141,True,81.0
P06809,True,80.81
Q9NWF9,True,62.59
Q12126,True,85.44
O74184,True,93.5
B0BNF9,True,96.69
Q4WWW3,True,80.69
Q2UPZ7,True,93.75
Q94A38,True,63.62
P19968,True,84.5
O59763,True,63.47
Q92359,True,62.47
O74803,True,70.75
Q5AYH4,True,82.0
A6WXV2,True,95.94
Q0D0F3,True,90.0
Q12511,True,77.38
A0A8J9S3B0,True,95.81
Q9UI17,True,94.94
Q10074,True,70.81
Q9Y7R3,True,57.5
Q0CF71,True,87.19
A0A411KZU9,True,60.72
P20486,True,90.88
P34229,True,88.5
Q9USI6,True,75.38
P38116,True,92.94
S0E028,True,70.06
O74771,True,93.19
P41004,True,79.0
Q9WU83,True,85.56
O93980,True,78.06
A2QPM6,True,65.38
Q4WUK7,True,87.81
Q7SDU2,True,82.94
P90994,True,97.94
P28643,True,83.12
A2QC55,True,75.5
Q7SG06,True,96.19
Q6FJ46,True,83.31
Q96TJ5,True,77.56
P25491,True,81.94
P43496,True,95.12
P46967,True,95.75
C8V7C7,True,68.19
Q6UEF0,True,91.5
Q06099,True,97.12
O59729,True,59.88
A0A0E0S0W9,True,86.12
Q9P6P1,True,79.25
P48537,True,87.06
P43124,True,71.88
O60061,True,92.25
Q82P90,True,94.81
Q9UTN9,True,95.12
Q869Z0,True,84.69
Q9US35,True,95.62
Q0CTV2,True,94.75
O93995,True,81.31
Q7RYI0,True,68.5
B0XT72,True,89.94
O14171,True,93.25
C8V3W6,True,78.75
Q9UUF7,True,84.75
Q5B7I6,True,65.56
Q1JQC1,True,88.5
P40010,True,74.94
Q9Y7T1,True,82.0
G0S636,True,63.81
A0A436ZYJ3,True,56.31
Q59WG0,True,97.12
O74841,True,90.69
O13632,True,90.0
A5H0J4,True,94.88
O94437,True,96.62
Q9HG03,True,68.56
Q5C9L6,True,94.94
P50998,True,77.0
Q7K3M5,True,87.88
C8V9Y5,True,89.88
Q4WCY0,True,70.88
G2X1C7,True,48.84
D7PI13,True,79.31
Q91Y86,True,87.19
P41747,True,96.62
O42626,True,64.38
E9EPV1,True,59.94
A1CFY8,True,96.5
P23641,True,89.0
A6QR09,True,86.75
Q8CEE7,True,90.0
F4JRR1,True,84.38
P13703,True,95.81
Q00674,True,93.69
M2Y1A3,True,92.69
P07274,True,98.0
Q9QWZ1,True,90.0
A0ST44,True,90.81
Q9US41,True,90.0
Q6X9S4,True,96.81
O48334,True,96.5
Q9SQ57,True,94.75
P38127,True,76.88
P54118,True,97.94
A0A0K0VEZ4,True,89.12
Q4WFS2,True,83.31
P0DXV5,True,91.5
G2WX41,True,83.69
Q58DU0,True,65.75
Q6CHA2,True,77.94
P12685,True,55.72
Q9C757,True,85.12
I1RV21,True,92.44
Q8RX66,True,65.25
O13780,True,81.5
P51656,True,85.88
P63009,True,81.56
Q5AUW7,True,80.44
Q2GV19,True,94.81
I1RB03,True,81.75
P40332,True,96.19
Q59013,True,96.31
P38757,True,65.69
P28370,True,74.75
A0A1U8QFC3,True,94.31
Q4WRQ4,True,76.0
Q01561,True,92.19
A2ARS0,True,60.59
Q54UU2,True,97.06
Q8BFW9,True,74.31
P52893,True,84.94
O13722,True,66.44
Q2UAZ7,True,78.12
O42898,True,92.38
Q96VB6,True,94.81
O13842,True,96.19
Q02751,True,97.25
O74985,True,94.5
A0A384JPP3,True,63.56
Q0U3Y6,True,78.69
L7WRR9,True,95.5
Q6CG53,True,91.19
P31434,True,97.19
G4MYS1,True,89.06
A0A2B7YFS5,True,91.69
A0A1D8PE43,True,65.75
P50304,True,96.5
O94623,True,75.38
Q7RXY1,True,94.31
B8NVB7,True,95.19
Q54ZG7,True,94.12
Q9KHI5,True,71.69
Q7RTV0,True,89.88
O13971,True,72.12
P62877,True,79.25
Q62796,True,65.56
Q4WUR1,True,85.19
Q13367,True,74.88
Q27869,True,95.75
O74957,True,92.0
Q3YSH3,True,92.06
Q9KLK7,True,78.94
E7C196,True,95.56
C5FGX1,True,91.0
P53295,True,84.12
P38680,True,85.62
O14123,True,67.94
Q4P6V4,True,91.69
O51798,True,88.88
Q7SDA6,True,81.75
P0C1B1,True,62.03
G0R6T3,True,92.5
G2X670,True,88.81
Q5AUW8,True,87.81
O14336,True,56.84
A2QC74,True,79.81
A1CQI3,True,89.94
Q54JD9,True,93.12
G2XCL5,True,63.72
Q09738,True,82.31
O59735,True,85.81
G0SEQ5,True,66.81
O13317,True,91.5
A0A2Z4HQ22,True,82.19
C8VK15,True,81.62
Q4I785,True,93.12
Q54GD8,True,92.62
A4D9K7,True,55.12
B8NJG5,True,78.44
P53134,True,81.12
G0S2A3,True,73.19
Q9C3Y4,True,93.44
Q9P5L0,True,75.38
Q03941,True,91.44
G2X321,True,58.44
O60573,True,80.38
A0A0N6WJC7,True,69.5
P0CL20,True,97.5
Q9H446,True,81.69
A7A261,True,64.88
Q4X251,True,81.44
P40113,True,78.94
P39107,True,83.69
O94248,False,
Q6GHK5,True,97.75
P35128,True,95.06
P29429,True,96.12
O94679,True,82.62
Q9P7N2,True,93.12
Q5ARK3,True,59.31
S0DW25,True,78.38
Q54WT7,True,86.0
O14210,True,64.12
P52958,True,68.62
Q9UW21,True,90.06
Q9P8I0,True,95.38
Q9P4R4,True,97.12
Q8TBC4,True,92.88
P32465,True,84.69
P08580,True,91.19
D4B1R0,True,92.94
Q6NN40,True,84.44
Q00619,True,78.19
O94534,True,75.5
P38736,True,85.06
P14002,True,96.19
P77526,True,96.0
B0Y0F3,True,88.38
Q1K8Y7,True,75.12
C8VDQ4,True,70.0
Q0U4Z8,True,62.53
P0C1J0,True,83.25
P9WF02,True,82.56
A0A447CCJ8,True,77.19
Q12265,True,72.31
Q7RXW1,True,93.38
Q5ATG7,True,82.56
Q8R1G2,True,91.56
O13747,True,71.12
Q03722,True,68.44
P27614,True,89.44
Q0UY70,True,87.94
P53918,True,75.5
B0Y8Y4,True,88.44
Q7SGH0,True,95.69
P20772,True,92.81
Q15SS0,True,97.56
Q6DG60,True,82.5
Q4WHB7,True,57.69
G4N2B5,True,76.88
O74339,True,84.5
O13994,True,83.88
Q14191,True,68.62
Q1MTP1,True,84.19
O55029,True,87.19
O60100,True,91.0
G3YG17,True,95.62
Q4WEI5,True,91.31
A0A161CLJ6,True,85.62
O14091,True,82.56
Q9Y7M4,True,90.94
Q6MFS1,True,88.56
G0S0R2,True,79.25
Q4WBL2,True,85.0
Q24168,True,66.94
Q4WLN7,True,82.5
U9W8F2,True,91.62
Q9HFF5,True,85.25
O74797,True,96.31
Q8YSU5,True,91.12
Q4WYE4,True,74.06
C8VJF5,True,87.81
A0A5B9G902,True,47.91
Q7RY78,True,79.44
M2WKH6,True,93.69
Q9P6P5,True,92.56
G1X7C7,True,70.38
Q8WZS6,True,81.31
L7WRR4,True,80.69
P08843,True,96.12
O59936,True,83.19
Q93VM9,True,76.0
B5XGE7,True,92.44
A0A455ZKR7,True,91.31
O94590,True,82.69
Q09707,True,95.88
P59670,True,85.88
O80874,True,86.81
D0C9N6,True,96.56
Q5AK62,True,70.0
Q4HW93,True,64.19
P56739,True,95.31
Q3ZC01,True,91.12
Q06712,True,63.5
Q965Q8,True,90.69
O94323,True,92.81
Q9P3W5,True,79.5
P52809,True,95.31
Q7S518,True,76.75
G4N0Z0,True,88.94
Q5UR67,False,
P43565,True,52.69
Q9UW86,True,95.12
Q0CMA7,True,91.62
Q05924,True,89.62
Q1DCA3,True,97.44
Q4R708,True,89.69
O75011,True,61.69
O74398,True,59.84
O13985,True,79.38
Q9URU2,True,68.75
Q9C9U2,True,75.75
Q5BBX1,True,66.5
Q76LC6,True,67.44
A0A8F4NUC6,True,91.0
P40483,True,91.0
Q9UT08,True,93.31
Q1K8V2,True,88.25
O42903,True,79.06
Q3SZD7,True,97.31
G0SHW7,True,82.0
Q9P5N7,True,73.94
P35127,True,89.19
A0A9P4XV22,True,58.28
O94527,True,63.97
O14142,True,88.25
G0RZB3,True,77.81
Q8NQC8,True,84.94
Q6UEH3,True,87.56
P23542,True,96.94
Q9YH06,True,77.19
A2QJX5,True,70.56
A0A384JQH2,True,93.56
Q7Z991,True,86.5
W7MLD8,True,95.25
P26762,True,80.19
O60121,True,80.56
Q86ZF1,True,96.31
Q8NKB6,True,81.56
O94443,True,82.81
Q5AUN2,True,94.0
Q5AUZ9,True,93.12
Q68FU4,True,92.19
Q9HGP1,True,73.94
O42668,True,82.12
Q4X1K0,True,80.94
Q7S9I4,True,85.62
Q9P6N2,True,95.81
Q6P2Q9,True,84.94
Q6UGN0,True,90.44
P93604,True,77.12
P32910,True,69.69
B2U8U5,True,89.38
Q7LL04,True,89.31
B6HLP8,True,93.06
D4ATR3,True,92.0
Q2PWU9,True,94.19
Q9U720,True,65.19
Q0V640,True,54.97
Q54LP8,True,74.31
A0A1U8QL22,True,63.78
Q4R4T0,True,91.0
Q02959,True,77.69
Q39J78,True,91.38
P9WKP2,True,89.0
Q00808,True,84.12
Q8H124,True,86.31
Q32PX9,True,78.38
D4AWG9,True,70.31
O74196,True,96.25
A0AAD6NFV5,True,94.31
I6YGS0,True,96.44
Q9USN8,True,75.0
P39598,True,94.69
O95696,True,71.5
A0A0E3JHZ7,True,89.06
P08638,True,71.62
Q9FYG4,True,88.12
P9WJW2,True,92.75
Q4WP96,True,64.31
Q4WDD7,True,75.31
O74994,True,84.31
Q5A4W8,True,66.38
Q10286,True,80.56
Q9ZVP5,True,81.38
Q4WVS2,True,83.75
Q9UT27,True,87.75
O14133,True,92.69
O94225,True,83.88
O94411,True,71.38
A0A1D8PRL9,True,84.81
Q9USR3,True,78.75
A0A9P4XWM4,True,62.88
P15325,True,87.94
Q7SI11,True,81.5
Q10133,True,92.25
A9BFZ4,True,94.31
P17120,True,70.38
Q03EG5,True,96.88
O94111,True,92.94
A0A142I725,True,91.25
O43061,True,87.31
Q4WYF1,True,72.31
Q4WKB2,True,82.69
Q8X034,True,96.56
Q8P8Y5,True,92.88
Q9WTK8,True,89.44
Q59KJ7,True,84.81
O14059,True,95.56
Q0CI32,True,89.31
A0A075TRL0,True,80.88
G0R6S7,True,82.19
Q10237,True,66.44
Q7S5N8,True,90.25
Q6ZT89,True,75.5
D4B2H3,True,70.69
P0DYC0,False,
Q5KU05,True,85.12
Q5D6D7,False,
P87090,True,65.44
O59851,True,66.69
P20435,True,77.75
Q54RJ6,True,89.38
O94197,True,95.75
Q17QP1,True,78.94
Q7S1Z3,True,81.38
Q1K6Q3,True,86.88
Q09779,True,70.0
P53170,True,77.62
O14098,True,67.75
B1GVX5,True,84.88
Q9P2E3,True,73.88
Q4I1H6,True,87.25
P56525,True,86.31
P38298,True,92.75
O13717,True,91.12
P14284,True,80.94
Q96V52,True,96.06
P52918,True,85.31
Q4WUK1,True,80.94
Q51LS1,True,79.62
O13942,True,92.12
O60999,True,87.31
A0A0J9WVC0,True,65.25
P15700,True,95.38
A0AAN4T7P3,True,85.0
P22189,True,82.25
P36126,True,67.31
V6R6F0,True,89.69
Q5F4K8,True,85.0
Q9I3H5,True,91.12
P18142,True,93.0
Q05610,True,55.66
Q8KWT4,True,98.38
O42901,True,90.81
P36590,True,95.25
Q9UUI3,True,68.88
B8NM67,True,85.75
Q6L545,True,92.69
Q0V3D6,True,79.5
Q4WKB9,True,70.06
Q7RVN2,True,92.56
Q0CKB1,True,79.38
P78706,True,77.06
C0LGS2,True,85.81
P43564,True,59.75
P42114,True,91.81
O94297,True,97.38
P32951,True,87.69
Q7LKZ7,True,69.75
Q4WZL8,True,69.88
Q94A68,True,87.25
Q06137,True,86.56
P36088,True,92.12
Q70LL3,True,89.56
O60058,True,74.06
P78710,True,95.56
P36365,True,94.81
Q06266,True,65.12
Q9UTE8,True,89.38
Q2UUZ1,True,76.06
P0ADM2,True,81.69
G1UB61,True,79.06
P00175,True,85.5
Q9ZVF6,True,93.31
S0ENQ2,True,82.5
P17609,True,87.19
Q7X2H8,True,95.5
Q9P6L5,True,78.12
P36616,True,74.75
P38973,True,88.69
O94466,True,75.0
B8HMX3,True,93.44
Q9VYY9,True,77.81
C8VK14,True,92.62
Q07982,True,91.38
D4ACP5,True,70.81
Q7SC44,True,73.44
Q9Y7J8,True,76.5
F1R5H6,True,51.62
Q03689,True,89.62
A1CR32,True,82.31
A0JMG1,True,86.12
W7MAT5,True,84.69
Q08225,True,94.06
Q4WWR2,True,75.75
Q03277,True,88.25
I1RQ76,True,92.31
Q4WMF9,True,98.25
P40633,True,90.69
G3XMC0,True,92.88
P87144,True,92.0
Q9UUC6,True,89.0
Q5A786,True,97.44
Q9L4Y1,True,94.12
Q4WWM8,True,65.19
S0ENH1,True,96.5
Q06833,True,63.69
A6S4N4,True,89.25
Q10354,True,83.19
P32911,True,83.56
Q9P768,True,81.62
B0XTT5,True,70.19
Q10337,True,71.25
O13902,True,94.56
P32454,True,88.75
Q96VP3,True,97.31
Q4WEH3,True,77.25
P14682,True,77.69
P78972,True,79.56
Q9P7E3,True,89.81
Q4WQL0,True,79.44
O94271,True,67.69
J4UHQ8,True,95.75
P13860,True,92.12
P38360,True,67.38
Q9P3I3,True,92.5
W6QCN3,True,95.0
P0DO34,True,71.31
Q10082,True,92.62
P80581,True,94.06
W7NDQ0,True,85.25
P38339,True,76.88
Q06003,True,70.06
Q51MB1,True,55.25
O13907,True,93.25
Q0UAL6,True,78.94
O14096,True,86.31
Q9P7R4,True,87.31
P53697,True,86.88
Q8K2U2,True,91.31
Q873E8,True,97.31
A6QP15,True,92.81
Q00278,True,92.19
Q873X9,True,93.5
Q9CR89,True,81.0
Q4WJX5,True,87.12
Q3E798,True,75.5
Q9UT97,True,92.69
P32581,True,66.75
Q9P7S8,True,77.25
Q9P7R8,True,77.0
Q9JS04,True,88.19
Q12589,True,93.19
O14250,True,91.5
A0A1U8QTJ9,True,81.5
P87303,True,85.0
E9F648,True,93.06
B1L765,True,97.56
Q92372,True,84.19
O94260,True,66.38
A2BGU8,True,81.62
P53303,True,79.0
P09379,True,74.0
Q00316,True,94.06
O74431,True,75.75
J9VQV8,True,88.94
C5FBW2,True,89.56
Q09906,True,77.12
P42319,True,92.44
Q7TNT2,True,94.31
O13633,True,74.38
Q9UTE7,True,83.06
Q57604,True,93.19
Q4WU00,True,76.38
Q04895,True,81.0
D3ZRC4,True,66.56
O13896,True,83.69
A0A0A2IBU9,True,70.25
P33280,True,91.06
B6HJ92,True,85.38
Q10216,True,95.06
B3EWZ9,True,92.81
J9VVE7,True,74.06
A0A1D8PLI4,True,66.81
Q9URY9,True,89.5
Q12300,True,69.25
P53047,True,81.25
G0RH19,True,96.69
Q8TFD4,True,83.25
P15442,True,72.81
P34244,True,47.19
Q5RAD5,True,68.38
Q00472,True,96.38
B3FWT8,True,81.5
Q06315,True,56.12
Q4WF54,True,96.56
Q0CS96,True,73.75
Q9Y6Z8,True,88.0
Q870L2,True,84.06
P55434,True,92.38
O60078,True,89.31
P28737,True,82.38
Q9HDV9,True,86.81
Q6TN15,True,87.38
D4B4V1,True,90.31
G2XBE2,True,64.06
P38992,True,91.69
Q9Y7J3,True,93.62
Q9Z2F6,True,71.62
Q8NKF4,True,96.25
B5FVG3,True,74.19
O13489,True,94.06
Q09176,True,90.81
Q6FXJ5,True,58.28
Q9C0Z7,True,94.25
P94681,True,96.94
N4WR35,True,96.38
J9VM54,True,69.31
Q9H841,True,79.31
Q6C097,True,91.5
L7WRZ7,True,94.06
P54202,True,96.5
O32210,True,97.88
G1X9H9,True,79.06
Q9UTM5,True,52.09
A0A0M4KRN2,True,91.94
Q02804,True,91.31
A0A0B6VQ48,True,95.31
Q7SEK9,True,92.44
Q07904,True,79.5
Q9URM2,True,97.62
Q6CFQ0,True,81.19
O13830,True,78.06
J9VI03,True,73.75
O74534,True,84.25
P43069,True,66.56
A0A1D8PMR6,True,77.75
Q00746,True,86.81
Q7RYI3,True,67.75
Q9TXJ8,True,83.94
Q76PD2,True,62.78
Q9M0A6,True,95.88
O14369,True,64.19
D4AMT2,True,86.12
Q0CRQ3,True,90.56
Q8X0X0,True,88.31
O74335,True,71.62
O94564,True,96.44
Q5AUW6,True,97.62
O94514,True,81.19
J9VSG5,True,78.56
Q6MW51,True,92.06
Q9ZR41,True,95.31
K0E4E1,True,93.0
Q06593,True,84.38
Q7XA48,True,95.81
Q87GU5,True,80.5
P25526,True,98.44
Q6ERS4,True,75.25
P39888,True,90.81
Q8IQ13,True,79.81
Q10367,True,66.56
U6A629,True,93.31
Q9US55,True,94.38
A1CPX0,True,87.31
W6QKQ9,True,95.69
A0A5K6CNB8,True,86.88
Q9US06,True,73.88
P11075,True,70.88
Q6C6S3,True,77.0
Q9P720,True,94.56
A0A3G1DJF1,True,82.12
P37211,True,89.62
Q25BW4,True,90.12
P10696,True,92.94
Q09896,True,92.38
Q9UTL9,True,74.81
Q0CMY6,True,96.75
Q09689,True,75.38
A0A1D8PP14,True,96.31
O60171,True,69.44
Q9UUI4,True,77.38
Q09898,True,72.81
Q9VR50,True,80.06
Q5BBL3,True,61.41
Q2HCW8,True,87.81
A0A0F7GG06,True,86.81
Q09690,True,56.94
Q7SBJ8,True,91.5
Q9HGL1,True,89.19
Q12303,True,79.81
Q05533,True,94.44
P78790,True,91.0
Q4WLI9,True,79.19
P00692,True,94.94
P0ACA5,True,94.88
O13818,True,75.5
O74476,True,92.0
P32347,True,96.75
P49373,True,84.25
A0A481WQK1,True,82.44
O09173,True,96.69
C8VTR5,True,74.19
P78774,True,89.56
Q0UUN6,True,95.06
P53152,True,95.88
Q03667,True,61.03
Q9USU9,True,60.03
Q4WVF4,True,78.44
O60076,True,90.44
Q4WM32,True,72.69
P35848,True,87.81
A0A1D8PSK2,True,88.06
P38230,True,97.25
Q7XTS4,True,80.12
P87132,True,56.62
G2XIN6,True,86.62
Q9USP9,True,65.81
O60071,True,77.06
O94524,True,96.19
A0A161CKG1,True,93.31
P56859,True,85.75
G0RYE9,True,75.56
P42769,True,94.06
A0A411PQN6,True,96.19
A0A411PQN7,True,92.75
A0A7U2QXY7,True,86.12
Q4PEQ5,True,71.19
F4IBB2,True,79.81
Q4IPB3,True,67.56
M2YJK1,True,93.56
A0A0F4YI33,True,89.0
Q8J0G0,True,95.75
Q4WCX7,True,90.75
Q1K7A4,True,90.44
Q9P6J5,True,85.56
F2Q5G0,True,78.94
Q6PE25,True,85.5
O43003,True,88.69
O75012,True,82.06
G0SAN7,True,70.56
O18017,True,73.25
Q05521,True,91.31
G4N2B2,True,60.5
P48027,True,81.19
Q4WTC0,True,78.31
Q45604,True,96.31
Q5AV06,True,87.31
Q4WE58,True,82.12
P24021,True,94.38
Q8XZ91,True,96.0
O00058,True,97.06
P39714,True,96.38
P38891,True,93.25
P53204,True,78.44
D4ARL8,True,88.12
O94561,True,87.44
O94611,True,81.75
P20485,True,75.69
Q06010,True,91.0
B0ZT44,True,96.88
A1KXP4,True,90.88
A0A1D8PLA4,True,66.56
F0KFI5,True,96.5
Q5AWD4,True,94.5
P11593,True,85.56
O60135,True,91.19
Q1K699,True,82.69
P40724,True,87.75
Q96V64,True,94.0
Q00922,True,97.31
Q54E41,True,91.0
Q1MTM9,True,59.75
Q54R14,True,83.56
K0E2F6,True,79.19
P0CO40,True,72.88
Q07589,True,96.62
Q7S7Z6,True,84.0
Q09127,True,94.75
Q92406,True,91.31
Q8X0H8,True,88.19
Q7SEY9,True,67.94
Q6YZW2,True,70.19
Q9HFW3,True,68.88
Q869Q0,True,74.44
Q12063,True,79.56
A0A5B9GBF0,True,88.25
A0A2U8U2L0,True,89.56
Q28120,True,91.5
P20593,True,89.31
B0R0B1,True,80.0
A0A2N6JFX7,True,96.69
Q9UUB8,True,80.94
K0DZ95,True,71.62
Q6CBP4,True,95.31
P16965,True,72.69
Q92356,True,82.0
O07085,True,96.81
O14302,True,69.38
Q69UP6,True,79.19
Q7S8A6,True,90.25
P25346,True,81.0
O52866,True,96.94
O94083,True,87.0
Q7S1P9,True,68.5
Q711M0,True,88.94
A0A023PZI9,True,50.22
Q9HGM9,True,86.38
Q9P6I2,True,96.69
G3XMC6,True,97.19
A5V5P9,True,89.69
Q9SKC4,True,84.25
Q08777,True,80.38
Q9HYV6,True,94.44
F4I2J8,True,69.88
A0A1P8VF85,True,96.0
O14265,True,90.62
Q56878,True,94.81
P28350,True,86.94
P53980,True,87.31
O74544,True,78.44
Q10094,True,89.19
Q08280,True,83.5
Q9USX9,True,90.81
A0A0F7GG11,True,96.31
Q9X1C1,True,96.88
Q9P4P9,True,91.75
D7PI20,True,94.06
P49777,True,82.56
O94673,True,84.56
O59753,True,80.56
A5IKD4,True,96.0
Q9P7V5,True,72.88
Q8R1G1,True,87.06
Q11119,True,82.31
Q10138,True,82.31
Q0CMM0,True,91.81
Q86TN4,True,85.69
A0A3R0A696,True,87.62
H6CA42,True,72.25
Q7S565,True,78.69
A0A482NAL3,True,90.25
P14065,True,97.0
Q4WX89,True,79.75
Q03134,True,98.0
A7UXE4,True,89.94
P38880,True,75.75
P24665,True,85.31
Q0WVW7,True,74.38
A0A5B8YVD8,True,91.5
O60176,True,68.75
Q8J1L3,True,88.38
Q0CG59,True,81.81
Q9UST8,True,78.94
G5EDF0,True,68.56
Q9HEV5,True,66.62
Q4X136,True,85.0
D4B1N9,True,92.5
P0DOV8,True,94.69
Q9H490,True,92.69
A0A2H3CZX2,True,93.19
O13912,True,81.94
O22042,True,61.12
Q6SIF1,True,72.38
O94416,True,64.75
P25040,True,76.19
Q2U6P7,True,85.81
B0Y8H9,True,89.06
Q07824,True,78.81
Q8X0G8,True,67.75
Q9UTD3,True,82.5
O14165,True,92.56
O74508,True,71.81
Q5AEN2,True,94.94
P39538,True,73.62
Q0CJ62,True,92.44
Q9Y7U7,True,88.62
A0A455M2Z1,True,63.59
O43037,True,93.25
Q92407,True,93.12
Q7RZV2,True,93.5
Q9HEQ9,True,71.25
Q9H7B4,True,97.31
O74192,True,93.69
P23955,True,83.5
Q06287,True,90.0
P0CT24,True,80.12
P40513,True,82.5
P0AAJ0,True,97.5
Q5RLY7,True,91.19
Q9P7W2,True,92.06
P74312,True,96.25
P36032,True,84.31
Q9P601,True,86.75
Q9USS7,True,84.94
B2AE04,True,93.0
O76924,True,84.25
A0A0A2KPB9,True,82.5
O58489,True,96.12
Q4WF53,True,79.19
B8MKY6,True,82.62
Q10242,True,90.75
P36626,True,56.38
Q520U5,True,87.44
B5BP45,True,82.88
M2YJQ2,True,91.81
P36914,True,94.12
P53929,True,94.38
Q9UTF8,True,74.88
Q4WD46,True,82.31
Q4WD43,True,89.19
Q0C7H7,True,94.94
P55250,True,93.25
A2QQV6,True,87.19
Q5B4R9,True,57.66
B8NT06,True,76.25
P25284,True,87.62
P87058,True,77.19
Q4WW43,True,91.62
Q06640,True,77.5
O43028,True,94.19
Q10295,True,90.19
Q3ZCI8,True,66.25
P04802,True,92.56
S3D778,True,79.81
Q09674,True,86.0
P71847,True,91.19
P42328,True,96.81
Q81EJ6,True,90.56
A0A2Z4HQ03,True,91.5
A1D2R3,True,87.5
I1RCD3,True,78.06
G0S235,True,80.25
Q6NUQ1,True,85.12
Q5RKZ7,True,79.94
Q9VHI4,True,92.69
O43001,True,79.0
G0SB20,True,93.12
A2QHV0,True,66.0
A5DK49,True,88.88
P55306,True,95.0
P51687,True,84.69
Q4U3U6,True,87.31
Q4X024,True,81.25
Q9H3K2,True,77.62
C0HK62,True,79.88
Q07622,True,69.88
Q9SZU7,True,96.94
O74746,True,92.5
A4W1K6,True,94.44
Q4WG16,True,77.62
O60113,True,83.81
O74748,True,83.12
Q09353,True,58.28
Q9UZA3,True,97.25
P87018,True,84.69
Q01302,True,55.22
O13881,True,75.19
A0A1D8PN88,True,82.69
Q4WPF7,True,73.56
E7F1U2,True,62.28
Q10166,True,88.75
D4AV38,True,89.38
A0A559KX76,True,92.81
A0A6G9KIF9,True,91.31
P41818,True,67.94
A0A4P8GEE8,True,93.81
Q9USR0,True,86.5
A0A6F8RQ72,True,96.19
Q6CIB4,True,90.56
Q10318,True,92.38
Q555N6,True,90.75
Q4WPW2,True,77.5
A1CIA7,True,90.62
D4ANW6,True,92.94
B6H2E9,True,92.81
O94266,True,90.88
A2RA31,True,94.38
A0A0M9VUJ4,True,90.25
Q14206,True,79.25
Q5BB41,True,90.25
O59905,True,88.06
Q1E1R7,True,80.81
Q09711,True,84.75
P32802,True,85.88
A7KAN7,True,56.31
Q0U154,True,81.38
A0A2Z4HPZ7,True,92.62
P09322,True,88.69
Q9HFJ5,True,93.75
Q29550,True,92.62
Q2HBN5,True,95.81
Q5BGP0,True,92.19
B0DPL3,True,91.5
P33313,True,91.75
Q9Y2Y1,True,84.88
Q00416,True,70.19
A0A5J6BJT3,True,83.19
P40340,True,61.44
O43022,True,76.94
O59801,True,79.31
Q10199,True,68.81
Q28ER3,True,90.81
P27515,True,85.19
P0C8K8,True,79.56
P71359,True,86.75
Q9M205,True,80.75
Q5AK66,True,67.44
G2X954,True,89.19
Q058N0,True,59.59
O43125,True,61.75
O42858,True,88.19
Q9URW7,True,73.88
Q89AV3,True,91.06
P87111,True,88.88
Q5BDL9,True,91.56
S0DQN6,True,90.0
O14110,True,94.75
A0A6S6AA17,True,87.31
A2R091,True,78.56
O74919,True,70.5
B6HTR9,True,76.0
P18898,True,93.56
Q7SB51,True,75.19
A0A2Z6FZX4,True,93.06
O74800,True,89.44
G2XE04,True,71.19
Q4WE63,True,49.41
Q01976,True,90.69
Q4QZZ9,True,95.0
O94661,True,86.12
A0A455ZMR3,True,84.25
O13995,True,89.25
O14205,True,85.88
Q6NYX8,True,84.19
P07144,True,95.5
A0JNC2,True,48.69
I1R9A9,True,89.81
P15710,True,82.5
Q0V3Y9,True,93.44
O74862,True,78.25
O74742,True,88.25
Q10140,True,60.19
A7RK30,True,90.62
P15802,True,97.69
Q9FLX9,True,94.56
I1RF50,True,83.12
P40433,True,67.0
Q10EL1,True,55.47
D4AU29,True,89.94
Q0P5E4,True,85.31
Q9CKJ2,True,91.12
O60145,True,83.88
P79153,True,89.44
O31530,True,95.19
Q8N3Z3,True,84.94
P49026,True,92.12
Q8VCC1,True,96.25
Q0UU86,True,87.94
O74995,True,82.81
O13776,True,71.12
Q2UK72,True,70.0
Q9FZE0,True,94.0
Q4HVS2,True,76.31
Q2HG02,True,84.06
Q7S1X0,True,93.56
O13822,True,92.12
Q148J6,True,94.25
Q9Y8G8,True,73.19
Q09759,True,69.75
B5VF36,True,79.12
Q96I13,True,78.0
O60182,True,68.19
Q54QI4,True,96.19
P38364,True,90.62
A0A1U9YHZ8,True,89.94
Q54CX6,True,93.06
W7MSI4,True,95.0
E9F688,True,96.44
P70684,True,96.25
I1RDA9,True,91.62
B8N2C8,True,92.75
A2RBA1,True,76.38
P78581,True,91.94
P09437,True,82.81
Q4WDK5,True,92.81
Q9UT44,True,94.31
Q9NP80,True,66.88
G3YC86,True,72.75
Q8IRI6,True,65.94
W6Q9S9,True,97.44
Q1E7G6,True,68.69
Q5E9H2,True,86.19
P34755,True,92.62
P70792,True,96.88
Q0CCY0,True,95.62
Q9UT95,True,86.12
Q54PI4,True,65.0
A0A1D8PK43,True,96.0
A0AAD6NIB7,True,57.31
C8VTR6,True,90.81
A8ARD9,True,97.44
Q10258,True,87.31
Q1K528,True,79.81
Q7TQI3,True,91.81
B2CML6,True,94.75
P9WEZ6,True,89.5
A3LZU7,True,95.88
C7YRT4,True,61.94
G3Y1Q5,True,81.44
A9BBN4,True,93.88
V5IP95,True,85.19
P14187,True,75.12
A2QTU5,True,91.88
B2KWI4,True,76.06
Q7A3C4,True,96.81
O59948,True,83.12
O13926,True,90.56
P09368,True,84.19
O13889,True,59.0
O74345,True,56.53
P21772,True,86.12
P26686,True,60.16
Q6LA56,True,85.5
O13829,True,81.56
Q9URV1,True,87.81
P38829,True,76.31
O14223,True,87.62
A0A2I2F2Q7,True,90.12
P53633,True,84.0
W7NDP3,True,88.25
O59722,True,61.59
Q8K1N1,True,65.94
P11943,True,78.25
Q1K5R0,True,90.12
Q3ZBT5,True,78.5
Q4I963,True,92.31
P32529,True,83.75
Q10224,True,94.56
Q54Y08,True,66.0
G0RYE0,True,90.81
P40310,True,75.25
Q4WHG1,True,74.88
P53099,True,82.56
O14094,True,94.25
A0A067XMP2,True,92.0
Q9P2Y5,True,67.62
Q4WGE2,True,86.69
Q9C6K9,True,78.31
O13817,True,57.06
O60067,True,70.81
P13709,True,45.84
G4NCT7,True,67.75
P40977,True,73.56
Q00179,True,76.25
P55809,True,91.94
A0A0C1E1D0,True,87.25
Q59XX2,True,79.31
O74923,True,82.81
Q4WZF1,True,74.06
O28578,True,97.44
P25345,True,90.19
C8V3N0,True,76.62
O59804,True,88.31
P32584,True,92.31
P53693,True,86.88
Q27746,True,75.12
Q9I923,True,97.5
Q6BJ87,True,81.06
O14141,True,91.62
Q921Y4,True,88.25
Q9PFB2,True,91.62
G0S3B8,False,
P36421,True,87.81
A0A0F9XIF1,True,92.62
A1CIK0,True,60.69
B9W4V6,True,93.25
Q2GJB4,True,95.56
Q5B5L5,True,87.88
Q1K5Z0,True,78.81
Q8VDB2,True,92.94
O28797,True,95.69
Q7WHW5,True,92.25
F2T0J9,True,83.12
P87049,True,59.94
Q92609,True,64.62
Q06624,True,92.69
B9JLT8,True,94.81
Q7SGS1,True,66.44
A5ABG0,False,
P35200,True,88.44
P79082,True,77.56
Q4WTW3,True,87.94
Q9C5U3,True,81.0
P06738,True,94.12
Q13618,True,90.19
P32794,True,76.19
A0A223HDI2,True,96.44
P47082,True,73.31
B2VZQ8,True,94.56
P38041,True,56.66
P83876,True,88.56
A0A011QK89,True,93.69
E9F8M2,True,96.19
Q5RGL7,True,96.19
Q8GGD4,True,96.88
P22987,True,60.59
E9ENZ6,True,66.94
P38340,True,97.44
E4ZHQ5,True,91.19
P38716,True,96.81
Q10438,True,86.56
P51599,True,77.69
O36015,True,89.25
Q01359,True,85.25
A0A7T8F1N2,True,95.25
Q9P3B2,True,73.19
P75791,True,95.88
Q9CRB3,True,94.81
G3Y4N5,True,87.19
B7KVW2,True,96.69
P87137,True,64.5
P35788,True,92.25
P36085,True,70.38
Q09704,True,81.06
A1CP80,True,86.25
P12337,True,93.69
P21243,True,94.31
A6XIG7,True,94.88
Q12535,True,95.12
Q6L4V0,True,81.75
Q2UG94,True,82.25
Q8NHP1,True,95.94
A0A384JJA8,True,73.69
O74397,True,92.5
A0A0J9WG94,True,60.69
Q4WJX7,True,78.31
P30284,True,71.5
O34736,True,97.0
B4YQU1,True,87.06
Q08746,True,86.0
B2VS19,True,62.56
O94580,True,79.25
Q8VY81,True,82.62
Q9UT73,True,78.88
Q12251,True,83.44
P38287,True,83.31
A0A1D8PS71,True,95.81
P32916,True,76.25
P06811,True,90.62
Q9FNI6,True,70.44
Q0CJC5,True,94.19
Q60969,True,87.31
O74825,True,92.31
Q09697,True,77.75
P9WES7,True,71.5
Q0UI93,True,80.19
Q9H790,True,80.0
P48057,True,88.0
C4R4G9,True,96.31
P38886,True,77.06
Q96UL8,True,89.75
P40995,True,68.19
P24867,True,74.31
Q8T3C8,True,88.31
Q9WYK0,True,95.25
P36062,True,70.44
A7EV21,True,78.38
O59810,True,71.0
P41177,True,96.75
P15398,True,81.25
Q1LZ83,True,96.56
Q12010,True,80.44
G4N5Q2,True,52.56
Q9VMW8,True,87.5
O34703,True,86.19
O59730,True,94.88
Q9USG9,True,86.56
Q4JHP5,True,94.19
T0JRM4,True,93.12
O60175,True,80.44
M1BYJ7,True,89.19
Q9Y8B8,True,97.31
A0A411PQP8,True,96.44
O93831,True,79.62
Q54CX4,True,52.53
Q0USG2,True,87.06
P36136,True,92.75
P41893,True,95.62
Q12109,True,92.38
P40900,True,84.44
O74731,True,89.25
D1ZG64,True,89.62
Q0UFP3,True,96.06
Q70M86,True,64.81
P50108,True,78.19
B2WSN1,True,97.06
G0S381,True,64.69
E9DXX9,True,48.75
Q0U1X7,True,63.41
Q9C168,True,95.0
Q60490,True,95.5
Q12233,True,90.75
P32495,True,79.12
Q92R45,True,95.06
P13181,True,83.56
P53123,True,77.94
Q9C136,True,98.0
P10282,True,89.56
Q10142,True,81.31
P80402,True,98.0
P41889,True,80.81
Q9Z0Z4,True,89.56
Q9P896,True,80.06
Q5A1L6,True,88.06
A0A2I1D2N1,True,91.62
B0ZT47,True,87.69
Q10264,True,76.38
Q92462,True,76.88
Q7RXV8,True,81.19
A0A1D8PPT5,True,95.0
Q9FJD2,True,86.81
Q08647,True,84.62
Q0CJ00,True,85.5
O13864,True,93.06
Q4WWH6,True,80.88
O13597,True,85.38
Q8N3L3,True,67.06
B0BNE5,True,98.12
Q42598,True,94.88
Q4WMH0,True,57.47
A7LXS9,True,92.94
Q0K843,True,92.81
O14255,True,90.19
O47950,True,82.12
K3VH30,True,89.31
Q04739,True,63.28
G5EB37,True,94.06
Q0UMR2,True,87.44
O93934,True,96.62
Q9VCY8,True,77.31
O74690,True,97.44
Q6FL81,True,95.0
Q3S4B7,True,95.56
P05328,True,89.5
G2WYX6,True,93.44
P35208,True,63.97
P15245,True,96.0
G2TRT6,True,79.0
Q871U9,True,82.25
A0A0U5CNP2,True,92.25
Q641C8,True,88.75
Q96S52,True,85.5
D4DD24,True,90.5
Q9P602,True,76.12
O14031,True,81.38
Q5XHA2,True,92.5
Q01650,True,85.88
Q06K61,True,94.12
P46678,True,63.0
Q55GS2,True,73.0
Q9FCD7,True,91.56
Q4WHZ9,True,91.25
Q12618,True,88.94
Q9P786,True,93.12
Q9UUB6,True,91.44
P13221,True,96.5
F4JTS8,False,
A0A7T8F1L1,True,95.5
P54672,True,89.0
A0A060S684,True,87.81
Q3E834,True,78.75
P00332,True,96.31
Q12556,True,95.94
P33297,True,81.38
Q7S8R8,True,70.06
P30656,True,87.88
Q9Y875,True,84.62
Q8QFP8,True,74.19
P9WES8,True,73.81
Q1E065,True,84.0
D5VGV1,True,95.56
O59827,True,97.25
Q2UFN8,True,71.31
I1RVD6,True,86.62
Q9P0S9,True,62.62
O14192,True,95.44
O31680,True,97.12
B8A5W4,True,91.38
Q09706,True,70.0
Q7RVY5,True,85.0
Q8X0S4,True,96.62
O94397,True,66.5
A0A437A6S9,True,83.69
P75863,True,94.75
O04482,True,91.12
Q6C6Q7,True,94.19
G0SER9,True,84.94
O05218,True,96.06
O53732,True,89.44
Q1K605,True,58.75
Q0UG91,True,96.19
Q6CSR7,True,70.81
I1RZ92,True,92.38
Q2UHA7,True,92.5
Q9USK3,True,83.56
S0DRI2,True,93.62
Q7SC06,True,78.94
Q60963,True,86.19
Q10169,True,69.81
O94726,True,76.5
D7UPN2,True,96.81
A0A223GB52,True,92.88
Q4INZ9,True,61.44
F1QMV3,True,90.12
Q0CF72,True,95.12
B0Y3M6,True,96.44
Q58CV6,True,93.88
Q4WIN1,True,63.81
Q5FWN8,True,64.81
P32839,True,79.88
P0CT29,True,91.0
O15457,True,74.25
Q5ACX1,False,
Q0UL22,True,81.88
Q9HFE4,True,97.25
Q9LSV0,True,97.44
P47159,True,85.31
P33181,True,85.94
Q7Z9I0,True,81.75
P49380,True,77.88
Q9Y303,True,94.5
O13750,True,91.69
Q8R151,True,74.69
G2XBK3,True,89.44
A1CQG2,True,75.19
P27999,True,83.75
Q10292,True,83.12
Q5BD77,True,97.31
P06704,True,91.81
O14357,True,80.31
P38817,True,73.88
I1RLA6,True,78.44
Q09911,True,64.56
K3UII4,True,85.94
A0A1D8PLH4,True,69.56
M2T7Z1,True,91.5
Q70GH4,True,87.75
Q9LJD7,True,88.62
B9W4V8,False,
Q876K6,True,79.81
G9N4A2,True,96.75
P16081,True,84.12
O74499,True,87.19
O74832,True,85.19
Q4W9B8,True,91.06
O13982,True,88.75
Q9UUD2,True,84.94
Q12457,True,61.25
Q4WJS4,True,79.88
C8V8H5,True,62.44
Q0CXD0,True,87.62
O74197,True,93.06
Q9DGB6,True,88.19
W7N463,True,95.12
P22108,True,92.12
Q9P3U4,True,85.25
Q9DAZ9,True,75.69
D4AU30,True,95.38
O94609,True,93.56
J9VDQ4,True,73.31
P0DXV7,True,82.94
O60119,True,64.81
O74908,True,76.0
B8N0E7,True,86.25
P42525,True,81.0
Q9P6U7,True,95.75
Q6C8F0,True,76.19
F4IV16,True,92.88
Q0V389,True,76.69
Q05518,True,55.34
A1DJQ7,True,91.12
O74966,True,89.75
Q6G7C8,True,98.12
B8N195,True,96.81
P40525,True,93.69
O14189,True,84.69
O04379,True,81.0
B3LHB3,True,88.31
O74543,True,84.44
P36017,True,86.81
Q27032,True,87.0
A0A481WNM8,True,79.25
O42887,True,89.69
Q9USM7,True,74.69
P0CT19,True,73.69
Q2EQQ2,True,93.5
C4QYL7,True,89.06
P40527,True,78.69
O94340,True,91.69
A0A437AGY2,True,63.47
Q0C8J3,True,94.81
Q6MYX6,True,87.5
O14295,True,95.38
Q0UHL8,True,93.38
Q2TXQ8,True,83.88
P0CU76,True,89.44
A9ZND1,True,96.31
G2WQ55,True,86.38
I1RHF8,True,93.19
S0DZN4,True,86.44
S0E2X6,True,91.5
F2SL82,True,91.81
A0A2Z4HPZ6,True,85.5
Q4WZV3,True,88.75
A0A097ZPD4,True,92.0
Q45223,True,96.88
Q9P6I9,True,77.81
B2KWH4,True,79.75
L7I518,True,94.31
Q0C8V9,True,94.69
P25502,True,67.44
Q0UNW1,True,75.88
Q4WX30,True,91.69
E3RR70,True,92.06
Q8L7W8,True,92.06
J9VLA6,True,83.75
P87121,True,84.56
Q54RP6,True,53.5
Q5UQ40,False,
Q08268,True,82.38
Q8SSK6,True,95.12
Q4WD47,True,71.38
O14002,True,69.5
B8N0F1,True,87.44
A2R2S6,True,94.75
O94522,True,76.81
M7U9B9,True,86.0
Q8CI04,True,78.31
Q6UIM1,False,
Q0UQJ8,True,68.88
B6H062,True,93.12
O13629,True,89.94
D4ATC3,True,88.31
Q49117,True,97.25
O13737,True,77.12
A0A455LLW9,True,92.31
Q07540,True,77.19
A0A411KZZ4,True,92.69
Q9UUJ6,True,64.81
K0E4D9,True,79.12
Q09184,True,92.94
M4IQQ5,True,90.06
Q3S4A7,True,66.56
D4B0N9,True,90.81
P53390,True,87.31
A0A194VZB5,True,86.56
Q8RXT4,True,65.88
Q12523,True,72.94
G0S488,True,83.44
Q5AUI1,True,81.31
Q7S931,True,68.75
Q2K414,True,97.5
Q9WXE8,False,
P56508,True,74.12
Q0UI56,True,87.88
Q07527,True,84.06
Q99SJ1,True,94.19
Q6C0I0,True,96.06
O59802,True,85.31
Q7RYV0,True,68.0
Q9HDT3,True,97.31
Q8VZ80,True,81.06
G2X0L1,True,82.75
A7RVK7,True,84.38
O14069,True,90.75
O13965,True,65.0
P52917,True,85.19
P40464,True,87.0
P23060,True,92.31
A0A2I6PJ00,True,89.25
P55853,True,79.44
Q8NB90,True,72.94
C8VP36,True,95.75
Q8TG13,True,96.38
Q8L805,True,91.94
A6S8E7,True,90.69
Q9USS6,True,87.81
O13845,True,63.12
A1D5T7,True,95.69
P15365,True,81.5
P11634,True,92.75
P40897,True,86.5
A0A140JWT7,True,93.5
P53076,True,59.16
A0A2G5ICC7,True,89.38
B8MKR3,True,89.94
Q9Y7T2,True,94.56
I1RHJ1,True,87.31
A2QU15,True,76.25
Q02799,True,58.72
Q4WBI0,True,72.75
Q10498,True,94.19
Q4WP32,True,93.94
A1CTK4,True,96.12
A2QAP8,True,94.44
Q9URZ3,True,87.0
Q4I613,True,93.56
B2ADG1,True,78.44
P78713,True,89.88
B8NCG2,True,96.69
Q6GQ37,True,86.44
Q9M7K4,True,77.06
P32481,True,81.56
W1QAK2,True,69.88
Q9USK8,True,75.12
Q2UJS7,True,87.12
D4AZD1,True,85.62
Q09146,True,60.47
A0A384JC04,True,92.38
A6WYS5,True,97.0
O13863,True,68.38
Q99MY8,False,
Q4WM67,True,92.56
P49249,True,84.88
Q2UJJ4,True,63.5
P29251,True,84.69
A6SSM3,True,81.19
Q4WR75,True,84.38
P15043,True,88.31
Q9US38,True,96.25
Q12564,True,75.44
P9WK86,True,95.75
Q0UHZ9,True,89.62
P38758,True,82.69
F1MLX0,True,91.94
P0DYC2,False,
P94428,True,97.75
N1PZ58,True,63.25
A1D1E6,True,92.56
B6H6L7,True,98.38
P78704,True,73.44
O42866,True,94.38
P24919,True,77.88
O59706,True,82.94
Q04894,True,96.19
P32459,True,95.69
Q64392,True,86.12
Q9P999,True,95.06
P87055,True,90.81
P81908,True,94.25
Q9NY57,True,85.38
P04963,True,88.0
Q9UT24,True,80.38
Q12640,True,89.0
P42124,True,72.81
B8NM62,True,93.12
B2WMQ2,True,96.44
O13917,True,88.38
O60045,True,90.44
Q8H191,True,90.31
P40581,True,96.38
P53379,True,71.19
A4UHS8,True,90.44
Q0V254,True,86.06
O14019,True,65.62
P53326,True,91.69
Q1E9T9,True,74.38
A6SG85,True,71.44
Q5B3U7,True,79.62
F1DBB3,True,95.69
Q6DTN4,True,96.56
Q9Y7B3,True,76.19
Q5BA81,True,90.75
P37297,True,80.5
O74627,True,78.06
A6RJA2,True,74.75
O59715,True,88.56
P33333,True,91.31
O13726,True,76.19
Q5XHZ9,True,87.0
S0EG57,True,86.31
Q5BHE2,False,
P21133,True,95.69
O36025,True,49.91
P35210,True,56.34
Q4WYQ4,True,54.03
P51794,True,85.44
P85978,True,98.38
P36621,True,76.31
O43033,True,91.31
O43896,True,67.75
E9ENC6,True,93.25
Q0CGA6,True,87.44
Q00737,True,80.81
P36526,True,92.69
Q7SAM0,True,77.38
Q12608,True,83.5
O74869,True,79.88
C1H563,True,90.81
D4AUF1,True,89.0
Q7SIC2,True,95.19
O26715,True,86.56
P49018,True,80.06
O94553,True,79.12
Q12546,True,90.44
A1A699,True,77.31
A0A7M6W5F9,True,88.19
O74767,True,91.56
Q7TXL6,True,86.44
P17872,True,95.44
Q7S7R6,True,85.06
A0A2Z4HPY0,True,91.44
A0A1B4XBH0,True,94.19
O74886,True,96.12
Q12094,True,75.81
Q9UTK0,True,75.44
Q9HE25,True,92.81
A6RC50,True,78.44
Q0CYP4,True,96.88
A1DEC4,True,66.38
Q9SUA4,True,86.88
I1RNL0,True,93.0
G7LCC3,True,75.75
S4W4F3,True,97.19
A1IIX4,True,97.31
Q9UAY4,True,85.94
P9WLN6,True,88.69
Q9SJM7,True,94.19
O94584,True,83.75
P0CH94,True,93.69
Q9C107,True,83.69
P42882,True,96.06
O60130,True,65.69
Q3ZBR5,True,77.38
A0A1U8QYA8,True,95.06
A0A3G9JYH7,True,91.0
Q7S5W9,True,94.19
B6HCY4,True,94.88
Q00578,True,71.69
Q9L9D7,True,98.44
Q54DA9,True,93.25
Q2UKV4,True,96.06
Q55C17,True,93.12
C3UVB0,True,97.44
G2X9I0,True,86.06
O74776,True,81.56
E5A0U8,True,77.25
Q10723,True,86.56
O59814,True,81.62
Q9FUY2,True,58.34
O59893,True,93.44
F6QV99,True,84.06
P53044,True,69.94
O94480,True,82.56
P40556,True,74.12
A0A2I1BSV9,True,83.56
G0SBS8,True,60.56
P33750,True,86.94
Q5AW69,True,83.0
K3VYH8,True,80.38
Q5ZJH6,True,88.56
P40108,True,98.12
G2X7W6,True,76.56
Q9P7S9,True,61.78
P25386,True,72.62
Q29RH4,True,90.25
P38254,True,85.0
A0A2Z1U8L7,True,83.94
Q8J0P4,True,75.88
Q4V8K2,True,88.75
P0DUK2,True,94.06
P28237,True,98.31
Q7RZF0,True,85.81
Q9ZPS3,True,92.0
Q09686,True,95.69
E2CYT2,True,91.94
A7XRY6,True,87.44
P38679,True,68.62
Q9Y7X9,True,75.44
A0A017SFB8,True,91.69
Q04013,True,81.94
P79381,True,93.81
Q92413,True,95.5
Q2PGV8,True,93.44
Q588Z1,True,86.94
Q9P6Y2,True,68.31
Q00216,True,91.44
Q4WEH7,True,74.81
Q5F495,True,90.81
Q6LA55,True,63.72
Q94EG6,True,97.69
Q2UPC0,True,82.94
P26901,True,97.19
Q757D7,True,90.75
Q8X097,True,90.38
P32608,True,89.38
Q6Q888,True,93.31
O74327,True,90.44
P0CL94,True,96.81
Q9UR24,True,68.12
P0CAQ1,True,73.69
O59745,True,81.12
Q4WX45,True,64.12
A0A0U2UXG3,True,85.75
Q7REH6,True,95.0
P00958,True,93.75
A0A0F9ZXE3,True,91.44
Q6Q875,True,92.5
A0A0F9XXG3,True,81.81
P49305,True,97.62
P38788,True,92.88
P38345,True,75.62
P23776,True,93.31
P0CI63,True,95.5
A0A455R5K2,True,94.75
Q9US36,True,73.12
A8F681,True,98.0
Q14409,True,92.25
B8NM73,True,91.88
Q556S2,True,71.12
P0DUM0,True,93.5
O94469,True,87.5
F5HN69,True,86.5
W0HJ53,True,91.69
K3VAW8,True,69.94
O42896,True,95.88
O14009,True,73.19
O60072,True,82.0
C0RZV6,True,77.19
A7EYW0,True,76.5
Q9ZJI5,True,94.56
O74633,True,90.75
A1DMW6,True,77.38
Q9P7C1,True,75.88
Q9P7T4,True,53.59
Q4IMJ1,True,97.56
O42917,True,75.81
Q6BIP2,True,69.0
O14018,True,94.56
A5ABG1,True,87.56
Q68Y49,True,73.0
P08965,True,58.94
O14746,True,80.19
Q6FNL3,True,95.56
B8N8Q9,True,96.06
B8NGU6,True,91.81
Q4AC99,True,84.06
Q4WF55,True,90.94
Q0CUC1,True,94.31
Q8FBA7,True,98.06
Q9ZQP6,True,86.81
G0S902,True,74.56
A1CFM2,True,93.62
P20506,True,90.81
O43034,True,80.0
Q6BSY1,True,80.19
Q10255,True,85.25
D4ARV2,True,89.44
E5A7I6,True,88.06
P0DY66,False,
P84675,True,92.75
Q5BBV9,True,87.19
Q76IQ2,True,96.5
Q2VYX5,True,85.94
O13309,True,96.69
Q56JZ9,True,94.25
F2QZ65,True,83.81
J9VLY3,True,82.44
B2A5W7,True,95.81
S3DQQ9,True,43.69
A1A697,True,70.75
Q09746,True,84.62
Q9LX12,True,96.81
Q4WFQ4,True,84.0
Q9LVW4,True,58.19
A0A5B8YUW5,True,78.19
P47176,True,96.06
Q5B3I8,True,69.81
Q6ZSM3,True,80.25
O74483,True,96.19
Q03656,True,66.94
Q1K6P0,True,81.88
O94264,True,70.31
P52759,True,96.69
Q10355,True,72.25
O08424,True,95.81
B8MKZ8,True,93.56
O14459,True,94.25
P40582,True,95.38
Q1DXH0,True,70.12
Q73WB6,True,94.69
P28745,True,84.38
Q10113,True,76.25
Q9L1I4,True,90.75
P32895,True,82.0
P30714,True,88.06
M5EAX2,True,94.0
Q01491,True,71.69
G2WYR2,True,49.38
P52810,True,91.25
Q9Y7M1,True,94.88
O74976,True,93.31
B8NM63,True,86.88
Q9P7K9,True,96.31
Q9F7D8,True,96.31
Q9P7B4,True,97.69
Q6E434,True,71.38
Q1PEP5,True,56.59
Q6IP52,True,75.88
A6R363,True,90.38
P0DPA5,True,89.69
D4AN96,True,96.88
Q8BK48,True,91.25
Q8W4S6,True,93.81
Q460G9,True,86.56
A0A179H0T5,True,80.25
Q4WNA5,True,87.19
O74503,True,72.06
Q86Y13,True,62.09
W7MSH6,True,94.38
Q9UTL8,True,75.62
B5G2S6,True,67.25
C8V212,True,76.56
P79058,True,67.62
Q10181,True,90.19
Q9P7Y9,True,58.38
A0A2Z5TTA9,True,86.69
Q06143,True,80.88
P79060,True,84.38
Q8K194,True,60.66
Q8T6J2,True,80.62
Q07830,True,87.0
O14081,True,76.5
Q12096,True,91.0
Q4X1V0,True,60.81
Q9FGF0,True,90.88
Q12091,True,78.44
G0S4F3,True,82.62
P40303,True,94.0
Q8L829,True,81.25
P78871,True,43.66
P38674,True,89.12
P9WET9,True,84.81
E9F647,True,92.44
Q0UI05,True,65.06
Q9DG67,True,72.19
Q9C270,True,90.31
Q4WE86,True,94.19
D7PI19,True,95.5
P27138,True,93.62
P0DUL3,True,92.19
Q7SCY7,True,86.44
Q7VD64,True,96.44
B0Y568,True,76.88
O14346,True,94.88
A1VQF4,True,94.44
P0C0Y5,True,96.56
A1CFL9,True,73.62
Q9XBS9,True,95.38
O60094,True,82.62
Q4A054,True,95.62
Q556Z3,True,67.06
Q09776,True,77.12
Q4I0C5,True,83.81
Q9Y7B6,True,87.56
P27643,True,84.94
Q10213,True,74.5
Q09819,True,55.0
Q74Z32,True,85.94
P46336,True,96.56
P32466,True,84.31
Q12256,True,75.56
E3RPB1,True,76.75
O74962,True,84.44
C5NN18,True,84.88
Q9P371,True,77.81
P32494,True,64.69
Q03559,True,68.81
Q2U0G5,True,76.31
O94290,True,73.38
Q5AZQ5,True,85.62
O44953,True,80.0
O93806,True,97.69
Q9UT70,True,81.25
P10401,True,82.0
Q12163,True,63.88
Q9VEX6,True,79.44
O42877,True,77.44
O60122,True,95.06
O80632,True,80.56
A1DLW4,True,89.19
P04957,True,92.38
P87178,True,74.62
Q7SI68,True,79.25
G1XLI4,True,49.66
Q9Y897,True,95.69
O13979,True,93.62
I1RGD4,True,72.75
O94495,True,84.38
Q02873,True,77.31
P21242,True,89.31
P42935,True,90.94
F9XMW6,True,97.19
Q5BD89,True,84.75
Q9NL89,True,88.06
A1DBT4,True,94.06
Q8RX87,True,93.44
P39981,True,84.88
A2YW91,True,88.25
O94279,True,91.19
B8NLM9,True,96.06
D4AK94,True,90.19
P41878,True,85.06
A6SFL7,True,84.19
Q6ZLK0,True,92.31
Q09868,True,56.22
Q4IJW4,True,89.94
Q7S4E0,True,91.56
O14237,True,83.25
O42888,True,94.19
Q567Z7,True,92.5
G2TRN9,True,80.19
D4AIF1,True,90.25
D2XNQ9,True,79.5
Q01911,True,95.38
Q1E7S5,True,76.0
Q0CCF8,True,94.19
A0A4P8DJW5,True,93.5
Q7Z8P9,True,97.44
O93868,True,97.56
A0A0L1JEZ9,True,91.5
F9WWD1,True,88.56
A2QTE7,True,92.81
A0A8K1AWG4,True,97.19
P20654,True,92.56
P78954,True,90.75
Q02099,True,72.25
Q9P6N5,True,83.44
P36981,True,66.19
Q0P5W1,True,74.88
J4VZG1,True,66.25
Q2TBM9,True,78.56
P14306,True,92.56
P40495,True,92.75
Q9US07,True,82.12
O14155,True,97.12
Q7S4I9,True,77.5
O13351,True,75.5
P41890,True,94.31
Q9UTJ2,True,95.12
H1AE13,True,89.44
Q6RVV4,True,92.06
P38093,True,68.06
A6WFI5,True,88.38
Q5BAJ7,True,64.38
Q10233,True,88.31
Q10990,True,74.62
A0A1D8PK40,True,95.62
Q9LZQ9,True,89.0
A6RMI1,True,79.5
K3VD70,True,95.88
Q5B431,True,58.62
Q6C2F4,True,74.88
P48580,True,91.19
Q6JQN1,True,86.94
P78594,True,97.31
G4NCP4,True,92.75
P53338,True,82.62
W6QL41,True,93.88
Q8TGG8,True,89.06
O31473,True,95.94
Q873B7,True,87.75
Q4WKA1,True,77.0
Q4IN00,True,79.75
Q5D018,True,79.56
Q9SSD2,True,83.88
P14090,True,90.75
Q9SUL7,True,76.94
W7N2P0,True,93.75
P40467,True,61.5
A0A345BJN8,True,73.69
Q12314,True,91.75
P50276,True,82.12
Q4WD45,True,93.56
O94712,True,86.44
Q04869,True,96.69
A0A0P0V5U9,True,92.88
G0S215,True,72.88
Q5AUY3,True,88.62
O42945,True,89.75
O74913,True,94.75
O94474,True,82.56
A0A179HLJ8,True,92.19
Q9Y719,True,76.62
S7Z7Z3,True,89.0
Q0U388,True,69.69
Q6AGR0,True,96.06
P41365,True,94.94
Q8I7P9,True,78.81
Q6BY37,True,65.5
P40491,True,82.38
W6Q247,False,
D4ASH1,True,93.94
D4GGR2,True,97.81
A0A084B9Z5,True,88.5
W3X732,True,92.5
P42839,True,68.31
P51792,True,79.69
P23762,True,77.44
Q2UCW8,True,86.69
Q1E556,True,76.19
A2QG68,True,94.19
P38812,True,93.81
Q09196,True,89.94
Q980U8,True,91.31
Q7FAE1,True,94.88
P86242,True,89.0
Q5B4Z3,True,65.06
Q5AWS1,True,84.44
Q84JB8,True,88.62
P0DUQ0,True,96.75
P50520,True,84.31
Q12664,True,88.88
Q4WVQ7,True,62.75
A0A423WA64,True,89.38
P31386,True,94.56
O13819,True,91.12
C5H883,True,64.25
Q9I0Q0,True,90.62
Q9FE46,True,97.69
D4D7N6,True,88.69
B0XPE7,True,75.81
Q91YJ3,True,83.88
O14093,True,72.06
Q9AGP8,True,98.38
Q874R3,True,80.5
P04386,True,66.0
Q078T0,True,94.06
Q9Y5S2,True,75.81
Q10105,True,79.75
A0A481WQD3,True,86.5
Q9P6R1,True,65.38
O59737,True,74.06
A9CPT4,False,
Q96UY2,True,89.75
Q304B9,True,92.06
Q6L4S0,True,91.44
Q59228,True,96.75
P9WEP6,True,96.31
G4NEB8,True,74.25
Q0DX67,True,82.19
Q7Y001,True,79.5
Q00017,True,96.0
Q09859,True,97.25
Q9RKB5,True,92.31
P45816,True,71.19
Q96UB1,True,82.44
Q0VFT9,True,88.0
Q00511,True,97.12
Q9P903,True,93.19
Q01609,True,88.94
Q59606,True,90.44
O14343,True,64.94
P36591,True,90.88
P33332,True,65.38
Q5UNT1,False,
Q7X6Y7,True,80.0
G0SB44,True,79.88
Q5YTV5,True,96.25
E5AE43,True,63.16
B0XZD3,True,94.0
P56216,True,97.88
C8ZI10,True,80.19
Q0UCJ2,True,91.62
P54857,True,80.88
Q9UT00,True,72.44
F4I2Y3,True,69.56
O60046,True,78.94
Q1RKB7,True,97.06
P25621,True,80.81
Q92339,True,84.12
Q0UTE1,True,88.38
Q0D1P6,True,86.19
Q7S300,True,89.62
Q9UT18,True,80.94
O07563,True,87.75
P00365,True,86.94
Q0UYV9,True,86.38
P35133,True,95.88
P36035,True,78.25
P38795,True,95.06
O43120,True,73.94
G2XC60,True,85.69
Q9UT34,True,69.62
Q05534,True,62.22
Q0UDH1,True,84.0
P52911,True,85.31
P0A3U6,True,97.31
Q9UUD8,True,92.94
Q8K010,True,88.06
A0A3G9HRV8,True,78.44
P0CI64,True,84.0
Q03070,True,88.12
A6QLC6,True,73.94
G4NE57,True,59.91
Q5R9S1,True,82.69
P53584,True,85.56
Q2TA37,True,94.44
G0S8G9,True,69.81
Q9HDX4,True,83.81
G3Y420,True,92.25
Q5XG24,True,63.0
A0AAD6NLP7,True,95.31
M4ISH0,True,90.81
O94280,True,83.0
O04249,True,81.5
N4XMB0,True,63.12
P0AE25,True,88.62
A0A2P5I554,True,88.56
G0SGC7,True,74.19
P78955,True,93.5
A1IHE7,True,96.69
A1CTI3,True,73.94
Q0U796,True,87.44
Q10088,True,90.0
Q7Z877,True,87.31
Q4X0M4,True,70.06
A1DHY9,True,65.94
D4B3C8,True,88.0
Q44471,True,95.88
C8VPT2,True,93.44
P36049,True,72.19
G2X8V1,True,82.56
P41391,True,92.94
B8MYL0,True,74.25
Q7PC70,True,78.0
Q8IS64,True,93.69
Q0CCL1,True,74.94
Q64573,True,90.62
B8NPX1,True,71.5
D4AYG1,True,79.12
O08760,True,91.5
P28812,True,92.94
Q5R6Y0,True,74.5
A0MTQ2,True,91.0
A0A2Z4HPY5,True,82.19
Q7SF85,True,92.75
P9WGQ6,True,96.81
Q10250,True,82.25
P35720,True,90.81
Q9UTC9,True,92.31
Q6MV78,True,78.31
P34161,True,61.5
Q00319,True,75.69
C5PFX0,True,85.5
P18160,True,43.12
Q8TAD8,True,66.06
P30316,True,86.75
A0AAN4PCE0,True,86.31
Q7XSA2,True,77.62
Q9Y333,True,94.81
A0A075TRK9,True,93.69
Q5AUY1,True,91.06
Q5BBP8,True,82.75
B8NMR5,True,94.56
Q9LE86,True,94.81
P47172,True,88.75
Q3UHK1,True,82.12
Q8KQK1,True,95.5
O42652,True,98.31
O74624,True,96.19
Q54U87,True,49.31
O93870,True,54.53
P46493,True,90.94
B0C205,True,95.56
A0A5C1RGE8,True,84.06
Q6NX08,True,89.69
W7MSJ7,True,91.69
Q4WF30,True,83.44
Q9US37,True,81.5
P23623,True,89.5
Q4WV10,True,95.94
A0A223HDI5,True,97.06
Q9FUS8,True,94.69
Q5BCH7,True,89.56
A9T142,True,87.56
Q5RDU4,True,73.81
Q02767,True,81.38
P17624,True,82.62
G3YAF3,True,77.56
O34718,True,89.19
Q4WW95,True,87.62
P49413,True,59.25
Q9USS8,True,78.38
P0DMQ6,True,97.06
O74174,True,91.5
Q12524,True,86.75
P0CT50,True,96.62
Q6SSJ6,True,94.25
B2ACC7,True,89.25
Q9D1A0,True,82.75
Q0UZH1,True,94.81
A3KP77,True,94.5
A0A3B1EFQ1,True,95.38
B0Y6Q5,True,67.38
P36629,True,71.31
Q9USW6,True,73.69
Q0MQ86,True,95.62
P9WEW4,True,91.31
M1W0Y0,True,94.69
Q1MTR1,True,76.62
Q7M370,True,94.38
P07142,True,85.69
Q9USJ8,True,92.25
O74388,True,71.88
Q9US02,True,94.88
Q9UTQ1,True,95.31
A1CA51,True,96.38
Q5AUX8,True,93.0
Q0ZAI3,True,93.88
H3JQW0,True,95.81
G3J455,True,82.75
K3VFR8,True,87.12
Q0CSA3,True,93.38
G0SF80,True,84.5
O69315,True,97.69
V9TNS0,True,97.69
Q9UTK4,True,52.59
G0SBQ3,True,56.5
A7ESL7,True,69.94
A0A0J9UVX2,True,74.31
A7UX13,True,95.06
Q6C354,True,92.5
Q70CQ2,False,
G0SHF3,True,92.62
A5PJL1,True,90.31
B5FZA8,True,92.31
Q3UD61,True,80.06
A0A0E0SMA3,True,93.56
Q5B0H8,True,93.44
O75002,True,94.94
W3X9K4,True,75.06
Q5XTQ4,True,91.88
Q15029,True,89.94
Q54QI2,True,53.75
P42087,True,87.5
Q9Y385,True,77.25
O74452,True,56.5
Q4I8E9,True,79.94
Q03672,True,76.5
G0RYR3,True,73.69
Q9P427,True,86.19
P45954,True,91.56
H1ZZA4,True,93.62
A2QAS2,True,93.75
Q9D7Q1,True,90.81
Q9P6A5,True,91.5
B6DZC8,True,89.38
Q7Q6A7,True,90.44
P29717,True,92.62
B0XYE0,True,55.03
A0A1L7U2E9,True,93.12
A0A455LLX2,True,96.56
Q04179,True,96.88
O14035,True,85.25
Q98KN6,True,95.62
A4IGU3,True,90.5
A5DQ25,True,94.62
Q9L9F0,True,95.31
O42872,True,88.5
Q5BAD0,True,90.56
P73421,True,90.81
P53125,True,73.0
Q2GPT7,True,78.81
G2X444,True,79.0
P9WEF7,True,82.19
Q12151,True,55.28
B8NM79,True,93.69
O59829,True,97.19
P38671,True,74.31
Q96WV0,True,83.56
P52959,True,68.12
F4P804,True,90.5
P0C582,True,87.94
W7NDP8,True,95.38
A0A4P8DJF6,True,89.75
Q9UTC5,True,92.69
Q84CG1,True,94.31
W6QCM8,True,82.19
Q9UT16,True,84.75
P9WEZ3,True,89.25
A0A384JIP2,True,89.56
Q92203,True,95.25
O15258,True,78.56
P0CR34,True,93.38
Q10325,True,81.38
A0A0E4AET8,True,93.62
Q5B3K6,True,86.12
E9F8L8,True,89.25
Q5B7I8,True,57.66
A0A194VTS2,True,89.06
Q9HE05,True,85.38
Q9H0E9,True,52.81
Q9Y809,True,92.5
O59714,True,78.75
G0REW7,True,92.12
Q524Z5,True,83.88
Q0DG35,True,87.5
P29497,True,97.75
Q12529,True,93.69
G8BA04,True,95.25
Q9Y8G7,True,89.94
Q4WF29,True,96.88
P53912,True,96.88
A0A024SMV2,True,96.5
Q9Z2D7,True,60.38
A0A1U8QT10,True,81.56
A0A0S6XHQ0,True,92.0
Q5B4Q8,True,53.44
Q10137,True,93.12
P55614,True,95.44
Q9UT61,True,93.69
O94362,True,88.69
Q9URY7,True,97.31
A0A384JQG4,True,94.44
Q9Y8G2,True,83.12
Q02IV5,True,97.12
Q872U8,True,54.94
A0A6S6QLX9,True,93.69
Q9U2H1,True,81.0
O74458,True,77.44
A0A1D9QMS2,True,61.91
A0A1R3RGJ7,True,92.38
Q54W11,True,90.25
Q5B0Z5,True,78.25
P19516,True,75.38
Q09731,True,71.44
D0E8I4,True,95.75
E4V2L6,True,91.38
A7ERM5,True,63.31
A0A455R5H4,True,89.12
Q9P380,True,83.38
Q9HGY3,True,95.88
Q4WXX9,True,96.5
P15625,True,89.56
A2QHE5,True,97.81
Q9LW56,True,92.19
Q4WXY0,True,51.72
A3KPE8,True,91.19
A0A7H0XJI9,True,94.31
Q01112,True,93.81
Q9WYP5,True,98.12
A0A385XI13,True,84.69
Q5GTD2,True,88.56
Q5R4D6,True,54.62
D7PHZ1,True,79.88
Q54BF3,True,94.31
Q9HGL2,True,57.78
D4ANV2,True,87.06
Q9CR60,True,87.5
Q09680,True,87.81
Q30DW6,True,90.69
A0A1U8QWA2,True,87.81
O14522,True,83.56
Q13867,True,98.0
Q54RB9,True,68.69
B5XAM2,True,81.56
O59805,True,97.25
O25080,True,97.75
O74189,True,85.5
Q8DC76,True,93.88
E7F590,True,85.81
P9WEL1,True,80.69
Q1DR06,True,62.81
Q9UVT8,True,88.44
Q9NQE7,True,89.56
O42709,True,67.19
Q6BI69,True,88.56
W6R4H8,True,92.25
Q4W9V0,True,67.19
A0A423VRU0,True,74.25
Q6IE26,True,91.5
P9WEU5,True,91.19
P00503,True,96.31
P28708,True,72.44
Q84RR2,True,77.56
Q4WR82,False,
D4AX63,True,91.56
G2WUA3,True,55.5
Q4WQJ1,True,78.25
P38823,True,70.38
A8DRH7,True,96.38
Q48H03,True,94.62
A7EM78,True,75.94
C7GWV6,True,82.75
Q9P7X5,True,78.44
O74298,True,86.81
A1CAZ7,True,87.38
P53157,True,86.25
B2ASU5,True,95.31
B2VVF0,True,80.88
Q4WSZ0,True,92.62
A0A1D9QGL5,True,57.66
O75003,True,88.69
Q5A2J7,True,83.56
G2QCS4,True,90.25
G3Y416,True,94.62
G1XTZ8,True,93.19
A0A140JWS5,True,93.62
G3Y419,True,86.5
A0A2P1DP87,True,92.38
Q10102,True,86.0
O14176,True,73.81
O43088,True,67.88
Q07993,True,96.12
Q4WVZ0,True,95.19
W2SDE2,True,80.06
Q9UT98,True,84.56
O74798,True,66.75
Q10449,True,93.69
G0SAV1,True,62.97
Q58424,True,93.5
Q9USP8,True,89.12
Q01408,True,74.81
Q8BHT7,True,86.5
P0C7B6,True,88.38
A0A384JZ02,True,86.81
A0A3G1DIQ9,True,86.38
P38737,True,81.69
Q59KZ1,True,90.81
D7PHZ0,True,91.62
A7EPT0,True,74.94
Q9USZ2,True,91.56
O06724,True,96.44
Q5ATG5,True,96.62
A0A1P8VFQ8,True,72.06
Q550W6,True,82.5
P32586,True,67.69
Q7XJS0,True,94.69
Q0UG00,True,85.44
Q9P7W0,True,75.06
A2AIG8,True,86.75
Q0QLE6,True,97.06
G3YD89,True,81.75
Q96X45,True,89.94
C4JUR0,True,71.69
P30776,True,56.31
O94284,True,92.81
P07872,True,94.12
O74559,True,75.0
Q07505,True,97.0
Q96VP6,True,95.5
A0A1V0QS34,True,93.12
P0DX71,True,93.06
P28000,True,80.88
A7EWH6,True,73.0
Q962X9,True,92.25
A0A2Z5TWF0,True,94.62
Q7S045,True,76.38
Q5AWZ6,True,73.56
Q61FA3,True,94.69
Q1DJF0,True,72.81
O60178,True,95.06
P31244,True,71.94
P13513,True,95.31
Q9UU80,True,81.81
Q6BP09,True,90.69
Q8NB46,True,85.62
Q9SR44,True,90.0
O13444,True,68.5
O60167,True,62.09
Q9UUA7,True,91.5
Q10163,True,75.75
Q9Y7F8,True,96.56
W6Q403,True,91.25
Q24JY1,True,89.38
O74520,True,76.75
Q9SZ67,True,66.25
Q12204,True,69.94
G0KYB1,True,93.75
O59947,True,94.69
A0A2I1D2N0,False,
Q12612,True,92.88
B6HUQ4,True,90.25
O14242,True,93.25
P39102,True,76.12
O42998,True,80.56
G2X3A6,True,61.03
Q96VK3,True,69.62
O94372,True,87.5
P39109,True,83.0
P50192,True,90.0
A2RAY7,True,94.94
Q8DTN7,True,97.62
Q01278,True,92.38
P40098,True,81.0
Q9VPQ7,True,82.94
A6XIG6,True,94.0
B5VMH6,True,61.81
O74438,True,67.44
P83006,True,90.38
A0A4V1DXC4,True,94.12
A2BGT0,True,73.5
A0A1D8PJA8,True,79.12
P87072,True,93.12
Q9P7W5,True,86.06
O94572,True,84.5
O29329,True,97.88
Q9UU76,True,83.0
O14301,True,96.0
Q6FV98,True,79.06
Q8GY23,False,
A0A411PQN2,True,75.19
P28584,True,65.81
O93869,True,85.75
Q9HWG9,True,93.25
G3XMC9,True,86.06
Q4WCP8,True,84.56
Q67XX3,True,87.31
Q2TPA8,True,82.0
O74752,True,83.0
Q6FWV2,True,85.31
Q7SCX7,True,85.25
P59769,True,87.56
P32629,True,80.62
Q9P7C9,True,93.88
Q9US42,True,95.94
P87172,True,88.62
P53759,True,90.44
O94413,True,94.25
Q9US43,True,91.31
Q96WP8,True,67.19
Q26998,True,93.81
P53072,True,83.12
P15685,True,78.5
Q6DHC3,True,80.06
O75001,True,79.94
P78621,True,61.94
Q9XIH7,True,86.25
Q2YZA4,True,97.19
P87148,True,76.38
Q9Y8H5,True,90.62
S8AWN7,True,93.62
S8AWP5,True,93.44
P0DO32,True,93.38
Q9RPT1,True,96.25
K3VZ28,True,63.66
Q5N863,True,94.94
Q10179,True,91.69
Q9Y7K0,True,96.81
O74478,True,95.38
P40317,True,63.69
M4IRL6,True,90.88
Q05A13,True,92.06
O13853,True,62.19
Q9P6I5,True,91.56
B3LU25,True,89.06
Q4WBT4,True,94.69
Q59YH3,True,60.19
Q6AWU6,True,94.06
Q26544,False,
A0A0H2VG78,True,84.62
O94277,True,89.5
Q10297,True,86.31
Q0WVL7,True,67.62
P40801,True,95.81
P48825,True,96.31
Q5BB47,True,78.69
Q1DXU0,True,75.5
Q09912,True,73.0
Q9Y7X8,True,86.94
P20132,True,95.88
B8N6W5,True,95.5
H9BZ66,True,85.38
P18266,True,87.94
A0A4P8GEA3,True,86.69
P20681,True,94.75
Q8L840,True,65.25
Q5BEG1,True,85.06
O94451,True,64.44
Q09668,True,88.06
P21373,True,75.38
Q9USZ3,True,92.56
A0A0K2JKU1,True,93.25
P35679,True,92.38
Q09924,True,79.56
O59721,True,74.56
P33144,True,77.31
Q9UTI9,True,79.06
O14144,True,81.5
A0A1D8PN93,True,65.88
Q7SBV6,True,91.94
O74927,True,83.12
Q5ACI8,True,95.31
P0C1D3,True,65.06
Q9STP8,True,74.19
P31115,True,86.69
Q8MI17,True,98.31
Q9UUZ2,True,94.81
P0C8Q0,True,74.19
Q9FG72,True,86.75
Q06522,True,95.25
P47111,True,75.38
O43073,True,75.5
A6RF09,True,68.12
A1KTJ9,True,98.06
G9N4E3,True,94.75
Q2KJ81,True,93.88
Q1PSI9,True,94.25
Q2U919,True,95.12
S7Z6W7,True,77.06
Q9Y818,True,92.44
Q9GKT2,True,92.94
Q01317,True,76.75
Q9LGI2,True,75.75
Q1JV40,True,62.5
Q9Y305,True,85.0
Q5ANB1,True,53.5
D4AMB9,True,86.62
Q9M8Y0,True,91.06
C1GX39,True,83.0
Q65DC2,True,91.62
Q2L4W6,True,58.75
O42662,True,89.94
P32317,True,77.69
A0A2H3D8Y2,True,95.94
Q5AR06,True,95.88
Q8J294,True,89.31
P42884,True,94.88
Q9URW9,True,97.62
Q11118,True,81.38
F8U972,True,92.56
E3RFJ1,True,87.56
O14095,True,74.31
Q9SZ63,True,85.5
Q9D2V7,True,86.06
A0A162J452,True,78.31
Q5ZLG0,True,92.75
A0A0J9W3S9,True,62.59
Q9USQ4,True,73.0
O60140,True,72.25
Q5AUX7,True,82.75
A2QQU9,True,87.69
A0A3G1DJH7,True,83.31
Q8J0F5,True,84.12
Q1E493,True,84.62
B8NI21,True,74.94
P32582,True,88.88
Q873Y0,True,61.38
P22219,True,76.75
Q9HDX9,True,87.94
Q21920,True,51.88
Q9YAW4,True,97.5
O43012,True,90.44
Q08908,True,88.0
Q9I9R3,True,81.56
Q4WDD4,True,77.44
P65824,True,94.81
Q07821,True,74.94
Q9S9M2,True,76.44
B0YA65,True,97.25
A0A348AXY2,True,91.81
A0A1D8PMB1,True,81.81
Q4I1M9,True,90.0
P12000,True,78.44
B8NDZ1,True,79.81
Q8J0Q0,True,91.88
A0A481WP25,True,91.0
Q0IID9,True,91.62
J9VNT4,True,75.25
B0XPE4,True,68.25
P40885,True,82.69
Q9Y7K4,True,96.69
V5IM94,True,72.81
Q0MRG5,True,97.75
A0A0E4AFG7,True,93.69
Q9P7F4,True,96.06
Q9Y6Z9,True,95.44
Q9P6Q6,True,86.62
P87170,True,95.38
Q59NX5,True,71.38
P33751,True,86.06
P87078,True,77.5
Q3E846,True,89.56
Q9URX1,True,84.81
P51844,True,95.69
Q0WUU6,True,83.81
Q9UR06,True,97.0
P0C872,True,97.88
Q0K203,True,94.19
A0A1L5BUG8,True,97.31
P46440,True,96.06
Q9Y767,True,71.62
P40384,True,86.62
Q96WV4,True,94.31
O60111,True,81.25
Q4WPG0,True,79.0
Q6F6Y2,True,96.56
Q8TG40,True,83.06
Q4WHT9,True,95.56
Q02595,True,73.88
Q9P869,True,91.38
Q6Z7K5,True,81.12
Q9UT59,True,95.19
Q5B6C5,True,84.12
Q47690,True,93.44
Q5AAI8,True,75.62
A0A1E1FFN8,True,82.62
Q5J6J1,True,90.19
A0A348HAY4,True,93.25
Q96VB5,True,88.56
Q0D076,True,94.75
B8MKZ7,True,86.88
Q8SW31,True,78.38
A0A348HAY5,True,90.56
P10255,True,88.88
Q3HRQ2,True,96.0
B2GGP0,True,88.38
P87308,True,79.44
P43450,True,88.81
A0A1D8PCM7,True,75.25
P75093,True,71.0
A2QBE7,True,89.31
A0A348HAX7,True,96.75
B8MKZ1,True,80.88
Q8GZ99,True,84.5
Q0U6W8,True,63.16
B8MYS7,True,86.81
P46430,True,97.44
Q9FT72,True,74.75
A0A1D8PCF5,True,74.19
Q19A54,False,
A2R797,True,94.69
Q8X229,True,62.75
Q7TXL8,True,84.81
A7RZW4,True,94.06
P41389,True,78.69
O74369,True,91.31
P32320,True,94.06
Q2HJH0,True,90.38
O74402,True,80.75
P32381,True,93.31
Q5AI90,True,89.88
B6JYD2,True,94.31
P53970,True,89.12
Q8X077,True,95.12
Q08702,True,94.75
E9Q555,False,
P95125,True,89.88
A2R1P9,True,93.25
A0A348HAX8,True,82.31
I3R7F1,True,96.81
P33330,True,97.44
Q09887,True,86.56
Q5AWS6,True,80.94
A2YFR6,True,65.19
P27697,True,77.5
A0A067XMK8,True,97.19
Q8J0E9,True,87.06
Q9UPE1,True,78.19
O74835,True,78.31
E5AE41,True,86.06
Q2UMQ5,True,76.25
Q92353,True,86.62
P00504,True,96.56
Q5B5W2,True,78.19
Q5A310,True,75.44
Q64521,True,85.69
Q12150,False,
P47734,True,93.56
P55607,True,95.81
Q54I18,True,66.94
Q6MWE5,True,88.44
O13990,True,90.81
P19871,True,96.38
Q9USN4,True,87.0
Q9P793,True,61.66
P38095,True,90.56
P38096,True,97.0
P47276,True,96.25
Q12019,False,
Q6C953,True,85.94
A6SFV4,True,77.06
D7UTD1,True,93.06
P87015,True,91.0
A5URA7,True,97.5
Q03015,True,90.75
A0A084R1K1,True,89.31
Q5RD27,True,70.69
G5EF53,True,68.88
Q5E9V4,True,91.81
Q52C47,True,70.81
P38705,True,92.75
A0A455ZJM4,True,82.06
P0C1E8,True,93.69
P48445,True,89.12
Q56232,True,96.31
Q5ZLC8,True,85.81
Q6BZQ6,True,71.5
Q9C1B7,True,96.94
D4AUF4,True,86.69
Q4WD44,True,85.94
Q9VEX9,True,86.06
O74227,True,93.56
Q0UI02,True,77.56
G2WXB0,True,61.22
Q9HGN7,True,80.81
O13709,True,57.84
Q9BGI1,True,83.75
Q5AWI5,True,92.62
A2XUN8,True,80.56
P53096,True,90.62
Q93HT9,True,98.19
Q763T4,True,96.06
Q5ZAY9,True,88.56
Q9P3W6,True,80.12
B6HLP6,True,95.12
Q9USW3,True,85.19
O14306,True,68.81
P27073,True,93.31
Q4WCG5,True,85.94
Q9VYG2,True,77.38
B0Y1M7,True,92.19
D4AIS3,True,78.94
Q03868,True,68.38
Q7X3T2,True,95.12
P54861,True,79.5
P45699,True,79.75
O94515,True,88.94
A2QFK0,True,74.94
G4N2A8,True,78.0
Q9P6K0,True,56.75
Q06510,True,90.81
Q4WUT7,True,81.69
Q09709,True,90.81
Q4WGL5,True,79.62
O14324,True,84.06
A1D5W1,True,95.25
P9WIQ8,True,93.56
S0EEY7,True,85.25
Q10068,True,90.5
Q0QLE4,True,96.31
Q4WXH8,True,80.62
E4V2N6,True,68.88
O74502,True,73.25
P87145,True,83.0
P36080,True,74.31
Q09799,True,71.19
Q7SCZ3,True,73.5
Q58DC7,True,78.62
O13876,True,84.81
A5DHT2,True,87.56
P40481,True,86.25
O14388,True,91.44
O94530,True,90.69
P38698,True,92.94
A0A2U7QU15,True,91.25
B0Y762,True,72.44
P10962,True,73.25
P78578,True,77.75
Q0V3R6,True,50.34
O48723,True,91.12
S0DXJ2,True,88.06
Q3S8Q4,True,85.19
P78612,True,65.56
A0A140JWT5,True,95.75
Q01752,True,96.38
Q310Q2,True,98.25
J9VQQ3,True,69.12
S0DQ98,True,91.69
P0CT46,True,87.0
A0A084AFG6,True,88.62
Q8YX96,True,95.12
J9VS56,True,79.62
Q568A0,True,79.19
Q9D2N9,True,94.38
P36159,True,90.12
O13988,True,78.88
F9WZD2,True,89.94
A6Y9S5,True,97.25
A6RJQ7,True,74.81
Q9C0V4,True,49.5
L7WRZ2,True,79.5
Q96MM6,True,82.38
P39577,True,93.38
Q9P6Q1,True,93.38
A0A0D1DUA6,True,62.12
B0YCP1,True,76.38
Q16ZN9,True,75.81
A5DQS0,True,74.38
Q0UVK8,True,95.44
Q9HGL3,True,61.47
P0CH36,True,97.38
P24391,True,77.5
P27121,True,86.5
P22151,True,81.62
P50999,True,88.75
Q0K7D4,True,95.81
O60064,True,94.25
Q09751,True,97.0
Q8NIZ4,True,84.0
P0C7N7,True,77.69
O42958,True,63.69
Q96UH7,True,94.38
P30759,True,94.5
Q2UL45,True,73.75
A8NS27,True,85.38
G0S4T0,True,84.38
O13804,True,79.81
Q10478,True,87.44
P32453,True,81.12
Q2UAP8,True,75.62
Q9P8W3,True,59.25
O42630,True,87.19
Q9Y7Z6,True,65.0
O60172,True,91.62
Q1K8G0,True,88.5
A0AAD6J5T3,True,95.69
Q2U3H9,True,96.31
Q9ZQ47,True,74.56
B8M9K5,True,93.25
Q3KP44,True,64.25
A9HYZ1,True,96.69
O14039,True,90.12
P42042,True,94.69
P13360,True,50.88
Q4WI01,True,93.75
Q81HB1,True,95.69
P40510,True,90.12
Q10243,True,91.88
V5ILE0,True,78.06
P43620,True,64.69
Q80VQ0,True,96.25
Q02592,True,78.31
P55059,True,89.69
A0A1L7U5T4,True,97.19
Q5B2X8,True,83.0
A0A120HYZ1,True,89.5
O43086,True,48.75
Q12702,True,87.06
Q59MD2,True,48.41
Q0U1A1,True,88.94
F4K2K3,True,81.12
Q9XHG2,True,93.56
P58371,True,84.5
Q9C1T1,True,94.88
Q09743,True,77.12
Q00083,True,52.03
P97924,True,88.12
P26235,True,91.5
Q4WB99,True,96.25
Q57568,True,91.81
A0A411KZY6,True,92.38
O94449,True,87.75
F4I2H2,True,72.0
Q9P5M9,True,94.94
J9VXS6,True,60.81
O22025,True,93.5
Q5BCF8,True,95.62
P87140,True,84.31
P27747,True,92.56
O42882,True,65.25
P47988,True,69.62
A1CQ63,True,83.44
W7DQR8,True,89.69
P39932,True,84.44
P11655,True,85.62
Q9HDU9,True,89.75
P52753,True,67.19
Q03161,True,96.5
P24657,True,96.62
O14340,True,67.94
P32948,True,96.06
A1CZJ3,True,81.25
Q10191,True,71.31
Q196V4,True,89.35
Q6GLT8,True,91.81
Q4WQU0,True,89.56
Q04759,True,79.75
P41735,True,88.44
Q91196,True,84.62
Q3UJB0,True,65.94
Q9P7N9,True,81.75
P80601,True,97.31
Q9NDG8,True,90.56
Q9P7H0,True,77.69
O14470,True,74.12
O13941,True,78.38
A7EJE5,True,85.94
P00447,True,92.5
Q95UN8,True,53.5
P87061,True,66.88
Q4I665,True,78.44
A1CP08,True,93.88
A0A5C1DUY5,True,97.31
Q4UK62,True,97.0
Q9W352,True,72.94
C8V3W5,True,80.62
Q9I0F2,True,91.62
F8U971,True,85.88
Q59XM0,True,71.31
A0A384XR80,True,87.88
A0A7U2MMF3,True,85.62
O74470,True,94.88
J5J924,True,78.06
P0C1B4,True,96.0
Q4WN10,True,63.06
Q5SNQ7,True,76.25
Q9ZNS0,True,86.0
Q9BXX2,True,51.66
Q04217,True,71.5
Q5ZJ08,True,90.75
Q82PP4,True,96.0
D7PI00,True,71.5
E5R5D9,True,78.81
P97570,True,85.38
Q9HDV4,True,72.81
Q06541,True,82.75
Q05567,True,90.5
A0A067FT93,True,92.94
O14174,True,69.75
Q08193,True,82.5
B3PEE6,True,93.31
Q9P5K9,True,92.81
Q86ZE3,True,74.44
D4B1P2,True,94.31
Q9P7P0,True,80.5
P20340,True,85.19
G0REY0,True,76.06
P32604,True,89.75
A1CS00,True,65.31
Q7RZA2,True,89.38
O61122,True,75.56
A0A1D8PDI4,True,70.69
Q7SH09,True,63.12
B0Y665,True,87.88
P04819,True,79.75
Q2UB01,True,87.12
Q9UGJ1,True,82.0
G2XEQ9,True,49.69
P53950,True,48.28
Q9FZC8,True,94.12
P53193,True,88.44
D4AJR9,True,78.44
Q757K0,True,88.19
Q874L4,True,82.31
A8C7S1,True,94.62
W6QLE4,True,92.44
O81301,True,88.31
K2RYB6,True,84.81
P78768,True,84.88
O74366,True,82.06
Q55E44,True,46.38
Q9P253,True,78.81
O74822,True,95.38
Q3UG98,True,84.75
G3JUI7,True,94.81
P40038,True,63.0
A2BP56,True,94.06
Q0V6H6,True,69.62
H1VPS8,True,85.69
Q8NK50,True,97.0
A0A1D8PF08,True,96.81
P05747,True,94.5
P87219,True,96.88
Q03319,True,83.81
Q08904,True,83.25
C9K7C8,True,96.38
G0LET7,True,84.19
A0A0U1LQD9,True,93.56
Q6B9X6,True,80.12
Q9D4V0,True,94.31
Q93QC6,True,97.69
O94683,True,85.56
P40920,True,75.94
O13878,True,78.0
P0C154,True,96.62
Q2VQV9,True,94.25
Q9UUN9,True,95.12
P66901,True,97.0
Q875Q8,True,78.88
Q9UUA4,True,92.62
Q9D2V8,True,89.38
O94269,True,75.5
P38673,True,93.62
Q5BAY0,True,81.19
Q6DT37,True,72.31
O82859,True,87.5
P0DUR8,True,87.81
A0A364LXP7,True,76.62
P77319,True,88.62
Q9EPT4,True,90.12
P50514,True,96.0
Q9C2B9,True,87.12
D4A734,True,80.88
P24918,True,90.12
J3KAR7,True,81.38
Q4X0I5,True,72.12
G4ND53,True,63.94
Q9Y8H7,True,96.62
C9STX5,True,87.06
Q6LA54,True,58.75
Q6NRM1,True,81.25
Q01290,True,82.19
Q6DAJ6,True,92.44
P0CZ17,True,92.25
Q07262,True,88.69
Q04673,True,80.44
Q54TH9,True,65.5
A7EYY7,True,81.94
Q1K8E0,True,69.12
O74990,True,84.31
Q9UUE7,True,80.5
Q7LKZ6,True,78.19
P77931,True,88.06
Q6DWK3,True,93.75
Q4WHU0,True,87.31
Q607C3,True,95.12
O13398,True,79.19
A7EJL9,True,96.81
A1D9C9,True,96.12
P48300,True,93.31
Q1MTQ7,True,77.81
W7E0Q5,True,90.19
Q4WK35,True,71.25
P25358,True,82.69
Q28653,True,81.31
A0A1V6PBE7,True,92.88
Q1E2B2,True,66.62
B9MGI8,True,97.75
Q06245,True,65.81
Q7ZWC4,True,87.5
Q8TG12,True,79.56
P04841,True,97.69
Q9S2A5,True,92.31
A0A0L1JEX1,True,96.06
Q8L799,True,86.81
Q12083,True,77.69
Q09692,True,95.06
E5AE35,True,77.5
A5WFR0,True,79.5
O07622,True,93.88
P29197,True,86.81
Q5B8L0,True,77.12
B0XXS1,True,79.69
P14604,True,91.56
Q3TKT4,True,65.0
O94762,True,70.06
Q0V6W0,True,88.12
A0A1U8QQU5,True,78.12
Q8Y014,True,96.5
O94512,True,79.06
O74762,True,80.69
Q9UT84,True,66.19
B0YCL3,True,95.5
Q59RQ0,True,60.41
Q0USF2,True,62.5
P23704,True,86.69
P39012,True,89.81
Q4WVG0,True,72.88
Q12246,True,74.75
Q1MTQ5,True,89.06
I1RAL7,True,59.53
J9VDC2,True,82.69
Q9P775,True,81.94
Q03920,True,96.5
P34101,True,70.69
W7MSI0,True,95.25
C8VCL5,True,71.25
A2QA23,True,74.31
Q8CCB4,True,79.81
D4B4K9,True,83.19
Q54GH4,True,91.06
O74537,True,84.0
P47795,True,92.25
Q4IPX8,True,90.19
Q7SGY6,True,87.25
Q9P6R0,True,78.62
Q5UNW1,False,
P22143,True,96.75
A0A1C3YKE0,True,96.25
Q00784,True,80.56
Q06060,True,87.44
Q0CJ60,True,92.94
Q0CFS3,True,88.69
Q8TFF9,True,96.62
Q09685,True,71.38
A0A075TRA9,True,86.25
Q9H270,True,78.56
Q09713,True,73.25
C4JTA0,True,71.0
A1CFK9,True,92.62
Q8WZY4,True,79.38
A7EGG4,True,75.0
Q9P6P9,True,81.62
P31540,True,83.31
P38677,True,97.44
P53692,True,78.25
P39724,True,82.12
P40024,True,85.69
O59672,True,79.0
B8N5T6,True,95.5
G0S1B3,True,89.5
Q9Y7J5,True,81.75
Q9CQM6,True,85.69
Q9SJF3,True,66.94
Q92399,True,84.19
P38094,True,92.94
A2AT37,True,76.5
Q01397,True,73.69
A0A0J9WAS0,True,62.09
Q9HEH1,True,73.44
O81884,True,97.0
Q9P7Q4,True,81.44
Q872F4,True,72.62
A1D8E4,True,81.44
P0A0J8,True,89.25
P9WEU1,True,62.28
Q1K9C2,True,81.44
A0A443HJZ3,True,94.12
Q08220,True,93.88
Q9C1X2,True,92.06
O74975,True,72.12
Q5BDW4,True,64.56
P41277,True,96.75
O57383,True,95.12
P13382,True,74.31
Q9UUK7,True,97.62
Q822K5,True,83.12
Q8BLD6,True,63.5
B8CWH0,True,94.31
A0A2Z5TIQ0,True,96.75
Q4WNC1,True,77.5
P69935,True,98.25
P0CY36,True,79.38
Q59787,True,98.12
A2QTE3,True,95.25
Q0CF75,True,82.5
Q5AY39,True,84.75
Q86ZD9,True,83.0
Q14RS2,True,79.88
Q74FW6,True,94.88
O74511,True,73.0
G0S8H7,True,82.88
O74766,True,97.44
Q96WV2,True,70.06
Q8VZ59,True,93.81
P0DTE9,True,88.88
Q5AHA0,True,62.84
O93829,True,92.88
P87313,True,96.12
Q5NPS6,True,88.69
O13770,True,85.5
Q9US40,True,82.56
P0AET9,True,97.44
A0A142I740,True,84.56
S7ZC70,True,86.94
P94522,True,93.44
O94467,True,96.5
Q20390,True,93.25
A0A9E7LUL3,True,92.56
Q0CS89,True,75.62
Q5AUY5,True,93.44
P32617,True,83.12
O13701,True,74.75
Q9UTS5,True,66.44
Q4WZG1,True,89.44
Q6RET3,True,88.75
Q99P66,True,85.38
P61085,True,96.56
A2QLK4,True,78.19
Q08DJ7,True,89.69
F1QNX7,True,66.75
F9XMW3,True,84.19
Q6ZAC1,True,91.12
P25303,True,82.25
P0DO30,False,
Q9C1W9,True,82.06
Q0UJ42,True,65.31
Q0D1P3,True,86.31
Q9C8V2,True,85.88
C5FHK0,True,83.0
Q12500,True,71.88
Q10350,True,88.06
Q10154,True,78.56
G7X8S6,True,95.06
Q9P8V3,True,94.5
B0YD91,True,86.06
P08579,True,82.69
Q7SGU0,True,62.56
C6A382,True,96.38
P71362,True,95.88
P40586,True,96.75
P38009,True,96.56
O74400,True,77.44
E9EYW7,True,93.38
P36612,True,77.88
Q4IQM6,True,90.5
Q7RZ62,True,80.69
B0T138,True,89.25
P48457,True,85.31
O31787,True,97.88
Q9USG8,True,70.56
Q9P791,True,95.88
Q75EM1,True,89.81
Q4WE89,True,70.0
Q9Y811,True,77.12
A4W8C6,True,93.94
Q9NVX2,True,93.69
A0A2I1C3T9,True,86.25
Q9LRP2,True,80.88
Q5J6J2,True,90.19
Q9HFE1,True,76.56
Q9P429,True,83.12
Q0VCQ1,True,83.0
O43062,True,84.31
B0YBR5,True,85.69
Q55DA0,True,86.12
P14010,True,93.94
Q10269,True,80.81
O74858,True,89.69
P59046,True,80.94
E5DG73,True,58.12
P19807,True,79.56
P42894,True,97.12
P07850,True,95.06
Q0I3Q7,True,97.81
Q0C7P6,True,75.06
Q7LJR6,True,94.38
A7S338,True,91.19
Q8RWI9,True,82.12
O81027,True,74.12
A8WK63,True,86.06
P00421,True,96.12
Q4WZB3,True,97.19
P43101,True,82.44
Q2KF83,True,83.38
W1Q7S6,True,94.25
O59768,True,83.81
Q4WND5,True,84.06
Q9P6N9,True,91.0
P16423,True,84.75
P07056,True,83.62
Q2I8V6,True,97.94
A0A1L7U8F2,True,86.38
E9Q5F9,True,43.09
P77316,True,92.31
H2L099,True,65.5
Q27873,True,96.31
Q8JH68,True,84.19
A0A8J9RZ21,True,63.25
B4XVN1,True,89.81
A2QH21,True,76.25
Q12252,True,80.0
O59858,True,96.69
A0A0B5L781,True,95.56
O59942,True,86.25
P53704,True,89.56
S3D784,True,92.06
Q5MYA4,True,85.81
Q2UH11,True,86.44
Q9C8K2,True,82.88
Q07538,True,77.44
Q5BC69,True,80.44
Q9HGZ2,True,97.0
Q0UJC3,True,59.75
B8M9K0,True,96.5
S0DX56,True,91.5
Q5B0Y2,True,84.62
Q0GYU4,True,96.5
O74113,True,87.38
G2WR33,True,78.06
O59711,True,96.81
B8NM70,True,85.38
O13686,True,59.66
Q1DKD8,True,78.62
O42894,True,83.06
Q69BZ7,True,81.75
Q5FC15,True,90.25
Q9VHR8,True,89.38
Q10227,True,81.5
Q9UTP4,True,78.31
Q10193,True,61.62
S7ZFL4,True,88.75
Q1EA54,True,74.0
Q9Y899,True,73.19
Q0UBT2,True,96.69
Q3M6C3,True,95.88
Q6S001,True,74.56
O08582,True,77.38
Q9SMT7,True,92.5
Q4WRP2,True,79.44
O30131,True,96.94
P79011,True,73.94
B6HRH5,True,72.5
P47042,True,65.5
Q9USM4,True,84.12
Q8R9M9,True,95.75
P04397,True,96.75
P25036,True,84.5
G0SDQ4,True,61.25
Q2TXM4,True,96.19
Q00646,True,86.44
Q9UTK3,True,96.56
B2VY36,True,77.06
A8H589,True,95.94
D2E9W9,True,90.31
O74881,True,67.06
P53394,True,78.31
P42254,True,94.69
W7MLD5,True,92.0
A4FLF6,True,94.19
Q2URI6,True,75.62
A0A0R4IBK5,False,
Q0CH76,True,70.75
V5IM60,True,88.69
O59683,True,79.12
Q01306,True,56.5
P87317,True,90.31
P38149,True,85.75
Q9P7G4,True,79.12
V6CLA2,True,65.25
Q9F234,True,95.62
Q10314,True,90.12
O74883,True,78.75
Q0CW30,True,83.44
P43585,True,73.88
O00105,True,96.31
P87136,True,67.88
Q4PGW7,True,92.75
Q2QYY8,True,73.5
F1QGZ6,True,68.94
P0CT73,True,90.5
A0A423V942,True,64.38
C5E4D9,True,82.12
A6R2K7,True,94.38
Q0UVG7,True,80.88
Q7RZS0,True,81.38
A8C7R3,True,94.5
A0A2G5ICG8,True,91.44
Q10146,True,71.0
A0AUV4,True,70.31
Q1DLG1,True,70.81
Q0V0B0,True,83.56
Q12310,True,59.66
A0A0J9UPF5,True,59.03
P23403,True,86.5
P49433,True,97.5
Q9UT30,True,65.12
Q10499,True,90.06
Q5RE15,True,68.75
A3SLS0,True,96.94
Q5ZIU9,True,79.75
P15848,True,93.12
P02597,True,83.56
Q4WVM1,True,67.94
O94387,True,67.88
Q14527,True,68.25
O94285,True,87.44
G2WSJ2,True,52.0
O13681,True,63.72
A0A0J9WP80,True,63.09
Q9ZWQ9,True,95.19
Q96JC1,True,88.06
P07685,True,90.5
B8N4P0,True,89.19
Q8YJS5,True,91.88
F4HW51,True,63.44
P40051,True,91.0
Q10080,True,88.69
Q9Y8G3,True,81.12
P40485,True,72.25
Q2UPT7,True,91.69
G2XIU4,True,82.19
Q5BFG0,True,94.19
A0A2I2F2I5,True,88.75
Q48E92,True,97.94
A6SAY2,True,85.69
O74457,True,94.19
Q4IR87,True,80.94
P05316,True,82.25
A9ZPJ7,True,95.12
P40046,True,77.75
Q4WHG0,True,74.88
Q04991,True,86.44
Q09852,True,80.56
A0A7T8J1U7,True,91.88
Q6A3P9,True,96.69
A0A0J9V2V7,True,45.66
B8M9K8,True,92.44
Q9UUM7,True,89.38
Q54KE6,True,89.0
Q1DKE7,True,83.56
Q9ZVX1,True,67.88
G2WS86,True,75.31
P0CL22,True,93.12
Q92253,True,82.44
Q9J4Z6,True,74.56
Q9UTK6,True,66.81
A0A384JRP0,True,91.44
Q8X1T3,True,90.44
O31186,True,97.31
Q8DGE4,True,95.12
Q5AGW8,True,90.44
O74439,True,90.19
K3VCL0,True,94.38
O43083,True,59.03
Q10248,True,91.56
B8NYD8,True,94.31
Q75BH9,True,51.72
Q3ZFI7,True,97.19
Q6VN19,True,77.19
A0A385XIL0,True,69.75
Q5BK46,True,80.31
P11635,True,90.75
Q08686,True,96.12
A9X1D0,True,86.5
A0A5N6UV50,True,85.19
O44424,True,67.25
Q0UBQ5,True,80.62
O74737,True,82.19
Q99326,True,65.06
O74542,True,96.31
Q7S834,True,85.25
Q8KRU5,True,89.06
Q5ZHM5,True,78.25
A0A411PQP0,True,88.81
F2Z699,True,87.06
Q96JX3,True,78.31
B8NCQ3,True,83.75
Q75ZG2,True,93.81
A0A0Y0GRS3,True,93.44
B0Y9W4,True,57.28
Q55CD9,True,91.06
Q9Y7X4,True,90.12
P16932,True,98.56
P76628,True,90.5
P95896,True,96.88
P34024,True,91.19
Q4INW6,True,84.0
D4B387,True,87.31
P61861,True,83.0
Q4WMR0,True,96.31
O14100,True,50.0
O13703,True,69.94
P17489,True,92.31
Q9UTG1,True,93.38
O59836,True,59.88
P34736,True,98.69
A0A0C2SRU0,True,91.25
P28706,True,59.0
Q2ULH4,True,82.31
P29380,True,93.94
P50125,True,95.12
Q5BBP5,True,84.31
P53118,True,78.06
O14311,True,83.0
Q9Y7U3,True,92.06
Q0RCD6,True,95.75
Q6EU14,True,78.62
Q03219,True,94.19
Q9P7V4,True,88.69
P22303,True,92.94
Q4WYA1,True,78.19
A0A2I6PIZ1,True,94.31
J4UQC2,True,72.0
S0ENB0,True,93.12
Q9FKB0,True,91.0
Q5SI16,True,94.06
Q1K8F8,True,92.44
Q92373,True,76.88
Q4WLA7,True,96.38
O13923,True,79.94
Q9UUF1,True,96.06
V9TT49,True,96.88
Q4WK56,True,71.5
O60174,True,79.06
C6E496,True,94.62
Q7RX39,True,93.19
Q55EY8,True,90.25
G2XJV9,False,
Q0TWV0,True,88.94
Q8W4E7,True,75.69
P42599,True,97.56
Q9UW81,True,87.75
Q9NVJ2,True,92.56
A7YWE4,True,95.25
Q6GEP3,True,98.19
Q9C5U2,True,71.88
A0A384JXL6,True,93.94
Q86IZ3,True,96.12
A0A0F7CUE9,True,87.25
Q4R7L8,True,88.06
P41948,True,88.12
I1RMK9,True,72.75
O59833,True,77.62
C6BUS3,True,96.75
P53744,True,86.12
B0XPB8,True,95.12
O88202,True,90.06
Q9Y7N6,True,86.19
P54989,True,92.38
Q2UGK2,True,90.31
A0A2I1BSV1,True,89.62
Q6FMP4,True,73.94
P39009,True,78.75
A2XVG1,True,95.31
Q66KB7,True,86.69
Q2YIJ8,True,88.12
Q5Z6X0,True,71.25
O69763,True,97.94
B8NI24,True,93.88
Q9USK6,True,76.12
P79081,True,95.56
E3QYP0,True,97.19
O13432,True,95.25
Q0V1H5,True,73.69
Q00012,True,94.12
Q09717,True,79.69
Q6AU07,True,89.56
P77736,True,97.44
P87112,True,76.81
A2QIK9,True,85.5
Q9HGQ2,True,85.69
Q4WM22,True,84.81
Q7SB53,True,94.0
J9N5G7,True,92.75
O74462,True,82.12
Q10274,True,63.91
Q06147,True,72.19
O13790,True,87.06
P87076,True,96.81
Q9P7X3,True,82.38
O13944,True,71.06
P40086,True,83.69
Q4WDM5,True,84.19
A5DDB7,True,64.06
O13621,True,85.94
Q8K337,True,78.88
P28569,True,55.81
P87027,True,94.5
P27770,True,83.12
Q2TXF4,True,77.88
Q2UPU5,True,92.19
Q9P6P3,True,80.88
P87122,True,64.5
Q9P6K3,True,90.31
Q55F21,True,93.56
P52719,True,87.94
Q55CT0,True,84.19
B2VSU4,True,85.31
Q2GPS5,True,91.0
Q08844,True,78.0
Q2UFA9,True,86.19
Q8BZN4,True,60.88
P16120,True,95.31
O13848,True,95.81
Q10067,True,82.19
P05414,True,94.69
Q42575,True,61.88
Q4WA59,True,66.62
Q5ASI2,True,95.62
Q4WDN4,True,81.31
P39703,True,42.22
P18773,True,95.81
Q1E076,True,78.69
Q0V302,True,83.44
Q09100,True,74.12
Q9Y8C7,True,66.75
O43236,True,71.44
O42726,True,83.25
P38355,True,81.0
A0A179H2Q3,True,88.81
Q756H2,True,97.25
Q921A2,True,82.12
I1RQE2,True,69.38
P29937,True,78.69
A0A6F8RQ06,True,94.88
Q2UPA7,True,92.12
P47173,True,96.75
Q54IT3,True,96.0
P53254,True,85.69
Q5B4H1,True,89.62
O00098,True,92.69
P39826,True,82.38
A0A0D2XVZ5,True,88.75
P78962,True,56.62
P0DN30,True,95.56
Q0UM75,True,77.75
Q8N0N3,True,93.62
Q9HDY1,True,65.56
Q4JL84,True,68.69
O74857,True,62.28
A0A0P1DJE3,True,95.94
P25333,True,64.12
O13396,True,85.56
Q55P57,True,88.31
Q9ZTN2,True,90.12
D4AYW0,True,76.94
G0SHQ2,True,91.69
O74445,True,87.06
Q2KIB9,True,83.19
Q5ZL55,True,81.12
Q12358,True,89.25
P25627,True,88.81
A0A078ISJ6,True,92.75
Q54C16,True,84.62
Q9P6M1,True,90.81
Q6NSN2,True,96.62
Q8BG09,True,72.38
B0XS89,True,52.12
Q8UVC1,True,70.19
P06174,True,90.5
Q6PCF7,True,85.62
B0Y384,True,81.38
Q5BGR2,True,78.88
Q4WS57,True,85.0
P0AEP2,True,88.38
S0DS79,True,74.81
Q8DLZ5,True,96.94
Q45FA5,True,84.06
B1I6S7,True,96.5
O94348,True,71.44
P41436,True,81.83
Q1K6N8,True,78.31
B5BLW5,True,95.94
Q9P3R1,True,94.56
A1CVV8,True,93.69
B2WKR4,True,79.81
Q1K615,True,94.75
Q03563,True,59.34
C5P4Z8,True,87.0
Q0TZT0,True,87.12
O13901,True,93.12
F1RRV3,True,75.62
Q4WAZ2,True,90.88
P51402,True,95.69
Q09740,True,89.75
Q4WGS5,True,83.31
O59815,True,88.94
Q09766,True,83.62
O60162,True,87.44
P52490,True,94.5
A0A9J9HGY6,True,97.19
P87041,True,86.38
P38747,True,81.81
Q2HAJ4,True,88.56
O59704,True,86.06
B8NCU7,True,96.5
A0A0M7LBC1,True,96.62
Q8BFU1,True,79.31
P10901,True,94.94
O13855,True,67.56
Q12116,True,77.81
Q5AU62,True,92.12
Q08235,True,88.56
A8NVB7,True,84.25
B8NM69,True,88.62
Q7SC15,True,80.31
G0SF39,True,63.03
Q6C4Q0,True,54.0
Q2U8Y5,True,96.38
Q0CCX6,True,91.31
O13931,True,82.44
I1RL18,True,89.75
Q10429,True,87.88
Q4WSM6,True,68.38
A2QPK4,True,92.81
P36619,True,80.5
Q5HGK2,True,96.62
P51688,True,96.38
A7E4L6,True,91.88
Q9UW15,True,83.19
A1CIL1,True,70.94
P83692,True,98.56
Q4WF51,True,85.62
P38915,True,77.75
Q9ZUA5,True,90.44
P33731,True,81.5
Q3V300,True,72.56
O00093,True,94.06
Q07335,True,78.56
Q0UAM9,True,82.38
B2GUY0,True,81.88
Q0UTQ6,True,79.12
Q0CB82,True,94.81
Q12754,True,79.5
A0A1D8PN12,True,88.12
Q12296,True,63.84
O93662,True,97.0
Q96UI1,True,93.81
P11491,True,90.38
A0A2P1AAV1,True,82.19
Q5B6D6,True,93.62
O14046,True,86.62
J5JYQ1,True,46.72
Q9UTM4,True,88.56
Q0R4L2,True,94.0
Q8K4G6,True,92.31
P9WEY3,True,92.38
P00899,True,94.38
I1RZZ3,True,79.31
A0A0U2JT37,True,94.12
Q9TXH9,True,82.5
W8NQ71,True,69.44
O94620,True,84.69
B2Z3V8,True,94.81
B5RTE0,True,83.81
O13956,True,79.44
Q5BA61,True,95.75
Q550W1,True,94.94
Q54CI8,True,67.38
Q68FI4,True,91.81
P23678,True,69.56
P38702,True,85.81
P0DXV8,True,81.44
Q58054,True,94.19
P30263,True,97.12
Q0UN58,True,83.5
O59939,True,92.88
Q8NK72,True,64.44
P78810,True,77.56
P41697,True,64.31
Q4WV38,True,87.38
Q0US25,True,90.69
G0S7B6,True,85.12
Q5ZIT8,True,76.69
P78946,True,95.19
Q10078,True,86.44
B0Y4X4,True,85.75
Q12701,True,70.81
P78617,True,92.75
C8VG90,True,94.62
P0C0V6,True,80.88
O74496,True,81.88
Q8N413,True,80.25
P09436,True,91.12
P51796,True,80.56
A0A1D8PDB5,True,87.62
Q6ZSI9,True,86.0
P50528,True,74.62
A0A084B9Z1,True,96.12
Q6LCW8,True,85.94
Q9C102,True,89.69
P42318,True,93.56
P36013,True,89.25
F1RCR6,True,65.94
Q08579,True,84.5
Q54PA5,True,89.0
Q7ZUU1,True,86.69
P55333,True,91.19
P87152,True,60.06
Q5AYR3,True,72.38
P35189,True,85.81
P38971,True,82.0
Q03629,True,95.31
P25323,True,86.56
Q9HFB3,True,54.16
P38197,True,94.0
Q10585,True,64.94
O14169,True,89.0
Q756G9,True,81.75
P28040,True,74.62
Q7SHR8,True,76.44
Q92035,True,92.62
P0C5R9,True,89.38
Q9W062,True,70.56
G2WY50,True,65.75
B0XU60,True,55.5
Q1PDP9,True,60.12
G2X242,True,84.06
Q54YP4,True,77.62
Q96VN3,True,94.38
P42942,True,89.0
Q9UTE3,True,71.06
C7ZKL5,True,96.75
P47818,True,77.69
O81020,True,92.5
E9QY26,True,92.56
A2QTW5,True,94.06
Q8DTM1,True,96.81
A0A1J0HSP5,True,95.44
A0A0G2EC47,True,92.0
P17729,True,98.25
Q2U0J9,True,87.69
Q2U0K0,True,90.38
Q2U0J6,True,92.75
Q2U0K2,True,94.81
P9WEL8,True,80.75
E1CJK0,True,87.56
A0A6F8RNE2,True,91.38
Q2UBF0,True,86.06
J5JPY5,True,51.88
A7NS65,True,84.81
W6QB15,True,86.69
P04068,True,93.88
W7MTJ1,True,97.0
Q9YBQ2,True,95.88
P30666,True,71.44
P15374,True,94.75
Q02IL5,True,96.81
Q73RN8,True,96.25
Q2UHU9,True,92.94
B8M9J6,True,91.5
Q5ZJG8,True,92.62
Q7S6P8,True,64.62
P53107,True,70.88
Q9P3V5,True,84.25
Q2URJ0,True,81.88
Q5VT66,True,91.31
E5R278,True,83.44
O74492,True,93.81
G2QJ27,True,93.69
A1DLP3,True,75.19
O59922,True,72.94
Q9UT55,True,94.25
B2SD81,True,96.88
Q5RCU5,True,97.75
O34296,True,96.81
O14082,True,92.31
P45598,True,88.56
M1W270,True,97.56
P48824,True,89.5
Q4KIA8,True,97.69
J9VQZ4,True,91.38
P9WIB0,True,87.19
P39909,True,92.38
Q8TFN1,True,87.56
Q5AW92,True,75.31
P40341,True,76.75
A0AAD6NH75,True,77.44
Q0U8V9,True,81.25
Q5AYI7,True,89.44
Q7SBX8,True,67.12
P25357,True,51.0
O14329,True,77.88
P55329,True,92.0
Q804S5,True,82.12
Q7RTV5,True,83.56
Q68J42,True,77.5
Q64GA5,True,86.0
Q0IJ20,True,76.88
Q9UUE0,True,95.38
B8NIM7,True,88.06
A4DA85,True,89.06
Q3E6T0,True,87.38
Q0CXX1,True,85.19
Q88FY2,True,94.56
Q01MI9,True,91.38
Q28CZ9,True,85.62
Q47944,True,95.69
B6HI95,True,96.62
Q9SAJ7,True,79.75
O94203,True,73.69
Q5AQQ0,True,94.31
B4R089,True,87.5
O42906,True,81.38
A7F4L5,True,67.56
P41896,True,67.19
Q61FW2,True,83.0
A0A1U8QQY7,True,69.19
Q0III3,True,73.5
Q93008,True,79.56
P9WER4,True,84.06
Q6GM14,True,79.44
Q4WCG2,True,70.81
Q01663,True,55.66
B0Y793,True,95.88
B0XWL3,True,91.12
Q6WRX6,True,75.88
Q9VDY1,True,60.94
G2XBD8,True,50.06
A0A2L0P0K1,True,90.88
P27463,True,96.62
Q9BSU1,True,86.44
Q4WAG4,True,90.62
O59731,True,79.75
J4WK53,True,91.0
Q9P4U6,True,72.25
Q8HXZ6,True,92.06
Q5AD72,True,88.19
Q01682,True,91.88
Q0UWF6,True,66.94
M2YJ38,True,95.38
A0A075TMP0,True,96.06
Q99161,True,78.56
P28669,True,81.56
Q5Z8Q9,True,82.44
B2WBQ6,True,72.5
A1DME8,True,95.25
Q4WP03,True,54.34
G2X3L2,True,65.69
E1ABX2,True,96.38
P00724,True,93.31
Q9P8F8,True,67.81
C6HBY6,True,72.62
A8IQD2,True,97.94
G0SEA3,True,94.31
A0A384K4T0,True,80.69
Q9UTD0,True,94.81
A2QCJ2,True,71.94
P36124,True,61.97
P41813,True,56.16
Q2H4N1,True,66.94
Q86IX1,True,58.84
Q9P4B6,True,91.56
P25370,True,81.5
O07431,True,96.12
O42912,True,90.81
Q5EA75,True,85.31
Q4WNY4,True,67.0
Q11112,True,83.12
P9WEI7,True,91.31
W7LUF3,True,92.06
C5DYK5,True,91.12
A7UWX2,True,77.75
O42854,True,47.84
Q75DG6,True,93.31
Q8BFR6,True,84.06
Q3V384,True,78.69
A1KIG2,True,90.56
Q2UMX6,True,95.88
Q9UW18,True,93.56
P47104,True,81.62
P42041,True,98.06
Q6UEH5,True,94.25
P0C1B0,True,65.5
Q6BQR8,True,83.19
Q5AW17,True,58.28
Q96CD2,True,90.56
G2XER7,True,95.69
Q63ZR0,True,85.19
Q9SR97,True,87.25
Q59VM4,True,55.69
Q06317,True,95.0
Q557H1,True,95.12
P23710,True,86.19
P94482,True,96.94
A0A2Z5TMB8,True,87.12
P0C0Y4,True,97.19
P38860,True,78.62
Q09910,True,88.19
P48842,True,96.38
O94432,True,65.12
A6QXC6,True,87.5
P49426,True,93.5
O94275,True,81.88
A1DNW0,True,65.62
Q5BBL4,True,67.38
Q6DJK9,True,72.44
Q0UYL3,True,84.81
P40377,True,77.5
Q09329,True,82.62
O42897,True,78.06
P53285,True,82.44
Q5A6N8,True,84.12
A0A2I1C3U4,True,85.0
A0A1U8QXK4,True,88.38
Q9ER56,True,84.94
C8VJR5,True,78.19
Q4WKX1,True,94.38
O14166,True,84.88
L0E2Z4,True,95.12
M1W848,True,93.5
B8NJH3,True,98.12
O74415,True,77.06
A0A084B9Z2,True,67.19
P79066,True,90.06
Q5AR04,True,91.25
A6RPN7,True,94.75
P78712,True,87.38
P46950,True,78.94
T2KN85,True,92.56
P66778,True,92.5
Q00333,True,66.81
Q4WZJ6,True,71.0
Q5AT14,True,93.19
A8FPP1,True,87.31
A0A1W5SKT4,True,94.0
Q4WHF8,True,77.31
B2KWH9,True,86.69
Q51576,True,96.06
O13412,True,49.44
Q12446,True,62.94
Q9D8V0,True,82.56
B0XZV4,True,84.31
G2WVY4,True,66.12
A0A1L9X9H4,True,94.19
F1M5N7,True,70.5
A7EEA6,True,66.19
A1C7P9,True,66.12
Q12180,True,71.81
Q54JM3,True,95.25
O74828,True,68.06
A0A0J9W9G2,True,66.25
Q84WK5,True,89.19
G2X8L4,True,89.81
O94626,True,78.62
O74782,True,76.38
O74741,True,95.0
P38694,True,92.75
Q7EZD7,True,80.44
P38920,True,77.88
P53184,True,98.5
Q84KJ6,True,90.62
O53424,True,94.81
Q9VXY0,True,90.12
Q5A4F3,True,69.75
B6HV38,True,92.12
A0A0C6DRT7,True,93.06
P39719,True,72.75
B9W6S2,True,88.94
A0A384JGJ4,True,65.81
O60097,True,76.75
Q8NMT3,True,93.5
Q6RWG0,True,94.62
Q9FIQ1,True,63.19
Q80YT5,True,89.62
Q1DU03,True,65.5
Q9USY4,True,66.0
Q67KJ2,True,96.12
Q05854,True,54.31
P83103,True,72.38
Q05918,True,68.69
P53270,True,84.69
Q59KL6,True,67.12
P53917,True,72.94
Q60BE7,True,83.38
Q10063,True,85.81
Q4WX61,True,64.19
Q4P9K4,True,82.88
G5E8P1,True,71.5
O60931,True,89.44
P54168,True,91.62
O13892,True,69.06
O13870,True,68.94
Q5B4E7,True,95.75
B4KYX8,True,72.19
P0CU33,True,91.38
O94667,True,69.69
F4I562,True,91.19
A4REV8,True,94.69
A2WYI4,True,74.38
A5ABH4,True,88.12
Q8J0F8,True,90.5
D4PHA7,True,77.38
M9M5N8,True,84.56
D4DKQ4,True,87.12
A1CWF3,True,91.25
F9FRH4,True,92.5
O94538,True,68.38
C5FK77,True,91.06
O94547,True,64.81
Q03958,True,94.81
Q9NWS8,True,69.94
Q5KU39,True,86.81
P53695,True,70.5
Q6CUZ1,True,88.69
G4MWY1,True,86.5
C0HK64,True,78.31
O13749,True,81.69
P14680,True,65.56
O94642,True,90.44
G2WX04,True,61.5
Q0UWT7,True,77.81
Q4IQW0,True,71.25
G2XER2,True,74.56
A0A142C7A0,True,93.62
Q0CZH2,True,88.88
M1VWN2,True,57.12
Q04519,True,87.38
P24031,True,93.19
P33299,True,77.5
P59382,True,91.0
Q0CC84,True,94.94
O59825,True,73.25
Q12706,True,73.62
A7EXV2,True,92.88
Q0VCK5,True,85.25
Q96TR7,True,90.75
P9WEU6,True,96.25
P47139,True,69.94
Q5AYZ1,True,75.81
Q02516,True,73.06
P87216,True,65.75
Q01939,True,81.62
P16621,True,82.06
D4AYS6,True,78.62
W6Q4S4,True,92.25
P33300,True,82.31
A7MB11,True,86.31
P39868,True,84.12
A5DB51,True,96.38
P0CH06,True,93.94
A0A6J4B6H5,True,84.56
Q870W0,True,74.38
Q09786,True,73.06
Q00618,True,95.31
Q0D1I6,True,96.81
Q4WPW5,True,67.62
Q6TGQ9,True,95.06
Q15751,False,
Q9Z1K6,True,85.62
Q9UNA4,True,70.5
P30337,True,82.69
Q09905,True,85.25
P10857,True,89.88
P37382,True,88.44
Q9ZWL6,True,78.5
B2GUS6,True,84.31
Q0UP45,True,83.31
O13752,True,91.06
Q12462,True,92.5
Q8LG98,True,84.88
B0XTU6,True,66.31
O36018,True,70.44
Q4WP83,True,74.06
O60110,True,94.38
Q6CWM9,True,81.81
Q6BTW5,True,92.44
A7F075,True,72.56
A1C712,True,74.56
G4N553,True,70.75
Q6BKU8,True,75.12
Q5B0V6,True,81.38
C5DGV3,True,65.19
Q9V9V9,True,95.38
Q7SD06,True,83.81
A0A179HME7,True,91.06
O59712,True,75.12
Q0TY47,True,73.62
A0A0A2KMZ4,True,73.31
Q5U593,True,85.38
A0A084R1I4,True,92.19
Q8LF05,True,80.81
Q9KJF1,True,96.12
Q7SA88,True,79.19
Q9ZNN8,True,97.56
G0S8F9,True,56.0
A0A0D1DXB8,True,60.78
P53078,True,94.5
Q9I2A0,True,96.0
Q09679,True,87.12
P00507,True,94.25
Q9US10,True,80.0
Q4X0S3,True,82.94
P32486,True,75.5
O74547,True,65.25
Q4WLB9,True,52.62
Q07181,True,95.5
Q755I4,True,69.06
P39701,True,97.88
A0A089FQI6,True,73.0
P0A9J9,True,92.81
D4B5H9,True,92.31
Q02555,True,79.12
P48826,True,91.69
P22216,True,72.94
P27476,True,61.34
O43053,True,94.0
Q4R690,True,87.38
A7E8B6,True,60.75
Q66KB0,True,85.75
A1DJ47,True,77.44
Q55BN8,True,83.81
A0A5B8YU69,True,89.94
Q6NXW6,True,67.0
A0A2Z5XAK5,True,87.0
P07884,True,88.81
Q8K245,True,67.75
Q5AF56,True,49.5
Q557F7,True,84.94
B2J4E5,True,96.94
Q10222,True,74.94
A0A2Z4HPY1,True,70.62
Q75CC8,True,69.5
Q6AY30,True,95.31
Q6C265,True,81.81
Q6FVF9,True,80.94
Q0UWI9,True,87.44
B0XQY0,True,79.12
Q8RWN2,True,86.62
Q0IIS3,True,93.0
B0YCF6,True,77.06
P41411,True,68.19
F2SL86,True,93.12
Q9USR1,True,89.19
A0A194VQN7,True,83.0
Q9SK39,True,90.75
Q4IRI9,True,67.06
A2QI22,True,89.62
O95243,True,59.59
G5E8K6,True,83.31
Q4R942,True,89.06
B2WBM8,True,81.75
Q7TSL3,True,87.56
Q7SD63,True,91.12
Q0CSI0,True,64.75
Q9Y620,True,71.25
Q99145,True,95.06
Q15311,True,65.06
Q2NFW5,True,91.5
G0SF32,True,81.06
Q5BBC5,True,88.44
P72926,True,90.69
Q08BS4,True,75.0
Q99156,True,90.12
A0A2V5HCN7,True,95.31
Q59Q30,True,84.06
Q2UP89,True,92.38
P81898,True,89.56
A9ZSY3,True,82.38
O60161,True,87.12
Q9P7I1,True,64.19
P36165,True,63.22
Q8LFD1,True,80.69
Q9W2S3,True,82.12
P38875,True,88.0
P15258,True,85.31
Q4WN33,True,44.44
W6PQG8,True,59.41
A0A142I737,True,87.94
D4A7T3,True,61.22
O42633,True,88.5
Q9Y2H2,True,66.62
A0A2U8U2K8,True,95.5
O94221,True,95.19
P40389,True,88.38
O13903,True,89.69
Q01919,True,53.91
O13938,True,85.75
Q681I0,True,77.31
Q2U256,True,70.62
O94392,True,53.06
Q54WW4,True,88.0
Q03574,True,91.94
P34753,True,94.88
C4YR54,True,61.41
P12866,True,79.75
Q0V3H0,True,86.94
O42934,True,65.5
G4MZ21,True,92.88
Q4I2W2,True,88.94
B2UCA8,True,96.0
Q12139,True,67.0
O60447,True,74.12
P36605,True,96.44
A0A0C1EFC5,True,87.69
Q10435,True,67.31
P39683,True,95.19
Q9P7H6,True,69.88
Q91192,True,85.19
Q4WHD1,True,61.44
P41909,True,76.62
O74944,True,88.19
O01965,True,87.12
Q9UTB3,True,86.06
Q501L1,True,91.06
Q0U9W5,True,84.5
Q944I4,True,78.25
M3A326,True,89.38
C8VQ72,True,84.12
M3APK0,True,63.09
A2QAI7,True,91.19
P96877,True,93.5
P9WHR4,True,91.06
Q9C5U1,True,75.75
P87234,True,68.81
N4WYI1,True,89.31
Q4WSI1,True,79.19
Q06668,True,83.12
A0A2U8U2L4,True,88.06
O05399,True,94.88
Q99257,True,84.38
Q2UFN7,True,79.44
A0A097ZPE6,True,83.06
Q6Q487,True,83.5
A7F2D1,True,55.69
Q05027,True,78.06
Q02854,True,92.81
Q8GEA9,True,98.5
Q1ZXF1,True,92.12
O14262,True,94.75
C5P3I5,True,92.06
Q8SW18,True,59.91
Q0CU66,True,64.44
Q96S94,True,69.12
Q9US39,True,89.44
Q0UJF3,True,74.31
P45856,True,96.25
Q4WJE9,True,82.56
Q12153,True,70.31
Q5AVS0,True,68.19
Q55GQ6,True,95.12
Q9Z2E9,True,74.56
Q5B998,True,96.19
Q4I877,True,63.06
Q8D5Z6,True,81.06
Q5AD78,True,93.44
A0A5C1RDA6,True,94.62
Q99034,True,87.56
Q9SR79,True,90.62
P40533,True,93.19
Q56078,True,96.19
A4QR21,True,84.81
O60306,True,83.94
P78813,True,61.0
Q8S949,True,68.31
A0A1D8PEJ0,True,81.81
Q6FU96,True,94.56
P00723,True,93.38
Q3ZCE8,True,80.94
O60942,True,85.44
G0S3J5,True,73.81
Q5AYE3,True,76.94
O75340,True,89.12
Q81UH1,True,96.12
Q9UTA7,True,77.38
Q21187,True,62.06
P25270,True,79.75
Q9Y7U5,True,65.88
P0DXG7,True,97.62
Q5B8T4,True,85.81
O43114,True,78.19
O74529,True,94.81
G2WVT2,True,50.0
O74467,True,93.5
D4AR77,True,87.62
Q92247,True,84.25
Q4WDH9,True,70.56
A0A384J8V9,True,94.06
Q555Z5,True,80.81
A2R2W3,True,86.56
Q9Y804,True,80.94
Q2UUI8,True,66.94
P35195,True,97.19
P39315,True,96.75
Q80VP5,True,82.69
Q9R1K5,True,82.81
Q08873,True,84.75
O64730,True,88.38
A0A1V6NXN7,True,85.12
Q0TZA1,True,84.56
P87119,True,57.91
Q9USH5,True,57.94
D4D9U2,True,89.94
Q7T0X7,True,86.94
P43122,True,88.62
O13359,True,76.56
Q9UUL2,True,86.25
P9WEZ2,True,93.19
O14028,True,94.38
Q4V8F9,True,79.44
G2IQQ8,True,96.69
A2AJ15,True,81.25
Q7T322,True,89.5
Q5ADM9,True,89.38
Q9UUG9,True,80.06
O14251,True,79.19
Q04600,True,80.31
P44927,True,88.88
O42701,True,65.44
P42893,True,91.31
Q9LYC1,True,91.94
Q2U0S9,True,85.31
O14267,True,66.44
Q96VC9,True,95.62
Q5B8A1,True,93.62
G4N292,True,95.69
Q06683,True,76.38
Q10215,True,87.75
Q5UR45,False,
E9RBG1,True,81.31
Q10313,True,85.56
Q0TZN8,True,65.56
P32785,True,86.44
A7J2C6,True,93.69
P32367,True,74.06
Q3SX43,True,92.19
P53164,True,93.81
Q54UC2,True,73.25
D4AZK9,True,88.06
P47140,True,71.31
Q08446,True,76.81
A0A8K1AW52,True,81.69
Q5BAH2,True,83.81
P14242,True,69.25
Q4I174,True,90.38
A6RYJ8,True,75.31
Q0WW55,True,85.56
B8M9Q9,True,83.94
Q6CSZ0,True,95.38
P87169,True,77.69
Q3ZBV1,True,71.94
Q7SA90,True,77.38
B6A879,True,94.0
F1SWA0,True,95.88
P32609,True,82.69
Q8C6G8,True,80.75
Q96LU5,True,88.06
P38811,False,
A0JMK9,True,60.03
Q9Y5K1,True,90.62
P40383,True,82.69
P38131,True,92.94
A1DED1,True,87.75
Q07116,True,85.25
Q2TXA7,True,80.19
P53852,True,89.06
Q9P7Q7,True,58.56
O13992,True,68.19
Q9HFE5,True,91.19
Q9BVJ7,True,97.56
Q4WKX3,True,85.62
P40092,True,59.78
D4AQY2,True,66.81
O43092,True,67.62
P84285,True,77.19
A9M3A0,True,93.75
I1RF55,True,90.38
A0A8B0M9S9,True,89.81
P12345,True,94.12
A0A455LLW0,True,91.88
A0A0S6XAW4,True,89.06
V5IMN1,True,87.62
Q12581,True,92.62
F2K079,True,93.31
Q936X2,True,93.25
Q5V9L7,True,59.62
Q8L5J1,True,93.69
Q13620,True,78.5
O05220,True,96.62
P38250,True,65.19
P38869,True,80.0
Q9Y7T6,True,87.75
P43557,True,85.12
B5VKE8,True,94.5
Q9Y765,True,95.06
I1RPE5,True,86.38
Q9C2H9,True,86.19
P0DX96,True,96.38
P37366,True,81.69
Q2U639,False,
Q9WY55,True,97.0
O74859,True,90.5
C4YKP5,True,78.88
O94536,True,79.06
Q5SZ99,True,85.94
A6ZQE9,True,91.94
Q871V2,True,87.12
Q9Y871,True,67.69
Q4HZ95,True,80.62
P87242,True,95.81
O74946,True,87.12
Q0U1B1,True,87.81
Q9UTQ5,True,79.12
Q7S6M9,True,77.56
O14099,True,78.25
P57058,True,62.0
O94752,True,78.25
Q59VM7,True,87.38
P17885,True,73.0
G0S9A7,True,80.62
O60156,True,84.81
Q9UT32,True,71.0
O86034,True,96.94
Q99N43,True,78.38
A7YVD7,True,86.38
A0A125YS62,True,86.06
P07866,True,48.78
P13250,True,91.38
Q33446,True,85.31
O94680,True,80.06
Q8IXQ5,True,91.19
O00107,True,91.12
Q5AQJ2,True,87.44
O60114,True,73.44
P30303,True,61.75
Q09699,True,67.88
Q09140,True,82.44
P82887,True,89.25
O94307,True,89.56
G0S7F3,True,82.44
Q2UJY4,True,80.56
A0A823A413,True,89.31
A0A1B1ZGB5,True,87.44
Q58820,True,97.12
P9WES5,True,95.88
O80358,True,81.94
Q9P3S1,True,75.0
Q4WT68,True,82.38
Q5ADL8,True,57.16
Q6GMA4,True,81.38
Q9P0U4,True,69.81
Q870J1,True,49.41
Q8LPD9,True,75.25
Q3UA06,True,87.19
P39955,True,61.09
Q9SZ15,True,68.06
O14965,True,75.06
Q9Y7X6,True,55.5
D4A280,True,62.66
B6V869,True,94.56
G2XIG5,True,70.0
Q5XGR8,True,96.38
Q04344,True,91.94
A6RP27,True,85.88
O27051,True,92.69
P40986,True,86.69
A0A7U2N2W7,True,54.44
O13981,True,79.12
Q9LRB5,True,90.38
A1CQZ0,True,73.0
P78898,True,89.62
Q02772,True,87.0
P24686,True,68.56
P87250,True,93.38
B1GVX6,True,91.88
P53236,True,68.94
P36618,True,96.06
P23622,True,81.38
Q10058,True,94.06
Q9P7L6,True,90.0
Q5AW89,True,90.31
Q8N3P4,True,74.62
Q758Y7,True,86.0
Q0U194,True,73.25
Q2LC49,True,60.75
Q0DXS3,True,90.5
Q0CT23,True,61.06
Q9Y4X0,True,72.0
Q4WXZ5,True,86.44
Q9CS74,True,76.25
P31907,True,95.44
P33413,True,88.06
P62288,False,
D4AU26,True,95.31
Q6ZPT1,True,91.56
B8NM76,True,78.38
Q8H116,True,90.31
A7F045,True,82.19
P52430,True,97.19
A6SHZ5,True,89.75
Q9XSJ0,True,90.56
Q3UJK4,True,82.94
Q7S711,True,71.12
Q9USX1,True,95.44
Q01262,True,93.75
P39098,True,85.38
Q54410,True,92.12
E9P8D2,True,97.69
Q12347,True,85.31
A2QNQ8,True,76.88
O94676,True,86.19
E9FCP7,True,95.0
Q87AD6,True,96.5
Q3JRV4,True,96.31
A7AZH2,True,94.31
Q7MF12,True,96.31
M1VV66,True,89.38
A0A097ZPE4,True,88.75
C8VI81,True,90.5
G2QDQ9,True,94.19
W7L9F0,True,91.62
A2QQU5,True,94.62
A0A2Z5TM64,False,
A0A2H3CSA7,True,93.25
Q2UJ66,True,80.69
O74111,True,91.94
Q9Y898,True,60.34
Q1E0Q7,True,86.69
Q01846,True,66.25
P40050,True,75.56
P40354,True,94.62
Q9UKV8,True,92.38
Q9UT38,True,91.44
G2WS91,True,44.53
Q8CDZ2,True,87.5
Q7VLK4,True,91.44
Q9P7E1,True,50.66
Q9VLN1,True,94.88
Q2UEH7,True,69.69
O74507,True,93.94
Q9UTC4,True,47.44
Q9C8D4,True,87.69
O80854,True,83.06
Q07915,True,84.62
Q9QXV3,True,74.94
P40544,True,76.75
B1WYP3,True,97.12
Q47WP5,True,88.5
Q9P7D3,True,84.94
Q9SRE4,True,84.25
Q9Y696,True,91.69
J9VT48,True,94.56
Q6GLM5,True,92.12
Q6CEE9,True,96.5
B0YC65,True,96.12
Q54PY7,True,81.06
Q4WNB5,True,77.81
A1DE24,True,81.94
I1S2J6,True,89.62
Q6BVE3,True,57.72
A0A6G9KH50,True,87.88
O74738,True,87.81
Q8X225,True,88.94
Q9Y7P6,True,69.38
Q1K548,True,78.38
Q12175,True,78.88
Q10225,True,82.31
P74429,True,88.94
Q5ASP0,True,74.94
Q1MTS0,True,68.12
O74903,True,81.62
O94721,True,86.94
Q01852,True,70.44
Q5RBD9,True,89.38
P39839,True,96.06
O07005,False,
Q5U5C5,True,77.56
A0A1V6NYM5,True,77.44
O80397,True,74.06
A7F7H0,True,90.0
P22222,True,89.88
Q12230,True,79.5
O60138,True,65.88
O74740,True,79.81
G0RPY6,True,94.44
Q9FKV2,True,90.44
Q9VLR5,True,77.19
F1Q514,True,78.81
P07527,True,54.84
O42637,True,81.62
P52760,True,97.0
P0DW08,True,92.81
Q6GQ23,True,91.12
C4JF81,True,90.94
Q9CWV6,True,79.56
P87109,True,66.38
P50525,True,92.38
P78750,True,81.75
Q10062,True,94.12
A0A3S5HYN5,True,90.69
D4AUH6,True,90.31
P07754,True,96.62
Q9HGI7,True,71.06
O83142,True,93.19
O14158,True,87.69
C5FZT5,True,86.44
Q6P2U9,True,84.69
A8X8C6,True,86.5
Q3MIE4,True,87.88
Q8CHP5,True,74.5
Q9H7Z6,True,81.69
P27882,True,87.19
P07980,True,92.31
E1UYT9,True,75.62
Q6FY76,True,68.88
Q12284,True,85.38
O94311,True,70.75
P9WEH2,True,93.06
O74842,True,60.34
Q5TIE3,True,66.12
P11632,True,79.5
P9WEL6,True,87.12
Q03496,True,87.94
Q9P7G8,True,96.44
Q5ZL33,True,89.88
B2I9E6,True,81.75
O60056,True,59.5
O13828,True,52.78
Q4WR83,True,92.06
P51817,True,88.62
A0A0H2VBH0,True,84.94
O94436,True,87.94
Q4WRE2,True,65.31
Q9ZPW2,True,88.94
O59699,True,77.88
E9QT42,True,71.56
Q12229,True,79.38
P34762,True,75.62
Q9Y6U7,True,65.88
Q2UKX3,True,88.38
Q5ARL6,True,96.06
Q4WAR8,True,51.84
P39969,True,55.97
Q2RJW1,True,96.94
Q0CMB0,True,69.88
O80327,True,93.75
O60090,True,80.06
Q5HE19,True,98.06
O14179,True,81.75
P19571,True,94.25
P41922,True,74.19
P47946,True,65.88
Q54NM6,True,77.44
P0DX22,True,97.56
O94288,True,72.62
O60106,True,81.69
P30838,True,97.94
P87155,True,90.06
A6YRN9,True,88.56
P18485,True,89.31
Q1K9C4,True,81.44
Q9KWU4,True,92.31
Q8NB78,True,91.25
P9WEL0,True,89.56
B2CQK0,True,66.81
P24289,True,97.31
Q8MP06,True,92.0
A2QUY7,True,80.88
Q7SHR6,True,67.19
O74473,True,56.75
Q5BE03,True,84.19
Q16U25,True,76.94
Q99614,True,77.44
P36095,True,78.75
Q09150,True,93.56
A1CE78,True,76.69
Q92368,True,93.25
Q9FLM8,True,89.0
O42643,True,76.44
Q9JME5,True,74.44
O59806,True,85.81
A0A9P5CQV5,True,86.12
Q4WZS3,True,85.75
Q9P6C8,True,96.44
J9VTB0,True,67.25
G0S0E7,True,79.75
Q5M8L8,True,74.5
B6HNK5,True,83.5
W7LC91,True,84.44
W1QL91,True,72.56
G0SAK3,True,54.72
Q4WQ42,True,92.44
A2Q879,True,87.62
O14135,True,92.06
Q12291,True,85.25
Q99296,True,66.56
O60082,True,72.88
O74226,True,80.69
A2QTF1,True,97.06
Q9QZB9,True,81.81
Q9P7M9,True,79.38
Q6YFE4,True,89.38
P36076,True,63.91
P49012,True,94.62
A8YVZ9,True,95.75
O74978,True,73.19
Q99M87,True,74.25
B6Q1N3,True,87.75
P07250,True,81.56
B4E566,True,96.62
P41812,True,84.88
Q92574,True,62.06
Q2U0N3,True,97.69
P70097,True,90.31
G4MXJ9,True,93.31
P18631,True,84.75
Q8CQ97,True,97.12
Q88FY6,True,88.44
P73138,True,97.69
A0A3G9H2R5,True,82.19
Q9FKD6,True,80.38
A0A0A2IRW3,True,76.0
Q9HDZ9,True,94.69
P78963,True,92.88
Q5A1B0,True,95.19
U3H041,True,89.06
Q96HH6,True,91.38
Q9HEZ3,True,90.75
P46057,True,94.75
Q09693,True,86.75
C8VCP8,True,77.56
A2QGH7,True,89.88
Q0C8M0,True,97.0
O14036,True,91.0
O13897,True,73.19
J9VEC2,True,53.22
F6NVH9,True,84.12
P53877,True,78.75
Q09796,True,86.56
Q874C0,True,82.62
O43058,True,49.78
Q9VDE6,True,81.69
Q5B020,True,76.12
Q2UEX1,True,86.25
P89114,True,91.94
O42947,True,69.38
O42976,True,62.22
Q40153,True,83.06
O42636,True,78.44
Q9UTB0,True,72.56
Q09832,True,92.44
Q9UKM7,True,80.81
Q08925,True,74.12
P04817,True,80.62
P51791,True,80.0
A6VMA9,True,96.38
G4YEI5,True,95.25
E4ZUB5,True,93.31
Q9Y7Y3,True,81.12
D3ZSK5,True,88.38
A9WC41,True,94.88
Q0IHF9,True,71.25
O94481,True,63.97
Q07949,True,66.94
P21560,True,82.5
P35197,True,68.0
Q7SHI0,True,96.06
P31381,True,80.19
Q2MHH3,True,78.75
Q9HEG3,True,94.19
Q7RY68,True,71.38
Q0V6P9,True,95.5
G4NEE4,True,67.0
G3Y421,True,88.25
Q0CA25,True,89.06
P40991,True,73.56
Q9Y7J4,True,93.19
Q9US27,True,90.25
Q32PD0,True,83.69
G4NH08,True,92.88
Q4I6B0,True,93.19
O94401,True,88.88
P36101,True,85.06
Q5REX1,True,57.31
Q08930,True,81.19
P39457,True,88.88
P56812,True,74.25
Q711G3,True,93.62
Q8PNY6,True,97.0
Q0MW30,True,71.25
O74252,True,57.47
Q9HE88,True,71.81
Q01080,True,84.94
A0A2P1DP89,True,69.31
A0A2P1DP98,True,90.25
A0A2P1DP74,True,95.69
Q70DX9,True,88.31
Q5AUY0,True,93.44
Q09621,True,89.88
Q9FIY1,True,92.44
Q60J38,True,50.03
I1S3K8,True,93.62
Q10085,True,92.62
E9F8L9,True,95.25
Q8TUZ4,True,97.62
D7RJN5,True,84.5
A0QYC2,True,96.12
P80324,True,93.0
P53241,True,82.62
A0A0A2KDU4,True,89.81
P37261,True,97.5
P0DYD5,False,
A0A455LLV4,True,90.0
O43041,True,93.5
O74757,True,64.19
Q6CQE5,True,58.5
Q8TGM7,True,59.03
A7HU24,True,96.06
Q05998,True,84.88
Q4WI89,True,69.62
P20592,True,78.19
Q2UPB6,True,67.31
Q03419,True,88.06
Q8GWE1,True,93.75
P04146,True,75.19
A6KWR4,True,96.44
O59950,True,95.12
Q2KJ25,True,81.06
Q9SLA0,True,94.0
A0A5B8YU68,True,89.94
A2QYE5,True,95.44
Q9FEF8,True,81.38
P04323,True,76.62
F2SL81,True,82.5
B2KWH8,True,80.0
Q5BFH3,True,73.69
I1S0J7,True,89.12
Q2VWQ3,True,67.5
Q4WLT9,True,65.25
P0CX49,True,92.75
Q5ZKQ8,True,91.94
P34909,True,62.19
O94625,True,83.19
B6Q348,True,84.88
Q23449,True,74.94
Q3MHI3,True,73.19
D2XNR1,True,81.75
P35728,True,70.56
Q9SY00,True,92.12
P53052,True,93.19
P33277,True,77.19
A1DFA8,True,96.38
A2R6M7,True,92.94
P41819,True,89.81
Q9AT35,True,88.56
P17423,True,92.62
Q9UUD0,True,66.38
Q15427,True,73.19
B5XRB0,True,91.88
Q3T134,True,78.56
Q59516,True,97.06
Q9HE63,True,83.38
Q9C0T1,True,90.75
Q5B3G6,True,93.25
O74918,True,92.12
Q6TLK4,True,66.44
Q0WP96,True,96.44
A0A348HAY1,True,84.25
Q4WJ59,True,81.31
A0A081HJP9,True,94.94
Q6YNE9,True,94.56
A0A2I1BSX0,True,93.75
P33307,True,91.06
Q9P5X8,True,84.88
P41214,True,76.06
A0A1L1QK34,True,80.81
Q9WUS0,True,91.12
Q09895,True,85.44
Q9P6J7,True,86.62
A4QUF0,True,70.12
G4VQX9,True,96.0
Q9HDY4,True,72.0
P32379,True,91.25
Q67SJ9,True,83.88
Q9P7N4,True,91.12
O13890,True,95.75
Q0V340,True,74.75
A0A1B7XV12,True,77.38
Q7RWT0,True,84.88
O74888,True,88.31
B8NDL1,True,94.94
O96005,True,69.44
Q4IJM4,True,84.5
Q0UWF1,True,74.81
Q4WKP8,True,67.94
P53243,True,43.34
Q03102,True,95.31
W6R6G5,True,91.94
Q08953,True,52.44
B8NJG7,True,75.75
Q08422,True,74.81
Q9LF97,True,72.94
Q4WPM8,True,88.06
Q05892,True,87.06
Q4IQX3,True,77.56
Q0UUE1,True,82.62
A6SG03,True,84.62
A6QRQ7,True,81.25
Q6BZF9,True,94.19
P18413,True,91.69
Q9P4V2,True,95.5
Q00771,True,78.06
Q52E73,True,63.12
Q5F477,True,91.5
Q5B8A8,True,85.0
C8V4D4,True,84.69
P53441,True,83.56
D7PHZ3,True,86.06
P04828,True,96.62
O14045,True,73.0
Q9UTH3,True,70.5
P43583,True,81.56
Q4WCW2,True,84.0
Q0VC92,True,93.19
A0A1D8PCX8,True,88.69
P23254,True,98.12
Q7T3F7,True,81.44
Q9FLP6,True,78.0
Q6C4R1,True,87.75
Q9I920,True,65.75
B0D4J9,True,87.44
O14353,True,88.44
A1CJ10,True,89.06
O94681,True,76.0
O42661,True,83.44
G3XSI2,True,89.56
Q5R8Q7,True,82.06
Q10149,True,73.69
Q9P3T9,True,67.69
O14089,True,91.38
Q96I24,True,65.81
P32901,True,81.81
P36842,True,87.44
P07099,True,95.12
Q0GYU5,True,96.5
Q69IF8,True,86.69
Q9P4X3,True,90.06
P0CT88,True,93.75
Q9UUA1,True,83.81
Q4WIT0,True,93.06
Q6FLP9,True,93.69
D6WMZ8,True,94.06
Q9Y7I8,True,84.69
P20790,True,84.81
O93937,True,85.25
A0CCD2,True,95.5
Q6CEA4,True,74.75
A6SLT9,True,81.75
P41003,True,85.12
E1ACQ8,True,93.25
Q7D3B2,True,93.56
Q2UTQ9,True,71.0
Q9Y7T9,True,71.94
P87238,True,72.69
A6SSX6,True,55.91
P22360,True,94.5
G4N134,True,72.0
O13974,True,83.12
A0A3G1DJJ7,True,51.34
P08425,True,91.31
Q04418,True,71.19
P32331,True,86.56
O94586,True,97.69
Q02932,True,92.25
O13755,True,91.56
O74834,True,84.12
P40406,True,95.81
Q09814,True,91.94
Q04585,True,83.31
Q6CWQ4,True,78.0
Q1MTQ9,True,93.75
Q5ZI57,True,90.06
Q12627,True,88.44
O14734,True,88.06
Q10PP8,True,83.25
O14290,True,81.62
P04464,True,85.81
Q6IRA8,True,86.75
O60671,True,89.44
P36594,True,77.94
P38142,True,90.19
Q0TWJ7,True,77.69
Q99128,True,79.69
Q9FNE2,True,93.75
A0A1D8PM93,True,80.44
Q5BB99,True,92.19
Q7RYL4,True,73.75
K0J107,True,93.31
Q9HE26,True,78.75
O94335,True,86.38
A0A166YZY9,True,90.88
O13877,True,92.75
P34237,True,76.56
Q10710,True,83.62
C1DMX5,True,96.69
Q56841,True,96.31
P24552,True,95.25
Q9XI60,True,92.69
Q82IY9,True,91.75
K9GDC6,True,58.94
P14943,True,93.0
Q7CQV5,True,92.69
O93844,True,90.0
Q9M8S7,True,67.94
A1Z9X0,True,79.12
Q9M7M1,True,79.06
Q9T075,True,88.12
Q9HFS7,True,78.25
Q5A7S7,True,61.53
Q1RGM2,True,68.0
P30261,True,73.44
Q4WM52,True,87.0
A1CMX6,True,81.5
Q86AD2,True,60.72
Q8RWY3,True,72.69
Q9C1K8,True,93.56
Q0CY11,True,93.62
P11803,True,90.94
P25605,True,87.38
P53733,True,90.75
I1RZD0,True,91.69
B8N6V7,True,95.44
L7HYA8,True,93.5
Q9C1I4,True,89.94
O35643,True,81.31
Q4WVA0,True,86.62
Q86K80,True,78.19
Q91Z38,True,77.62
O94354,True,95.25
P31412,True,89.5
Q5B4H8,True,80.81
P09201,True,91.94
Q59LF3,True,79.19
P50582,True,77.12
Q9LD13,True,95.75
Q6FS31,True,90.94
Q7RYW6,True,92.69
G4N1S3,True,79.38
J4KNE4,True,66.81
O94653,True,77.88
O74745,True,84.19
Q873W8,True,94.38
Q00614,True,93.0
Q9Y7R8,True,92.56
Q9UTN0,True,77.0
Q6KAE5,True,75.5
Q6FWF4,True,90.0
P32487,True,79.38
Q5AV04,True,92.88
E8MGH8,True,95.62
Q9Z0G8,True,60.97
O14325,True,73.94
O14077,True,92.94
Q9UTT1,True,84.94
P37202,True,87.75
O02691,True,96.31
Q5WIU9,True,95.88
Q7PHR1,True,70.19
B0XYJ1,True,52.97
Q93099,True,96.75
O74810,True,90.12
K0KPV8,True,85.38
C0HK51,True,93.31
S0DPY2,True,83.69
O13728,True,89.31
Q9LZK5,True,85.31
Q5AYW6,True,91.12
B8NLZ3,True,74.44
Q9P7V8,True,91.31
P39014,True,76.06
O94399,True,85.94
A7KAL3,True,62.97
A0AAD6J456,True,66.31
W3XEE6,True,86.69
Q29HF1,True,87.25
A0A0J9VT58,True,66.88
A0A0M9ER64,True,76.88
H1ZV38,True,96.0
P39007,True,88.88
Q4WVU5,True,76.5
P31373,True,96.25
Q9M0X9,True,90.94
G2QNH0,True,90.75
Q4X099,True,92.75
P16912,True,67.12
P07463,True,86.62
O13683,True,76.69
O94407,True,79.25
Q03529,True,89.94
Q75IM9,True,93.25
Q9Y7U6,True,66.31
Q92405,True,94.31
P50199,True,96.69
Q1K7L7,True,68.31
P87153,True,88.12
Q7WUL3,True,95.62
Q9Y7Z9,True,86.06
P08463,True,91.31
Q4WJS2,True,56.38
Q2U0J5,True,64.62
Q4WQZ6,True,74.62
P50102,True,91.69
Q4X1A8,True,77.19
O15527,True,92.31
Q54XM0,True,88.62
O60074,True,78.5
Q08979,True,79.62
Q9ZVN4,True,80.88
O74799,True,95.06
B3WAJ5,True,93.62
O59726,True,79.19
Q2UGQ8,True,73.75
Q7S2C2,True,93.56
G4MT60,True,94.06
P10870,True,67.69
Q9C285,True,70.69
P22570,True,92.12
P08770,True,75.06
P45946,True,87.19
A0A348HAY3,True,69.0
Q9UTE6,True,75.62
A3R044,True,94.06
Q86I22,True,96.44
Q6MVH7,True,95.88
P37254,True,90.25
Q803T2,True,82.31
Q9UTI0,True,96.31
Q9UUG2,True,67.56
A0A077YBL0,True,72.56
Q9VCR7,True,86.88
Q08970,True,67.0
Q2TXF3,True,94.19
P9WEK7,True,84.25
Q9USR2,True,85.06
Q9HFF4,True,48.06
P0DPR4,True,90.56
O59809,True,83.81
Q96ST3,True,68.5
P16000,True,76.56
Q03554,True,90.5
Q5BA18,True,95.5
A7SE05,True,82.5
B8N5S6,True,94.81
Q1DIW7,True,70.31
Q54D63,True,82.88
Q31JE7,True,92.56
A0A1D8PF11,True,91.0
Q9URB4,True,94.69
O24496,True,98.06
Q8VZM1,True,87.56
P36607,True,68.75
P34727,True,84.75
P0CF20,True,79.19
O60137,True,84.19
A0A0C1E1C6,True,91.81
Q05785,True,65.69
O43105,True,91.19
Q6P9P6,True,74.94
A7EF03,True,94.88
I1RIF1,True,91.81
Q5ARI5,True,70.5
O95199,True,90.44
Q9NXS3,True,92.81
O45924,True,94.12
Q9Y7K1,True,92.31
P38997,True,96.62
Q9QZE7,True,85.75
Q8WU08,True,87.12
Q7MD16,True,81.0
Q1JP61,True,90.56
Q96RL7,False,
O88876,True,94.19
P36156,True,94.38
Q6KC79,True,48.75
Q0UHC4,True,88.75
Q9UVG6,True,79.81
Q19QT9,True,80.31
A1DBJ7,True,92.06
Q32LE5,True,94.81
Q4WI16,True,73.25
Q9P4X4,True,93.31
A3MK87,True,95.19
P40039,True,85.56
Q6FJZ9,True,83.69
Q9FR35,True,97.56
J9VVW8,True,87.12
P53009,True,79.62
P36631,True,53.84
Q9FJ95,True,95.0
Q96GK7,True,92.75
P41744,True,94.81
Q9W698,True,79.62
Q641K5,True,62.44
P09104,True,97.06
O94283,True,83.94
Q9S7U0,True,97.06
Q54JK4,True,79.94
Q9UTI3,True,92.75
P25711,True,76.5
O94501,True,89.62
Q9EQC5,True,75.12
Q00607,True,92.19
Q9H9A6,True,82.88
Q9UV10,True,87.81
P11747,True,74.94
P49090,True,94.38
Q8L5R3,True,85.5
P38708,True,89.44
Q9HDX5,True,82.56
Q3T133,True,84.25
O23482,True,86.56
P28568,True,89.38
Q7ZXK9,True,94.06
P29000,True,87.69
P35832,True,71.38
P08456,True,74.44
A0A1J0KJK5,True,92.19
F9XMX6,True,90.69
Q9UVX3,True,86.69
P51831,True,97.0
G4N7X0,True,64.44
F5HIJ5,True,83.0
O94490,True,73.94
P38157,True,83.56
Q2S544,True,96.19
Q6FSK8,True,78.56
A1CEK6,True,65.94
Q2KI07,True,92.38
O13648,True,84.81
P38332,True,93.06
Q6AXM7,True,74.38
Q4WHC8,True,73.81
Q1ECW7,True,83.5
O13601,True,58.38
P31688,True,87.38
Q6T412,False,
E3S7K9,True,92.5
Q10190,True,74.94
I1RT23,True,93.56
Q5GKZ7,True,77.25
Q8K274,True,94.31
Q9LZD0,True,78.81
Q0UMB9,True,74.19
Q9SHY2,True,86.19
P38004,True,96.38
P0ABR8,True,95.75
P51414,True,91.12
Q9SX48,True,82.38
A0A1D8PEH1,True,63.09
I1S1Q3,True,93.94
A0A2Z5XAS1,True,73.75
P38264,True,84.25
Q06625,True,92.38
P14217,False,
Q2TZN9,True,97.44
Q0CLJ4,True,90.94
P29547,True,90.5
Q9P4E9,True,89.94
Q5M882,True,81.75
P25382,True,91.81
P35187,True,59.91
D7PI11,True,94.06
Q4WK25,True,91.12
P09880,True,86.94
Q2UF72,True,75.44
G2XQT1,True,93.12
P17255,True,84.94
Q9HGN2,True,88.44
G0S4X6,True,79.88
Q9VLU5,True,88.31
Q9UT46,True,59.44
Q5A860,True,90.31
Q10J20,True,96.75
A1CRM1,True,70.56
P32449,True,94.88
O94725,True,93.25
P47143,True,95.56
A5PJI7,True,74.56
B2JIC3,True,91.88
P32264,True,88.31
Q9I703,True,86.5
P32432,True,49.22
Q5BAU9,True,95.88
Q7XR84,True,89.25
O13289,True,97.81
Q4WXX4,True,72.0
Q2TXF5,True,94.06
P87157,True,78.81
Q54QG9,True,91.5
E4V2N5,True,89.5
O13943,True,86.81
Q54W36,True,44.03
O42772,True,86.44
Q9LSC2,True,81.0
G2WRU5,True,69.69
O14327,True,80.88
P79769,True,91.5
Q09921,True,96.69
P50515,True,91.0
Q96B26,True,85.88
A0A2H3CNT9,True,92.44
A0A7U2QXW1,True,41.44
Q7RYE7,True,92.62
P40564,True,77.88
A6S936,True,88.62
A2Y0J7,True,79.25
P87110,True,82.88
Q4I1T9,True,68.75
Q9I0R8,True,90.06
Q9Y7Q2,True,96.94
Q09500,True,83.69
O59744,True,66.94
Q9UTL5,True,73.94
P20359,True,95.38
Q9C2M6,True,84.31
F1RB95,True,86.44
P53914,True,78.81
Q9W1A2,True,84.06
O48847,True,58.88
Q8TG11,True,84.19
Q5R9U9,True,80.38
Q5R9W5,True,85.56
Q9TTU3,True,80.38
Q03768,True,78.81
P40516,True,94.06
A7ZPI2,True,97.88
Q4WXF4,True,97.31
P49332,True,96.81
Q7XBS0,True,86.25
A1CSW4,True,94.88
A0A2H0ZNJ6,True,83.62
P33336,True,71.94
A4IU28,True,95.94
A2QX52,True,72.5
C5FM61,True,70.44
Q4WWR8,True,96.75
Q6DHM9,True,93.19
O74341,True,89.25
P28178,True,75.06
A1CTL5,True,88.81
Q9USW4,True,84.31
O42617,True,90.94
P54898,True,83.88
Q6F6U3,True,96.75
O95239,True,71.5
P38754,True,96.44
B2W791,True,94.06
Q7SC91,True,67.06
F9X2Z5,True,75.62
Q9URZ5,True,83.75
Q03687,True,78.25
G5ECH7,True,88.31
A2QUM3,True,82.88
P20287,True,97.62
P89105,True,81.06
Q803M0,True,69.56
P0DXE1,True,96.69
P05375,True,95.88
O13644,True,74.88
P62998,True,93.94
Q9P7Y8,True,61.91
O60059,True,75.0
Q0IIY2,True,77.38
P38278,True,84.38
Q10366,True,73.5
D2XNR2,True,79.06
Q1E6U9,True,85.19
A3LX18,True,92.75
Q9H0L4,True,59.06
G4MNH3,True,69.5
F2QY27,True,95.19
Q78PG9,True,83.44
Q54F15,True,81.75
A2QY22,True,78.06
O94404,True,96.12
A0A0A2K5R6,True,78.5
O94657,True,83.56
A0A455M2Y3,True,83.25
Q24JJ8,True,96.56
O13302,True,88.69
O94663,True,84.19
Q5AG40,True,84.25
P87177,True,84.69
A0A4P8DJE6,True,82.06
A1C8Y9,True,64.75
P83775,True,94.62
A6S1A3,True,71.38
P0DX40,True,96.31
B8NX60,True,94.81
Q06078,True,85.62
O28525,True,97.81
Q04729,True,91.81
Q2TVY9,True,84.19
P0CT68,True,93.12
P0DOW1,True,90.81
Q7T3C7,True,91.56
B2RYW9,True,92.5
A7EHM8,True,87.94
A1CHE9,True,72.69
O14116,True,86.38
Q8L6Z8,True,85.81
B0XQB2,True,96.94
Q17M80,True,94.25
Q96HL8,True,72.94
Q1MTR5,True,62.69
A0A7U2QYM2,True,86.75
P05132,True,95.44
Q5E959,True,89.5
O42971,True,87.0
Q0D153,True,74.44
O94599,True,74.75
P34737,True,87.19
P55859,True,94.0
Q5B1X8,True,93.81
Q6CTH3,True,90.12
Q9FJX2,True,90.94
Q9D8W5,True,81.12
O93956,True,59.91
Q9P727,True,92.75
Q54WT4,True,83.88
P78921,True,89.0
P53155,True,78.0
Q06672,True,80.75
O74426,True,85.5
P50086,True,97.88
O60055,True,80.56
O60152,True,77.62
O14215,True,86.75
Q10294,True,76.56
Q6CE48,True,83.44
Q03761,True,68.0
Q5EA37,True,72.0
Q9SUV2,True,87.5
Q09857,True,79.56
Q1DHP3,True,50.91
A7E564,True,68.12
Q5A960,True,80.94
Q68EU8,True,81.44
P20457,True,79.62
P78987,True,93.62
D1ZSU8,True,91.88
B0Y4D5,True,95.38
Q6C7U8,True,88.38
P27250,True,96.81
P15315,True,66.12
Q7F0Q2,True,78.94
O59734,True,92.88
Q9SJY5,True,79.44
F8U969,True,85.88
Q08972,True,76.75
O00092,True,95.31
O43043,True,71.0
Q9URS1,True,96.69
P77589,True,87.38
Q58CN9,True,87.56
P09608,True,94.0
Q9CQU3,True,77.19
Q9Y7K2,True,78.25
Q8RWV3,True,72.94
A5A6K8,True,96.31
A0A8J9S3C0,True,86.62
O13984,True,82.81
O13614,True,76.44
P12344,True,94.12
Q12553,True,92.69
P16928,True,92.56
Q9UST3,True,82.44
P40956,True,75.5
A1CJ18,True,82.06
Q8J1K2,True,81.38
Q9LW83,True,75.69
Q8BIZ6,True,67.0
A1CVY3,True,63.75
P53320,True,73.44
O60032,True,91.75
D5MTF8,True,89.94
Q12133,True,88.25
P42937,True,95.31
Q2KHZ9,True,92.06
Q07844,True,71.81
Q0UNC6,True,75.31
Q9Y7N4,True,95.56
A1DKV3,True,95.12
Q9XZC0,True,75.38
A3MUS8,True,94.62
A0A3L7I2I8,True,85.5
P41751,True,97.88
Q5A4M8,True,83.69
C3K3D3,True,95.88
G0S8F1,True,83.44
E5R540,True,82.12
Q32ZM1,True,91.75
Q5ASI4,True,73.81
Q9UT19,True,95.94
P0CY38,True,54.94
P54302,True,79.75
Q08954,True,74.56
J4VYF0,True,76.88
Q4WJ80,True,95.75
Q0UTL2,True,75.94
P28707,True,74.38
O15182,True,89.0
Q8VEK6,True,64.38
Q9UUJ1,True,93.44
Q8RXN0,True,81.44
Q6CHN5,True,96.88
B1JBS6,True,84.88
Q4WY53,True,96.5
Q7SFY0,True,90.44
O74969,True,83.19
Q9UTJ7,True,93.56
A0A142I726,True,95.81
P97390,True,90.81
B2VUE4,True,87.44
E9R5S0,True,90.62
Q6A548,True,80.25
C4QX80,True,66.38
A2QSC9,True,61.22
Q4WJX0,True,90.62
Q8J0F4,True,72.88
Q2U790,True,94.62
Q7S3C9,True,87.56
O60128,True,86.25
Q8XPV7,True,94.56
O42895,True,75.69
A0AAD6ITA8,True,95.06
Q4WR62,True,94.62
J9MJK9,True,97.69
P32793,True,64.69
Q4WPP6,True,76.19
A8XW88,True,92.44
P26876,True,91.75
P22434,True,94.12
Q9UUZ6,True,70.44
Q9Y7M3,True,63.72
Q0UY62,True,76.88
Q4W1X2,True,95.88
P38720,True,96.31
Q0UPL5,True,85.5
Q96WV5,True,84.31
P32375,True,96.69
F1SYB2,True,92.19
D2XNR0,True,80.19
Q8LNW4,True,77.81
P39692,True,90.19
Q3T114,True,97.25
Q8H1S1,True,85.94
Q2NEW4,True,91.69
P0DW92,True,93.25
Q03699,True,85.81
P38853,True,64.44
Q8L3X9,True,94.62
Q6FR44,True,75.88
Q6AZN6,True,83.88
Q15526,True,81.38
Q09820,True,82.19
P51790,True,80.0
P56271,True,96.81
Q0JBZ8,True,94.38
O42768,True,97.56
Q05497,True,74.44
Q5RFE9,True,84.56
P42803,True,96.81
Q1K602,True,67.62
O14206,True,78.81
O74755,True,63.22
Q5BDG7,True,84.5
Q9P567,True,89.25
B2KWH7,True,87.88
P08092,True,71.5
Q9C2P2,True,93.0
Q10164,True,50.09
Q10147,True,90.06
A0A4P8DJW8,True,97.56
O04274,True,92.0
P46679,True,66.38
Q874R1,True,89.56
B9F2L1,True,78.5
Q00245,True,82.56
Q9URW6,True,69.69
A8E7C5,True,67.88
O13935,True,85.56
Q5BJY6,True,94.88
Q9LPU2,True,84.5
Q6PCN7,True,67.19
Q8S1Z1,True,89.75
Q55A45,True,64.5
Q9PT60,True,66.25
A1DP40,True,62.25
Q9Y7K8,True,90.44
Q9LW64,True,92.75
A1D619,True,73.75
Q870C4,True,81.88
Q4WTN5,True,66.94
Q8K4F5,True,87.62
Q82ZG1,True,93.69
A0A2U8U2K7,True,70.62
Q8BMG8,True,86.62
G4MYV5,True,62.09
P43562,True,79.75
Q9UTR1,True,91.75
C5FTT1,True,96.19
Q66H80,True,82.81
O74967,True,94.0
Q15813,True,89.19
Q75AA8,True,95.31
Q3BUN6,True,95.81
Q7K2G1,True,64.56
G4MMH2,True,92.25
Q7RXR3,True,81.25
P70498,True,88.88
O74423,True,60.88
Q5B1Z0,True,94.06
Q4WED9,True,81.38
A0AAN2H6E2,True,70.75
O75037,True,69.62
C1GSS8,True,79.06
P38675,True,88.62
Q42539,True,95.44
Q2UKV7,True,74.44
P56092,True,86.38
Q2UF96,True,84.94
Q4X0S7,True,85.75
Q09839,True,90.69
P24797,True,88.38
Q4KLT0,True,87.44
B8NPT0,True,93.12
P97930,True,96.19
Q6Z955,True,91.44
Q8X1N9,True,82.0
Q3UUI3,True,86.25
Q6GMC7,True,96.25
G0SEV9,True,87.88
Q0U1A0,True,77.06
Q9D0P0,True,94.5
B2VTT3,True,90.38
H1VAN0,True,83.81
Q0UME8,True,95.44
A1WPC7,True,95.88
P42670,True,85.25
A0A0A2J9B3,True,58.25
Q750L8,True,86.12
Q05776,True,93.31
Q92095,True,91.44
Q4IB70,True,84.38
B2CNY4,True,88.5
Q02906,True,95.62
P34216,True,57.03
O42963,True,68.06
Q99271,True,63.47
Q3V096,True,80.81
V5IPE4,True,96.81
Q46339,True,95.62
O94342,True,82.81
A4FV08,True,95.94
F1RBC8,True,80.44
Q4WES9,True,95.31
K7NCX6,False,
Q568H3,True,90.19
Q39021,True,90.19
Q59RG0,True,80.81
O74772,True,90.25
O13904,True,70.0
A6RK67,True,92.31
A0A084AFG9,True,64.69
Q9P4B5,True,94.88
Q12690,True,92.81
O13844,True,87.06
O94255,True,73.31
Q09833,True,84.75
Q9UNY4,True,62.09
A4JF81,True,90.06
A6SSW6,True,80.81
Q9F7E4,True,96.5
Q2JRC6,True,93.88
Q57517,True,97.06
P54964,True,81.5
B8MV59,True,82.12
Q9Y2S2,True,96.44
Q5GFD8,True,81.38
Q6FKD4,True,87.06
O61847,True,82.19
O88866,True,62.03
P06785,True,95.94
Q75ZG3,True,94.56
P32335,True,84.75
Q0D1P2,True,90.75
A0A3L6DPG1,True,80.06
Q4UKR8,True,76.56
Q7SDH9,True,81.19
Q6BIJ0,True,95.06
Q4WT40,True,86.44
P54789,True,72.75
Q6P0H7,True,96.56
W6QY29,True,91.31
O59821,True,87.0
B8NKS1,True,65.5
P39875,True,68.06
P22142,True,83.5
Q2QAV0,True,80.12
O28142,True,93.19
O74311,True,95.44
Q0ZQ39,True,91.06
Q7U0Y2,True,94.81
Q8TFZ1,True,73.12
Q1K6U7,True,76.19
O74455,True,96.31
Q0CZG6,True,79.25
Q76NT0,True,57.0
Q7S743,True,92.25
Q8X1P1,True,89.94
Q4WUA0,True,68.19
H6C7U6,True,72.12
Q1DTR6,True,80.5
Q9FM01,True,94.75
P00505,True,94.25
P78825,True,95.5
Q2GFU1,True,94.81
P32091,True,93.25
O13910,True,70.62
A0AAD6NF83,True,93.38
Q12676,True,94.44
Q0KBC7,True,97.25
Q9FN92,True,79.75
Q4WZ70,True,94.0
Q01356,True,73.06
Q8LDK3,True,65.56
O60163,True,85.56
B6U151,True,90.62
P38281,True,91.5
Q09909,True,70.88
Q4WVH4,True,80.38
Q09925,True,87.25
P14262,True,93.44
Q9SIQ9,True,82.06
A4R8D7,True,80.44
Q5ANG4,True,71.12
P19262,True,74.88
Q9UT42,True,69.12
P96710,True,88.06
