UniProt_accession,Protein_name,Gene,Length
A0ABR0T544,2-dehydropantoate 2-reductase,QM012_005404,339
A0ABR0T591,Uncharacterized protein,QM012_005256,236
A0ABR0T5W1,CFEM domain-containing protein,QM012_005506,628
A0ABR0T648,Uncharacterized protein,QM012_005368,315
A0ABR0T682,"Protoheme IX farnesyltransferase, mitochondrial",QM012_005000,441
A0ABR0T6C3,NADP-dependent L-serine/L-allo-threonine dehydrogenase ydfG,QM012_005066,267
A0ABR0T6D7,NAD(P)-binding domain-containing protein,QM012_004997,269
A0ABR0T6J6,MARVEL domain-containing protein,QM012_005278,173
A0ABR0T6Y4,Major facilitator superfamily (MFS) profile domain-containing protein,QM012_005097,565
A0ABR0T829,Short chain dehydrogenase/reductase,QM012_004119,329
A0ABR0T899,Nucleotide-diphospho-sugar transferase,QM012_003882,626
A0ABR0T8J9,Secreted protein,QM012_003429,368
A0ABR0T8S3,NAD(P)-binding protein,QM012_003565,333
A0ABR0T8X3,Major facilitator superfamily (MFS) profile domain-containing protein,QM012_003671,516
A0ABR0T940,Uncharacterized protein,QM012_003036,105
A0ABR0T9E4,Uncharacterized protein,QM012_003087,146
A0ABR0T9H9,Zn(2)-C6 fungal-type domain-containing protein,QM012_003180,822
A0ABR0T9K9,Core domain-containing protein,QM012_003208,207
A0ABR0T9M0,Phospholipid/glycerol acyltransferase domain-containing protein,QM012_003085,796
A0ABR0T9S4,Uncharacterized protein,QM012_003067,257
A0ABR0T9W8,Aldehyde dehydrogenase,QM012_002565,533
A0ABR0TAS4,coproporphyrinogen oxidase,QM012_002830,415
A0ABR0TAU1,Autophagy-related protein,QM012_002884,119
A0ABR0TB01,Myb/SANT-like domain-containing protein,QM012_002954,329
A0ABR0TB27,Arp2/3 complex 20 kDa,QM012_003229,150
A0ABR0TBB7,Uncharacterized protein,QM012_002228,281
A0ABR0TCB3,Plus3 domain-containing protein,QM012_002911,592
A0ABR0TCE8,Glycosyl hydrolase,QM012_002941,378
A0ABR0TCI4,GPI transamidase-like protein component PIG-U,QM012_001752,428
A0ABR0TD45,ER-bound oxygenase mpaB/mpaB'/Rubber oxygenase catalytic domain-containing protein,QM012_001994,483
A0ABR0TD65,Uncharacterized protein,QM012_002405,637
A0ABR0TD89,40S ribosomal protein S8,QM012_002042,201
A0ABR0TDG3,HECT-type E3 ubiquitin transferase,QM012_002113,3943
A0ABR0TDG5,26S proteasome regulatory subunit 4 homolog,QM012_001238,466
A0ABR0TDS7,Lysine-specific metallo-endopeptidase domain-containing protein,QM012_001334,295
A0ABR0TE27,Vacuolar proton pump subunit B,QM012_001819,507
A0ABR0TE33,Acetyl-CoA synthetase-like protein,QM012_001342,546
A0ABR0TE66,WD40 repeat-like protein,QM012_001913,559
A0ABR0TE71,DNA-directed RNA polymerase subunit,QM012_001468,121
A0ABR0TEP0,Myb-like domain-containing protein,QM012_001643,1558
A0ABR0TF38,CCHC-type domain-containing protein,QM012_001609,228
A0ABR0TFJ4,Nucleolar protein 12,QM012_001441,221
A0ABR0TFP4,Large ribosomal subunit protein uL5m,QM012_001501,381
A0ABR0TFQ2,Uncharacterized protein,QM012_001535,1369
A0ABR0TFS8,Major facilitator superfamily (MFS) profile domain-containing protein,QM012_001531,483
A0ABR0TFX4,NADH:ubiquinone oxidoreductase 20.1kD subunit,QM012_001192,165
A0ABR0TG01,MFS-type drug efflux transporter P55,QM012_001204,557
A0ABR0TG69,MFS general substrate transporter,QM012_009208,491
A0ABR0TGL4,pectinesterase,QM012_009345,390
A0ABR0THJ5,"Saccharopine dehydrogenase [NAD(+), L-lysine-forming]",QM012_009201,374
A0ABR0THN1,Myb-like domain-containing protein,QM012_009530,292
A0ABR0THV4,TMEM1 family protein-like protein,QM012_008777,1485
A0ABR0THW7,Haloacid dehalogenase,QM012_009272,305
A0ABR0TID9,DUF1640-domain-containing protein,QM012_009043,464
A0ABR0TJ93,chitin synthase,QM012_008378,1857
A0ABR0TKP9,PGAM-domain-containing protein,QM012_007782,245
A0ABR0TKZ1,Serine aminopeptidase S33 domain-containing protein,QM012_007693,293
A0ABR0TL40,BTB domain-containing protein,QM012_007942,283
A0ABR0TLJ7,Uncharacterized protein,QM012_007811,416
A0ABR0TM06,BTB domain-containing protein,QM012_007115,480
A0ABR0TM38,Ran-interacting Mog1 protein,QM012_007150,189
A0ABR0TM63,UDP-glucose 6-dehydrogenase,QM012_008113,531
A0ABR0TMB5,Integral membrane protein-like protein,QM012_007230,315
A0ABR0TMJ2,Uncharacterized protein,QM012_007096,181
A0ABR0TMS7,MFS general substrate transporter,QM012_007341,503
A0ABR0TN10,Uncharacterized protein,QM012_007475,599
A0ABR0TNG4,Zn(II)2Cys6 transcription factor,QM012_007519,441
A0ABR0TNL5,BTB domain-containing protein,QM012_007172,479
A0ABR0TNL9,Uncharacterized protein,QM012_007153,299
A0ABR0TNZ3,Microtubule associated protein,QM012_006564,787
A0ABR0TP39,Sin3 binding protein,QM012_006622,389
A0ABR0TPC0,D-xylulose reductase,QM012_006713,361
A0ABR0TPT2,Xaa-Pro dipeptidyl-peptidase C-terminal domain-containing protein,QM012_007592,601
A0ABR0TQT3,Homeobox domain-containing protein,QM012_006871,798
A0ABR0TR63,Uncharacterized protein,QM012_005952,219
A0ABR0TRH2,Transglutaminase-like domain-containing protein,QM012_005920,672
A0ABR0TRH7,Major facilitator superfamily (MFS) profile domain-containing protein,QM012_006047,552
A0ABR0TRJ3,Ribosomal protein L11,QM012_005887,178
A0ABR0TRQ9,O-acyltransferase,QM012_006120,540
A0ABR0TS29,U3 small nucleolar RNA-associated protein 10,QM012_006251,1800
A0ABR0TSF2,ABC transporter domain-containing protein,QM012_006099,651
A0ABR0TSI9,Elongation factor 1-alpha,QM012_005838,731
A0ABR0TSU1,Putative lipoate-protein ligase A,QM012_004342,410
A0ABR0TSX9,Sidoreflexin,QM012_005989,337
A0ABR0TT44,TIP41-domain-containing protein,QM012_006048,272
A0ABR0TTQ1,Uncharacterized protein,QM012_004687,684
A0ABR0TTR4,Galactose oxidase,QM012_006293,432
A0ABR0TU45,U3 small nucleolar RNA-associated protein 6 N-terminal domain-containing protein,QM012_004757,450
A0ABR0TUU2,Uncharacterized protein,QM012_000157,188
A0ABR0TV07,NADP-dependent oxidoreductase domain-containing protein,QM012_004515,297
A0ABR0TVD7,Fe2OG dioxygenase domain-containing protein,QM012_000180,346
A0ABR0TVF9,Subtilisin-like protein,QM012_000275,888
A0ABR0TVQ0,Uncharacterized protein,QM012_004770,861
A0ABR0TVU8,Sodium/hydrogen exchanger,QM012_000526,668
A0ABR0TVV8,THIF-type NAD/FAD binding fold domain-containing protein,QM012_000517,443
A0ABR0TWW7,Vacuolar protein sorting-associated protein 17,QM012_000328,617
A0ABR0TWX3,Wax synthase domain-containing protein,QM012_000627,545
A0ABR0TWY3,Cora-domain-containing protein,QM012_000505,654
A0ABR0TX93,Acyl-CoA dehydrogenase NM domain-like protein,QM012_000493,478
A0ABR0TXX5,Xylanolytic transcriptional activator regulatory domain-containing protein,QM012_000773,825
A0ABR0T4K9,Chromatin associated protein KTI12,QM012_005496,292
A0ABR0T4L4,F-box domain-containing protein,QM012_005560,485
A0ABR0T4X9,Glutamate pyruvate transaminase,QM012_005343,512
A0ABR0T506,Uncharacterized protein,QM012_005537,343
A0ABR0T5Q6,biotin synthase,QM012_005174,397
A0ABR0T5R3,Uncharacterized protein,QM012_005505,145
A0ABR0T6C4,Transcription factor domain-containing protein,QM012_005045,382
A0ABR0T6H9,Uncharacterized protein,QM012_004036,329
A0ABR0T6R9,HIG1 domain-containing protein,QM012_005203,270
A0ABR0T723,Mitochondrial carrier,QM012_004990,405
A0ABR0T746,Small ribosomal subunit protein uS17 N-terminal domain-containing protein,QM012_003906,161
A0ABR0T792,Uncharacterized protein,QM012_005202,292
A0ABR0T8I8,DNA replication licensing factor MCM2,QM012_003478,867
A0ABR0T8N6,RING-type domain-containing protein,QM012_003397,783
A0ABR0T8P3,F-box domain-containing protein,QM012_003524,235
A0ABR0T959,MoaB/Mog domain-containing protein,QM012_002997,679
A0ABR0T9D4,V-SNARE coiled-coil homology domain-containing protein,QM012_003136,110
A0ABR0T9N1,FAD/NAD(P)-binding domain-containing protein,QM012_003455,420
A0ABR0TAD6,Major facilitator superfamily (MFS) profile domain-containing protein,QM012_002724,591
A0ABR0TAQ6,NEDD8-activating enzyme E1 regulatory subunit,QM012_003189,570
A0ABR0TAR4,Tubulin alpha chain,QM012_002859,450
A0ABR0TBH1,Serine/threonine-protein kinase MEC1,QM012_002283,2454
A0ABR0TC64,Protein CASP,QM012_002515,732
A0ABR0TDH2,Integral membrane protein,QM012_001975,271
A0ABR0TDK2,DUF1751-domain-containing protein,QM012_002005,344
A0ABR0TDR3,Eisosome protein 1,QM012_001925,1084
A0ABR0TE09,Major facilitator superfamily (MFS) profile domain-containing protein,QM012_001312,695
A0ABR0TE57,Ankyrin repeat protein-like protein,QM012_001453,175
A0ABR0TEE9,Trm112p-domain-containing protein,QM012_001541,132
A0ABR0TEH0,Vacuolar import and degradation protein-domain-containing protein,QM012_001477,482
A0ABR0TEI1,C2H2-type domain-containing protein,QM012_001578,1181
A0ABR0TFD2,Hypervirulence associated protein TUDOR domain-containing protein,QM012_001396,308
A0ABR0TFM5,T-complex protein 1 subunit epsilon,QM012_001087,548
A0ABR0TFX7,Uncharacterized protein,QM012_001183,373
A0ABR0TG51,Ribosome assembly protein 4,QM012_001650,516
A0ABR0TG83,Protein artemis,QM012_001202,628
A0ABR0TG95,SWI/SNF family DNA-dependent ATPase Ris1,QM012_000790,1265
A0ABR0TGA7,Structure-specific endonuclease subunit SLX4,QM012_009252,1007
A0ABR0TGC0,beta-galactosidase,QM012_009267,727
A0ABR0TGI2,VPS9 domain-containing protein,QM012_009296,740
A0ABR0TGK4,ABC transporter domain-containing protein,QM012_000881,1579
A0ABR0TGP6,histone deacetylase,QM012_009375,674
A0ABR0THL1,Methyltransferase domain-containing protein,QM012_008781,277
A0ABR0THX9,Profilin,QM012_009287,130
A0ABR0TIA6,Uncharacterized protein,QM012_009036,133
A0ABR0TII3,Sugar phosphate transporter domain-containing protein,QM012_008802,545
A0ABR0TIW5,MADS-box domain-containing protein,QM012_008696,580
A0ABR0TJA0,alpha-amylase,QM012_008831,491
A0ABR0TJS4,Uncharacterized protein,QM012_008576,271
A0ABR0TJY3,Rhodopsin,QM012_008589,107
A0ABR0TJY5,Uncharacterized protein,QM012_009090,276
A0ABR0TK18,Major facilitator superfamily (MFS) profile domain-containing protein,QM012_008663,554
A0ABR0TK51,Transcription factor domain-containing protein,QM012_008646,373
A0ABR0TK80,FAD-binding domain-containing protein,QM012_007593,458
A0ABR0TK97,Uncharacterized protein,QM012_008629,282
A0ABR0TKT5,Cyanide hydratase,QM012_008353,364
A0ABR0TKU5,Nucleoporin-domain-containing protein,QM012_007850,1320
A0ABR0TKZ8,Amidoligase enzyme,QM012_007863,466
A0ABR0TL24,Uncharacterized protein,QM012_007917,998
A0ABR0TL74,Glutamine amidotransferase type-2 domain-containing protein,QM012_008503,396
A0ABR0TLE7,Uncharacterized protein,QM012_007951,204
A0ABR0TLG6,Glycosyltransferase family 25 protein,QM012_008627,432
A0ABR0TMB7,Major facilitator superfamily (MFS) profile domain-containing protein,QM012_007209,540
A0ABR0TMK8,"N-acetylgalactosaminide beta-1,3-galactosyltransferase",QM012_007934,472
A0ABR0TMS9,Methyltransferase small domain-containing protein,QM012_007391,248
A0ABR0TN53,Tr-type G domain-containing protein,QM012_007479,853
A0ABR0TNW0,PLP-dependent transferase,QM012_007398,487
A0ABR0TNX8,Carboxylic ester hydrolase,QM012_007227,564
A0ABR0TP62,BAG domain-containing protein,QM012_006639,285
A0ABR0TP65,Uncharacterized protein,QM012_006633,352
A0ABR0TPB7,Magnesium transporter,QM012_006693,141
A0ABR0TPD2,Methyltransferase type 11 domain-containing protein,QM012_006617,356
A0ABR0TQ14,Uncharacterized protein,QM012_006935,265
A0ABR0TQV8,Uncharacterized protein,QM012_005848,592
A0ABR0TQX8,Uncharacterized protein,QM012_005837,595
A0ABR0TR00,Diaminopimelate epimerase-like protein,QM012_005864,303
A0ABR0TRJ8,NAD(P)-binding protein,QM012_005950,351
A0ABR0TRK7,Arrestin-like N-terminal domain-containing protein,QM012_006910,441
A0ABR0TS11,UBX domain-containing protein,QM012_005900,521
A0ABR0TS18,Zn(2)-C6 fungal-type domain-containing protein,QM012_005949,512
A0ABR0TS32,P-loop containing nucleoside triphosphate hydrolase protein,QM012_006257,357
A0ABR0TS99,DUF7730 domain-containing protein,QM012_005748,384
A0ABR0TSB4,beta-glucosidase,QM012_005779,778
A0ABR0TSF5,CENP-V/GFA domain-containing protein,QM012_006345,139
A0ABR0TT43,Xaa-Pro aminopeptidase,QM012_006260,522
A0ABR0TT75,DASH complex subunit DAD3,QM012_004326,89
A0ABR0TTB1,DUF3074 domain-containing protein,QM012_006123,610
A0ABR0TTD9,AP-1 complex subunit sigma-1,QM012_004555,573
A0ABR0TTW0,CS domain-containing protein,QM012_004336,241
A0ABR0TTZ6,Cytochrome P450,QM012_004748,512
A0ABR0TU32,4a-hydroxytetrahydrobiopterin dehydratase,QM012_004810,137
A0ABR0TUK2,Uncharacterized protein,QM012_004806,167
A0ABR0TUW4,ATP-dependent RNA helicase,QM012_000080,793
A0ABR0TV18,C3H1-type domain-containing protein,QM012_000198,359
A0ABR0TV47,Peptidase M20 dimerisation domain-containing protein,QM012_000271,428
A0ABR0TVJ3,Uncharacterized protein,QM012_000397,270
A0ABR0TVM8,Apple domain-containing protein,QM012_000411,403
A0ABR0TW33,RRM domain-containing protein,QM012_000420,820
A0ABR0TWC4,Cap binding protein,QM012_000663,952
A0ABR0TWD4,phosphoserine phosphatase,QM012_000611,386
A0ABR0T4T6,Uncharacterized protein,QM012_005446,84
A0ABR0T536,DUF726-domain-containing protein,QM012_005235,1092
A0ABR0T5D2,P-loop containing nucleoside triphosphate hydrolase protein,QM012_005315,1801
A0ABR0T6Y6,ADP-ribosylation factor GTPase-activating protein,QM012_003843,1131
A0ABR0T7J3,Amino acid transporter transmembrane domain-containing protein,QM012_004989,468
A0ABR0T8C0,Uncharacterized protein,QM012_003408,669
A0ABR0T8G5,HECT-type E3 ubiquitin transferase,QM012_003458,1216
A0ABR0T8I5,Uncharacterized protein,QM012_003473,708
A0ABR0T8X5,"Phosphatidate cytidylyltransferase, mitochondrial",QM012_003424,535
A0ABR0T924,Cytochrome b5 heme-binding domain-containing protein,QM012_003469,135
A0ABR0T963,Gamma interferon inducible lysosomal thiol reductase,QM012_003059,294
A0ABR0T9H4,SHSP domain-containing protein,QM012_003117,164
A0ABR0T9K3,Pyrimidine-specific carbamoyl phosphate synthase-aspartate carbamoyl transferase,QM012_003186,1832
A0ABR0T9S7,ATP-dependent DNA helicase CHL1,QM012_003500,823
A0ABR0T9U3,Protein CFT1,QM012_003286,1401
A0ABR0TAI6,Reverse transcriptase domain-containing protein,QM012_002790,884
A0ABR0TAJ7,Septin-type G domain-containing protein,QM012_002788,379
A0ABR0TAK1,Adenine deaminase,AAH1,358
A0ABR0TAW1,Glycoside hydrolase,QM012_003249,571
A0ABR0TB02,Zn(2)-C6 fungal-type domain-containing protein,QM012_003199,1052
A0ABR0TB73,beta-glucosidase,QM012_002183,651
A0ABR0TB90,Synaptobrevin homolog YKT6,QM012_002204,197
A0ABR0TBB0,S-adenosyl-L-methionine-dependent methyltransferase,QM012_002601,274
A0ABR0TBH4,Glycosyltransferase 2-like domain-containing protein,QM012_002808,500
A0ABR0TBH5,Uncharacterized protein,QM012_002597,1779
A0ABR0TBR1,Prephenate dehydrogenase [NADP(+)],QM012_002373,438
A0ABR0TBU0,Transcription factor domain-containing protein,QM012_002364,495
A0ABR0TBX2,"ClpX, ATPase regulatory subunit",QM012_002842,593
A0ABR0TCB9,RNI-like protein,QM012_001726,961
A0ABR0TCI3,Major facilitator superfamily (MFS) profile domain-containing protein,QM012_002131,545
A0ABR0TCM4,Uncharacterized protein,QM012_002387,596
A0ABR0TCT0,Mediator of RNA polymerase II transcription subunit 21,QM012_001896,174
A0ABR0TDB5,Biogenesis of lysosome-related organelles complex 1 subunit 1,QM012_001882,113
A0ABR0TDE5,Sde2 N-terminal ubiquitin domain-containing protein,QM012_002106,297
A0ABR0TEB0,Actin-like ATPase domain-containing protein,QM012_001432,371
A0ABR0TEP3,Geranylgeranyl transferase type-2 subunit beta,QM012_001644,339
A0ABR0TF35,Copper-fist domain-containing protein,QM012_000893,557
A0ABR0TFH1,Extracellular serine-rich protein,QM012_001023,332
A0ABR0TFL0,Mucin-7,QM012_001072,542
A0ABR0TFU7,Major facilitator superfamily (MFS) profile domain-containing protein,QM012_001161,535
A0ABR0TFY4,Uncharacterized protein,QM012_001206,106
A0ABR0TGM1,Histidine kinase HHK15p,QM012_009341,1215
A0ABR0TGP9,Actin-related protein 8,QM012_009200,711
A0ABR0TIE3,CNH domain-containing protein,QM012_008757,1653
A0ABR0TIL0,CCHC-type domain-containing protein,QM012_009082,183
A0ABR0TIN9,Mediator of RNA polymerase II transcription subunit 1,QM012_008685,716
A0ABR0TJ28,Checkpoint protein,QM012_009104,365
A0ABR0TJA3,Amine oxidase,QM012_008349,674
A0ABR0TJJ9,DUF7082 domain-containing protein,QM012_008374,754
A0ABR0TJT7,Beta-xylanase,QM012_008464,428
A0ABR0TJW6,Uncharacterized protein,QM012_008294,567
A0ABR0TJZ7,NAD-dependent protein deacetylase,QM012_008645,395
A0ABR0TK31,Xylosidase,QM012_008634,322
A0ABR0TKM1,Uncharacterized protein,QM012_007775,87
A0ABR0TLH8,Major facilitator superfamily (MFS) profile domain-containing protein,QM012_008074,578
A0ABR0TLV9,Phospholipase D/nuclease,QM012_007679,576
A0ABR0TLW1,Gpi1-domain-containing protein,QM012_007075,629
A0ABR0TMH0,Transmembrane protein 135 N-terminal domain-containing protein,QM012_007285,540
A0ABR0TMV1,Uncharacterized protein,QM012_007403,113
A0ABR0TN48,NADH-ubiquinone oxidoreductase 9.5 kDa subunit,QM012_007173,75
A0ABR0TNG2,Sulfatase N-terminal domain-containing protein,QM012_006398,638
A0ABR0TNI9,Apple domain-containing protein,QM012_006408,368
A0ABR0TNL4,Conserved oligomeric Golgi complex subunit 5,QM012_007323,451
A0ABR0TP66,MICOS complex subunit MIC10,QM012_006649,99
A0ABR0TP89,DUF221-domain-containing protein,QM012_006663,872
A0ABR0TPC5,uracil phosphoribosyltransferase,QM012_006699,229
A0ABR0TPI1,DUF1989 domain-containing protein,QM012_006748,666
A0ABR0TPP3,Glycine zipper 2TM domain-containing protein,QM012_006801,204
A0ABR0TPR0,Leucine rich repeat protein,QM012_006496,692
A0ABR0TQ22,MFS general substrate transporter,QM012_006450,598
A0ABR0TR22,Zinc finger C2H2 LYAR-type domain-containing protein,QM012_005907,303
A0ABR0TR81,Phosphoglycerate mutase-like protein,QM012_006855,258
A0ABR0TRF9,Integral membrane protein,QM012_006036,199
A0ABR0TRX1,Phosphotransferase,QM012_005693,491
A0ABR0TSA6,DUF1941-domain-containing protein,QM012_006346,607
A0ABR0TSS9,Ubiquitin-like domain-containing protein,QM012_004307,229
A0ABR0TSX6,Uncharacterized protein,QM012_004352,708
A0ABR0TT72,Phospholipase D/nuclease,QM012_006078,595
A0ABR0TTG5,RGS domain-containing protein,QM012_004431,450
A0ABR0TTR1,non-specific serine/threonine protein kinase,QM012_004355,978
A0ABR0TTR8,Calcineurin subunit B,QM012_006259,174
A0ABR0TTT1,Smr domain-containing protein,QM012_004677,262
A0ABR0TTU4,Uncharacterized protein,QM012_004321,694
A0ABR0TTX1,C2H2-type domain-containing protein,QM012_004738,714
A0ABR0TU55,Anp1-domain-containing protein,QM012_004808,522
A0ABR0TU64,Oxidase ustYa,QM012_004578,276
A0ABR0TUD8,"Fructose-1,6-bisphosphatase",QM012_004274,351
A0ABR0TUI5,endo-polygalacturonase,QM012_000061,369
A0ABR0TUN3,DNA replication licensing factor MCM6,QM012_004836,949
A0ABR0TV24,isopentenyl-diphosphate Delta-isomerase,QM012_004835,266
A0ABR0TW20,Adenylyltransferase and sulfurtransferase uba4,uba4,490
A0ABR0TW63,Amino acid transporter,QM012_000039,526
A0ABR0TWB8,proteasome endopeptidase complex,QM012_000636,276
A0ABR0TWI3,HRQ family protein,QM012_000711,501
A0ABR0TWM4,SMP-LTD domain-containing protein,QM012_000385,1022
A0ABR0TWQ5,HAD-superfamily hydrolase,QM012_000415,399
A0ABR0TWS8,"Arginine biosynthesis bifunctional protein ArgJ, mitochondrial",QM012_000279,512
A0ABR0TX04,Cercosporin MFS transporter CTB4,QM012_000765,554
A0ABR0TXK1,Uncharacterized protein,QM012_000624,88
A0ABR0TXN2,Uncharacterized protein,QM012_000593,45
A0A4T0CKX7,RNA helicase,QM012_008266,400
A0ABR0T4Y7,Uncharacterized protein,QM012_005386,356
A0ABR0T5Z1,AB hydrolase-1 domain-containing protein,QM012_004941,393
A0ABR0T636,Glutaminase,QM012_004986,803
A0ABR0T6B3,Protein phosphatase methylesterase 1,QM012_005232,386
A0ABR0T7B5,D-serine dehydratase-like domain-containing protein,QM012_003981,447
A0ABR0T7D4,DNA mismatch repair protein,QM012_005008,1181
A0ABR0T7G6,Septin-type G domain-containing protein,QM012_004959,501
A0ABR0T7H2,Ecp2 effector protein domain-containing protein,QM012_003634,139
A0ABR0T7I1,F-box domain-containing protein,QM012_003654,189
A0ABR0T7S2,Transcription factor domain-containing protein,QM012_005064,869
A0ABR0T8F1,RRM domain-containing protein,QM012_003443,572
A0ABR0T8N5,Mannosyltransferase,QM012_003334,636
A0ABR0T9E9,Glycoside hydrolase/deacetylase,QM012_003025,575
A0ABR0TA25,Cercosporin MFS transporter CTB4,QM012_002622,598
A0ABR0TAI4,Uncharacterized protein,QM012_003063,169
A0ABR0TB61,WD40 repeat-like protein,QM012_002688,398
A0ABR0TBR4,Dipeptidase,QM012_002179,416
A0ABR0TBT6,Cyclin-like protein,QM012_002257,439
A0ABR0TC08,separase,QM012_002792,2029
A0ABR0TC85,SHSP domain-containing protein,QM012_001694,248
A0ABR0TCK3,ferroxidase,QM012_001814,196
A0ABR0TCR8,Structural maintenance of chromosomes protein,QM012_002221,1412
A0ABR0TD42,Ribosome biogenesis regulatory protein,QM012_001977,205
A0ABR0TDD1,Apple domain-containing protein,QM012_002465,577
A0ABR0TDS8,2-epi-5-epi-valiolone synthase-like protein,QM012_001338,474
A0ABR0TE45,Glucose-6-phosphate 1-dehydrogenase,QM012_001264,512
A0ABR0TEA4,Rheb small monomeric GTPase RhbA,QM012_001247,187
A0ABR0TEA9,WSC domain-containing protein,QM012_001503,506
A0ABR0TEH9,2-(3-amino-3-carboxypropyl)histidine synthase subunit 1,QM012_002033,450
A0ABR0TEJ1,ABC transporter,QM012_001584,1292
A0ABR0TEN6,GTP cyclohydrolase II,QM012_001251,544
A0ABR0TEV9,Uncharacterized protein,QM012_000800,703
A0ABR0TF93,Mitochondrial distribution and morphology protein 10,MDM10,412
A0ABR0TFL3,DUF8004 domain-containing protein,QM012_001070,572
A0ABR0TFX2,Uncharacterized protein,QM012_000867,1062
A0ABR0TGB6,Zn(2)-C6 fungal-type domain-containing protein,QM012_009253,1011
A0ABR0TGJ4,DUF1688-domain-containing protein,QM012_009334,421
A0ABR0THA3,"ATP synthase subunit 9, mitochondrial",QM012_009580,139
A0ABR0THZ7,Transcription elongation factor,QM012_008887,300
A0ABR0TI17,Proteasome assembly chaperone 3,QM012_008837,152
A0ABR0TIH7,MFS general substrate transporter,QM012_008731,550
A0ABR0TIJ3,Mak10-domain-containing protein,QM012_009067,762
A0ABR0TIJ9,"glucan 1,3-beta-glucosidase",QM012_009114,538
A0ABR0TIK2,Myb-like domain-containing protein,QM012_009110,380
A0ABR0TIV2,Ribonuclease,QM012_009107,345
A0ABR0TIW3,Uncharacterized protein,QM012_008196,87
A0ABR0TIW6,Cystathionine beta-synthase,QM012_008937,163
A0ABR0TJ01,AMP-dependent synthetase/ligase domain-containing protein,QM012_008290,559
A0ABR0TJ32,Kinesin-like protein,QM012_008315,590
A0ABR0TJ65,Multiple myeloma tumor-associated protein 2-like N-terminal domain-containing protein,QM012_009027,219
A0ABR0TK05,Ras small monomeric GTPase-like protein RasB,QM012_008601,232
A0ABR0TK24,Transcription factor domain-containing protein,QM012_008554,294
A0ABR0TK52,DNA topoisomerase (ATP-hydrolyzing),QM012_008491,398
A0ABR0TKF6,Major facilitator superfamily (MFS) profile domain-containing protein,QM012_007668,536
A0ABR0TKK9,Tyrosine specific protein phosphatases domain-containing protein,QM012_008549,843
A0ABR0TKM8,Glutamine amidotransferase domain-containing protein,QM012_007787,397
A0ABR0TKM9,DUF4211 domain-containing protein,QM012_007743,684
A0ABR0TL86,4Fe-4S ferredoxin-type domain-containing protein,QM012_007971,226
A0ABR0TLR1,COP9 signalosome complex subunit 5,QM012_007634,349
A0ABR0TLW7,BZIP domain-containing protein,QM012_007091,429
A0ABR0TLX6,Proteasome subunit beta,QM012_007694,230
A0ABR0TLY2,TATA element modulatory factor 1 TATA binding domain-containing protein,QM012_007946,891
A0ABR0TMB2,Rhodopsin domain-containing protein,QM012_007225,878
A0ABR0TN47,UBZ4-type domain-containing protein,QM012_007306,173
A0ABR0TNH7,Mediator of RNA polymerase II transcription subunit 17,MED17,619
A0ABR0TNQ2,Uncharacterized protein,QM012_006488,413
A0ABR0TNY6,Tetratricopeptide repeat and J domain-containing co-chaperone DNJ1,QM012_007292,528
A0ABR0TP22,PDZ GRASP-type domain-containing protein,QM012_007473,347
A0ABR0TPM9,Replication protein A OB domain-containing protein,QM012_006466,376
A0ABR0TPN3,Arrestin C-terminal-like domain-containing protein,QM012_006629,865
A0ABR0TQ30,Xylanolytic transcriptional activator regulatory domain-containing protein,QM012_006950,338
A0ABR0TQ50,SET domain-containing protein,QM012_006809,509
A0ABR0TQC6,Glycosyltransferase family 2 protein,QM012_006555,1407
A0ABR0TQK2,Autophagy-related protein 16 domain-containing protein,QM012_005728,324
A0ABR0TQP5,Mitochondrial outer membrane protein (Sam35),QM012_006595,292
A0ABR0TQS7,Sugar phosphate transporter domain-containing protein,QM012_005821,534
A0ABR0TR56,Uncharacterized protein,QM012_005931,467
A0ABR0TRW6,Phosphoglycerate mutase-like protein,QM012_006007,256
A0ABR0TS95,Cupin type-2 domain-containing protein,QM012_006343,183
A0ABR0TSQ7,EF-hand domain-containing protein,QM012_004288,277
A0ABR0TSS0,Major facilitator superfamily (MFS) profile domain-containing protein,QM012_004286,545
A0ABR0TST1,Serine/threonine-protein kinase RIO2,QM012_004318,455
A0ABR0TST8,Uncharacterized protein,QM012_005993,244
A0ABR0TSW6,Beta-xylanase,QM012_005973,401
A0ABR0TSW8,"ATP synthase subunit K, mitochondrial",QM012_004372,72
A0ABR0TSY4,Uncharacterized protein,QM012_006038,57
A0ABR0TT37,Uncharacterized protein,QM012_006083,688
A0ABR0TTS7,S-adenosyl-L-methionine-dependent methyltransferase,QM012_004306,338
A0ABR0TU22,Xaa-Pro aminopeptidase,QM012_004626,464
A0ABR0TU44,Nucleotide-diphospho-sugar transferase,QM012_004837,819
A0ABR0TU63,L domain-like protein,QM012_004812,1003
A0ABR0TU96,DNA polymerase delta subunit 3,QM012_004842,446
A0ABR0TUC6,Actin interacting protein 3 C-terminal domain-containing protein,QM012_004638,1077
A0ABR0TUQ1,Glucosamine 6-phosphate N-acetyltransferase,QM012_004410,175
A0ABR0TUS5,Uncharacterized protein,QM012_000111,410
A0ABR0TV82,Uncharacterized protein,QM012_004895,834
A0ABR0TVE7,Importin N-terminal domain-containing protein,QM012_000347,1085
A0ABR0TWP0,Uncharacterized protein,QM012_000400,628
A0ABR0TXI9,Pentacotripeptide-repeat region of PRORP domain-containing protein,QM012_000548,986
A0A4S9EF04,Mitochondrial import inner membrane translocase subunit,QM012_006032,96
A0ABR0T4U4,Uncharacterized protein,QM012_005542,55
A0ABR0T5E8,Diacylglycerol O-acyltransferase,QM012_005312,498
A0ABR0T5L1,Major facilitator superfamily (MFS) profile domain-containing protein,QM012_005124,460
A0ABR0T5M4,Protein kinase domain-containing protein,QM012_005137,338
A0ABR0T5M7,LPXTG-domain-containing protein,QM012_005144,341
A0ABR0T630,NAD(P)-binding domain-containing protein,QM012_004981,347
A0ABR0T673,Amidohydrolase-related domain-containing protein,QM012_005026,936
A0ABR0T6L0,Inositol polyphosphate-related phosphatase domain-containing protein,QM012_004064,1059
A0ABR0T6L6,Kinase-like protein,QM012_005322,371
A0ABR0T758,Carboxylesterase type B domain-containing protein,QM012_004933,714
A0ABR0T761,Alpha/beta hydrolase fold-3 domain-containing protein,QM012_003918,351
A0ABR0T816,NCS1 nucleoside transporter family protein-like protein,QM012_003630,565
A0ABR0T8H4,Transmembrane protein,QM012_003913,151
A0ABR0T928,Rpr2-domain-containing protein,QM012_003030,220
A0ABR0T941,GH16 domain-containing protein,QM012_003484,385
A0ABR0T9B9,D-amino-acid oxidase,QM012_003120,367
A0ABR0T9Q0,Galactose mutarotase-like protein,QM012_003391,216
A0ABR0T9Y2,"endo-1,3(4)-beta-glucanase",QM012_002559,369
A0ABR0TA12,BZIP domain-containing protein,QM012_002606,500
A0ABR0TAT4,"Peptidase A22B, signal peptide peptidase",QM012_003139,655
A0ABR0TB45,DUF7165 domain-containing protein,QM012_002159,1559
A0ABR0TBE2,Peroxisomal membrane protein PEX16,QM012_002885,380
A0ABR0TBQ7,Amino acid transporter,QM012_002687,569
A0ABR0TBZ2,TRUD domain-containing protein,QM012_002453,782
A0ABR0TC11,histidine kinase,QM012_002162,762
A0ABR0TC84,Sof1-like protein domain-containing protein,QM012_002881,446
A0ABR0TCE1,SET domain-containing protein,QM012_001754,480
A0ABR0TCP5,WD40 repeat-like protein,QM012_002524,395
A0ABR0TCQ4,Major facilitator superfamily (MFS) profile domain-containing protein,QM012_001827,627
A0ABR0TCY0,WD40 repeat-like protein,QM012_001937,454
A0ABR0TD83,Major facilitator superfamily (MFS) profile domain-containing protein,QM012_002041,551
A0ABR0TDD5,N-acetyltransferase domain-containing protein,QM012_001930,187
A0ABR0TDM4,Actin cytoskeleton-regulatory complex protein SLA1,QM012_001286,1135
A0ABR0TDP7,Uncharacterized protein,QM012_001698,78
A0ABR0TE13,Mitochondrial carrier,QM012_001420,312
A0ABR0TE21,Phospho-2-dehydro-3-deoxyheptonate aldolase,QM012_001929,377
A0ABR0TE83,Xylose isomerase-like TIM barrel domain-containing protein,QM012_001928,346
A0ABR0TEF5,Tyrosinase copper-binding domain-containing protein,QM012_001558,414
A0ABR0TER2,HNH nuclease domain-containing protein,QM012_001662,287
A0ABR0TFN4,NADH:flavin oxidoreductase/NADH oxidase N-terminal domain-containing protein,QM012_001093,429
A0ABR0TFN7,NIMA interactive protein,QM012_001520,581
A0ABR0TFN8,E2 ubiquitin-conjugating enzyme,QM012_001486,221
A0ABR0TFR4,Rab-GAP TBC domain-containing protein,QM012_001115,946
A0ABR0TGB7,Cupin type-2 domain-containing protein,QM012_000855,128
A0ABR0TGZ5,Arp2/3 complex 34 kDa subunit,QM012_009480,318
A0ABR0TH36,Phosphoribosyltransferase domain-containing protein,QM012_009335,204
A0ABR0THF7,NAD(P)-binding protein,QM012_001195,339
A0ABR0THK5,Dynein light intermediate chain,QM012_008749,535
A0ABR0TIB6,Uncharacterized protein,QM012_008849,842
A0ABR0TID1,Prion-inhibition and propagation HeLo domain-containing protein,QM012_009051,237
A0ABR0TIE7,Uncharacterized protein,QM012_009053,53
A0ABR0TIS7,RNA helicase,QM012_008836,1281
A0ABR0TJG6,Transcription factor tau subunit sfc1,QM012_008251,568
A0ABR0TJW8,Cysteine synthase 1,QM012_008580,378
A0ABR0TK46,FAD/NAD(P)-binding domain-containing protein,QM012_007609,205
A0ABR0TK50,Uncharacterized protein,QM012_008584,405
A0ABR0TKH4,NAD(P)-binding protein,QM012_007621,306
A0ABR0TKL3,UBA domain-containing protein,QM012_008493,908
A0ABR0TLL4,Zn(2)-C6 fungal-type domain-containing protein,QM012_007755,613
A0ABR0TLR3,VWFA domain-containing protein,QM012_007871,303
A0ABR0TLY3,HMG box domain-containing protein,QM012_008131,482
A0ABR0TMM3,BRCT domain-containing protein,QM012_007949,320
A0ABR0TMY5,NADH dehydrogenase [ubiquinone] 1 beta subcomplex subunit 9,QM012_007436,97
A0ABR0TNA1,Intradiol ring-cleavage dioxygenases domain-containing protein,QM012_007551,370
A0ABR0TNN1,Transaldolase,QM012_007168,327
A0ABR0TNT1,Peroxidase,QM012_006493,319
A0ABR0TPU4,RNA helicase,QM012_006877,1155
A0ABR0TQ98,3-dehydroquinate synthase,QM012_007014,388
A0ABR0TQB8,CP-type G domain-containing protein,QM012_006869,530
A0ABR0TQF5,Uncharacterized protein,QM012_005686,129
A0ABR0TQV9,Asl1-like glycosyl hydrolase catalytic domain-containing protein,QM012_005819,314
A0ABR0TQZ0,Galactose mutarotase-like protein,QM012_005852,409
A0ABR0TR02,AAA+ ATPase domain-containing protein,QM012_005892,1185
A0ABR0TR07,Uncharacterized protein,QM012_005755,97
A0ABR0TR39,"Flavonoid 3',5'-hydroxylase",QM012_005910,490
A0ABR0TR75,Glucose-methanol-choline oxidoreductase N-terminal domain-containing protein,QM012_005966,590
A0ABR0TR93,NAD(P)-binding protein,QM012_005982,305
A0ABR0TRM7,J domain-containing protein,QM012_006090,382
A0ABR0TRP3,Zn(2)-C6 fungal-type domain-containing protein,QM012_006122,1021
A0ABR0TRY2,WIBG Mago-binding domain-containing protein,QM012_005870,200
A0ABR0TS47,Hemerythrin-like domain-containing protein,QM012_005979,265
A0ABR0TT53,Uncharacterized protein,QM012_004406,199
A0ABR0TT78,N-acetyltransferase domain-containing protein,QM012_004341,226
A0ABR0TTP6,Serine/threonine-protein phosphatase,QM012_004340,463
A0ABR0TTQ6,Enoyl reductase (ER) domain-containing protein,QM012_004647,370
A0ABR0TTU7,Uncharacterized protein,QM012_004732,175
A0ABR0TUF4,dual-specificity kinase,QM012_004531,1519
A0ABR0TUU1,DUF221-domain-containing protein,QM012_000086,822
A0ABR0TV11,GroES-like protein,QM012_004741,389
A0ABR0TV74,Transcription factor domain-containing protein,QM012_000027,701
A0ABR0TVC0,"DnaJ homolog 1, mitochondrial",QM012_004604,532
A0ABR0TVH9,DUF654-domain-containing protein,QM012_004906,697
A0ABR0TVS9,eRF1/Pelota-like N-terminal domain-containing protein,QM012_000499,516
A0ABR0TVW9,Uncharacterized protein,QM012_000267,540
A0ABR0TW45,Mitochondrial thiamine pyrophosphate carrier 1,QM012_000435,580
A0ABR0TWB6,Uncharacterized protein,QM012_000679,357
A0ABR0TWD3,Polyadenylation factor subunit 2,QM012_000590,628
A0ABR0TWF7,Uncharacterized protein,QM012_000144,189
A0ABR0TWU4,MINDY deubiquitinase domain-containing protein,QM012_000690,932
A0ABR0T4L6,Uncharacterized protein,QM012_005499,462
A0ABR0T5P9,FHA domain-containing protein,QM012_005179,380
A0ABR0T696,Uncharacterized protein,QM012_005482,352
A0ABR0T6G5,Ribulose-phosphate 3-epimerase,QM012_004019,249
A0ABR0T7C3,Alpha-actinin-2,QM012_004132,636
A0ABR0T7E4,Xylanolytic transcriptional activator regulatory domain-containing protein,QM012_003606,772
A0ABR0T818,Amino acid transporter transmembrane domain-containing protein,QM012_003311,479
A0ABR0T820,Quinate transporter,QM012_003314,533
A0ABR0T870,Tubulin-specific chaperone A,QM012_003370,113
A0ABR0T8W2,MoaB/Mog domain-containing protein,QM012_003627,290
A0ABR0T937,DUF5127 domain-containing protein,QM012_003752,329
A0ABR0T983,AFG1-like ATPase,QM012_003797,419
A0ABR0T9Q1,Cercosporin MFS transporter CTB4,QM012_003572,546
A0ABR0TA96,Aminoglycoside phosphotransferase domain-containing protein,QM012_002635,312
A0ABR0TAE0,Nudix hydrolase domain-containing protein,QM012_003068,381
A0ABR0TAJ8,fumarate hydratase,QM012_003230,508
A0ABR0TB32,MalT-like TPR region domain-containing protein,QM012_002144,248
A0ABR0TBG3,Eukaryotic translation initiation factor 3 subunit C,NIP1,854
A0ABR0TBG8,WKF domain-containing protein,QM012_002915,546
A0ABR0TBH9,Phage protein,QM012_002291,86
A0ABR0TBI7,Nuclear protein DGCR14,QM012_002823,472
A0ABR0TBQ6,BZIP domain-containing protein,QM012_002366,480
A0ABR0TCA7,Vps52-domain-containing protein,QM012_001711,652
A0ABR0TCF6,3-hydroxy-3-methylglutaryl coenzyme A reductase,QM012_001761,1119
A0ABR0TCJ4,SART-1 protein,QM012_002146,661
A0ABR0TCQ5,ABC multidrug transporter atrF,QM012_001861,1537
A0ABR0TCV0,NmrA-like domain-containing protein,QM012_001907,307
A0ABR0TD67,Fe2OG dioxygenase domain-containing protein,QM012_002466,379
A0ABR0TDE7,CNH domain-containing protein,QM012_002082,1040
A0ABR0TDJ3,Uncharacterized protein,QM012_002491,442
A0ABR0TE29,Uncharacterized protein,QM012_002045,569
A0ABR0TE62,ER transporter 6TM N-terminal domain-containing protein,QM012_001451,1077
A0ABR0TE64,BHLH domain-containing protein,QM012_002090,474
A0ABR0TE69,NADH dehydrogenase [ubiquinone] iron-sulfur protein 5,QM012_001473,116
A0ABR0TEH8,Glycoside hydrolase family 125 protein,QM012_001998,514
A0ABR0TEQ2,DNA/RNA-binding protein Alba-like domain-containing protein,QM012_001653,147
A0ABR0TEX4,Tropomyosin,QM012_001442,161
A0ABR0TEZ7,Serine/threonine-protein kinase BUR1,QM012_001261,550
A0ABR0TFB0,BTB domain-containing protein,QM012_000967,224
A0ABR0TFG3,Cellulase,QM012_001018,348
A0ABR0TFN0,DUF125-domain-containing protein,QM012_001007,286
A0ABR0TFN6,DUF1752-domain-containing protein,QM012_001083,559
A0ABR0TFR7,FAD-binding FR-type domain-containing protein,QM012_000807,763
A0ABR0TGE1,Major facilitator superfamily (MFS) profile domain-containing protein,QM012_009188,542
A0ABR0TGL9,Multiple RNA-binding domain-containing protein 1,QM012_000910,819
A0ABR0TGY4,Oxysterol-binding protein,QM012_009477,523
A0ABR0TH30,amidase,QM012_009514,569
A0ABR0TH90,Lysophospholipase A,QM012_009565,328
A0ABR0THG6,Uncharacterized protein,QM012_009262,196
A0ABR0THK0,Uncharacterized protein,QM012_008763,356
A0ABR0TI21,Acyl-CoA N-acyltransferase VerG N-terminal domain-containing protein,QM012_008943,350
A0ABR0TI86,Uncharacterized protein,QM012_009021,244
A0ABR0TIB2,Uncharacterized protein,QM012_009033,229
A0ABR0TIB3,DNA excision repair protein,QM012_009471,1009
A0ABR0TIH2,PSP proline-rich domain-containing protein,QM012_009084,596
A0ABR0TIJ2,Autophagy-related protein 11,QM012_009511,1474
A0ABR0TIJ5,NAD-dependent epimerase/dehydratase domain-containing protein,QM012_009561,292
A0ABR0TIP2,Major facilitator superfamily (MFS) profile domain-containing protein,QM012_008170,547
A0ABR0TIU8,Amino acid permease/ SLC12A domain-containing protein,QM012_008231,549
A0ABR0TJ73,tRNA-splicing endonuclease subunit Sen2,QM012_008319,469
A0ABR0TK83,Integral membrane protein TmpA,QM012_009145,488
A0ABR0TKD4,Serine/threonine-protein phosphatase 2A 56 kDa regulatory subunit,QM012_008252,645
A0ABR0TKK7,RNA polymerase II holoenzyme cyclin-like subunit,QM012_007737,383
A0ABR0TKU9,Defective in cullin neddylation protein,QM012_007648,250
A0ABR0TKX7,C3H1-type domain-containing protein,QM012_007879,532
A0ABR0TLH6,Putative gamma-glutamylcyclotransferase,QM012_008607,236
A0ABR0TME9,PB1 domain-containing protein,QM012_007252,562
A0ABR0TMF0,Karyogamy protein,QM012_008126,831
A0ABR0TMH5,E2 ubiquitin-conjugating enzyme,QM012_008070,138
A0ABR0TMI4,Catalase,QM012_007282,571
A0ABR0TMM1,PNPLA domain-containing protein,QM012_007930,628
A0ABR0TMT4,Bicarbonate transporter-like transmembrane domain-containing protein,QM012_008005,611
A0ABR0TMW4,Cupin 2 conserved barrel domain-containing protein,QM012_008054,226
A0ABR0TMY2,Superoxide dismutase [Cu-Zn],QM012_007169,154
A0ABR0TNB7,Thiolase-like protein,QM012_007571,343
A0ABR0TNS7,tripeptidyl-peptidase II,QM012_006407,648
A0ABR0TP69,Nucleolar protein 16,QM012_006653,232
A0ABR0TP85,DNA 3'-5' helicase,QM012_007397,1508
A0ABR0TPH6,Uncharacterized protein,QM012_006769,64
A0ABR0TPS5,Uncharacterized protein,QM012_006862,1032
A0ABR0TQ40,Enoyl reductase (ER) domain-containing protein,QM012_006631,356
A0ABR0TQF1,MAPEG-domain-containing protein,QM012_006962,159
A0ABR0TQW2,J domain-containing protein,QM012_005846,976
A0ABR0TRA1,Large ribosomal subunit protein bL33m,QM012_005797,59
A0ABR0TRD8,FAD-binding FR-type domain-containing protein,QM012_006031,560
A0ABR0TRF6,MARVEL domain-containing protein,QM012_006043,297
A0ABR0TRZ2,Alpha-L-arabinofuranosidase,QM012_005659,498
A0ABR0TS21,COX assembly mitochondrial protein,QM012_006239,152
A0ABR0TS87,Uncharacterized protein,QM012_006311,334
A0ABR0TSL4,Complex III subunit 9,QM012_005869,65
A0ABR0TT23,Ysc84 actin-binding domain-containing protein,QM012_006309,657
A0ABR0TT63,Adenylyl-sulfate kinase,QM012_004467,206
A0ABR0TTD6,ribonuclease H,QM012_006138,305
A0ABR0TTE1,SWR1-complex protein 5,QM012_006153,343
A0ABR0TU10,Bifunctional cytochrome P450/NADPH--P450 reductase,QM012_004749,1067
A0ABR0TV23,Phosphatidylethanolamine N-methyltransferase,QM012_004756,965
A0ABR0TW31,RRM domain-containing protein,QM012_000561,370
A0ABR0TW37,HpcH/HpaI aldolase/citrate lyase domain-containing protein,QM012_000009,255
A0ABR0TX07,P-loop containing nucleoside triphosphate hydrolase protein,QM012_000535,1644
A0ABR0TX95,"RNA polymerase I associated factor, A49-like protein",QM012_000749,435
A0ABR0T551,Fe2OG dioxygenase domain-containing protein,QM012_005250,409
A0ABR0T552,Methyltransferase domain-containing protein,QM012_005458,264
A0ABR0T5D9,Xylanolytic transcriptional activator regulatory domain-containing protein,QM012_005417,438
A0ABR0T5F9,ZIP zinc/iron transport family,QM012_005328,353
A0ABR0T6G7,SCA7 domain-containing protein,QM012_005277,101
A0ABR0T6T8,Chaps-domain-containing protein,QM012_005131,677
A0ABR0T6W4,NPD-domain-containing protein,QM012_005161,358
A0ABR0T7A6,Uncharacterized protein,QM012_005217,371
A0ABR0T7F0,FAD-binding domain-containing protein,QM012_003622,445
A0ABR0T7N3,MMS19 nucleotide excision repair protein,QM012_004100,1020
A0ABR0T7T3,NAD(P)-binding protein,QM012_004038,95
A0ABR0T7W7,Uncharacterized protein,QM012_003789,515
A0ABR0T7Y5,MFS monocarboxylate transporter-like protein,QM012_003803,461
A0ABR0T8B5,Zn(2)-C6 fungal-type domain-containing protein,QM012_003339,730
A0ABR0T910,Vacuolar protein sorting-associated protein 29,QM012_003766,223
A0ABR0T971,Xylanolytic transcriptional activator regulatory domain-containing protein,QM012_003305,609
A0ABR0T9D3,Biogenesis of lysosome-related organelles complex 1 subunit KXD1,QM012_003574,187
A0ABR0T9F5,Mitochondrial import inner membrane translocase subunit TIM50,QM012_003380,368
A0ABR0T9J1,N-acetyltransferase domain-containing protein,QM012_003512,196
A0ABR0TA36,Glucose-methanol-choline oxidoreductase N-terminal domain-containing protein,QM012_003065,752
A0ABR0TA62,Glutamine synthetase,QM012_003217,488
A0ABR0TA63,Beta-lactamase-related domain-containing protein,QM012_002644,588
A0ABR0TAC8,GMP synthase [glutamine-hydrolyzing],QM012_003053,544
A0ABR0TAT8,"ATP synthase subunit delta, mitochondrial",QM012_002845,638
A0ABR0TAX9,F-box domain-containing protein,QM012_002598,421
A0ABR0TB84,Sec63-domain-containing protein,QM012_002198,1979
A0ABR0TB97,CBS-domain-containing protein,QM012_002208,669
A0ABR0TBA0,Oxysterol-binding protein,QM012_002218,442
A0ABR0TBC7,PH domain-containing protein,QM012_002616,933
A0ABR0TBP1,Uncharacterized protein,QM012_002672,225
A0ABR0TCH7,Transport protein particle component,QM012_002497,252
A0ABR0TCT4,Prenylcysteine lyase domain-containing protein,QM012_002220,511
A0ABR0TCT5,Peptidase C14 caspase domain-containing protein,QM012_001889,76
A0ABR0TDB2,Uncharacterized protein,QM012_002511,385
A0ABR0TDG8,Subtelomeric hrmA-associated cluster protein AFUB-079030/YDR124W-like helical bundle domain-containing protein,QM012_001227,613
A0ABR0TDL5,Uncharacterized protein,QM012_001278,76
A0ABR0TDU4,Uncharacterized protein,QM012_001955,59
A0ABR0TDV6,Uncharacterized protein,QM012_001373,77
A0ABR0TE47,Tetraspanin Tsp3,QM012_001883,288
A0ABR0TE99,Uncharacterized protein,QM012_001508,78
A0ABR0TEE0,Phospholipase,QM012_001988,868
A0ABR0TEI3,WW domain-containing protein,QM012_001984,1223
A0ABR0TEI5,N-acetylglucosamine-6-phosphate deacetylase,QM012_002094,397
A0ABR0TEP2,Major facilitator superfamily (MFS) profile domain-containing protein,QM012_001634,545
A0ABR0TEP4,Presequence translocated-associated motor subunit PAM17,QM012_001647,215
A0ABR0TF63,histidine kinase,QM012_000921,1205
A0ABR0TFC2,Uncharacterized protein,QM012_000979,71
A0ABR0TFH2,Uncharacterized protein,QM012_001025,407
A0ABR0TFR2,"D-arabinono-1,4-lactone oxidase",QM012_001113,556
A0ABR0TFV3,Proteasome subunit alpha type,QM012_001164,268
A0ABR0TGC1,NADH-ubiquinone oxidoreductase-like protein 21 kDa subunit,QM012_009259,192
A0ABR0TGD8,Major facilitator superfamily (MFS) profile domain-containing protein,QM012_001169,559
A0ABR0TGN4,SAC domain-containing protein,QM012_000925,964
A0ABR0TGQ4,ATP-dependent rRNA helicase RRP3,QM012_009308,513
A0ABR0TH43,LicD/FKTN/FKRP nucleotidyltransferase domain-containing protein,QM012_009521,336
A0ABR0TIP3,Fanconi-associated nuclease,QM012_008862,814
A0ABR0TIP6,Uncharacterized protein,QM012_009556,904
A0ABR0TJC6,H/ACA ribonucleoprotein complex subunit NOP10,QM012_008407,66
A0ABR0TJR0,beta-glucosidase,QM012_008434,803
A0ABR0TK60,FAD-binding domain-containing protein,QM012_008664,393
A0ABR0TKQ4,Glycolipid transfer protein domain-containing protein,QM012_008323,201
A0ABR0TLZ8,TPR domain protein,QM012_007724,575
A0ABR0TM01,Uncharacterized protein,QM012_007117,445
A0ABR0TM23,Hpc2-related domain-containing protein,QM012_007132,646
A0ABR0TM28,Class II aldolase/adducin N-terminal domain-containing protein,QM012_007920,286
A0ABR0TM44,Peptidase S54 rhomboid domain-containing protein,QM012_008006,587
A0ABR0TM60,Integral membrane protein,QM012_007784,241
A0ABR0TM90,Phosphatidyl-N-methylethanolamine N-methyltransferase,QM012_008066,204
A0ABR0TMI2,Cupin type-2 domain-containing protein,QM012_007204,174
A0ABR0TMQ9,Uncharacterized protein,QM012_007361,121
A0ABR0TNG8,Rhodopsin domain-containing protein,QM012_007411,375
A0ABR0TP82,Ras-domain-containing protein,QM012_006667,290
A0ABR0TQ52,Uncharacterized protein,QM012_006993,164
A0ABR0TQJ2,Protein kinase domain-containing protein,QM012_007007,241
A0ABR0TQM6,Lysosomal dipeptide transporter MFSD1,QM012_006822,545
A0ABR0TQT2,ML-like domain-containing protein,QM012_005818,745
A0ABR0TQU3,RWD domain-containing protein,QM012_006882,232
A0ABR0TQU8,Ribosome quality control complex subunit 2,QM012_005826,1086
A0ABR0TRG9,non-specific serine/threonine protein kinase,QM012_006056,1032
A0ABR0TRJ0,RRM domain-containing protein,QM012_006066,386
A0ABR0TRM2,tRNA (uracil-O(2)-)-methyltransferase,QM012_006925,593
A0ABR0TRN6,CID domain-containing protein,QM012_005932,447
A0ABR0TSR5,TauD/TfdA-like domain-containing protein,QM012_004314,718
A0ABR0TST9,DUF1793-domain-containing protein,QM012_005943,542
A0ABR0TT34,AB hydrolase-1 domain-containing protein,QM012_004434,550
A0ABR0TTM7,DNA damage-inducible protein 1,QM012_004633,475
A0ABR0TU80,Uncharacterized protein,QM012_004456,504
A0ABR0TUD0,"Cytochrome c oxidase subunit 8, mitochondrial",QM012_004501,73
A0ABR0TUH3,FAD dependent oxidoreductase domain-containing protein,QM012_000046,510
A0ABR0TUK6,Velvet domain-containing protein,QM012_004365,77
A0ABR0TUL0,Histone chaperone RTT106/FACT complex subunit SPT16-like middle domain-containing protein,QM012_004349,445
A0ABR0TVD9,Uncharacterized protein,QM012_000361,206
A0ABR0TVS5,Anaphase-promoting complex subunit 5,QM012_000380,775
A0ABR0TVS7,Uncharacterized protein,QM012_000416,68
A0ABR0TVT1,Myb-like domain-containing protein,QM012_000487,516
A0ABR0TW58,CTP synthase,QM012_000619,568
A0ABR0TW98,Large ribosomal subunit protein uL23 N-terminal domain-containing protein,QM012_000652,156
A0ABR0TWC9,Uncharacterized protein,QM012_000389,887
A0ABR0TWP3,Beta-lactamase-related domain-containing protein,QM012_000223,402
A0ABR0TXW3,DUF1446-domain-containing protein,QM012_000758,630
A0A4S9WTE7,Uncharacterized protein,QM012_004444,206
A0ABR0T4X0,Alcohol dehydrogenase-like N-terminal domain-containing protein,QM012_005477,416
A0ABR0T5C8,MFS maltose permease,QM012_005402,571
A0ABR0T5D0,UDP-N-acetylglucosamine transferase subunit ALG13,ALG13,204
A0ABR0T5F4,NCS1 nucleoside transporter family,QM012_005565,561
A0ABR0T5I0,Cytochrome P450,QM012_005249,679
A0ABR0T5M2,Uncharacterized protein,QM012_005294,112
A0ABR0T679,NAD(P)-binding protein,QM012_004937,252
A0ABR0T6B7,Hydrophobin,QM012_005077,170
A0ABR0T6D5,PLC-like phosphodiesterase,QM012_005242,360
A0ABR0T6J4,WD40 repeat-like protein,QM012_004049,187
A0ABR0T6W3,PRA1 family protein,QM012_004930,175
A0ABR0T707,Major facilitator superfamily (MFS) profile domain-containing protein,QM012_003857,570
A0ABR0T827,Elongation factor methyltransferase 7,QM012_003770,284
A0ABR0T8H3,Squalene synthase,QM012_003863,509
A0ABR0T8I1,Conserved oligomeric Golgi complex subunit 6,QM012_003475,704
A0ABR0T8R4,Uncharacterized protein,QM012_003617,145
A0ABR0T8X0,AMP-dependent synthetase/ligase domain-containing protein,QM012_002970,510
A0ABR0T8Y2,Alpha/beta-hydrolase,QM012_003808,179
A0ABR0T929,Actin-related protein 3,QM012_003026,427
A0ABR0T9J2,Uncharacterized protein,QM012_003194,567
A0ABR0TA30,SMODS and SLOG-associating 2TM effector domain-containing protein,QM012_002560,492
A0ABR0TA40,Alpha/beta-hydrolase,QM012_002619,342
A0ABR0TAF4,Glutathione S-transferase omega-like 2,QM012_003185,343
A0ABR0TAK8,Uncharacterized protein,QM012_002804,499
A0ABR0TAM4,Large ribosomal subunit protein eL24-related N-terminal domain-containing protein,QM012_003143,160
A0ABR0TAQ8,P-loop containing nucleoside triphosphate hydrolase protein,QM012_002645,942
A0ABR0TAT5,Cytochrome c oxidase polypeptide V,QM012_002878,170
A0ABR0TB00,Response regulatory domain-containing protein,QM012_002783,838
A0ABR0TB77,"glucan 1,3-beta-glucosidase",QM012_002186,418
A0ABR0TBE9,non-specific serine/threonine protein kinase,QM012_002262,789
A0ABR0TBG1,Hydroxymethylglutaryl-CoA synthase,QM012_002279,461
A0ABR0TBY7,Inosine monophosphate dehydrogenase,QM012_002440,350
A0ABR0TC03,Uncharacterized protein,QM012_002424,205
A0ABR0TC35,RRM domain-containing protein,QM012_002493,311
A0ABR0TC44,C2H2-type domain-containing protein,QM012_002503,415
A0ABR0TD21,Galactose oxidase,QM012_002326,425
A0ABR0TD33,Salicylate hydroxylase,QM012_001840,442
A0ABR0TDI5,Striatin N-terminal domain-containing protein,QM012_001240,793
A0ABR0TDM6,CoA-dependent acyltransferase,QM012_001269,577
A0ABR0TE94,Uncharacterized protein,QM012_001324,232
A0ABR0TFK6,F-box domain-containing protein,QM012_001071,523
A0ABR0TFU9,"Integral membrane protein, Mpv17/PMP22 family",QM012_001148,186
A0ABR0TFY9,DUF3835 domain-containing protein,QM012_001193,288
A0ABR0TGG2,RRM domain-containing protein,QM012_009294,296
A0ABR0TGR3,CSN8/PSMD8/EIF3K domain-containing protein,QM012_009404,180
A0ABR0TH48,Uncharacterized protein,QM012_009539,485
A0ABR0TH65,Arrestin C-terminal-like domain-containing protein,QM012_001105,628
A0ABR0TH67,F-box domain-containing protein,QM012_009551,360
A0ABR0TH85,Zn(2)-C6 fungal-type domain-containing protein,QM012_001170,209
A0ABR0THK8,Uncharacterized protein,QM012_009216,553
A0ABR0THM9,BTB domain-containing protein,QM012_008702,332
A0ABR0THP7,Small COPII coat GTPase SAR1,QM012_008813,189
A0ABR0THT4,Asl1-like glycosyl hydrolase catalytic domain-containing protein,QM012_009382,750
A0ABR0TIC8,C2H2-type domain-containing protein,QM012_009437,257
A0ABR0TIE1,Centrosomin N-terminal motif 1 domain-containing protein,QM012_009452,1320
A0ABR0TIM4,Uncharacterized protein,QM012_009133,657
A0ABR0TIU4,Dolichyldiphosphatase,QM012_008851,230
A0ABR0TJ26,SGS-domain-containing protein,QM012_008321,395
A0ABR0TJ36,Ribosomal protein L1,QM012_008271,297
A0ABR0TJ80,Cryptic loci regulator 2 N-terminal domain-containing protein,QM012_008816,245
A0ABR0TJ83,Cytochrome b561 domain-containing protein,QM012_008865,815
A0ABR0TJF4,Nucleoporin Nup54 alpha-helical domain-containing protein,QM012_009046,455
A0ABR0TJK3,BRCT domain-containing protein,QM012_008475,1482
A0ABR0TK40,Zinc finger CHCC-type domain-containing protein,QM012_008631,214
A0ABR0TK91,Protein kinase domain-containing protein,QM012_007655,580
A0ABR0TKJ9,Uncharacterized protein,QM012_007757,424
A0ABR0TKR9,Glycoside hydrolase,QM012_008609,334
A0ABR0TKW1,Phosphodiest-domain-containing protein,QM012_007864,727
A0ABR0TKY6,AAA+ ATPase domain-containing protein,QM012_007786,730
A0ABR0TLD8,Uncharacterized protein,QM012_008016,626
A0ABR0TLY9,Manganese/iron superoxide dismutase C-terminal domain-containing protein,QM012_007105,307
A0ABR0TN16,"54S ribosomal protein L31, mitochondrial",QM012_007276,184
A0ABR0TN89,tRNA (guanine(9)-N1)-methyltransferase,QM012_007541,506
A0ABR0TN91,cystathionine gamma-synthase,QM012_007553,601
A0ABR0TNX9,Glycosyltransferase 2-like domain-containing protein,QM012_006543,883
A0ABR0TPB5,Tricarboxylate transport protein,QM012_007427,292
A0ABR0TPE7,Serum paraoxonase/arylesterase family protein,QM012_007457,427
A0ABR0TQ74,Glutamate dehydrogenase,QM012_007003,457
A0ABR0TQG3,Alkaline ceramidase-like protein,QM012_006536,312
A0ABR0TR20,Cell division control protein 14,QM012_006795,271
A0ABR0TRD2,Coatomer subunit zeta,QM012_005827,200
A0ABR0TRR8,Arginase,QM012_005795,323
A0ABR0TRZ3,DUF4045 domain-containing protein,QM012_006037,1622
A0ABR0TSA5,Extradiol ring-cleavage dioxygenase class III enzyme subunit B domain-containing protein,QM012_006341,291
A0ABR0TSB7,Eukaryotic mitochondrial regulator protein-domain-containing protein,QM012_006054,377
A0ABR0TSS4,SNF2 family DNA-dependent ATPase domain-containing protein,QM012_005928,1197
A0ABR0TST7,Uncharacterized protein,QM012_004301,347
A0ABR0TT83,DUF221-domain-containing protein,QM012_006305,1336
A0ABR0TTK2,mRNA stability protein,QM012_004599,163
A0ABR0TTN8,Cytochrome b mRNA-processing protein 4,QM012_004672,117
A0ABR0TTU1,Prohibitin,QM012_004551,283
A0ABR0TUP7,Protein transport protein SEC13,QM012_004851,305
A0ABR0TV04,Molybdopterin synthase catalytic subunit,cnxH,170
A0ABR0TV56,Protein Asterix,QM012_000170,118
A0ABR0TVL8,Guided entry of tail-anchored proteins 1,GET1,211
A0ABR0TWB3,CDP-diacylglycerol--glycerol-3-phosphate 3-phosphatidyltransferase,QM012_000662,352
A0ABR0TWD2,chitinase,QM012_000053,930
A0ABR0TWL2,Spindle pole body-associated protein cut12 domain-containing protein,QM012_000650,482
A0ABR0TX13,Uncharacterized protein,QM012_000388,88
A0ABR0T4M3,Uncharacterized protein,QM012_005429,156
A0ABR0T4Y0,Cryptic loci regulator 2 N-terminal domain-containing protein,QM012_005524,353
A0ABR0T5W3,PPIase cyclophilin-type domain-containing protein,QM012_005183,502
A0ABR0T663,RING-type E3 ubiquitin transferase,QM012_005013,803
A0ABR0T6F3,GPN-loop GTPase,QM012_004003,399
A0ABR0T6X1,GAR domain-containing protein,QM012_003828,1341
A0ABR0T737,SET domain-containing protein,QM012_004918,806
A0ABR0T7W8,Uncharacterized protein,QM012_004103,419
A0ABR0T839,Yeast cell wall synthesis Kre9/Knh1-like N-terminal domain-containing protein,QM012_004084,234
A0ABR0T8C5,NAD(P)-binding protein,QM012_003818,284
A0ABR0T8D7,Peptidase M20 dimerisation domain-containing protein,QM012_003430,459
A0ABR0T8N2,Formate/nitrite transporter,QM012_003520,319
A0ABR0T9D2,Thioesterase domain-containing protein,QM012_003134,292
A0ABR0T9M3,Large ribosomal subunit protein eL14 domain-containing protein,QM012_003225,149
A0ABR0TA65,Xylose isomerase-like TIM barrel domain-containing protein,QM012_002649,343
A0ABR0TA77,Probable beta-glucosidase E,QM012_003232,973
A0ABR0TAB6,Uncharacterized protein,QM012_002558,292
A0ABR0TAT3,CENP-V/GFA domain-containing protein,QM012_002723,272
A0ABR0TAU4,ArsA/GET3 Anion-transporting ATPase-like domain-containing protein,QM012_002894,339
A0ABR0TB40,"D-xylose 1-dehydrogenase (NADP(+), D-xylono-1,5-lactone-forming)",QM012_002557,408
A0ABR0TBL3,Uncharacterized protein,QM012_002320,244
A0ABR0TBT3,DAGKc domain-containing protein,QM012_002393,359
A0ABR0TBT7,DUF336-domain-containing protein,QM012_002399,156
A0ABR0TBY0,Allantoin permease,QM012_002762,585
A0ABR0TCV5,Splicing factor 3B subunit 3,QM012_002462,1221
A0ABR0TD06,Cornichon,QM012_001961,138
A0ABR0TDE4,Purine nucleoside phosphorylase,QM012_002480,295
A0ABR0TDL0,Uncharacterized protein,QM012_001274,504
A0ABR0TDM9,Ubiquitin-like domain-containing protein,QM012_001703,710
A0ABR0TEE5,Uncharacterized protein,QM012_001968,163
A0ABR0TEH6,NCS1 nucleoside transporter family,QM012_001569,557
A0ABR0TEI7,Uncharacterized protein,QM012_001588,194
A0ABR0TET4,Carboxylic ester hydrolase,QM012_000783,533
A0ABR0TF19,Autophagy-related protein 29,QM012_000878,449
A0ABR0TFQ7,DUF803-domain-containing protein,QM012_001500,656
A0ABR0TFW0,Phytochrome,QM012_001168,1489
A0ABR0TG47,calcium/calmodulin-dependent protein kinase,QM012_009179,406
A0ABR0TG63,GPR1/FUN34/YaaH-class plasma membrane protein-like protein,QM012_009210,249
A0ABR0TGB5,DUF7492 domain-containing protein,QM012_009255,470
A0ABR0TGH2,homoisocitrate dehydrogenase,QM012_000865,358
A0ABR0TGK3,Clr5 domain-containing protein,QM012_001006,810
A0ABR0TGM9,Mediator complex subunit 11,QM012_009278,130
A0ABR0TGW9,SMP domain-containing protein,QM012_001212,108
A0ABR0TGZ9,Kinesin motor domain-containing protein,QM012_009492,372
A0ABR0TH93,Nudix hydrolase domain-containing protein,QM012_009579,353
A0ABR0TH94,U1-type domain-containing protein,QM012_001135,319
A0ABR0THF4,Zn(2)-C6 fungal-type domain-containing protein,QM012_008720,724
A0ABR0THI8,PA14 domain-containing protein,QM012_008754,599
A0ABR0TI02,Vps72/YL1 C-terminal domain-containing protein,QM012_009457,161
A0ABR0TIC0,Paf1-domain-containing protein,QM012_009436,442
A0ABR0TII6,Uncharacterized protein,QM012_009497,431
A0ABR0TIY0,Glucose-methanol-choline oxidoreductase N-terminal domain-containing protein,QM012_008711,825
A0ABR0TIY6,SRR1-like domain-containing protein,QM012_008725,332
A0ABR0TJ24,Heat shock factor binding protein 1,QM012_008303,92
A0ABR0TJG5,Uncharacterized protein,QM012_008455,89
A0ABR0TJK0,CAP-Gly domain-containing protein,QM012_008920,684
A0ABR0TJT3,Threonylcarbamoyl-AMP synthase,QM012_008572,437
A0ABR0TJV7,Carboxylic ester hydrolase,QM012_008600,317
A0ABR0TJV8,PQ loop repeat protein,QM012_008606,254
A0ABR0TKC6,CBM20 domain-containing protein,QM012_008459,293
A0ABR0TKV7,Large ribosomal subunit protein uL18 C-terminal eukaryotes domain-containing protein,QM012_007836,299
A0ABR0TL78,VPS9 domain-containing protein,QM012_007982,1276
A0ABR0TLI2,Histone H2B,QM012_007981,235
A0ABR0TLQ4,RRM domain-containing protein,QM012_008103,746
A0ABR0TLY4,CCHC-type domain-containing protein,QM012_008038,274
A0ABR0TMG4,Uncharacterized protein,QM012_007869,223
A0ABR0TMJ1,"homogentisate 1,2-dioxygenase",QM012_008085,475
A0ABR0TML9,DUF7707 domain-containing protein,QM012_007330,206
A0ABR0TMP6,BTB domain-containing protein,QM012_007346,359
A0ABR0TP04,Mannosyltransferase,QM012_006579,504
A0ABR0TP52,S-adenosyl-L-methionine-dependent methyltransferase,QM012_006634,278
A0ABR0TP61,Cora-domain-containing protein,QM012_006542,520
A0ABR0TP94,Uncharacterized protein,QM012_006651,354
A0ABR0TPI6,FAD dependent oxidoreductase domain-containing protein,QM012_006741,474
A0ABR0TPL0,Uncharacterized protein,QM012_006802,291
A0ABR0TPW2,Lipid droplet-associated hydrolase,QM012_006390,339
A0ABR0TPY8,Pectinesterase,QM012_006923,330
A0ABR0TPZ6,BZIP domain-containing protein,QM012_006909,277
A0ABR0TQ35,Pentatricopeptide repeat protein,QM012_006401,593
A0ABR0TQN8,N-acetyltransferase domain-containing protein,QM012_005772,231
A0ABR0TQZ4,Uncharacterized protein,QM012_005865,350
A0ABR0TR04,RNA ligase/cyclic nucleotide phosphodiesterase,QM012_005880,317
A0ABR0TSA4,N-acetyltransferase domain-containing protein,QM012_006039,494
A0ABR0TSK1,Uncharacterized protein,QM012_005853,514
A0ABR0TT92,Fork-head domain-containing protein,QM012_004495,830
A0ABR0TT95,Protein kinase domain-containing protein,QM012_004494,787
A0ABR0TTB0,"homogentisate 1,2-dioxygenase",QM012_004513,412
A0ABR0TTQ9,Transposase Tc1-like domain-containing protein,QM012_004690,252
A0ABR0TUC4,WSC domain-containing protein,QM012_004883,603
A0ABR0TUK5,Ankyrin repeat protein nuc-2,QM012_004670,1042
A0ABR0TUW2,AB hydrolase-1 domain-containing protein,QM012_004470,444
A0ABR0TUY5,Amino acid transporter,QM012_000131,529
A0ABR0TVM9,Mitochondrial carrier,QM012_000427,284
A0ABR0TVR3,Chloride channel protein,QM012_000441,889
A0ABR0TVU5,C2H2-type domain-containing protein,QM012_004815,344
A0ABR0TW94,Low temperature viability protein,QM012_000676,464
A0ABR0TW96,Myb-like DNA-binding domain-containing protein,QM012_000633,163
A0ABR0TWE3,Peroxin 26,QM012_000666,431
A0ABR0TWS9,Uncharacterized protein,QM012_000203,400
A0ABR0TXA4,Store-operated calcium entry-associated regulatory factor,QM012_000508,297
A0A4S9KUC8,60S ribosomal protein L29,QM012_007147,65
A0ABR0T5L2,Uncharacterized protein,QM012_005129,876
A0ABR0T5Q3,Cytochrome P450,QM012_005596,531
A0ABR0T623,Uncharacterized protein,QM012_005531,89
A0ABR0T699,GPI-anchor transamidase,QM012_005369,395
A0ABR0T6G9,Phosphomannomutase,QM012_004016,133
A0ABR0T6Q7,Deoxyhypusine synthase,QM012_005188,352
A0ABR0T6U5,N-acetyltransferase domain-containing protein,QM012_005126,179
A0ABR0T6W1,COP9 signalosome complex subunit 4,QM012_004045,421
A0ABR0T767,Alcohol dehydrogenase GroES-like domain-containing protein,QM012_003917,390
A0ABR0T782,TMS membrane protein/tumor differentially expressed protein,QM012_003935,486
A0ABR0T8P9,Ankyrin,QM012_003349,1049
A0ABR0T9A1,FAD-binding domain-containing protein,QM012_003042,419
A0ABR0T9F7,Sugar phosphate transporter domain-containing protein,QM012_003351,402
A0ABR0T9X3,Uncharacterized protein,QM012_002561,223
A0ABR0TA45,Cytochrome P450,QM012_002575,349
A0ABR0TA82,glutaminase,QM012_002682,465
A0ABR0TAB3,Histidine kinase HHK15p,QM012_002974,1407
A0ABR0TAN4,Chromo domain-containing protein,QM012_002832,1185
A0ABR0TAP1,GATA-type domain-containing protein,QM012_003174,547
A0ABR0TBA4,SPIN90/Ldb17 leucine-rich domain-containing protein,QM012_002215,461
A0ABR0TBA9,DUF1746 domain-containing protein,QM012_002855,309
A0ABR0TBC5,Phosphoglycerate mutase family protein,QM012_002552,302
A0ABR0TBQ8,DUF7726 domain-containing protein,QM012_002782,354
A0ABR0TBU4,BTB domain-containing protein,QM012_002781,345
A0ABR0TBU6,feruloyl esterase,QM012_002403,368
A0ABR0TBV9,Serine/threonine protein kinase-like protein,QM012_002413,560
A0ABR0TC70,Translationally-controlled tumor protein homolog,QM012_002532,170
A0ABR0TC95,Heme peroxidase,QM012_001706,1164
A0ABR0TCD5,Geranylgeranyl transferase type-2 subunit alpha,QM012_001741,381
A0ABR0TCL4,C2H2-type domain-containing protein,QM012_001782,521
A0ABR0TD05,Metallo-beta-lactamase domain-containing protein,QM012_002311,402
A0ABR0TD91,40S ribosomal protein S6,QM012_001745,239
A0ABR0TDJ6,Myb-like domain-containing protein,QM012_001256,202
A0ABR0TDQ4,xanthine dehydrogenase,QM012_001824,1377
A0ABR0TDT1,DNA 3'-5' helicase,QM012_001728,1009
A0ABR0TDZ7,RNA polymerase II holoenzyme cyclin-like subunit,QM012_001823,657
A0ABR0TEF2,Uncharacterized protein,QM012_001292,463
A0ABR0TEH3,Eukaryotic translation initiation factor 2 subunit gamma,QM012_001563,510
A0ABR0TEK0,Zn(2)-C6 fungal-type domain-containing protein,QM012_001600,555
A0ABR0TEN0,Uncharacterized protein,QM012_001633,515
A0ABR0TF12,Integral membrane protein,QM012_000858,392
A0ABR0TF70,ATP-grasp domain-containing protein,QM012_001336,512
A0ABR0TF96,Fms interacting protein,QM012_001350,226
A0ABR0TFG2,Vacuolar protein sorting-associated protein 28,QM012_000932,238
A0ABR0TFT6,F-box domain-containing protein,QM012_001138,185
A0ABR0TFW2,Amidase domain-containing protein,QM012_000852,549
A0ABR0TG34,Autophagy-related protein 28,QM012_001157,499
A0ABR0THQ8,ASX DEUBAD domain-containing protein,QM012_008825,129
A0ABR0THS9,Elongator complex protein 5,QM012_008824,336
A0ABR0TI71,Uncharacterized protein,QM012_008983,390
A0ABR0TIB4,phosphatidylserine decarboxylase,QM012_009028,381
A0ABR0TIF5,"glucan endo-1,3-beta-D-glucosidase",QM012_009467,483
A0ABR0TIH6,Uncharacterized protein,QM012_009083,616
A0ABR0TII9,Uncharacterized protein,QM012_009095,55
A0ABR0TIK8,PWI domain-containing protein,QM012_008954,432
A0ABR0TIL8,"NADH-ubiquinone oxidoreductase 78 kDa subunit, mitochondrial",QM012_009138,747
A0ABR0TIS2,Carboxylesterase type B domain-containing protein,QM012_008190,547
A0ABR0TIY3,Uncharacterized protein,QM012_008270,545
A0ABR0TJC9,Cutinase,QM012_008860,326
A0ABR0TJG7,Long chronological lifespan protein 2,QM012_008406,119
A0ABR0TJH1,Nudix hydrolase domain-containing protein,QM012_009061,442
A0ABR0TJH3,Lysine decarboxylase-like protein-like protein,QM012_008906,236
A0ABR0TKE8,Clavaminate synthase-like protein,QM012_007671,370
A0ABR0TL54,Non-specific serine/threonine protein kinase,QM012_008487,3801
A0ABR0TLA0,Enoyl reductase (ER) domain-containing protein,QM012_008532,332
A0ABR0TM48,Telomere length regulation protein conserved domain-containing protein,QM012_007163,978
A0ABR0TM76,DUF1776-domain-containing protein,QM012_007099,404
A0ABR0TM99,CMP/dCMP-type deaminase domain-containing protein,QM012_007814,177
A0ABR0TMK1,DNA-(apurinic or apyrimidinic site) lyase,QM012_007315,400
A0ABR0TN58,Nucleolar protein 56,QM012_007494,525
A0ABR0TNQ9,Ribosome assembly protein 1,QM012_006484,1096
A0ABR0TP32,N-acetylglucosamine-6-phosphate deacetylase,QM012_007337,420
A0ABR0TPJ4,DNA replication complex GINS protein PSF3,QM012_006787,179
A0ABR0TPM7,Pseudouridine synthase,QM012_006804,456
A0ABR0TPU0,Glycoside hydrolase,QM012_006767,593
A0ABR0TPY0,Bacteriophage T5 Orf172 DNA-binding domain-containing protein,QM012_006582,477
A0ABR0TQ51,DNA repair protein rad9,QM012_006416,374
A0ABR0TQN0,Actin-like ATPase domain-containing protein,QM012_005635,599
A0ABR0TQS6,Multifunctional fusion protein,QM012_006867,575
A0ABR0TQX0,SPRY domain-containing protein,QM012_006912,559
A0ABR0TRP4,Uncharacterized protein,QM012_006105,223
A0ABR0TSS2,Protein-tyrosine-phosphatase,QM012_004327,727
A0ABR0TTF3,Charged multivesicular body protein 5,QM012_004567,215
A0ABR0TTG7,Protein farnesyltransferase subunit beta,QM012_004585,525
A0ABR0TTX2,MSP domain-containing protein,QM012_004762,295
A0ABR0TTY1,ferric-chelate reductase (NADPH),QM012_004430,721
A0ABR0TTY2,Mannosyltransferase,QM012_004697,570
A0ABR0TU69,DUF7598 domain-containing protein,QM012_004766,296
A0ABR0TU70,UDP-glucose 4-epimerase,QM012_004823,372
A0ABR0TUZ5,Peroxidase,QM012_004726,355
A0ABR0TVB6,Stress protein DDR48,QM012_000322,346
A0ABR0TVL1,SCA7 domain-containing protein,QM012_000412,386
A0ABR0TVM1,L-tryptophan decarboxylase PsiD-like domain-containing protein,QM012_000423,452
A0ABR0TW74,Ubiquitin-activating enzyme E1-like,QM012_000054,622
A0ABR0TWA1,Uncharacterized protein,QM012_000073,128
A0ABR0TWA4,NTF2-like domain-containing protein,QM012_000495,203
A0ABR0TWE2,Lysophospholipase,QM012_000709,551
A0ABR0TWJ6,Uridine permease-like protein Fui1,QM012_000355,576
A0ABR0TXG8,BAR domain-containing protein,QM012_000518,261
A0A4V4KB15,Uncharacterized protein,QM012_008282,145
A0ABR0T497,Delta(24(24(1)))-sterol reductase,QM012_005613,481
A0ABR0T4R1,Uncharacterized protein,QM012_005544,76
A0ABR0T4U9,alkaline phosphatase,QM012_005462,669
A0ABR0T5N9,Uncharacterized protein,QM012_005155,601
A0ABR0T5Y7,Uncharacterized protein,QM012_004942,128
A0ABR0T672,K Homology domain-containing protein,QM012_005021,352
A0ABR0T6B6,S-adenosyl-L-methionine-dependent methyltransferase,QM012_005061,243
A0ABR0T6D4,NAD-dependent epimerase/dehydratase domain-containing protein,QM012_003989,316
A0ABR0T6H2,Dolichyl-phosphate-mannose--protein mannosyltransferase,QM012_004005,773
A0ABR0T6J8,Lipocalin-like domain-containing protein,QM012_005243,204
A0ABR0T6K7,Malonyl-CoA:ACP transacylase (MAT) domain-containing protein,QM012_005072,384
A0ABR0T756,Uncharacterized protein,QM012_003826,227
A0ABR0T775,MFS transporter,QM012_003936,515
A0ABR0T7T7,Apple domain-containing protein,QM012_003758,481
A0ABR0T850,H/ACA ribonucleoprotein complex non-core subunit NAF1,QM012_003333,687
A0ABR0T858,RNA helicase,QM012_003355,557
A0ABR0T885,Amino acid transporter,QM012_003309,500
A0ABR0T8B0,Uncharacterized protein,QM012_003798,275
A0ABR0T8I9,"L-2-hydroxyglutarate dehydrogenase, mitochondrial",QM012_003928,416
A0ABR0T8J3,Transcription factor TFIIIC triple barrel domain-containing protein,QM012_003490,426
A0ABR0T907,Zn(2)-C6 fungal-type domain-containing protein,QM012_003672,999
A0ABR0T9V4,Amidohydrolase-related domain-containing protein,QM012_002990,324
A0ABR0TA09,UBC core domain-containing protein,QM012_002607,1436
A0ABR0TA21,Uncharacterized protein,QM012_002599,95
A0ABR0TAL0,Quinate transporter,QM012_002648,546
A0ABR0TB30,Alkaline serine protease,QM012_002140,415
A0ABR0TB98,Uncharacterized protein,QM012_002617,258
A0ABR0TBD0,Distal membrane-arm assembly complex protein 1-like domain-containing protein,QM012_002581,103
A0ABR0TCG2,endo-polygalacturonase,QM012_002434,371
A0ABR0TCI1,STAS domain-containing protein,QM012_001796,804
A0ABR0TCI5,RhoGAP-domain-containing protein,QM012_001787,1198
A0ABR0TDD3,Uncharacterized protein,QM012_002083,409
A0ABR0TEH4,CBF1-interacting co-repressor CIR N-terminal domain-containing protein,QM012_001559,440
A0ABR0TEY3,AB hydrolase-1 domain-containing protein,QM012_001245,298
A0ABR0TFH3,Acetyl-coenzyme A transporter 1,QM012_001028,543
A0ABR0TFQ0,Mitochondrial Rho GTPase 1,QM012_001103,1423
A0ABR0TG98,F-box domain-containing protein,QM012_009239,727
A0ABR0TGJ2,General negative regulator of transcription subunit 1,QM012_009330,2219
A0ABR0TGJ6,Cytochrome P450 monooxygenase,QM012_009311,558
A0ABR0TGQ2,NADH-quinone oxidoreductase subunit D domain-containing protein,QM012_009371,469
A0ABR0TGU0,Calcineurin-like phosphoesterase domain-containing protein,QM012_009424,391
A0ABR0TGU2,Glucose-methanol-choline oxidoreductase N-terminal domain-containing protein,QM012_009420,628
A0ABR0TGX7,Adenylosuccinate synthetase,QM012_009459,421
A0ABR0TH01,Peptidyl-prolyl cis-trans isomerase,QM012_009476,189
A0ABR0TH39,BTB domain-containing protein,QM012_009213,277
A0ABR0THX4,Septin-type G domain-containing protein,QM012_008792,763
A0ABR0TI14,CCHC-type domain-containing protein,QM012_008744,481
A0ABR0TIS8,Helicase C-terminal domain-containing protein,QM012_008210,520
A0ABR0TIV4,Alpha-L-arabinofuranosidase,QM012_008220,328
A0ABR0TIY9,HAD-like protein,QM012_008272,108
A0ABR0TJ95,SnoaL-like domain-containing protein,QM012_008176,237
A0ABR0TJV6,Mannan polymerase II complex ANP1 subunit,QM012_008279,404
A0ABR0TK34,DNA-directed RNA polymerase subunit beta,QM012_009086,1196
A0ABR0TK96,histidine kinase,QM012_008536,1985
A0ABR0TLG8,EKC/KEOPS complex subunit GON7,QM012_007781,166
A0ABR0TMF1,Bet v1-like protein,QM012_007239,179
A0ABR0TN74,Ras small GTPase,QM012_007429,251
A0ABR0TN96,Uncharacterized protein,QM012_007536,175
A0ABR0TN98,F-box domain-containing protein,QM012_008155,323
A0ABR0TNC2,FAD-binding PCMH-type domain-containing protein,QM012_007032,580
A0ABR0TPQ0,Elongation factor 1-beta,QM012_006832,231
A0ABR0TPQ1,ferric-chelate reductase (NADPH),QM012_006507,600
A0ABR0TQ07,Acetyl-CoA synthetase-like protein,QM012_006612,575
A0ABR0TQ13,SUZ domain-containing protein,QM012_006921,246
A0ABR0TQ20,Acyltransferase MbtK/IucB-like conserved domain-containing protein,QM012_006779,530
A0ABR0TQ43,Uncharacterized protein,QM012_006951,396
A0ABR0TQ67,Helicase C-terminal domain-containing protein,QM012_006672,992
A0ABR0TQ72,Uncharacterized protein,QM012_006981,186
A0ABR0TQA4,Serine/threonine-protein phosphatase 2A activator,QM012_006917,433
A0ABR0TQF0,Uncharacterized protein,QM012_006899,175
A0ABR0TQR9,Homeobox domain-containing protein,QM012_005801,941
A0ABR0TQS1,Uncharacterized protein,QM012_006641,280
A0ABR0TQX9,Major facilitator superfamily (MFS) profile domain-containing protein,QM012_005850,550
A0ABR0TQY9,sterol 3beta-glucosyltransferase,QM012_005878,1371
A0ABR0TRL8,"Iron-sulfur cluster assembly factor IBA57 homolog, mitochondrial",QM012_006092,393
A0ABR0TRM9,CBS domain-containing protein,QM012_006107,378
A0ABR0TRP1,MFS general substrate transporter,QM012_006956,517
A0ABR0TRQ7,Tubulin nucleotide-binding domain-like protein,QM012_006148,521
A0ABR0TS25,RING-type domain-containing protein,QM012_006210,468
A0ABR0TT71,dual-specificity kinase,QM012_006290,647
A0ABR0TTB9,Vacuolar calcium ion transporter,QM012_004220,430
A0ABR0TTK8,Peptidase S53 domain-containing protein,QM012_004310,657
A0ABR0TTV9,Epoxide hydrolase N-terminal domain-containing protein,QM012_004747,398
A0ABR0TTX9,NADP-dependent oxidoreductase domain-containing protein,QM012_006319,369
A0ABR0TU86,Cytochrome P450,QM012_004838,524
A0ABR0TUC3,SMP-30/Gluconolactonase/LRE-like region domain-containing protein,QM012_000001,303
A0ABR0TV68,CsbD-like domain-containing protein,QM012_004880,175
A0ABR0TV69,"Dol-P-Man:Man(5)GlcNAc(2)-PP-Dol alpha-1,3-mannosyltransferase",QM012_004594,417
A0ABR0TV85,Uncharacterized protein,QM012_000042,3812
A0ABR0TVH6,Uncharacterized protein,QM012_000394,525
A0ABR0TVP5,Uncharacterized protein,QM012_000437,192
A0ABR0TVR9,Hemerythrin-like domain-containing protein,QM012_004754,194
A0ABR0TVT8,Ubiquitin carboxyl-terminal hydrolase,QM012_004819,264
A0ABR0TVY5,"Probable aspartate--tRNA ligase, cytoplasmic",QM012_000476,587
A0ABR0TW18,Uncharacterized protein,QM012_004844,64
A0ABR0TWY5,Homoserine kinase,QM012_000642,707
A0ABR0TX71,HMG box domain-containing protein,QM012_000383,410
A0ABR0TXN1,Uncharacterized protein,QM012_000673,2380
A0ABR0TXN4,DUF1989 domain-containing protein,QM012_000684,197
A0A4S9M3R8,Prefoldin beta-like protein,QM012_008925,116
A0ABR0T5J6,Alpha/beta hydrolase fold-3 domain-containing protein,QM012_005114,478
A0ABR0T5S7,Nuclear protein MDM1,QM012_005231,869
A0ABR0T601,MFS general substrate transporter,QM012_005395,389
A0ABR0T604,Amidohydrolase 3 domain-containing protein,QM012_005481,540
A0ABR0T6H0,Amino acid transporter,QM012_005272,586
A0ABR0T6H1,Carboxypeptidase 2,QM012_005248,579
A0ABR0T6X2,Molybdopterin synthase sulfur carrier subunit,cnxG,92
A0ABR0T7D8,NADPH-dependent FMN reductase-like domain-containing protein,QM012_003609,326
A0ABR0T7R1,PRELI/MSF1 domain-containing protein,QM012_003724,191
A0ABR0T7R3,3-oxo-5-alpha-steroid 4-dehydrogenase C-terminal domain-containing protein,QM012_003730,287
A0ABR0T7S6,Proteasome regulatory particle subunit,QM012_003739,182
A0ABR0T8L0,Wax synthase domain-containing protein,QM012_003616,399
A0ABR0T8T9,DUF1917-domain-containing protein,QM012_003580,305
A0ABR0T8X7,3-hydroxyisobutyrate dehydrogenase,QM012_003642,319
A0ABR0TA93,Peptidyl-prolyl cis-trans isomerase,QM012_003023,164
A0ABR0TAA6,Ammonium transporter,QM012_002543,484
A0ABR0TAF1,Uncharacterized protein,QM012_003033,637
A0ABR0TAG7,AB hydrolase-1 domain-containing protein,QM012_003200,313
A0ABR0TAR2,Uncharacterized protein,QM012_002865,247
A0ABR0TAU8,EDC4-like protein pdc1 beta-propeller domain-containing protein,QM012_002893,1356
A0ABR0TCG7,DUF3405 domain-containing protein,QM012_002196,713
A0ABR0TCL7,40S ribosomal protein S14,QM012_002372,150
A0ABR0TCL8,Cell wall mannoprotein PIR1-like C-terminal domain-containing protein,QM012_001813,327
A0ABR0TDT7,Glycoside hydrolase,QM012_001346,476
A0ABR0TEE4,J domain-containing protein,QM012_001529,687
A0ABR0TEG4,EEF1-gamma domain-containing protein,QM012_001554,410
A0ABR0TEH1,DASH complex subunit ASK1,QM012_002018,400
A0ABR0TER0,Uncharacterized protein,QM012_002073,255
A0ABR0TES4,"ditrans,polycis-polyprenyl diphosphate synthase [(2E,6E)-farnesyldiphosphate specific]",QM012_001489,344
A0ABR0TEZ3,RRM domain-containing protein,QM012_000845,299
A0ABR0TF55,NAD(P)-binding protein,QM012_000905,300
A0ABR0TFD3,Uncharacterized protein,QM012_001430,83
A0ABR0TFP9,mRNA N(6)-methyladenine demethylase,QM012_001100,339
A0ABR0TFR6,Uncharacterized protein,QM012_001037,447
A0ABR0TFX3,CBM1 domain-containing protein,QM012_001173,1491
A0ABR0TG25,Uncharacterized protein,QM012_001142,272
A0ABR0TGA3,FAD-binding domain-containing protein,QM012_000840,434
A0ABR0TGH6,Succinate-semialdehyde dehydrogenase,QM012_000915,529
A0ABR0TH71,Metallo-beta-lactamase domain-containing protein,QM012_009458,368
A0ABR0THF2,Concanavalin A-like lectin/glucanase,QM012_008718,920
A0ABR0THX7,Uncharacterized protein,QM012_008901,480
A0ABR0TI22,DUF3835 domain-containing protein,QM012_009381,454
A0ABR0TIA0,Protein AF-9 homolog,QM012_009562,252
A0ABR0TIB7,Fungal N-terminal domain-containing protein,QM012_009577,141
A0ABR0TIC7,TPR-like protein,QM012_008864,504
A0ABR0TIK4,Uncharacterized protein,QM012_009032,107
A0ABR0TIQ4,Xylose isomerase-like TIM barrel domain-containing protein,QM012_008175,343
A0ABR0TIW8,GTP-binding protein,QM012_008255,366
A0ABR0TJ63,RA-domain-containing protein,QM012_008348,505
A0ABR0TJN7,SH3 domain-containing protein,QM012_008966,238
A0ABR0TKA1,Exosome complex component CSL4 C-terminal domain-containing protein,QM012_007657,197
A0ABR0TKA2,Alpha/beta hydrolase,QM012_007632,342
A0ABR0TKC4,Uncharacterized protein,QM012_007638,200
A0ABR0TKK6,Major facilitator superfamily (MFS) profile domain-containing protein,QM012_008641,569
A0ABR0TKT6,Uncharacterized protein,QM012_008624,1067
A0ABR0TKV4,Uncharacterized protein,QM012_007842,134
A0ABR0TL35,Apple domain-containing protein,QM012_008492,102
A0ABR0TLE8,NAD(P)-binding protein,QM012_008044,288
A0ABR0TLQ0,BTB domain-containing protein,QM012_008149,384
A0ABR0TLY0,DUF4045 domain-containing protein,QM012_007041,1273
A0ABR0TM03,Mitochondrial carrier,QM012_008146,360
A0ABR0TM64,E2 ubiquitin-conjugating enzyme,QM012_007950,975
A0ABR0TME0,Protein disulfide-isomerase,QM012_007253,528
A0ABR0TMG5,ESC reductase,QM012_007254,264
A0ABR0TMK5,Cation/H+ exchanger transmembrane domain-containing protein,QM012_007915,562
A0ABR0TNF1,Folliculin/SMCR8 longin domain-containing protein,QM012_007078,369
A0ABR0TNL0,V-type proton ATPase subunit a,QM012_006425,857
A0ABR0TNY2,E3 ubiquitin ligase complex SCF subunit,QM012_006578,166
A0ABR0TP01,Transcription factor SipA3,QM012_006482,1382
A0ABR0TP83,Phosphatidic acid phosphatase type 2/haloperoxidase domain-containing protein,QM012_006668,572
A0ABR0TPE3,Major facilitator superfamily (MFS) profile domain-containing protein,QM012_006696,631
A0ABR0TPX2,Transketolase,QM012_006797,685
A0ABR0TPY6,Aminoglycoside phosphotransferase domain-containing protein,QM012_007572,408
A0ABR0TQE3,NodB homology domain-containing protein,QM012_006736,316
A0ABR0TQL5,ABC transporter domain-containing protein,QM012_006581,623
A0ABR0TRI0,Zn(2)-C6 fungal-type domain-containing protein,QM012_005872,1011
A0ABR0TRP2,Fe2OG dioxygenase domain-containing protein,QM012_006133,891
A0ABR0TRQ6,Synaptobrevin,QM012_006971,302
A0ABR0TRS9,histone acetyltransferase,QM012_005977,423
A0ABR0TS27,Enoyl reductase (ER) domain-containing protein,QM012_006268,360
A0ABR0TSD5,beta-glucosidase,QM012_005778,840
A0ABR0TSQ9,Anaphase-promoting complex subunit 4-like WD40 domain-containing protein,QM012_006140,465
A0ABR0TSU8,PX domain-containing protein,QM012_006008,642
A0ABR0TSY1,AHC1-like C2H2 zinc-finger domain-containing protein,QM012_004346,663
A0ABR0TTV0,Glycosyl hydrolase family 13 catalytic domain-containing protein,QM012_006273,557
A0ABR0TUG7,Efflux pump dotC,QM012_004320,561
A0ABR0TUP8,Metallo-dependent hydrolase,QM012_000112,479
A0ABR0TUV3,Ubiquitin carboxyl-terminal hydrolase,QM012_000169,900
A0ABR0TV31,SLA2 Src like adaptor 2,QM012_000247,1420
A0ABR0TVF8,Major facilitator superfamily (MFS) profile domain-containing protein,QM012_000059,485
A0ABR0TVG7,Palmitoyltransferase,QM012_000391,619
A0ABR0TVS3,Calcium channel YVC1-like C-terminal transmembrane domain-containing protein,QM012_004804,347
A0ABR0TVV3,Myb-like DNA-binding domain-containing protein,QM012_004784,400
A0ABR0TW72,Kinetochore protein Sos7 coiled-coil domain-containing protein,QM012_000603,252
A0ABR0TWS7,6-methylsalicylic acid synthase,QM012_000761,1747
A0ABR0TWV8,Fucose-specific lectin,QM012_000313,519
A0ABR0TX76,Glucocorticoid receptor-like (DNA-binding domain),QM012_000474,113
A0ABR0TXJ1,Major facilitator superfamily (MFS) profile domain-containing protein,QM012_000613,551
A0ABR0TXQ0,DUF155 domain-containing protein,QM012_000714,507
A0A1A7MQX0,Uncharacterized protein,QM012_008839,375
A0ABR0T4H9,Uncharacterized protein,QM012_005508,471
A0ABR0T4I5,Uncharacterized protein,QM012_005488,369
A0ABR0T4R9,PAN-3 domain-containing protein,QM012_005474,506
A0ABR0T527,PCI domain-containing protein,QM012_005360,504
A0ABR0T5I6,Uncharacterized protein,QM012_005314,180
A0ABR0T5Q2,DUF1445-domain-containing protein,QM012_005170,289
A0ABR0T5Z5,EF-hand,QM012_004938,978
A0ABR0T6Q8,NAD(P)-binding protein,QM012_005096,405
A0ABR0T729,Hydrophobin,QM012_005142,95
A0ABR0T773,SANT domain-containing protein,QM012_005187,2114
A0ABR0T7E8,Acetyl-coenzyme A synthetase,QM012_004994,670
A0ABR0T7L8,Serine/threonine-protein phosphatase,QM012_003866,526
A0ABR0T8T2,CoA-binding domain-containing protein,QM012_003691,158
A0ABR0T935,Zinc finger ZPR1-type domain-containing protein,QM012_003031,503
A0ABR0TA60,CENP-V/GFA domain-containing protein,QM012_002654,133
A0ABR0TA61,Transcription elongation factor Spt6,QM012_002653,1425
A0ABR0TAV5,BZIP domain-containing protein,QM012_002568,380
A0ABR0TBB4,Cleft lip and palate transmembrane 1,QM012_002748,639
A0ABR0TBD3,Ribosomal protein L9 domain-containing protein,QM012_002246,292
A0ABR0TBE3,Zn(2)-C6 fungal-type domain-containing protein,QM012_002631,304
A0ABR0TBI3,26S proteasome regulatory subunit 6A,QM012_002259,461
A0ABR0TBL8,YebC-like protein,QM012_002706,295
A0ABR0TBL9,Asteroid domain-containing protein,QM012_002323,600
A0ABR0TBS7,26S proteasome regulatory subunit 7 homolog,QM012_002380,438
A0ABR0TBV5,Carrier domain-containing protein,QM012_002943,2519
A0ABR0TCP8,Condensin complex subunit 2,QM012_001705,806
A0ABR0TCR5,Bud22 domain-containing protein,QM012_001860,448
A0ABR0TCW2,Cat eye syndrome critical region protein 5,QM012_002250,493
A0ABR0TD95,protein-tyrosine-phosphatase,QM012_002496,879
A0ABR0TDK4,Rhodopsin domain-containing protein,QM012_002505,392
A0ABR0TDL8,sphinganine-1-phosphate aldolase,QM012_001779,560
A0ABR0TE41,Ribosomal protein L32e,QM012_001448,131
A0ABR0TED6,Uncharacterized protein,QM012_001953,95
A0ABR0TEM5,Metallo-beta-lactamase domain-containing protein,QM012_001628,294
A0ABR0TES9,Aminoglycoside phosphotransferase domain-containing protein,QM012_002088,237
A0ABR0TEX7,Short chain dehydrogenase,QM012_000828,292
A0ABR0TF71,Rhodopsin domain-containing protein,QM012_000920,417
A0ABR0TF99,BTB domain-containing protein,QM012_000953,453
A0ABR0TFI6,Xaa-Pro aminopeptidase,QM012_001044,489
A0ABR0TFK3,X-Pro dipeptidyl-peptidase,QM012_000977,563
A0ABR0TFT2,Phosphatidate cytidylyltransferase,QM012_001128,375
A0ABR0TFZ5,DNA polymerase kappa,QM012_001189,642
A0ABR0TG72,DUF7703 domain-containing protein,QM012_000810,381
A0ABR0TGA0,Beta-catenin-like protein 1 N-terminal domain-containing protein,QM012_000987,550
A0ABR0TGN5,Chromatin modification-related protein,QM012_009374,422
A0ABR0THC8,Uncharacterized protein,QM012_008693,604
A0ABR0THH5,Uncharacterized protein,QM012_009348,122
A0ABR0THM6,Palmitoyltransferase,QM012_008782,334
A0ABR0TIK1,BHLH domain-containing protein,QM012_009113,317
A0ABR0TIL6,Phospholipid-transporting ATPase,QM012_009128,1262
A0ABR0TIM1,Maltose/galactoside acetyltransferase domain-containing protein,QM012_009097,221
A0ABR0TJ54,Rhodanese domain-containing protein,QM012_008224,212
A0ABR0TJ97,EF-hand,QM012_009042,1380
A0ABR0TJJ0,BTB domain-containing protein,QM012_008483,237
A0ABR0TJQ1,PH domain-containing protein,QM012_008540,1153
A0ABR0TJR4,Uncharacterized protein,QM012_008558,2087
A0ABR0TK14,F-box domain-containing protein,QM012_009120,335
A0ABR0TKF1,ATPase AAA-type core domain-containing protein,QM012_008232,310
A0ABR0TKI4,NmrA-like domain-containing protein,QM012_008463,378
A0ABR0TKP0,Uncharacterized protein,QM012_008579,100
A0ABR0TKQ1,CRAL-TRIO domain-containing protein,QM012_007808,365
A0ABR0TKT4,Cytochrome b-c1 complex subunit 7,QM012_008367,122
A0ABR0TKY2,DNA polymerase,QM012_007848,1098
A0ABR0TL92,RRM domain-containing protein,QM012_007891,460
A0ABR0TLR9,Amino acid permease/ SLC12A domain-containing protein,QM012_008151,599
A0ABR0TLZ1,L-serine ammonia-lyase,QM012_007709,347
A0ABR0TLZ3,"Cyclopentanone 1,2-monooxygenase",QM012_007089,559
A0ABR0TMF5,MPN domain-containing protein,QM012_007260,467
A0ABR0TMF9,FAD/NAD(P)-binding domain-containing protein,QM012_007271,605
A0ABR0TMT6,Small nuclear ribonucleoprotein Sm D1,QM012_007387,128
A0ABR0TMT9,DUF605-domain-containing protein,QM012_007068,362
A0ABR0TN12,RING-type E3 ubiquitin transferase,QM012_007470,267
A0ABR0TNA6,A-pheromone processing metallopeptidase Ste23,QM012_008154,1039
A0ABR0TNB9,Integral membrane protein,QM012_007583,440
A0ABR0TNF6,Succinyl-CoA:3-ketoacid-coenzyme A transferase,QM012_006379,566
A0ABR0TNI8,PLP-dependent transferase,QM012_007123,778
A0ABR0TNJ6,NAD(P)-binding protein,QM012_006424,278
A0ABR0TNK9,Phospholipase,QM012_006458,946
A0ABR0TNM3,"Cytochrome b-c1 complex subunit 6, mitochondrial",QM012_006441,212
A0ABR0TNQ5,ENTH domain-containing protein,QM012_006502,557
A0ABR0TNS5,Small ribosomal subunit protein mS37,QM012_006500,99
A0ABR0TP84,Transcription factor domain-containing protein,QM012_007548,235
A0ABR0TPF3,DUF6699 domain-containing protein,QM012_006742,187
A0ABR0TPQ7,Amidoligase enzyme,QM012_007513,609
A0ABR0TPS0,AB hydrolase-1 domain-containing protein,QM012_007497,580
A0ABR0TR66,Uncharacterized protein,QM012_005939,209
A0ABR0TR72,REJ domain-containing protein,QM012_005815,514
A0ABR0TSB1,Pentulose kinase,QM012_006332,616
A0ABR0TSH0,Uncharacterized protein,QM012_004212,232
A0ABR0TSN4,NAD-dependent epimerase/dehydratase domain-containing protein,QM012_004273,316
A0ABR0TSP8,Major facilitator superfamily (MFS) profile domain-containing protein,QM012_004298,514
A0ABR0TUR9,Major facilitator superfamily (MFS) profile domain-containing protein,QM012_004651,472
A0ABR0TV33,Xylanolytic transcriptional activator regulatory domain-containing protein,QM012_000176,585
A0ABR0TVJ0,G-protein alpha subunit,QM012_004679,358
A0ABR0TVR4,Major facilitator superfamily (MFS) profile domain-containing protein,QM012_000484,783
A0ABR0TVT7,UBX domain-containing protein,QM012_000483,511
A0ABR0TW65,Nucleolar protein 2,QM012_000634,706
A0ABR0TWA0,Protein kinase domain-containing protein,QM012_000664,394
A0ABR0TWK1,Mitochondrial dicarboxylate transporter,QM012_000492,309
A0ABR0T4N5,GH16 domain-containing protein,QM012_005528,275
A0ABR0T5R6,PIG-P-domain-containing protein,QM012_005194,336
A0ABR0T5T1,F-box domain-containing protein,QM012_005569,438
A0ABR0T6F5,Nucleoside phosphorylase domain-containing protein,QM012_005394,334
A0ABR0T6N3,non-specific serine/threonine protein kinase,QM012_005158,1078
A0ABR0T6U6,AMP-activated protein kinase glycogen-binding domain-containing protein,QM012_005333,1308
A0ABR0T6Y9,Hydantoinase B/oxoprolinase,QM012_005171,1314
A0ABR0T6Z8,Amino acid permease/ SLC12A domain-containing protein,QM012_003997,554
A0ABR0T7Z8,Uncharacterized protein,QM012_003740,188
A0ABR0T800,RAVE complex protein Rav1 C-terminal domain-containing protein,QM012_003297,1616
A0ABR0T8B1,Major facilitator superfamily (MFS) profile domain-containing protein,QM012_003862,510
A0ABR0T8L1,SIS domain-containing protein,QM012_003508,258
A0ABR0T8T5,cAMP-independent regulatory protein pac2,QM012_003582,442
A0ABR0TAZ5,Major facilitator superfamily (MFS) profile domain-containing protein,QM012_002949,629
A0ABR0TBK7,Uncharacterized protein,QM012_002167,475
A0ABR0TCC2,Zn(2)-C6 fungal-type domain-containing protein,QM012_001727,912
A0ABR0TCC7,Nucleoside phosphorylase domain-containing protein,QM012_002404,159
A0ABR0TCS0,Cleavage/polyadenylation specificity factor A subunit N-terminal domain-containing protein,QM012_001876,1318
A0ABR0TCS6,Rab-GAP TBC domain-containing protein,QM012_001875,434
A0ABR0TCY7,Uncharacterized protein,QM012_001762,203
A0ABR0TD20,CFEM domain-containing protein,QM012_002310,191
A0ABR0TD55,Mitochondrial K+-H+ exchange-related-domain-containing protein,QM012_002010,292
A0ABR0TD59,3-oxoacyl-[acyl-carrier-protein] reductase,QM012_002011,201
A0ABR0TDS1,Ubiquitin-like domain-containing protein,QM012_001748,285
A0ABR0TE44,Uncharacterized protein,QM012_001434,124
A0ABR0TE52,PPM-type phosphatase domain-containing protein,QM012_001467,538
A0ABR0TED4,HPt domain-containing protein,QM012_002049,151
A0ABR0TEG5,Acyl-CoA thioesterase II,QM012_001572,324
A0ABR0TEG8,HhH-GPD domain-containing protein,QM012_001568,1470
A0ABR0TER3,WD repeat-containing protein JIP5,QM012_001582,423
A0ABR0TEV2,non-specific serine/threonine protein kinase,QM012_001627,396
A0ABR0TFE2,DH domain-containing protein,QM012_000997,1035
A0ABR0TFL4,SUN-domain-containing protein,QM012_001667,433
A0ABR0TGA2,Purine nucleoside permease,QM012_000901,414
A0ABR0THC3,Uncharacterized protein,QM012_001165,526
A0ABR0THE3,Myb-like transcription factor,QM012_009533,270
A0ABR0THH3,"rRNA methyltransferase 1, mitochondrial",QM012_008739,715
A0ABR0THI9,Uncharacterized protein,QM012_009363,353
A0ABR0THP0,HOOK N-terminal domain-containing protein,QM012_008803,777
A0ABR0THS7,Rhodanese domain-containing protein,QM012_008856,174
A0ABR0THW9,polynucleotide adenylyltransferase,QM012_009286,936
A0ABR0THY4,Cleavage/polyadenylation specificity factor A subunit N-terminal domain-containing protein,QM012_008904,705
A0ABR0THY7,Mitogen-activated protein kinase,QM012_008714,432
A0ABR0TIM8,RING-CH-type domain-containing protein,QM012_009541,327
A0ABR0TIT8,RRM domain-containing protein,QM012_009587,180
A0ABR0TJ30,Cytosine deaminase,QM012_008941,156
A0ABR0TJD3,peptidylprolyl isomerase,QM012_008420,495
A0ABR0TJQ9,Acetyl-CoA synthetase-like protein,QM012_009030,1041
A0ABR0TJX3,Rhodopsin domain-containing protein,QM012_009075,403
A0ABR0TJY4,"Integral membrane protein, Mpv17/PMP22 family",QM012_008595,255
A0ABR0TJZ6,Conserved oligomeric Golgi complex subunit 4,QM012_008635,769
A0ABR0TKB1,Glucosamine 6-phosphate N-acetyltransferase,QM012_007667,173
A0ABR0TKD9,Ribokinase,QM012_008474,318
A0ABR0TKH6,14-3-3 domain-containing protein,QM012_007707,268
A0ABR0TKJ7,Thioesterase/thiol ester dehydrase-isomerase,QM012_007651,328
A0ABR0TKU0,Thymidylate synthase,QM012_007827,343
A0ABR0TL45,CoaE-domain-containing protein,QM012_008473,273
A0ABR0TLN1,BTB domain-containing protein,QM012_008138,300
A0ABR0TLN3,BZIP domain-containing protein,QM012_008122,283
A0ABR0TM05,NAD(P)-binding domain-containing protein,QM012_007110,345
A0ABR0TM49,C2H2-type domain-containing protein,QM012_007149,119
A0ABR0TM52,Calcineurin-like phosphoesterase domain-containing protein,QM012_007165,659
A0ABR0TMB9,Vacuolar membrane PQ loop repeat protein,QM012_007206,309
A0ABR0TMC1,HIT-type domain-containing protein,QM012_007144,275
A0ABR0TME7,DUF1772-domain-containing protein,QM012_007854,161
A0ABR0TMU3,AMMECR1 domain-containing protein,QM012_007359,283
A0ABR0TN77,Deacetylase sirtuin-type domain-containing protein,QM012_008140,498
A0ABR0TNB4,Uncharacterized protein,QM012_007233,58
A0ABR0TNI0,Uncharacterized protein,QM012_007534,328
A0ABR0TNK7,ATP-dependent RNA helicase DHH1,QM012_007456,539
A0ABR0TNP5,U6 snRNA phosphodiesterase,USB1,302
A0ABR0TNW8,Glycogen [starch] synthase,QM012_006452,713
A0ABR0TP07,Zn(2)-C6 fungal-type domain-containing protein,QM012_006593,657
A0ABR0TP80,Gfo/Idh/MocA-like oxidoreductase N-terminal domain-containing protein,QM012_006643,414
A0ABR0TPA2,Vacuolar calcium ion transporter,QM012_006673,588
A0ABR0TPG0,Chloride channel protein,QM012_006738,767
A0ABR0TPY7,Uncharacterized protein,QM012_006812,119
A0ABR0TQ00,Tautomerase cis-CaaD-like domain-containing protein,QM012_006928,153
A0ABR0TQ49,GST N-terminal domain-containing protein,QM012_006480,169
A0ABR0TRF3,Uncharacterized protein,QM012_005709,376
A0ABR0TRS5,"Cyclic-AMP phosphodiesterase, class-II",QM012_006135,543
A0ABR0TRY1,Cation diffusion facilitator 1,QM012_006195,469
A0ABR0TS04,Uncharacterized protein,QM012_005674,80
A0ABR0TS54,DOC domain-containing protein,QM012_006160,322
A0ABR0TSF4,CoA carboxyltransferase C-terminal domain-containing protein,QM012_004195,537
A0ABR0TSJ0,E2 ubiquitin-conjugating enzyme,QM012_004238,149
A0ABR0TSV4,Septin-type G domain-containing protein,QM012_004343,345
A0ABR0TT14,Soluble quino protein glucose dehydrogenase,QM012_004420,385
A0ABR0TUA9,Cytoplasmic tRNA 2-thiolation protein 1,NCS6,430
A0ABR0TUH8,Major facilitator superfamily (MFS) profile domain-containing protein,QM012_004640,500
A0ABR0TUM4,Uncharacterized protein,QM012_000106,233
A0ABR0TUN5,3-beta hydroxysteroid dehydrogenase/isomerase domain-containing protein,QM012_000077,361
A0ABR0TUR8,GST N-terminal domain-containing protein,QM012_000093,262
A0ABR0TV09,G protein-coupled receptor GPR1 C-terminal domain-containing protein,QM012_004820,509
A0ABR0TW03,Inosine/uridine-preferring nucleoside hydrolase domain-containing protein,QM012_000543,383
A0ABR0TWE4,FAD dependent oxidoreductase domain-containing protein,QM012_000129,438
A0ABR0TWJ5,TPR-like protein,QM012_000726,542
A0ABR0TWL4,FHA domain-containing protein,QM012_000507,474
A0ABR0TX98,Uncharacterized protein,QM012_000413,87
A0ABR0TXQ2,Uncharacterized protein,QM012_000703,979
A0ABR0T5J8,FAD-binding PCMH-type domain-containing protein,QM012_005329,587
A0ABR0T5N0,Uncharacterized protein,QM012_005547,86
A0ABR0T5W9,Uncharacterized protein,QM012_005365,695
A0ABR0T5Y6,Nucleotide-diphospho-sugar transferase,QM012_005486,531
A0ABR0T5Y9,Protein kinase domain-containing protein,QM012_005213,574
A0ABR0T6N0,Methionine aminopeptidase 2,QM012_005273,459
A0ABR0T7P4,GOLD domain-containing protein,QM012_003713,223
A0ABR0T7P7,ethanolamine-phosphate cytidylyltransferase,QM012_003712,437
A0ABR0T7V0,Transcription initiation factor IIF subunit beta,QM012_004044,340
A0ABR0T7Y6,Amino acid transporter transmembrane domain-containing protein,QM012_003600,480
A0ABR0T8H6,Amidase domain-containing protein,QM012_003468,575
A0ABR0T8K1,Phosphoglycerate mutase-like protein,QM012_003893,455
A0ABR0T911,non-specific serine/threonine protein kinase,QM012_003006,596
A0ABR0T985,AB hydrolase-1 domain-containing protein,QM012_003089,322
A0ABR0T9S9,Uncharacterized protein,QM012_003421,166
A0ABR0T9U2,DNA-directed RNA polymerase subunit beta,QM012_003501,1213
A0ABR0TAA3,WD40 repeat-like protein,QM012_002689,817
A0ABR0TAG6,Structural maintenance of chromosomes protein,QM012_002754,1268
A0ABR0TAI2,Isocitrate lyase,QM012_002618,554
A0ABR0TAV2,ZZ-type domain-containing protein,QM012_002910,889
A0ABR0TBA3,MFS general substrate transporter,QM012_002216,481
A0ABR0TBU8,PEBP-like protein,QM012_002408,221
A0ABR0TBY1,Spermine/spermidine synthase,QM012_002776,565
A0ABR0TC94,Uncharacterized protein,QM012_001701,185
A0ABR0TCD1,RNA helicase,QM012_002926,2194
A0ABR0TCH6,SAGA complex subunit Spt7,QM012_002211,1105
A0ABR0TCM8,Armadillo-like helical domain-containing protein,QM012_001831,621
A0ABR0TCQ0,JmjC domain-containing protein,QM012_001843,437
A0ABR0TCQ6,Nucleotide-diphospho-sugar transferase,QM012_002255,459
A0ABR0TCU2,Uncharacterized protein,QM012_001904,57
A0ABR0TDY1,NADAR domain-containing protein,QM012_001393,305
A0ABR0TE07,Methyltransferase type 11 domain-containing protein,QM012_001437,308
A0ABR0TE43,SMP domain-containing protein,QM012_001959,125
A0ABR0TE53,Uncharacterized protein,QM012_001974,213
A0ABR0TEC9,WD40 repeat-like protein,QM012_001526,361
A0ABR0TEJ8,"Phosphatidylserine decarboxylase proenzyme 1, mitochondrial",PSD1,531
A0ABR0TEX3,ATP synthase subunit alpha,QM012_001280,608
A0ABR0TF15,Uncharacterized protein,QM012_001275,405
A0ABR0TF95,SAM-dependent MTase RsmB/NOP-type domain-containing protein,QM012_000951,924
A0ABR0TFF7,Prion-inhibition and propagation HeLo domain-containing protein,QM012_001011,248
A0ABR0TFJ1,HMA domain-containing protein,QM012_001475,1209
A0ABR0TFK7,RRM domain-containing protein,QM012_001652,545
A0ABR0TGP2,histidine kinase,QM012_009373,1028
A0ABR0TGY9,Cyclin domain-containing protein,QM012_009290,294
A0ABR0TH13,Amino acid permease,QM012_009495,526
A0ABR0THD4,non-specific serine/threonine protein kinase,QM012_001166,557
A0ABR0THL4,AA9 family lytic polysaccharide monooxygenase,QM012_008764,322
A0ABR0THW6,pyridoxal kinase,QM012_008883,392
A0ABR0TID3,Uncharacterized protein,QM012_008742,111
A0ABR0TID5,Eukaryotic translation initiation factor 3 subunit K,QM012_009451,237
A0ABR0TIY4,Proteasome subunit alpha type,QM012_008775,245
A0ABR0TJ16,CCZ1/INTU/HSP4 first Longin domain-containing protein,QM012_008280,857
A0ABR0TJF9,Uroporphyrinogen decarboxylase,QM012_008940,364
A0ABR0TJX1,Uncharacterized protein,QM012_008615,120
A0ABR0TK25,Alpha/beta-hydrolase,QM012_008354,385
A0ABR0TKG0,Ribosomal protein L38e,QM012_007717,82
A0ABR0TL57,Uncharacterized protein,QM012_007957,339
A0ABR0TLK4,Charged multivesicular body protein-like protein 6,QM012_008108,226
A0ABR0TLY7,HCP-like protein,QM012_007100,720
A0ABR0TMF6,F5/8 type C domain-containing protein,QM012_007268,676
A0ABR0TMG2,RING-type E3 ubiquitin transferase,QM012_007889,1133
A0ABR0TMJ7,tRNA N(3)-methylcytidine methyltransferase,QM012_007316,414
A0ABR0TMS2,T6SS Phospholipase effector Tle1-like catalytic domain-containing protein,QM012_007373,535
A0ABR0TN32,Nitrate/nitrite transporter,QM012_007492,520
A0ABR0TN61,AAA+ ATPase domain-containing protein,QM012_008109,728
A0ABR0TNA5,Nep1-domain-containing protein,QM012_007289,333
A0ABR0TNE0,WD40 repeat-like protein,QM012_007319,381
A0ABR0TNP0,ferric-chelate reductase (NADPH),QM012_006473,271
A0ABR0TNP3,Potassium transport protein,QM012_006453,934
A0ABR0TNT2,Cyclin-dependent kinases regulatory subunit,QM012_007182,116
A0ABR0TNT8,RING-type domain-containing protein,QM012_006514,711
A0ABR0TNT9,Carboxylic ester hydrolase,QM012_007546,473
A0ABR0TPI2,Acetoacetate-CoA ligase,QM012_006768,686
A0ABR0TPL6,Rhodopsin domain-containing protein,QM012_007517,362
A0ABR0TPY3,Kinetochore protein SPC25,QM012_006891,267
A0ABR0TQ36,Tubby C-terminal-like domain-containing protein,QM012_006978,206
A0ABR0TQ41,beta-glucosidase,QM012_006979,506
A0ABR0TQS5,Porphobilinogen deaminase,QM012_006705,385
A0ABR0TR03,Uncharacterized protein,QM012_006942,128
A0ABR0TRC2,Zinc metalloprotease,QM012_006013,1056
A0ABR0TSL5,DUF202 domain-containing protein,QM012_004267,493
A0ABR0TSZ7,tRNA pseudouridine synthase 1,QM012_006003,602
A0ABR0TT01,Uncharacterized protein,QM012_006215,516
A0ABR0TT08,Probable kinetochore protein NUF2,QM012_004408,466
A0ABR0TT28,NAD(P)-binding protein,QM012_006245,258
A0ABR0TTF7,NAD(P)-binding protein,QM012_004554,284
A0ABR0TUD1,Zn(2)-C6 fungal-type domain-containing protein,QM012_004847,673
A0ABR0TUE6,Aldehyde dehydrogenase domain-containing protein,QM012_000016,486
A0ABR0TUY6,NAD(P)-binding protein,QM012_000202,245
A0ABR0TV45,AB hydrolase-1 domain-containing protein,QM012_000090,400
A0ABR0TV54,NmrA-like domain-containing protein,QM012_004579,294
A0ABR0TV65,Carbonic anhydrase,QM012_004559,259
A0ABR0TVI2,Uncharacterized protein,QM012_000366,234
A0ABR0TVK8,Uncharacterized protein,QM012_000407,74
A0ABR0TVL5,Apple domain-containing protein,QM012_000162,501
A0ABR0TVX4,MFS general substrate transporter,QM012_000527,637
A0ABR0TW36,ubiquitinyl hydrolase 1,QM012_000601,2000
A0ABR0TWH1,Peptidyl-prolyl cis-trans isomerase,QM012_000766,245
A0ABR0TWZ0,L domain-like protein,QM012_000614,373
A0ABR0TXF8,Ubiquitin-like domain-containing protein,QM012_000579,361
A0A1A7MPC9,Ubiquitin-like domain-containing protein,QM012_003338,154
A0ABR0T4B1,histidine kinase,QM012_005583,1162
A0ABR0T4G1,Uncharacterized protein,QM012_005589,172
A0ABR0T4N1,Amino acid permease/ SLC12A domain-containing protein,QM012_005575,564
A0ABR0T4Q7,C2H2-type domain-containing protein,QM012_005540,242
A0ABR0T5T3,3-oxo-5-alpha-steroid 4-dehydrogenase C-terminal domain-containing protein,QM012_005105,149
A0ABR0T5U3,Uncharacterized protein,QM012_005545,168
A0ABR0T612,BTB domain-containing protein,QM012_005516,274
A0ABR0T6X5,BTB domain-containing protein,QM012_005156,355
A0ABR0T783,60S ribosomal protein L12,QM012_003932,165
A0ABR0T7D1,RRM domain-containing protein,QM012_004988,227
A0ABR0T7M1,Aminoglycoside phosphotransferase domain-containing protein,QM012_005078,142
A0ABR0T7W3,WD40 repeat-like protein,QM012_003648,482
A0ABR0T853,Methylenetetrahydrofolate dehydrogenase [NAD(+)],QM012_004099,407
A0ABR0T881,Guanine nucleotide-exchange factor SEC12,QM012_004129,672
A0ABR0T8Q6,Protein kinase domain-containing protein,QM012_003733,268
A0ABR0T8V0,Kinesin motor domain-containing protein,QM012_003597,731
A0ABR0T8W4,Aspartate aminotransferase,QM012_003721,417
A0ABR0T9N9,Rad21/Rec8-like protein N-terminal domain-containing protein,QM012_003240,728
A0ABR0TAU5,Eukaryotic translation initiation factor 3 subunit I,TIF34,335
A0ABR0TAW2,Xylanolytic transcriptional activator regulatory domain-containing protein,QM012_003183,695
A0ABR0TAX1,Alpha/beta hydrolase fold-3 domain-containing protein,QM012_003169,310
A0ABR0TBF1,non-specific serine/threonine protein kinase,QM012_002268,654
A0ABR0TBL6,Phytanoyl-CoA dioxygenase,QM012_002642,312
A0ABR0TBR2,Uncharacterized protein,QM012_002751,163
A0ABR0TBS3,T-complex protein 1 subunit delta,QM012_002381,544
A0ABR0TBX1,Uncharacterized protein,QM012_002394,327
A0ABR0TC15,MPN domain-containing protein,QM012_002887,358
A0ABR0TCC1,Autophagy-related protein 1,QM012_002267,413
A0ABR0TCJ7,Centrosomin N-terminal motif 1 domain-containing protein,QM012_002195,731
A0ABR0TCK0,non-specific serine/threonine protein kinase,QM012_001806,636
A0ABR0TCS1,Small-subunit processome Utp12 domain-containing protein,QM012_001877,431
A0ABR0TD14,gamma-glutamylcyclotransferase,QM012_001947,372
A0ABR0TDJ4,Uncharacterized protein,QM012_002525,296
A0ABR0TDL3,Concanavalin A-like lectin/glucanase,QM012_002506,245
A0ABR0TDV3,Arylsulfatase,QM012_001344,572
A0ABR0TE59,Cytochrome P450 monooxygenase-like protein,QM012_001372,486
A0ABR0TEA6,Carrier domain-containing protein,QM012_001495,1281
A0ABR0TEW2,Concanavalin A-like lectin/glucanase,QM012_000814,363
A0ABR0TEZ6,Major facilitator superfamily (MFS) profile domain-containing protein,QM012_000843,299
A0ABR0TF54,"2-methoxy-6-polyprenyl-1,4-benzoquinol methylase, mitochondrial",COQ5,312
A0ABR0TG37,Bromo domain-containing protein,QM012_009180,631
A0ABR0TG58,SGNH hydrolase-type esterase domain-containing protein,QM012_009194,276
A0ABR0TGP0,DUF726-domain-containing protein,QM012_000975,341
A0ABR0TGZ3,Major facilitator superfamily (MFS) profile domain-containing protein,QM012_009478,538
A0ABR0THZ4,GED domain-containing protein,QM012_008908,805
A0ABR0TIH5,Protein MAK16,QM012_009093,333
A0ABR0TIX1,WW domain-containing protein,QM012_008257,285
A0ABR0TIY8,Zinc/iron permease,QM012_008952,438
A0ABR0TJ81,SET domain-containing protein,QM012_008815,720
A0ABR0TJI7,Mitochondrial inner membrane protease subunit,QM012_008480,210
A0ABR0TJM4,NADP-dependent mannitol dehydrogenase,QM012_009121,266
A0ABR0TJR6,ABC transporter domain-containing protein,QM012_008234,1541
A0ABR0TK59,Quinate transporter,QM012_008177,541
A0ABR0TKQ2,Na+/H+ antiporter,QM012_007807,1115
A0ABR0TL48,Homeobox domain-containing protein,QM012_007846,716
A0ABR0TL69,Vacuolar protein sorting-associated protein 74,QM012_007973,356
A0ABR0TL89,ABC transporter domain-containing protein,QM012_008517,1509
A0ABR0TLE0,P-loop containing nucleoside triphosphate hydrolase protein,QM012_007751,1452
A0ABR0TLT6,Sulfate transporter family protein,QM012_008133,1102
A0ABR0TM18,Carboxylic ester hydrolase,QM012_007125,572
A0ABR0TMG6,Trafficking protein-like protein particle complex subunit 2,QM012_007275,178
A0ABR0TMN2,Uricase,QM012_007249,303
A0ABR0TMZ0,Polysaccharide pyruvyl transferase domain-containing protein,QM012_007448,474
A0ABR0TMZ4,DUF1763-domain-containing protein,QM012_008065,89
A0ABR0TN40,Protein HIR,QM012_008129,1052
A0ABR0TN78,"RNA polymerase I, subunit RPA34.5",QM012_007538,422
A0ABR0TNB6,alpha-L-rhamnosidase,QM012_007566,912
A0ABR0TNG5,Uracil-DNA glycosylase,UNG1,312
A0ABR0TNR1,PH domain-containing protein,QM012_006485,425
A0ABR0TNU0,RING-type domain-containing protein,QM012_007228,396
A0ABR0TNX1,FAD-binding PCMH-type domain-containing protein,QM012_007413,470
A0ABR0TPY5,Major facilitator superfamily (MFS) profile domain-containing protein,QM012_006913,544
A0ABR0TPZ1,Endoglucanase-1,QM012_006922,277
A0ABR0TQ12,Zn(2)-C6 fungal-type domain-containing protein,QM012_006601,925
A0ABR0TQ57,Gluconokinase,QM012_006966,220
A0ABR0TQP4,ATP-grasp domain-containing protein,QM012_005762,538
A0ABR0TQR3,Uncharacterized protein,QM012_005790,181
A0ABR0TR35,Uncharacterized protein,QM012_005922,645
A0ABR0TRF2,Uncharacterized protein,QM012_006042,283
A0ABR0TRV9,FAD-binding domain-containing protein,QM012_007015,421
A0ABR0TRX4,RRM domain-containing protein,QM012_005644,309
A0ABR0TS08,D-xylulose reductase,QM012_006224,421
A0ABR0TS30,Impact N-terminal domain-containing protein,QM012_006267,326
A0ABR0TSL2,Formate/nitrite transporter,QM012_004255,316
A0ABR0TSR1,EKC/KEOPS complex subunit BUD32,QM012_004302,230
A0ABR0TSU6,Major facilitator superfamily (MFS) profile domain-containing protein,QM012_004322,548
A0ABR0TT13,Glutaredoxin domain-containing protein,QM012_004403,296
A0ABR0TTC5,Zn(2)-C6 fungal-type domain-containing protein,QM012_004508,691
A0ABR0TU06,J domain-containing protein,QM012_004768,273
A0ABR0TU47,Transporter protein SMF2,QM012_004563,567
A0ABR0TU79,Major facilitator superfamily (MFS) profile domain-containing protein,QM012_004593,589
A0ABR0TU97,F-box domain-containing protein,QM012_004853,370
A0ABR0TUB6,Dicer-like protein 1,QM012_004832,1527
A0ABR0TUL4,Heme-dependent catalase,QM012_004901,276
A0ABR0TUT5,GPI anchored serine-threonine rich protein,QM012_004745,212
A0ABR0TVH5,SET domain-containing protein,QM012_004664,483
A0ABR0TVK2,Photolyase/cryptochrome alpha/beta domain-containing protein,QM012_000421,545
A0ABR0TW99,Kinesin-like protein,QM012_000647,946
A0ABR0TWD1,Phosphoglycerate mutase-like protein,QM012_000114,258
A0ABR0T4W5,Uncharacterized protein,QM012_005509,254
A0ABR0T5E7,Uncharacterized protein,QM012_005330,888
A0ABR0T5Y2,Transaldolase,QM012_005291,1710
A0ABR0T653,NADP-dependent oxidoreductase domain-containing protein,QM012_005017,281
A0ABR0T6I5,RNA helicase,QM012_004026,785
A0ABR0T6J0,Stress-associated endoplasmic reticulum protein,QM012_004932,67
A0ABR0T6T9,Endoplasmic reticulum lectin,QM012_004154,463
A0ABR0T708,Major facilitator superfamily (MFS) profile domain-containing protein,QM012_004975,579
A0ABR0T7A0,Endoplasmic reticulum protein,QM012_004958,280
A0ABR0T7A2,Helicase C-terminal domain-containing protein,QM012_003824,1165
A0ABR0T7D7,Uncharacterized protein,QM012_003916,1085
A0ABR0T7I9,ABC transporter domain-containing protein,QM012_005048,1090
A0ABR0T7J4,chitinase,QM012_005039,378
A0ABR0T7V7,Uncharacterized protein,QM012_003956,378
A0ABR0T8A4,Mitochondrial pyruvate carrier,QM012_003969,166
A0ABR0T9L2,Amidase domain-containing protein,QM012_003390,425
A0ABR0T9T8,RRM domain-containing protein,QM012_003515,371
A0ABR0T9T9,BNR/Asp-box repeat domain protein,QM012_003283,420
A0ABR0T9W9,Uncharacterized protein,QM012_002563,284
A0ABR0TA49,Uncharacterized protein,QM012_003585,284
A0ABR0TAH8,Uncharacterized protein,QM012_002772,1825
A0ABR0TAP8,Uncharacterized protein,QM012_002800,170
A0ABR0TAT2,Mitochondrial pyruvate carrier,QM012_003219,177
A0ABR0TB57,Uncharacterized protein,QM012_002173,508
A0ABR0TBA5,Ubiquitin-like protein,QM012_002217,178
A0ABR0TBA7,Tr-type G domain-containing protein,QM012_002903,681
A0ABR0TBE5,ML-like domain-containing protein,QM012_002596,743
A0ABR0TBV0,Uncharacterized protein,QM012_002272,126
A0ABR0TCK4,Major facilitator superfamily (MFS) profile domain-containing protein,QM012_002357,520
A0ABR0TCN6,RING-type domain-containing protein,QM012_002225,1278
A0ABR0TCN7,GTP-binding protein RHO3,QM012_001851,201
A0ABR0TDH5,Wings apart-like protein C-terminal domain-containing protein,QM012_001248,861
A0ABR0TEJ4,Carbohydrate kinase PfkB domain-containing protein,QM012_002013,302
A0ABR0TEQ3,Pkinase-domain-containing protein,QM012_001658,654
A0ABR0TES7,SET domain-containing protein,QM012_001675,1035
A0ABR0TEV1,Actin-like ATPase domain-containing protein,QM012_000798,1043
A0ABR0TF10,Phosphatidic acid phosphatase type 2/haloperoxidase domain-containing protein,QM012_000860,227
A0ABR0TF65,Telomerase reverse transcriptase,QM012_001320,908
A0ABR0TF73,Ribonuclease P protein subunit,QM012_001654,235
A0ABR0TFJ8,DUF6604 domain-containing protein,QM012_001551,190
A0ABR0TFY2,DUF3533 domain-containing protein,QM012_001178,479
A0ABR0TFZ7,Mitochondrial carrier,QM012_001221,111
A0ABR0TGJ0,SH3 domain-containing protein,QM012_009329,959
A0ABR0TGX3,Biotin carboxylase,QM012_009368,2277
A0ABR0TH50,Ribose-phosphate pyrophosphokinase N-terminal domain-containing protein,QM012_001216,444
A0ABR0THL3,Uncharacterized protein,QM012_008773,137
A0ABR0TI55,Large ribosomal subunit protein uL10,QM012_008944,376
A0ABR0TIS6,Uncharacterized protein,QM012_009586,279
A0ABR0TJ94,DUF1996 domain-containing protein,QM012_008377,419
A0ABR0TJ96,F-box domain-containing protein,QM012_008331,616
A0ABR0TJL5,Major facilitator superfamily (MFS) profile domain-containing protein,QM012_008389,531
A0ABR0TJT1,CASTOR ACT domain-containing protein,QM012_008526,394
A0ABR0TJW0,SPX domain-containing protein,QM012_009060,796
A0ABR0TJX0,Uncharacterized protein,QM012_008621,255
A0ABR0TK48,Altered inheritance of mitochondria protein 32,QM012_009101,385
A0ABR0TKN6,Stress response RCI peptide,QM012_007767,103
A0ABR0TKU2,RTA1-domain-containing protein,QM012_007847,296
A0ABR0TL71,Acyl carrier protein,QM012_007972,139
A0ABR0TLB0,Major facilitator superfamily (MFS) profile domain-containing protein,QM012_007650,521
A0ABR0TLD4,Chromosome segregation ATPase family protein,QM012_008597,2209
A0ABR0TLL7,Nucleotide-diphospho-sugar transferase,QM012_008112,528
A0ABR0TMA2,ER membrane protein complex subunit 1,QM012_007215,930
A0ABR0TME1,Transcription factor Bmr1,QM012_007255,967
A0ABR0TMZ2,Rhodopsin domain-containing protein,QM012_007416,377
A0ABR0TND4,Aminopeptidase,QM012_007489,870
A0ABR0TNQ3,Wings apart-like protein C-terminal domain-containing protein,QM012_006470,779
A0ABR0TPE8,SERTA domain-containing protein,QM012_006632,411
A0ABR0TPL5,Wax synthase domain-containing protein,QM012_006785,449
A0ABR0TPP0,Uncharacterized protein,QM012_007467,422
A0ABR0TQA5,Magnesium chelatase,QM012_006460,365
A0ABR0TQB6,RNA helicase,QM012_005651,1084
A0ABR0TQR8,Membrane insertase YidC/Oxa/ALB C-terminal domain-containing protein,QM012_006856,357
A0ABR0TR44,F-box domain-containing protein,QM012_006761,272
A0ABR0TR70,PH domain-containing protein,QM012_005946,1704
A0ABR0TR73,Rieske domain-containing protein,QM012_005971,553
A0ABR0TRN4,Uncharacterized protein,QM012_006117,263
A0ABR0TRT4,Ilp is an apoptosis inhibitor,QM012_007001,286
A0ABR0TRT5,Band 7 domain-containing protein,QM012_005648,408
A0ABR0TS16,NAD(P)-binding domain-containing protein,QM012_006256,249
A0ABR0TSF1,Cysteine desulfurase,QM012_004182,506
A0ABR0TSW0,SNF7 family protein,QM012_004337,226
A0ABR0TSY6,RRM domain-containing protein,QM012_006279,563
A0ABR0TTC6,E2 ubiquitin-conjugating enzyme,QM012_004552,209
A0ABR0TU28,BZIP domain-containing protein,QM012_004641,383
A0ABR0TU34,Major facilitator superfamily (MFS) profile domain-containing protein,QM012_004169,588
A0ABR0TUA5,DUF676 domain-containing protein,QM012_004885,425
A0ABR0TUE1,RRM domain-containing protein,QM012_004841,575
A0ABR0TUV2,Zn(2)-C6 fungal-type domain-containing protein,QM012_004439,912
A0ABR0TUX0,Aminotransferase class V domain-containing protein,QM012_000116,666
A0ABR0TUZ8,NADH:flavin oxidoreductase/NADH oxidase N-terminal domain-containing protein,QM012_000186,413
A0ABR0TV15,Small nuclear ribonucleoprotein Sm D2,QM012_000232,137
A0ABR0TVK3,glycerol-3-phosphate dehydrogenase,QM012_004729,749
A0ABR0TVQ2,Alanyl-transfer RNA synthetases family profile domain-containing protein,QM012_000452,269
A0ABR0TVS2,FAD binding domain protein,QM012_000179,619
A0ABR0TVZ2,Carrier protein Rim2p/Mrs12p,QM012_000375,386
A0ABR0TWW3,L-ornithine N(5)-monooxygenase [NAD(P)H],QM012_000612,529
A0ABR0TX51,DUF2433 domain-containing protein,QM012_000353,689
A0ABR0TX68,Family A G protein-coupled receptor-like protein,QM012_000463,306
A0ABR0TX79,Elongator complex protein 3,QM012_000625,583
A0ABR0TXB0,THIF-type NAD/FAD binding fold domain-containing protein,QM012_000670,505
A0ABR0T4N7,Major facilitator superfamily (MFS) profile domain-containing protein,QM012_005525,534
A0ABR0T5S9,Uncharacterized protein,QM012_005530,478
A0ABR0T6E8,Uncharacterized protein,QM012_005262,627
A0ABR0T6J1,GP-PDE domain-containing protein,QM012_004048,353
A0ABR0T6V9,STI1 domain-containing protein,QM012_003815,580
A0ABR0T6Z4,UAA transporter,QM012_004122,341
A0ABR0T7H5,Mob1/phocein,QM012_003821,306
A0ABR0T7H9,Ras-like GTPase Ras1,QM012_003629,210
A0ABR0T7K1,"Lon protease homolog, mitochondrial",PIM1,1086
A0ABR0T7K2,Uncharacterized protein,QM012_003668,341
A0ABR0T8H5,Ubiquitin-like domain-containing protein,QM012_003337,235
A0ABR0T8M0,DNA topoisomerase 2,QM012_003319,1760
A0ABR0T8T3,Aldose 1-epimerase,QM012_003983,333
A0ABR0T982,DnaJ protein-like protein,QM012_003592,412
A0ABR0T996,Histone deacetylase domain-containing protein,QM012_003747,1163
A0ABR0T998,Allantoin permease,QM012_003291,443
A0ABR0T9H6,Ethanolamine utilization protein,QM012_003179,121
A0ABR0T9S1,BTB domain-containing protein,QM012_003450,202
A0ABR0TA32,Altered inheritance of mitochondria protein 41,QM012_003187,182
A0ABR0TA46,Cysteine synthase 2,QM012_002638,430
A0ABR0TA90,Uncharacterized protein,QM012_003280,638
A0ABR0TAD7,beta-galactosidase,QM012_003018,1002
A0ABR0TAW4,60S ribosomal protein L20,QM012_002921,198
A0ABR0TB87,Cation efflux protein transmembrane domain-containing protein,QM012_002718,400
A0ABR0TB95,Terpenoid synthase,QM012_002840,315
A0ABR0TBN5,LamB/YcsF,QM012_002721,255
A0ABR0TCM2,DNA-directed RNA polymerase II subunit RPB3,QM012_001836,361
A0ABR0TCQ9,Ras-domain-containing protein,QM012_002286,311
A0ABR0TCW8,Ribosomal protein S21,QM012_001918,250
A0ABR0TCZ8,Uncharacterized protein,QM012_001948,295
A0ABR0TDN5,Aspartate aminotransferase,QM012_002050,431
A0ABR0TDX2,Carrier domain-containing protein,QM012_001773,2103
A0ABR0TE18,MFS general substrate transporter,QM012_002030,536
A0ABR0TEQ5,DUF726-domain-containing protein,QM012_002059,739
A0ABR0TFS7,Amine oxidase,QM012_000974,142
A0ABR0TFU3,WD40 repeat-like protein,QM012_001153,620
A0ABR0TG93,FAD-binding domain-containing protein,QM012_009229,424
A0ABR0TGS0,Uncharacterized protein,QM012_001005,474
A0ABR0THG9,Autophagy-related protein 6,QM012_008735,484
A0ABR0THJ3,STB6-like N-terminal domain-containing protein,QM012_001226,870
A0ABR0THN4,O-acetylhomoserine aminocarboxypropyltransferase,QM012_008795,459
A0ABR0THP8,Histidine kinase/HSP90-like ATPase domain-containing protein,QM012_008794,701
A0ABR0THZ3,Fumarylacetoacetase-like C-terminal domain-containing protein,QM012_008916,227
A0ABR0TI27,Uncharacterized protein,QM012_008917,232
A0ABR0TI31,3-oxoacyl-[acyl-carrier-protein] reductase,QM012_009332,292
A0ABR0TI43,Dolichyl-diphosphooligosaccharide--protein glycosyltransferase subunit OST2,QM012_008932,164
A0ABR0TI64,Zn(2)-C6 fungal-type domain-containing protein,QM012_009376,728
A0ABR0TI82,Casein kinase II subunit alpha,QM012_008993,331
A0ABR0TIF2,Small ribosomal subunit protein uS15 N-terminal domain-containing protein,QM012_009466,151
A0ABR0TIQ9,Vezatin,QM012_008700,603
A0ABR0TIR3,NAD(P)-binding protein,QM012_008195,146
A0ABR0TJE9,precorrin-2 dehydrogenase,QM012_008438,252
A0ABR0TJH9,Succinate dehydrogenase subunit C,QM012_008470,185
A0ABR0TJI3,Uncharacterized protein,QM012_008359,102
A0ABR0TK21,"Peptidase M18, aminopeptidase I",QM012_008616,563
A0ABR0TK87,Cullin-domain-containing protein,QM012_007643,454
A0ABR0TKA3,Carrier domain-containing protein,QM012_007626,502
A0ABR0TKB7,Rrn9 domain-containing protein,QM012_007672,167
A0ABR0TKL2,Histone-binding protein RBBP4-like N-terminal domain-containing protein,QM012_007728,494
A0ABR0TKP8,WSC domain-containing protein,QM012_007802,304
A0ABR0TKU8,Mitochondrial carrier,QM012_008368,353
A0ABR0TLB4,Uncharacterized protein,QM012_008007,151
A0ABR0TLN5,CENP-V/GFA domain-containing protein,QM012_008134,163
A0ABR0TLQ2,VPS9 domain-containing protein,QM012_008056,705
A0ABR0TLT8,Pectin lyase-like protein,QM012_007050,415
A0ABR0TLY1,DUF396-domain-containing protein,QM012_007689,240
A0ABR0TMD2,Fungal-type protein kinase domain-containing protein,QM012_007036,844
A0ABR0TMD3,Pectin lyase-like protein,QM012_007237,447
A0ABR0TMN6,HAM1-like N-terminal domain-containing protein,QM012_007979,738
A0ABR0TMP4,Phosphotransferase,QM012_007340,451
A0ABR0TMU7,Uncharacterized protein,QM012_007406,836
A0ABR0TN57,Membrane fusion mating protein FIG1,QM012_007511,269
A0ABR0TPB2,Casein kinase II subunit beta,QM012_006684,390
A0ABR0TPF1,TauD/TfdA-like domain-containing protein,QM012_006718,353
A0ABR0TPT3,FHA domain-containing protein,QM012_007512,688
A0ABR0TQE9,Protein kinase domain-containing protein,QM012_005668,1036
A0ABR0TQK7,Ammonium transporter,QM012_006807,524
A0ABR0TQT9,rRNA adenine N(6)-methyltransferase,QM012_005807,385
A0ABR0TR86,Rhodopsin domain-containing protein,QM012_005955,447
A0ABR0TRN0,Protein kinase domain-containing protein,QM012_007005,307
A0ABR0TSK2,Uncharacterized protein,QM012_006217,206
A0ABR0TTI1,GmrSD restriction endonucleases C-terminal domain-containing protein,QM012_004568,207
A0ABR0TTR6,Uncharacterized protein,QM012_004678,436
A0ABR0TU61,NADPH--cytochrome P450 reductase,cprA,696
A0ABR0TUF2,P450 monooxygenase,QM012_004305,452
A0ABR0TUF9,D-3-phosphoglycerate dehydrogenase,QM012_000002,325
A0ABR0TUG9,Uncharacterized protein,QM012_004546,205
A0ABR0TUK9,HhH-GPD domain-containing protein,QM012_004591,537
A0ABR0TUM9,Uncharacterized protein,QM012_000026,126
A0ABR0TUT3,ML-like domain-containing protein,QM012_004424,983
A0ABR0TV59,P-loop containing nucleoside triphosphate hydrolase protein,QM012_000105,1374
A0ABR0TVI0,C3H1-type domain-containing protein,QM012_000326,369
A0ABR0TVM7,Amine oxidase,QM012_000040,489
A0ABR0TVP7,ClpS-like protein,QM012_000442,183
A0ABR0TVW8,Isy1-like splicing factor,QM012_000544,243
A0ABR0TWD7,"Replication protein A, subunit RPA32",QM012_000432,264
A0ABR0TWG8,Raptor N-terminal CASPase-like domain-containing protein,QM012_000605,1490
A0ABR0TX00,SecE/sec61-gamma protein,QM012_000373,71
A0ABR0TX59,Potassium channel domain-containing protein,QM012_000368,557
A0ABR0TXM0,Protein YOP1,QM012_000658,159
A0ABR0T4T1,F-box domain-containing protein,QM012_005557,492
A0ABR0T516,NAD(P)-binding protein,QM012_005374,308
A0ABR0T567,Mitochondrial 15S rRNA processing factor CCM1-like TPR repeats domain-containing protein,QM012_005245,863
A0ABR0T5L3,Uncharacterized protein,QM012_005093,161
A0ABR0T5W0,Rhodanese domain-containing protein,QM012_004921,314
A0ABR0T6D0,INO80 complex subunit B-like conserved region domain-containing protein,QM012_004965,380
A0ABR0T6M1,Cytoplasmic dynein intermediate chain,QM012_004082,691
A0ABR0T6U3,rRNA-processing protein,QM012_004062,117
A0ABR0T716,C2H2-type domain-containing protein,QM012_003876,733
A0ABR0T730,Short-chain dehydrogenase,QM012_003870,341
A0ABR0T766,REJ domain-containing protein,QM012_003910,231
A0ABR0T7B0,Uncharacterized protein,QM012_003965,66
A0ABR0T7V9,Uncharacterized protein,QM012_003772,94
A0ABR0T7X2,Yeast cell wall synthesis Kre9/Knh1-like N-terminal domain-containing protein,QM012_004083,266
A0ABR0T898,FK506-binding protein,QM012_003324,479
A0ABR0T8U2,allantoinase,QM012_003581,513
A0ABR0T951,Uncharacterized protein,QM012_003362,613
A0ABR0T9K7,Phosphoglucomutase,QM012_003209,554
A0ABR0T9M9,Nascent polypeptide-associated complex subunit alpha,QM012_003226,198
A0ABR0T9V3,ATP-grasp domain-containing protein,QM012_002548,375
A0ABR0TA37,Calpain catalytic domain-containing protein,QM012_003570,862
A0ABR0TA94,Very long-chain fatty acid transport protein,QM012_003125,633
A0ABR0TAJ0,RNA exonuclease 4,QM012_003113,378
A0ABR0TAM7,Apple domain-containing protein,QM012_002818,552
A0ABR0TBE0,PLD phosphodiesterase domain-containing protein,QM012_002662,462
A0ABR0TBN4,SHSP domain-containing protein,QM012_002343,336
A0ABR0TBV6,DUF155 domain-containing protein,QM012_002224,437
A0ABR0TBW7,Protein PNS1,QM012_002747,694
A0ABR0TC07,Cercosporin MFS transporter CTB4,QM012_002455,590
A0ABR0TC82,BZIP domain-containing protein,QM012_002947,372
A0ABR0TCF2,Metallo-beta-lactamase domain-containing protein,QM012_001757,301
A0ABR0TCY6,Serine aminopeptidase S33 domain-containing protein,QM012_002280,268
A0ABR0TDA0,Mitogen-activated protein kinase,QM012_001900,355
A0ABR0TDD9,Major facilitator superfamily (MFS) profile domain-containing protein,QM012_002430,242
A0ABR0TE28,Uncharacterized protein,QM012_001439,476
A0ABR0TE36,Mediator of RNA polymerase II transcription subunit 8,MED8,254
A0ABR0TE39,Uncharacterized protein,QM012_002060,266
A0ABR0TE46,Uncharacterized protein,QM012_001443,398
A0ABR0TE49,GH16 domain-containing protein,QM012_002075,622
A0ABR0TE54,Protein phosphatase PP2A regulatory subunit A,QM012_001458,614
A0ABR0TEF8,Small ribosomal subunit protein uS9m,QM012_001555,329
A0ABR0TEN7,ATP phosphoribosyltransferase,QM012_001638,306
A0ABR0TF61,Telomere-associated protein Rif1 N-terminal domain-containing protein,QM012_000903,1793
A0ABR0TFA8,Serine protease,QM012_000966,736
A0ABR0TFQ8,Flavin-containing monooxygenase,QM012_001516,561
A0ABR0TFV1,Zn(2)-C6 fungal-type domain-containing protein,QM012_001162,696
A0ABR0TFX5,Glycosyltransferase 2-like domain-containing protein,QM012_001671,654
A0ABR0TGF8,Rhodopsin domain-containing protein,QM012_000836,363
A0ABR0TGI7,DUF747-domain-containing protein,QM012_000880,893
A0ABR0TGR9,DASH complex subunit DUO1,QM012_009403,245
A0ABR0TGT2,Uncharacterized protein,QM012_009414,219
A0ABR0TH72,Glycosyltransferase 2-like domain-containing protein,QM012_009553,774
A0ABR0TI34,Adipose-regulatory protein,QM012_009346,394
A0ABR0TI88,Large ribosomal subunit protein mL53,QM012_008998,98
A0ABR0TJ10,TPR-like protein,QM012_008741,624
A0ABR0TJ46,Putative peptidase domain-containing protein,QM012_008330,334
A0ABR0TJC3,Telomeric single stranded DNA binding POT1/Cdc13 domain-containing protein,QM012_008410,1956
A0ABR0TJK8,MYND-type domain-containing protein,QM012_008500,372
A0ABR0TJM1,Catalase-peroxidase,katG,757
A0ABR0TJU3,Vesicular-fusion protein SEC18,QM012_008585,785
A0ABR0TK02,Major facilitator superfamily (MFS) profile domain-containing protein,QM012_008648,523
A0ABR0TK17,Periodic tryptophan protein-like protein 2,QM012_008619,889
A0ABR0TKT3,Mitochondrial protein from FMP27-domain-containing protein,QM012_007633,2959
A0ABR0TLB3,Kynurenine formamidase,QM012_008015,328
A0ABR0TLF6,Cyclin-domain-containing protein,QM012_007695,397
A0ABR0TMP9,"Exo-beta-1,3-glucanase",QM012_007343,471
A0ABR0TN66,Zn(2)-C6 fungal-type domain-containing protein,QM012_007414,415
A0ABR0TNT4,Nucleoporin Nup159/Nup146 N-terminal domain-containing protein,QM012_007247,872
A0ABR0TPF9,Very-long-chain (3R)-3-hydroxyacyl-CoA dehydratase,QM012_006554,223
A0ABR0TPJ8,WW-domain-binding protein,QM012_006436,256
A0ABR0TPP5,Flavin-nucleotide-binding protein,QM012_007498,308
A0ABR0TPU3,Uncharacterized protein,QM012_007527,646
A0ABR0TPV0,tRNA (adenine(58)-N(1))-methyltransferase non-catalytic subunit TRM6,QM012_006375,566
A0ABR0TQ76,Enoyl reductase (ER) domain-containing protein,QM012_007013,323
A0ABR0TQC2,Uncharacterized protein,QM012_005646,477
A0ABR0TQL7,CHCH domain-containing protein,QM012_007022,112
A0ABR0TQR4,MIT domain-containing protein,QM012_005796,1191
A0ABR0TR46,FAD-binding FR-type domain-containing protein,QM012_005936,691
A0ABR0TR69,Glycosyl hydrolase family 13 catalytic domain-containing protein,QM012_006775,594
A0ABR0TR91,Peroxin 22-like protein,QM012_005983,380
A0ABR0TRI2,Protein BIG1,QM012_006045,300
A0ABR0TRT7,SnoaL-like domain-containing protein,QM012_006181,253
A0ABR0TS56,cAMP-dependent protein kinase,QM012_006097,392
A0ABR0TSB2,Aldehyde dehydrogenase domain-containing protein,QM012_006344,494
A0ABR0TSM2,t-SNARE coiled-coil homology domain-containing protein,QM012_004258,357
A0ABR0TSV9,Nuclear architecture-related protein 1,QM012_004360,622
A0ABR0TT21,RRM domain-containing protein,QM012_006068,601
A0ABR0TTH3,Up-regulated during septation protein 1 domain-containing protein,QM012_004201,862
A0ABR0TTV4,SAPS-domain-containing protein,QM012_004566,1114
A0ABR0TTX8,Pentatricopeptide repeat protein,QM012_006303,533
A0ABR0TU09,"Haloacid dehalogenase, type II",QM012_006349,248
A0ABR0TUB7,"4-hydroxybenzoate polyprenyltransferase, mitochondrial",QM012_004486,346
A0ABR0TUY0,Zn(2)-C6 fungal-type domain-containing protein,QM012_004469,760
A0ABR0TV61,Delta(24(24(1)))-sterol reductase,QM012_000243,533
A0ABR0TV96,V-type proton ATPase proteolipid subunit,QM012_004589,160
A0ABR0TVC3,Protein kinase domain-containing protein,QM012_000072,480
A0ABR0TVW6,Uncharacterized protein,QM012_000513,139
A0ABR0TVZ4,FAD-binding domain-containing protein,QM012_004879,456
A0ABR0TWL8,Phospholipid/glycerol acyltransferase domain-containing protein,QM012_000193,735
A0ABR0TXB7,Midasin,QM012_000443,4962
A0ABR0T501,Protein BFR2,QM012_005381,491
A0ABR0T5N8,Alpha/beta hydrolase fold-3 domain-containing protein,QM012_005309,304
A0ABR0T5W6,PH domain-like protein,QM012_005226,410
A0ABR0T615,Peroxisome membrane anchor protein Pex14p N-terminal domain-containing protein,QM012_004966,468
A0ABR0T616,RING-type E3 ubiquitin transferase,QM012_004969,419
A0ABR0T635,Protein YAE1,QM012_005363,211
A0ABR0T6B2,"glucan 1,3-beta-glucosidase",QM012_005384,742
A0ABR0T6J7,Uncharacterized protein,QM012_005025,306
A0ABR0T6X9,TauD/TfdA-like domain-containing protein,QM012_003820,387
A0ABR0T6Y0,Xylanolytic transcriptional activator regulatory domain-containing protein,QM012_003829,636
A0ABR0T736,FAD dependent oxidoreductase domain-containing protein,QM012_004042,431
A0ABR0T765,Chromosome transmission fidelity protein 8,QM012_003841,164
A0ABR0T7E3,Rab GDP dissociation inhibitor,QM012_005023,467
A0ABR0T7H0,Heme haloperoxidase family profile domain-containing protein,QM012_003638,243
A0ABR0T887,Beta-lactamase/transpeptidase-like protein,QM012_003867,558
A0ABR0T8B4,Arrestin-like N-terminal domain-containing protein,QM012_003897,756
A0ABR0T8C2,Uncharacterized protein,QM012_003415,84
A0ABR0T8F6,F-box domain-containing protein,QM012_003942,484
A0ABR0T8S4,Uncharacterized protein,QM012_003554,156
A0ABR0T8V5,Zn(2)-C6 fungal-type domain-containing protein,QM012_003584,545
A0ABR0T966,Triosephosphate isomerase,QM012_003761,257
A0ABR0T9V6,Ribonuclease P/MRP protein subunit POP5,QM012_003112,189
A0ABR0TAH6,Protein kinase domain-containing protein,QM012_002774,597
A0ABR0TAJ6,Amidophosphoribosyltransferase,QM012_003129,581
A0ABR0TAU9,"Histone-lysine N-methyltransferase, H3 lysine-36 specific",QM012_002738,954
A0ABR0TB24,Ubiquitin carboxyl-terminal hydrolase,QM012_003243,599
A0ABR0TB88,Maintenance of telomere capping protein 1,QM012_003274,504
A0ABR0TBV3,Uncharacterized protein,QM012_002411,499
A0ABR0TBY4,Metallo-beta-lactamase domain-containing protein,QM012_002857,270
A0ABR0TCD6,"Cytochrome c oxidase assembly protein COX16, mitochondrial",QM012_002282,115
A0ABR0TCP6,Glucanase,QM012_002402,419
A0ABR0TD41,"Isocitrate dehydrogenase [NAD] subunit 2, mitochondrial",QM012_001991,384
A0ABR0TD57,Adenylyl cyclase-associated protein,QM012_002012,556
A0ABR0TDF8,mRNA processing protein,QM012_002461,477
A0ABR0TDQ8,CobW/HypB/UreG nucleotide-binding domain-containing protein,QM012_001315,368
A0ABR0TDR6,Diphthamide biosynthesis protein 4,QM012_001332,161
A0ABR0TDV1,Rxt3-domain-containing protein,QM012_002062,982
A0ABR0TEC7,Glycosyltransferase family 34 protein,QM012_001528,514
A0ABR0TF46,Glucose-6-phosphate 1-epimerase,QM012_000904,316
A0ABR0TGP1,Calcineurin-like phosphoesterase domain-containing protein,QM012_009293,626
A0ABR0TH02,EamA domain-containing protein,QM012_009484,384
A0ABR0TH11,Aminoglycoside phosphotransferase domain-containing protein,QM012_009490,324
A0ABR0TH16,PH domain-containing protein,QM012_001095,575
A0ABR0THC2,DUF7587 domain-containing protein,QM012_001151,335
A0ABR0THC6,Dynactin subunit,QM012_008691,400
A0ABR0THL7,histone deacetylase,QM012_009515,669
A0ABR0THN3,Sorting nexin-4,QM012_008779,466
A0ABR0THP5,alcohol dehydrogenase (NADP(+)),QM012_009545,357
A0ABR0TJE0,S-adenosyl-L-methionine-dependent methyltransferase,QM012_009087,177
A0ABR0TJT6,Methyltransferase domain-containing protein,QM012_008544,576
A0ABR0TK29,PUM-HD domain-containing protein,QM012_009085,1046
A0ABR0TKN3,Cytochrome P450 monooxygenase,QM012_007790,490
A0ABR0TKP4,HAUS augmin-like complex subunit 6 N-terminal domain-containing protein,QM012_007805,798
A0ABR0TKQ3,Major facilitator superfamily (MFS) profile domain-containing protein,QM012_007603,486
A0ABR0TKR6,Zf-CHY-domain-containing protein,QM012_007822,608
A0ABR0TKX3,Small ribosomal subunit protein uS4m,QM012_008432,433
A0ABR0TL13,Uncharacterized protein,QM012_007896,219
A0ABR0TL43,Glycoside hydrolase family 43 protein,QM012_007926,332
A0ABR0TLM0,Cercosporin MFS transporter CTB4,QM012_008073,630
A0ABR0TLR2,Uncharacterized protein,QM012_008162,230
A0ABR0TLV3,non-reducing end alpha-L-arabinofuranosidase,QM012_007076,730
A0ABR0TLZ4,serine C-palmitoyltransferase,QM012_007056,514
A0ABR0TM32,Pre-mRNA-splicing factor PRP46,QM012_007991,492
A0ABR0TMB6,N-acetylglucosamine-induced protein 1,QM012_007829,213
A0ABR0TMH4,Zinc finger PHD-type domain-containing protein,QM012_007280,567
A0ABR0TMS1,Apple domain-containing protein,QM012_007370,291
A0ABR0TMX6,dihydrolipoyllysine-residue succinyltransferase,QM012_007435,471
A0ABR0TNF4,Uncharacterized protein,QM012_007584,202
A0ABR0TNF8,Major facilitator superfamily (MFS) profile domain-containing protein,QM012_007396,551
A0ABR0TP31,DUF1295-domain-containing protein,QM012_006605,354
A0ABR0TPA1,Uncharacterized protein,QM012_007412,255
A0ABR0TQ19,Alpha/beta-hydrolase,QM012_006952,1031
A0ABR0TQA6,DNA replication regulator Sld3 C-terminal domain-containing protein,QM012_007025,907
A0ABR0TQG9,Conidiation protein 6,QM012_005700,95
A0ABR0TQH9,Fructose-bisphosphate aldolase,QM012_006551,359
A0ABR0TQI3,Glutaredoxin-like protein,QM012_006929,116
A0ABR0TQJ8,Aminotransferase class I/classII large domain-containing protein,QM012_006566,672
A0ABR0TQN7,Uncharacterized protein,QM012_006826,165
A0ABR0TQS4,Uncharacterized protein,QM012_005792,149
A0ABR0TQT8,Transmembrane protein UsgS,QM012_005695,370
A0ABR0TRL1,Uncharacterized protein,QM012_005902,892
A0ABR0TS17,Glycosyltransferase family 20 protein,QM012_005673,925
A0ABR0TS60,Major facilitator superfamily (MFS) profile domain-containing protein,QM012_005994,570
A0ABR0TS68,Uncharacterized protein,QM012_006287,177
A0ABR0TSU0,Cytochrome c oxidase assembly protein,QM012_006170,78
A0ABR0TT11,HCNGP-domain-containing protein,QM012_006018,250
A0ABR0TT87,Uncharacterized protein,QM012_006094,668
A0ABR0TTM1,P-loop containing nucleoside triphosphate hydrolase protein,QM012_004246,1148
A0ABR0TTZ9,Uncharacterized protein,QM012_004792,402
A0ABR0TU01,"Iron-sulfur cluster biogenesis chaperone, mitochondrial",QM012_004611,670
A0ABR0TU51,Tubulin gamma chain,QM012_004184,466
A0ABR0TUT7,Calcium channel YVC1-like C-terminal transmembrane domain-containing protein,QM012_004803,271
A0ABR0TV30,RING-type domain-containing protein,QM012_000244,738
A0ABR0TV80,Zn(2)-C6 fungal-type domain-containing protein,QM012_004574,902
A0ABR0TVY8,Altered inheritance of mitochondria protein 11,AIM11,233
A0ABR0TW06,Probable electron transfer flavoprotein subunit beta,QM012_000562,253
A0ABR0TW59,Uncharacterized protein,QM012_000602,339
A0ABR0TW86,SIN1-domain-containing protein,QM012_000069,1179
A0ABR0TWG1,D-lactate dehydratase,QM012_000133,252
A0ABR0TX16,Ribosomal eL28/Mak16 domain-containing protein,QM012_000308,155
A0ABR0T4D1,Cysteine-rich transmembrane CYSTM domain-containing protein,QM012_005620,77
A0ABR0T587,Large ribosomal subunit protein uL15,QM012_005252,150
A0ABR0T5I2,Amidase domain-containing protein,QM012_005625,535
A0ABR0T5Q1,Peptidase M43 pregnancy-associated plasma-A domain-containing protein,QM012_005500,302
A0ABR0T5R9,F-box domain-containing protein,QM012_005554,444
A0ABR0T654,DUF1749-domain-containing protein,QM012_005225,314
A0ABR0T6N7,Uncharacterized protein,QM012_004080,366
A0ABR0T6X6,"Alpha-1,4 glucan phosphorylase",QM012_004945,885
A0ABR0T6Z9,Enoyl reductase (ER) domain-containing protein,QM012_005112,348
A0ABR0T776,Major facilitator superfamily (MFS) profile domain-containing protein,QM012_003919,506
A0ABR0T7H1,C2H2-type domain-containing protein,QM012_005033,321
A0ABR0T7I5,PLP-dependent transferase,QM012_005068,114
A0ABR0T7K0,Uncharacterized protein,QM012_003664,41
A0ABR0T882,DNA replication licensing factor MCM4,QM012_003371,1000
A0ABR0T8A5,alanine--glyoxylate transaminase,QM012_003720,442
A0ABR0T8C8,Uncharacterized protein,QM012_003416,96
A0ABR0T8R0,ER-bound oxygenase mpaB/mpaB'/Rubber oxygenase catalytic domain-containing protein,QM012_003550,402
A0ABR0T8T6,RRM domain-containing protein,QM012_003573,230
A0ABR0T8T8,Delta 8-(E)-sphingolipid desaturase,QM012_003519,526
A0ABR0T934,Glycosyltransferase family 2 protein,QM012_003731,990
A0ABR0T989,DNL-type domain-containing protein,QM012_003529,177
A0ABR0T9E2,Uncharacterized protein,QM012_003131,151
A0ABR0T9F0,Uncharacterized protein,QM012_003467,225
A0ABR0TAH7,Chitin synthase,QM012_002769,896
A0ABR0TAZ4,DUF7702 domain-containing protein,QM012_002952,263
A0ABR0TAZ7,rRNA biogenesis protein RRP36,QM012_002735,332
A0ABR0TB63,phenylalanine--tRNA ligase,QM012_002172,536
A0ABR0TB75,Protein kinase domain-containing protein,QM012_002189,648
A0ABR0TBI4,G protein gamma domain-containing protein,QM012_002930,839
A0ABR0TBJ3,NADP-dependent oxidoreductase domain-containing protein,QM012_002152,327
A0ABR0TBW0,Uncharacterized protein,QM012_002379,48
A0ABR0TC59,GH16 domain-containing protein,QM012_002528,342
A0ABR0TCQ3,Prefoldin subunit 6,QM012_002206,143
A0ABR0TCT2,Autophagy-related protein,QM012_002236,530
A0ABR0TD80,Pyrimidine 5-nucleotidase,QM012_002022,228
A0ABR0TDI3,"alpha,alpha-trehalase",QM012_001241,1232
A0ABR0TDJ5,Inosine triphosphate pyrophosphatase,QM012_001259,186
A0ABR0TDL4,dipeptidyl-peptidase IV,QM012_001272,897
A0ABR0TDN7,NADH:flavin oxidoreductase/NADH oxidase N-terminal domain-containing protein,QM012_001301,388
A0ABR0TDQ3,Calcipressin,QM012_001733,274
A0ABR0TEW7,Oxidase cueO,QM012_000804,635
A0ABR0TFB1,PNPLA domain-containing protein,QM012_000965,577
A0ABR0TFF6,NAD(P)-binding protein,QM012_001410,272
A0ABR0TFM4,Pal1-domain-containing protein,QM012_001471,474
A0ABR0TFR3,RING-type E3 ubiquitin transferase,QM012_001118,814
A0ABR0TFZ6,Phosphoenolpyruvate carboxykinase (ATP),QM012_000882,597
A0ABR0TGW4,CDC45-like protein,QM012_001126,899
A0ABR0THD3,SGNH hydrolase-type esterase domain-containing protein,QM012_009303,267
A0ABR0THH7,Uncharacterized protein,QM012_008737,1519
A0ABR0THH8,Cytochrome b561 domain-containing protein,QM012_009186,364
A0ABR0THK7,Uncharacterized protein,QM012_009167,457
A0ABR0TI29,RBR-type E3 ubiquitin transferase,QM012_008852,607
A0ABR0TI50,"endo-1,3(4)-beta-glucanase",QM012_008973,1520
A0ABR0TIC1,Uncharacterized protein,QM012_009007,1118
A0ABR0TIK0,4-nitrophenylphosphatase,QM012_008817,302
A0ABR0TIL5,Histidine kinase HHK12p,QM012_008832,899
A0ABR0TIM3,Tyrosine specific protein phosphatases domain-containing protein,QM012_009591,612
A0ABR0TJ12,Zn(2)-C6 fungal-type domain-containing protein,QM012_008300,936
A0ABR0TJF2,Major facilitator superfamily (MFS) profile domain-containing protein,QM012_008391,512
A0ABR0TJQ4,Uncharacterized protein,QM012_008542,191
A0ABR0TJX7,Uncharacterized protein,QM012_008253,161
A0ABR0TKH9,Rrp15p-domain-containing protein,QM012_008248,329
A0ABR0TKJ0,Uncharacterized protein,QM012_008626,366
A0ABR0TKV8,Cerato-platanin,QM012_007862,225
A0ABR0TKW3,F-box domain-containing protein,QM012_008383,493
A0ABR0TL26,Aminoglycoside phosphotransferase domain-containing protein,QM012_007927,192
A0ABR0TL41,"Glutamyl-tRNA(Gln) amidotransferase subunit B, mitochondrial",QM012_007939,612
A0ABR0TLI5,feruloyl esterase,QM012_007796,794
A0ABR0TLL9,Alpha-galactosidase,QM012_008652,552
A0ABR0TLN8,BTB domain-containing protein,QM012_007948,216
A0ABR0TM33,Mitochondrial carrier,QM012_007134,307
A0ABR0TMA3,EamA domain-containing protein,QM012_007207,387
A0ABR0TMG0,Glutamine amidotransferase type-2 domain-containing protein,QM012_008055,543
A0ABR0TMI5,Cysteine proteinase,QM012_007884,555
A0ABR0TMJ0,Major facilitator superfamily (MFS) profile domain-containing protein,QM012_007290,486
A0ABR0TMQ2,"2, 3 cyclic phosphodiesterase",QM012_007994,215
A0ABR0TMS0,Linoleate diol synthase,QM012_007372,1063
A0ABR0TN31,D-isomer specific 2-hydroxyacid dehydrogenase NAD-binding domain-containing protein,QM012_007158,361
A0ABR0TNE2,Citron like protein,QM012_007063,1233
A0ABR0TNT7,Ribosomal RNA-processing protein 42,QM012_006533,353
A0ABR0TNY1,GDP-mannose transporter,QM012_006577,380
A0ABR0TPV2,SH3 domain-containing protein,QM012_006541,594
A0ABR0TQ85,Pre-mRNA splicing factor CLF1,QM012_006999,966
A0ABR0TR11,Xylanolytic transcriptional activator regulatory domain-containing protein,QM012_006715,666
A0ABR0TR65,Major facilitator superfamily (MFS) profile domain-containing protein,QM012_006840,498
A0ABR0TSD3,Uncharacterized protein,QM012_006220,290
A0ABR0TSM6,Clathrin light chain,QM012_005933,244
A0ABR0TT02,F-box domain-containing protein,QM012_004392,288
A0ABR0TT97,Uncharacterized protein,QM012_006320,89
A0ABR0TTB2,C2H2-type domain-containing protein,QM012_004278,279
A0ABR0TTG1,Protein transport protein SFT2,QM012_004511,218
A0ABR0TTQ8,Cryptic loci regulator 2 N-terminal domain-containing protein,QM012_004658,147
A0ABR0TU67,DUF221-domain-containing protein,QM012_004441,881
A0ABR0TUY3,F-box domain-containing protein,QM012_000211,261
A0ABR0TVE5,CID domain-containing protein,QM012_000102,357
A0ABR0TVM2,nitrilase,QM012_000177,320
A0ABR0TWC6,WSC domain-containing protein,QM012_000682,716
A0ABR0TWK9,VASt domain-containing protein,QM012_000370,1198
A0ABR0TWR3,FAD-binding domain-containing protein,QM012_000188,477
A0ABR0TXF9,Uncharacterized protein,QM012_000503,125
A0ABR0T4D6,Uncharacterized protein,QM012_005621,160
A0ABR0T4U8,N-acetyltransferase domain-containing protein,QM012_005356,263
A0ABR0T566,Uncharacterized protein,QM012_005265,177
A0ABR0T5J5,Glyceraldehyde-3-phosphate dehydrogenase,QM012_005590,336
A0ABR0T5K1,AA9 family lytic polysaccharide monooxygenase,QM012_005517,352
A0ABR0T5X8,Uncharacterized protein,QM012_005521,210
A0ABR0T632,Threonine dehydratase,QM012_004940,565
A0ABR0T664,PHD-type domain-containing protein,QM012_005115,500
A0ABR0T6A0,Uncharacterized protein,QM012_005058,97
A0ABR0T6F4,Protein phosphatase,QM012_004001,367
A0ABR0T799,Myotubularin phosphatase domain-containing protein,QM012_003950,777
A0ABR0T7H6,RING-type domain-containing protein,QM012_003899,1453
A0ABR0T7N5,C2H2-type domain-containing protein,QM012_003881,181
A0ABR0T7T2,"homogentisate 1,2-dioxygenase",QM012_004145,516
A0ABR0T879,SprT-like domain-containing protein,QM012_003373,491
A0ABR0T893,Major facilitator superfamily (MFS) profile domain-containing protein,QM012_003783,495
A0ABR0T8B8,Only prolin and serin are matching in the corresponding protein,QM012_003598,548
A0ABR0T8P8,Asl1-like glycosyl hydrolase catalytic domain-containing protein,QM012_003536,494
A0ABR0T909,Uncharacterized protein,QM012_003454,1091
A0ABR0T925,Uncharacterized protein,QM012_003021,195
A0ABR0T952,"Cytochrome b-c1 complex subunit Rieske, mitochondrial",QM012_003047,289
A0ABR0T9H3,Uncharacterized protein,QM012_003161,202
A0ABR0T9M7,Arrestin C-terminal-like domain-containing protein,QM012_003022,402
A0ABR0TAU6,Choline transport protein,QM012_003234,531
A0ABR0TB31,Aminoglycoside phosphotransferase domain-containing protein,QM012_002141,298
A0ABR0TB96,Rab-GAP TBC domain-containing protein,QM012_002586,1171
A0ABR0TBG2,Translation machinery associated TMA7,QM012_002244,68
A0ABR0TBZ3,Capsule polysaccharide biosynthesis protein,QM012_002777,367
A0ABR0TC09,ACT domain-containing protein,QM012_002472,285
A0ABR0TC20,Uncharacterized protein,QM012_002478,770
A0ABR0TCJ1,N-acetyltransferase domain-containing protein,QM012_002464,260
A0ABR0TCM6,DUF7702 domain-containing protein,QM012_002175,275
A0ABR0TD11,Small ribosomal subunit protein mS29,QM012_001967,476
A0ABR0TD79,Small ribosomal subunit protein uS10m,QM012_002481,279
A0ABR0TD82,Bms1-type G domain-containing protein,QM012_001885,824
A0ABR0TDE0,Uncharacterized protein,QM012_001689,161
A0ABR0TDN3,Major facilitator superfamily (MFS) profile domain-containing protein,QM012_001794,501
A0ABR0TDZ3,GATA-type domain-containing protein,QM012_001788,415
A0ABR0TE04,Uncharacterized protein,QM012_001914,449
A0ABR0TEN3,Benzoate 4-monooxygenase bphA,QM012_001367,506
A0ABR0TF20,NADP-dependent mannitol dehydrogenase,QM012_000868,347
A0ABR0TF34,BTB domain-containing protein,QM012_001290,178
A0ABR0TFI1,GPI transamidase component PIG-S,QM012_001038,556
A0ABR0TG18,Methyltransferase LaeA,QM012_001606,290
A0ABR0TGN1,Expansin-like EG45 domain-containing protein,QM012_009358,170
A0ABR0THA4,Uncharacterized protein,QM012_001185,76
A0ABR0THC1,Yos1-like protein,QM012_008688,86
A0ABR0THD0,MARVEL domain-containing protein,QM012_009518,199
A0ABR0THR8,Uncharacterized protein,QM012_008833,501
A0ABR0THZ1,chitin synthase,QM012_008913,1192
A0ABR0TI69,BHLH domain-containing protein,QM012_008804,275
A0ABR0TI78,Uncharacterized protein,QM012_009391,220
A0ABR0TIQ1,Uncharacterized protein,QM012_009127,384
A0ABR0TIY1,DHHA2 domain-containing protein,QM012_008250,426
A0ABR0TJ58,t-SNARE coiled-coil homology domain-containing protein,QM012_008325,361
A0ABR0TJ84,2-methylcitrate dehydratase PrpD,QM012_009149,464
A0ABR0TJF3,FYVE-type domain-containing protein,QM012_008437,656
A0ABR0TJP8,NAD(P)-binding protein,QM012_009151,301
A0ABR0TJU4,Amidase domain-containing protein,QM012_008588,584
A0ABR0TK85,Protein phosphatase inhibitor 2,QM012_008614,263
A0ABR0TK98,Quinate repressor protein,QM012_008172,864
A0ABR0TKR4,Cytochrome protein,QM012_007819,520
A0ABR0TLF1,GOLD domain-containing protein,QM012_008047,216
A0ABR0TM81,Guanine deaminase,QM012_007193,469
A0ABR0TMK4,STAS domain-containing protein,QM012_007305,826
A0ABR0TMM6,"Glycosylphosphatidylinositol:protein transamidase, GAA1 component",QM012_007141,700
A0ABR0TN44,Uncharacterized protein,QM012_008110,322
A0ABR0TN50,Serine hydroxymethyltransferase,QM012_007510,473
A0ABR0TNC4,Rab-GAP TBC domain-containing protein,QM012_007304,337
A0ABR0TNG1,PXA domain-containing protein,QM012_006384,435
A0ABR0TNU6,Mitochondrial phosphate carrier protein,QM012_006519,79
A0ABR0TNU7,Metal homeostatis protein bsd2,QM012_007454,349
A0ABR0TP73,Transcription initiation factor TFIID subunit 2,QM012_007333,1524
A0ABR0TPC8,JmjC domain-containing protein,QM012_006695,339
A0ABR0TPF0,Uncharacterized protein,QM012_006743,501
A0ABR0TPI4,Importin subunit alpha,QM012_006759,550
A0ABR0TPN4,Proteasome activator subunit 4,QM012_006786,1979
A0ABR0TPW7,Arabinanase/levansucrase/invertase,QM012_006556,357
A0ABR0TQ03,Major facilitator superfamily (MFS) profile domain-containing protein,QM012_006371,559
A0ABR0TQS2,L domain-like protein,QM012_005680,525
A0ABR0TR18,alcohol dehydrogenase (NADP(+)),QM012_006957,357
A0ABR0TR89,3-phytase,QM012_006790,588
A0ABR0TRF7,DUF676 domain-containing protein,QM012_005905,464
A0ABR0TRW4,Coatomer subunit alpha,QM012_005629,1221
A0ABR0TS57,Integral membrane protein,QM012_006298,145
A0ABR0TSA2,Uncharacterized protein,QM012_006327,77
A0ABR0TSB3,Dopey N-terminal domain-containing protein,QM012_006358,1832
A0ABR0TSR3,Major facilitator superfamily (MFS) profile domain-containing protein,QM012_004315,512
A0ABR0TT32,"3-carboxy-cis,cis-mucoante lactonizing enzyme",QM012_004435,362
A0ABR0TT73,Cutinase,QM012_004233,797
A0ABR0TTD0,Sequence orphan,QM012_004235,292
A0ABR0TTG0,NADP-dependent oxidoreductase domain-containing protein,QM012_004558,353
A0ABR0TTV5,DUF1593-domain-containing protein,QM012_004667,492
A0ABR0TTX4,mRNA 3'-end-processing protein RNA14,QM012_006353,964
A0ABR0TU71,Xylanolytic transcriptional activator regulatory domain-containing protein,QM012_004520,766
A0ABR0TUB5,"Arabinogalactan endo-beta-1,4-galactanase",QM012_004294,352
A0ABR0TUC2,proline--tRNA ligase,QM012_004872,567
A0ABR0TV86,Uncharacterized protein,QM012_000135,428
A0ABR0TVI8,SPX domain-containing protein,QM012_004714,814
A0ABR0TWN4,Maltose/galactoside acetyltransferase domain-containing protein,QM012_000680,230
A0ABR0T4P4,Uncharacterized protein,QM012_005529,201
A0ABR0T4V7,4-amino-5-hydroxymethyl-2-methylpyrimidine phosphate synthase,QM012_005433,355
A0ABR0T586,Peptidase A1 domain-containing protein,QM012_005504,476
A0ABR0T686,Kinase-like protein,QM012_005047,293
A0ABR0T6C9,Uncharacterized protein,QM012_005076,216
A0ABR0T6X3,RNB domain-containing protein,QM012_003830,1059
A0ABR0T7C5,YTH domain-containing protein,QM012_003901,624
A0ABR0T7F6,ATPase synthesis protein 25,QM012_003621,671
A0ABR0T7Q7,G-protein coupled receptors family 1 profile domain-containing protein,QM012_005049,415
A0ABR0T7Z0,Eukaryotic translation initiation factor 3 subunit B,PRT1,740
A0ABR0T815,Major facilitator superfamily (MFS) profile domain-containing protein,QM012_003310,526
A0ABR0T874,RNA polymerase II transcription factor SIII subunit A,QM012_003368,321
A0ABR0T8K8,Uncharacterized protein,QM012_003688,88
A0ABR0T8Q5,NFACT RNA-binding domain-containing protein,QM012_003548,213
A0ABR0T8Y8,peptidylprolyl isomerase,QM012_003692,388
A0ABR0T921,HIT-type domain-containing protein,QM012_003017,415
A0ABR0T9G3,NECAP PHear domain-containing protein,QM012_003165,278
A0ABR0TA89,RTA1 like protein,QM012_002683,156
A0ABR0TAB7,PH domain-containing protein,QM012_002713,416
A0ABR0TAI3,NAD(P)H-hydrate epimerase,QM012_002773,232
A0ABR0TAQ2,Uncharacterized protein,QM012_003109,433
A0ABR0TAR1,Ferrioxamine B transporter,QM012_002864,613
A0ABR0TAR5,Phospholipid-transporting ATPase,QM012_003138,1567
A0ABR0TAR9,F-box domain-containing protein,QM012_002708,559
A0ABR0TAT9,U3 small nucleolar RNA-associated protein 15 C-terminal domain-containing protein,QM012_002895,537
A0ABR0TB33,Cupin type-1 domain-containing protein,QM012_002658,507
A0ABR0TB62,NmrA-like domain-containing protein,QM012_002174,319
A0ABR0TB89,N-acetyltransferase domain-containing protein,QM012_002200,245
A0ABR0TBJ6,Calcium permease family membrane transporter,QM012_002306,1171
A0ABR0TC62,Importin N-terminal domain-containing protein,QM012_002207,1103
A0ABR0TCG8,UmuC domain-containing protein,QM012_001781,625
A0ABR0TCS4,Protein sip5,QM012_002301,836
A0ABR0TCV2,Glucose-methanol-choline oxidoreductase N-terminal domain-containing protein,QM012_002331,542
A0ABR0TD08,Uncharacterized protein,QM012_002295,295
A0ABR0TD30,phosphoinositide 5-phosphatase,QM012_001980,1224
A0ABR0TD34,Uncharacterized protein,QM012_001685,410
A0ABR0TDA7,GIT Spa2 homology (SHD) domain-containing protein,QM012_001760,774
A0ABR0TDD0,Putative phospholipase,QM012_002431,489
A0ABR0TDJ0,Adenylate kinase isoenzyme 6 homolog,QM012_001258,174
A0ABR0TDZ1,Matrin-type domain-containing protein,QM012_001394,233
A0ABR0TE19,DUF2423 domain-containing protein,QM012_001423,230
A0ABR0TEI2,DUF7053 domain-containing protein,QM012_001492,181
A0ABR0TFF4,Uncharacterized protein,QM012_001009,101
A0ABR0TGD5,MIF4G domain-containing protein,QM012_009282,1382
A0ABR0TGJ7,ER lumen protein retaining receptor,QM012_009328,353
A0ABR0TGM8,RRM domain-containing protein,QM012_009360,321
A0ABR0THI4,WD40 repeat-like protein,QM012_008750,443
A0ABR0THQ1,Protein transport protein SEC22,QM012_008826,216
A0ABR0THW8,Mitochondrial distribution and morphology protein 34,MDM34,538
A0ABR0TII4,Major facilitator superfamily (MFS) profile domain-containing protein,QM012_009099,530
A0ABR0TIK6,Enoyl reductase (ER) domain-containing protein,QM012_008761,358
A0ABR0TJC2,Aminotransferase class I/classII large domain-containing protein,QM012_008299,603
A0ABR0TJU1,C6 zinc finger domain-containing protein,QM012_008591,331
A0ABR0TJZ9,Glycosyl hydrolase family 13 catalytic domain-containing protein,QM012_008647,590
A0ABR0TK42,FAD-binding FR-type domain-containing protein,QM012_009100,372
A0ABR0TK86,"mannan endo-1,4-beta-mannosidase",QM012_007642,496
A0ABR0TKA4,sterol 22-desaturase,QM012_008222,532
A0ABR0TKF0,Uncharacterized protein,QM012_008218,485
A0ABR0TKY1,Uncharacterized protein,QM012_008669,116
A0ABR0TLU4,AAA+ ATPase domain-containing protein,QM012_007055,1882
A0ABR0TLV6,WH2 domain-containing protein,QM012_008008,444
A0ABR0TLW9,DUF7626 domain-containing protein,QM012_007088,652
A0ABR0TM75,HpcH/HpaI aldolase/citrate lyase domain-containing protein,QM012_007161,316
A0ABR0TMG7,Chromosome disjunction protein 3,QM012_008141,987
A0ABR0TN67,Chaperone/heat shock protein Hsp12,QM012_007520,128
A0ABR0TNA2,Alpha/beta hydrolase fold-3 domain-containing protein,QM012_007556,353
A0ABR0TP35,ELMO domain-containing protein,QM012_006609,692
A0ABR0TPK5,NAD(P)-binding protein,QM012_006462,362
A0ABR0TPT1,Major facilitator superfamily (MFS) profile domain-containing protein,QM012_006511,542
A0ABR0TPU2,Pre-mRNA-processing factor 19,QM012_006552,477
A0ABR0TPZ7,Inosine/uridine-preferring nucleoside hydrolase domain-containing protein,QM012_006933,475
A0ABR0TQA0,Uncharacterized protein,QM012_005636,462
A0ABR0TQD1,Thioredoxin domain-containing protein,QM012_006721,158
A0ABR0TQN6,Peroxin-7,QM012_005744,349
A0ABR0TQU7,Matrin-type domain-containing protein,QM012_005647,273
A0ABR0TR59,WD40 repeat-like protein,QM012_005956,489
A0ABR0TR84,Zinc/iron permease,QM012_005961,508
A0ABR0TRR1,L-dopachrome isomerase,QM012_006151,452
A0ABR0TS76,Nuclear pore complex protein Nup85,QM012_006306,1040
A0ABR0TSA1,JmjC domain-containing histone demethylation protein 1,QM012_005764,1680
A0ABR0TSE5,Transcription factor domain-containing protein,QM012_004172,437
A0ABR0TT61,Uncharacterized protein,QM012_004477,54
A0ABR0TT98,Apple domain-containing protein,QM012_004205,687
A0ABR0TTJ1,Uncharacterized protein,QM012_004541,1148
A0ABR0TU26,NADH dehydrogenase 29/21K chain,QM012_004778,194
A0ABR0TUJ1,Uncharacterized protein,QM012_004350,408
A0ABR0TUJ2,FAM50A/XAP5 C-terminal domain-containing protein,QM012_004334,370
A0ABR0TUL7,DUF7587 domain-containing protein,QM012_000051,368
A0ABR0TUQ7,Pre-mRNA-splicing factor cef1,QM012_000092,776
A0ABR0TUZ4,Elongator complex protein 1,QM012_004500,1310
A0ABR0TV50,Tafazzin family protein,QM012_000262,373
A0ABR0TVC7,non-specific serine/threonine protein kinase,QM012_004654,707
A0ABR0TW07,Uncharacterized protein,QM012_000390,144
A0ABR0TWA5,tRNA(Phe) (4-demethylwyosine(37)-C(7)) aminocarboxypropyltransferase,QM012_000402,340
A0ABR0TWJ8,glycerol kinase,QM012_000671,514
A0ABR0TWT6,Uncharacterized protein,QM012_000776,208
A0ABR0TWU3,AB hydrolase-1 domain-containing protein,QM012_000569,337
A0ABR0TWV3,G10 protein,QM012_000584,166
A0ABR0TX48,Uncharacterized protein,QM012_000732,142
A0ABR0TXD2,Uncharacterized protein,QM012_000700,171
A0A4S8WFU2,40S ribosomal protein S30,QM012_004772,62
A0ABR0T4P7,DUF4139 domain-containing protein,QM012_005582,222
A0ABR0T4T9,Homeobox domain-containing protein,QM012_005450,537
A0ABR0T510,Palmitoyltransferase,QM012_005373,407
A0ABR0T5N3,Uncharacterized protein,QM012_005568,76
A0ABR0T5T4,RRM domain-containing protein,QM012_005204,572
A0ABR0T656,Molybdenum cofactor sulfurase,hxB,797
A0ABR0T6G1,Methyltransferase type 11 domain-containing protein,QM012_004011,1508
A0ABR0T6N1,DUF3074 domain-containing protein,QM012_005308,301
A0ABR0T709,Uncharacterized protein,QM012_003860,516
A0ABR0T739,"Histone-lysine N-methyltransferase, H3 lysine-4 specific",QM012_005005,1239
A0ABR0T7V8,AMP-dependent synthetase/ligase domain-containing protein,QM012_003771,718
A0ABR0T7Y4,Major facilitator superfamily (MFS) profile domain-containing protein,QM012_003801,523
A0ABR0T860,"1,3-beta-glucanosyltransferase",QM012_003924,394
A0ABR0T8I4,Bola-like protein,QM012_003476,101
A0ABR0T8P4,Transcription factor domain-containing protein,QM012_003533,328
A0ABR0T8P6,Delta 8-(E)-sphingolipid desaturase,QM012_003474,553
A0ABR0T993,Uncharacterized protein,QM012_003407,364
A0ABR0T9J0,tRNA-splicing endonuclease subunit Sen54 N-terminal domain-containing protein,QM012_003197,413
A0ABR0T9V9,Alpha/beta hydrolase fold-3 domain-containing protein,QM012_002546,382
A0ABR0T9W3,Alpha-L-arabinofuranosidase,QM012_002544,501
A0ABR0TAC5,Uncharacterized protein,QM012_003054,120
A0ABR0TAK3,ABC transporter domain-containing protein,QM012_002585,1394
A0ABR0TBM5,Inositol-1-monophosphatase,QM012_002657,336
A0ABR0TC98,WD40 repeat-like protein,QM012_002882,1260
A0ABR0TCF4,Xylanolytic transcriptional activator regulatory domain-containing protein,QM012_002181,594
A0ABR0TD23,BZIP domain-containing protein,QM012_001978,353
A0ABR0TDK3,Rhodopsin domain-containing protein,QM012_001764,371
A0ABR0TDY0,SET domain-containing protein,QM012_001391,402
A0ABR0TDZ0,Nucleotide-diphospho-sugar transferase,QM012_001374,390
A0ABR0TE03,non-specific serine/threonine protein kinase,QM012_001389,973
A0ABR0TE87,RNA polymerase Rpb4/RPC9 core domain-containing protein,QM012_001402,153
A0ABR0TE88,NTF2-like domain-containing protein,QM012_001894,193
A0ABR0TEK1,ATP-dependent (S)-NAD(P)H-hydrate dehydratase,QM012_001429,319
A0ABR0TEL5,Uncharacterized protein,QM012_002014,67
A0ABR0TFV5,Rhodopsin domain-containing protein,QM012_001176,331
A0ABR0TFW1,Micro-fibrillar-associated protein 1 C-terminal domain-containing protein,QM012_001159,399
A0ABR0TFW6,Glucose-methanol-choline oxidoreductase N-terminal domain-containing protein,QM012_001177,604
A0ABR0TFX6,ABC transporter transmembrane region 2,QM012_001175,890
A0ABR0TFZ4,Major facilitator superfamily (MFS) profile domain-containing protein,QM012_001112,494
A0ABR0TG00,Mediator of RNA polymerase II transcription subunit 7,QM012_001213,238
A0ABR0TGA1,Autophagy-related protein 17,QM012_009240,464
A0ABR0TGV6,DRBM domain-containing protein,QM012_001035,398
A0ABR0TH51,NADH dehydrogenase [ubiquinone] 1 alpha subcomplex assembly factor 3,QM012_009534,242
A0ABR0THH1,Enoyl reductase (ER) domain-containing protein,QM012_008719,333
A0ABR0THN7,AB hydrolase-1 domain-containing protein,QM012_008811,250
A0ABR0THP4,Phosphotransferase,QM012_008810,490
A0ABR0THS8,NAD(P)-binding protein,QM012_008840,405
A0ABR0TI51,Glucose-methanol-choline oxidoreductase N-terminal domain-containing protein,QM012_009411,620
A0ABR0TI95,Dna-binding protein,QM012_008697,117
A0ABR0TIJ7,Amino acid transporter,QM012_009103,605
A0ABR0TIR5,Apple domain-containing protein,QM012_008198,390
A0ABR0TIW2,GPI ethanolamine phosphate transferase 1,QM012_009122,576
A0ABR0TJ62,Anaphase-promoting complex subunit CDC26,QM012_008971,69
A0ABR0TK01,Major facilitator superfamily (MFS) profile domain-containing protein,QM012_009105,515
A0ABR0TK66,Galactosyl transferase GMA12/MNN10 family protein,QM012_008661,498
A0ABR0TK78,Methylenetetrahydrofolate reductase,QM012_008521,656
A0ABR0TKB3,Protein-serine/threonine kinase,QM012_008388,488
A0ABR0TKL0,MFS general substrate transporter,QM012_008292,427
A0ABR0TKT1,DNA polymerase alpha subunit B,QM012_007806,646
A0ABR0TL19,Ras GEF,QM012_007922,1635
A0ABR0TLE6,Uncharacterized protein,QM012_008577,200
A0ABR0TLR0,Translation initiation factor 3 N-terminal domain-containing protein,QM012_007600,238
A0ABR0TMF3,Integral membrane protein,QM012_007236,531
A0ABR0TMJ5,Glucose-repressible protein,QM012_007899,88
A0ABR0TML5,CRAL-TRIO domain-containing protein,QM012_007234,544
A0ABR0TMM8,V-type proton ATPase proteolipid subunit,QM012_007064,162
A0ABR0TMV8,Uncharacterized protein,QM012_007374,188
A0ABR0TNF9,DUF7593 domain-containing protein,QM012_006381,1074
A0ABR0TNY0,SnoaL-like domain-containing protein,QM012_007591,183
A0ABR0TP79,Nucleolar 27S pre-rRNA processing Urb2/Npa2 C-terminal domain-containing protein,QM012_006648,1426
A0ABR0TPF4,RNI-like protein,QM012_006417,561
A0ABR0TPJ7,Apple domain-containing protein,QM012_007422,294
A0ABR0TPR1,DNA mismatch repair protein MSH5,QM012_006830,1002
A0ABR0TQG8,Vacuolar segregation subunit 7-domain-containing protein,QM012_005669,966
A0ABR0TQS0,Major facilitator superfamily (MFS) profile domain-containing protein,QM012_005802,537
A0ABR0TQT4,Transmembrane 9 superfamily member,QM012_005816,644
A0ABR0TQW8,DNA replication regulator SLD2,QM012_005725,470
A0ABR0TS23,Major facilitator superfamily (MFS) profile domain-containing protein,QM012_006130,505
A0ABR0TS78,Nucleolar complex-associated protein 3,QM012_006312,681
A0ABR0TSA9,Fumarylacetoacetase,QM012_006336,411
A0ABR0TSD2,Ribosome recycling factor domain-containing protein,QM012_006069,273
A0ABR0TSD7,HORMA domain-containing protein,QM012_006084,746
A0ABR0TSE4,Glucose-methanol-choline oxidoreductase N-terminal domain-containing protein,QM012_006035,612
A0ABR0TSF9,Cytochrome P450,QM012_004207,423
A0ABR0TSI5,Transcription factor SWI6,QM012_004225,658
A0ABR0TSV0,Aldolase,QM012_006307,328
A0ABR0TT54,DUF423-domain-containing protein,QM012_006064,123
A0ABR0TTP7,"Arabinan endo-1,5-alpha-L-arabinosidase",QM012_004276,325
A0ABR0TU36,DNA polymerase delta subunit 4,QM012_004822,196
A0ABR0TUG4,UPF3 domain-containing protein,QM012_004339,544
A0ABR0TUT8,Mitochondrial genome maintenance protein Mgr2,QM012_000166,110
A0ABR0TUV7,Peptidase A1 domain-containing protein,QM012_000101,606
A0ABR0TUY9,Uncharacterized protein,QM012_000168,179
A0ABR0TV63,Mg2+ transporter protein,QM012_000286,529
A0ABR0TV93,laccase,QM012_000316,600
A0ABR0TWI0,Swi5-domain-containing protein,QM012_000340,130
A0ABR0TWJ9,Pre-mRNA-splicing factor CWC2,QM012_000635,416
A0ABR0TWL7,Cytochrome protein,QM012_000768,520
A0ABR0TXP7,MHD domain-containing protein,QM012_000623,437
A0ABR0T4D4,Zn(2)-C6 fungal-type domain-containing protein,QM012_005608,662
A0ABR0T4Y6,Cytochrome P450,QM012_005366,448
A0ABR0T5F8,Major facilitator superfamily (MFS) profile domain-containing protein,QM012_005084,534
A0ABR0T600,Serine aminopeptidase S33 domain-containing protein,QM012_005306,309
A0ABR0T637,DUF3500 domain-containing protein,QM012_004983,411
A0ABR0T6P7,asparaginase,QM012_005288,517
A0ABR0T6W7,Uncharacterized protein,QM012_004161,112
A0ABR0T7E7,Tcp11-domain-containing protein,QM012_003599,985
A0ABR0T7Z2,Uncharacterized protein,QM012_003799,100
A0ABR0T849,Uncharacterized protein,QM012_003738,174
A0ABR0T8S5,RmlC-like cupin,QM012_003568,370
A0ABR0T9L1,BZIP domain-containing protein,QM012_003346,657
A0ABR0T9R5,Actin-like ATPase domain-containing protein,QM012_003587,566
A0ABR0TBK8,DUF4045 domain-containing protein,QM012_002324,1216
A0ABR0TBN8,Sphingomyelin phosphodiesterase,QM012_002354,630
A0ABR0TBP7,Peptidase A1 domain-containing protein,QM012_002352,584
A0ABR0TBT4,Myb-like domain-containing protein,QM012_002717,275
A0ABR0TC37,L-cystine transporter-like protein,QM012_002871,278
A0ABR0TC73,Uncharacterized protein,QM012_002499,143
A0ABR0TC97,Complex 1 LYR protein domain-containing protein,QM012_001693,79
A0ABR0TCQ2,NAD(P)-binding protein,QM012_001866,252
A0ABR0TCX1,Alpha-aminoadipate reductase,QM012_002361,1173
A0ABR0TDC2,Cytochrome b5 reductase-like protein,QM012_002071,464
A0ABR0TDH9,Uncharacterized protein,QM012_001734,242
A0ABR0TDN6,Concanavalin A-like lectin/glucanase,QM012_001302,257
A0ABR0TED8,Ino eighty subunit 1,QM012_001939,850
A0ABR0TES8,Xylanolytic transcriptional activator regulatory domain-containing protein,QM012_001235,464
A0ABR0TF66,amidase,QM012_000919,579
A0ABR0TFC0,quinol--cytochrome-c reductase,QM012_001562,337
A0ABR0TFF0,GTP-binding nuclear protein,QM012_001592,230
A0ABR0TFL9,Uncharacterized protein,QM012_001078,155
A0ABR0TG19,U3 small nucleolar RNA-associated protein 11,QM012_001655,276
A0ABR0TG65,Probable beta-glucosidase G,QM012_009190,803
A0ABR0TGS5,adenine phosphoribosyltransferase,QM012_009323,285
A0ABR0TGS7,ATP-grasp domain-containing protein,QM012_009405,433
A0ABR0TGS8,histidine kinase,QM012_009419,1129
A0ABR0TGU4,Aquaporin-like protein,QM012_000985,283
A0ABR0THH9,"3'(2'),5'-bisphosphate nucleotidase",QM012_001211,356
A0ABR0TI72,"Valine--tRNA ligase, mitochondrial",QM012_008994,1091
A0ABR0TJ64,DNA (cytosine-5)-methyltransferase 1 replication foci domain-containing protein,QM012_008304,500
A0ABR0TJB5,Uncharacterized protein,QM012_008411,221
A0ABR0TKA0,Flavin reductase like domain-containing protein,QM012_007658,264
A0ABR0TL22,PalH-domain-containing protein,QM012_007631,717
A0ABR0TL64,Uncharacterized protein,QM012_007861,217
A0ABR0TLI9,P-loop containing nucleoside triphosphate hydrolase protein,QM012_008622,547
A0ABR0TLM6,DUF803-domain-containing protein,QM012_007933,690
A0ABR0TLV5,U-box domain-containing protein,QM012_007845,294
A0ABR0TLX7,Transcription factor domain-containing protein,QM012_008023,533
A0ABR0TMV9,BZIP domain-containing protein,QM012_007415,228
A0ABR0TN30,NAD(P)-binding protein,QM012_007214,260
A0ABR0TN72,Uncharacterized protein,QM012_007535,469
A0ABR0TNC1,"2,3-bisphosphoglycerate-independent phosphoglycerate mutase",QM012_007582,520
A0ABR0TNC7,Transcription factor domain-containing protein,QM012_007048,486
A0ABR0TNQ0,WD40 repeat-like protein,QM012_006487,851
A0ABR0TNW4,Major facilitator superfamily (MFS) profile domain-containing protein,QM012_006562,458
A0ABR0TNZ2,Cytochrome c oxidase assembly protein,QM012_007242,112
A0ABR0TNZ5,Uncharacterized protein,QM012_006374,432
A0ABR0TP05,ADF-H domain-containing protein,QM012_006561,1203
A0ABR0TPE2,A/B/D/E cyclin,QM012_006710,487
A0ABR0TPF7,GPI anchored cell wall protein,QM012_006729,230
A0ABR0TPN0,CST complex subunit Stn1 N-terminal domain-containing protein,QM012_006800,258
A0ABR0TQB2,Amino acid permease/ SLC12A domain-containing protein,QM012_006717,555
A0ABR0TQL0,Uncharacterized protein,QM012_006565,359
A0ABR0TQU9,Beta-hexosaminidase,QM012_005831,589
A0ABR0TQW1,Uncharacterized protein,QM012_005851,154
A0ABR0TRA8,DUF3824 domain-containing protein,QM012_005645,5451
A0ABR0TRB2,NUDE domain-containing protein,QM012_005972,683
A0ABR0TRD5,RWD domain-containing protein,QM012_006835,259
A0ABR0TRE8,Calcineurin-like phosphoesterase domain-containing protein,QM012_005842,254
A0ABR0TRJ2,DNA topoisomerase I,QM012_006062,869
A0ABR0TRL0,Glycoside hydrolase family 43 protein,QM012_006926,462
A0ABR0TRR6,amidase,QM012_005633,535
A0ABR0TRU0,NUC153 domain-containing protein,QM012_006040,321
A0ABR0TRU7,FAD-binding domain-containing protein,QM012_007016,592
A0ABR0TRX6,Transcriptional regulator,QM012_006211,607
A0ABR0TRZ0,DUF7624 domain-containing protein,QM012_006209,334
A0ABR0TS69,Senescence domain-containing protein,QM012_006301,513
A0ABR0TS83,Ribosomal protein L19,QM012_005749,204
A0ABR0TSD9,Uncharacterized protein,QM012_004168,404
A0ABR0TSG2,Apurinic-apyrimidinic endonuclease 1,QM012_005808,535
A0ABR0TSP2,UEV-domain-containing protein,QM012_004287,553
A0ABR0TSV5,DUF8004 domain-containing protein,QM012_006249,774
A0ABR0TSZ8,Uncharacterized protein,QM012_004382,649
A0ABR0TT80,Rhodopsin domain-containing protein,QM012_004463,327
A0ABR0TTN0,Uncharacterized protein,QM012_004657,221
A0ABR0TTW7,Protein root UVB sensitive/RUS domain-containing protein,QM012_004415,82
A0ABR0TU59,Glutathione peroxidase,QM012_004199,167
A0ABR0TU65,FAD-binding PCMH-type domain-containing protein,QM012_004671,693
A0ABR0TUS1,MFS general substrate transporter,QM012_000107,653
A0ABR0TUX1,Xylanolytic transcriptional activator regulatory domain-containing protein,QM012_000187,803
A0ABR0TUX7,Uncharacterized protein,QM012_004504,417
A0ABR0TV44,Rab GTPase Vps21/Ypt51,QM012_004545,244
A0ABR0TV73,RING-type domain-containing protein,QM012_000261,356
A0ABR0TVI1,GDP-mannose transporter,QM012_000225,543
A0ABR0TVK4,threonine synthase,QM012_000424,567
A0ABR0TVZ8,Non-structural maintenance of chromosomes element 4,QM012_000557,452
A0ABR0TWM7,CAF1-domain-containing protein,QM012_000665,662
A0ABR0TWX4,Uncharacterized protein,QM012_000339,449
A0ABR0TX82,Fe2OG dioxygenase domain-containing protein,QM012_000777,279
A0ABR0TXE6,Uncharacterized protein,QM012_000568,908
A0A4S9K794,LSM complex subunit LSm2,QM012_004120,100
A0ABR0T692,CCHC-type domain-containing protein,QM012_005289,633
A0ABR0T6B1,Uncharacterized protein,QM012_005304,125
A0ABR0T6R6,Protein phosphatase PP2A regulatory subunit B,QM012_004124,493
A0ABR0T6W2,Uncharacterized protein,QM012_003812,337
A0ABR0T7J0,Neutral protease 2,QM012_003836,356
A0ABR0T7M2,Fork-head domain-containing protein,QM012_003674,895
A0ABR0T7P8,AB hydrolase-1 domain-containing protein,QM012_004008,246
A0ABR0T825,RED-like N-terminal domain-containing protein,QM012_003325,556
A0ABR0T842,Frequency clock protein,QM012_003340,951
A0ABR0T8K4,Poly [ADP-ribose] polymerase,QM012_003943,621
A0ABR0T8X6,beta-glucosidase,QM012_002981,886
A0ABR0T9R4,Nuclear pore complex protein Nup85,QM012_003406,266
A0ABR0TA28,Aminoglycoside phosphotransferase domain-containing protein,QM012_002623,380
A0ABR0TAB8,DHH family protein,QM012_002715,452
A0ABR0TAC2,DNA endonuclease activator Ctp1 C-terminal domain-containing protein,QM012_002709,650
A0ABR0TAL6,Uncharacterized protein,QM012_002820,377
A0ABR0TAR3,Mitochondrial carrier,QM012_002815,320
A0ABR0TAY5,F-box domain-containing protein,QM012_002890,703
A0ABR0TBP4,DUF7730 domain-containing protein,QM012_002351,294
A0ABR0TC83,Myb-like domain-containing protein,QM012_002867,428
A0ABR0TCY9,Major facilitator superfamily (MFS) profile domain-containing protein,QM012_001935,525
A0ABR0TCZ3,Spo7-domain-containing protein,QM012_001949,477
A0ABR0TDG9,Uncharacterized protein,QM012_002114,295
A0ABR0TDQ1,Proteasome subunit beta,QM012_001317,617
A0ABR0TDU5,Major facilitator superfamily (MFS) profile domain-containing protein,QM012_001353,502
A0ABR0TF26,BTB domain-containing protein,QM012_001291,298
A0ABR0TFD7,Apple domain-containing protein,QM012_001577,821
A0ABR0TFM7,Endoplasmic reticulum chaperone BIP,QM012_001089,672
A0ABR0TFU6,Zn(2)-C6 fungal-type domain-containing protein,QM012_000989,520
A0ABR0TG14,PQ loop repeat protein,QM012_000811,346
A0ABR0TG56,Cytochrome P450,QM012_001094,542
A0ABR0TGA6,Formate/nitrite transporter,QM012_009234,359
A0ABR0TGG7,"Glutamyl-tRNA(Gln) amidotransferase subunit A, mitochondrial",QM012_009281,497
A0ABR0TGH7,Uncharacterized protein,QM012_000851,94
A0ABR0TGS2,Uncharacterized protein,QM012_009409,180
A0ABR0TGU5,T6SS Phospholipase effector Tle1-like catalytic domain-containing protein,QM012_009416,460
A0ABR0TGW5,Cell cycle control protein,QM012_009445,326
A0ABR0TH06,RING-CH-type domain-containing protein,QM012_009398,450
A0ABR0TH57,Ubiquitin carboxyl-terminal hydrolase,QM012_009228,638
A0ABR0THG5,Fork-head domain-containing protein,QM012_008728,1599
A0ABR0THM2,Large ribosomal subunit protein mL40,QM012_009231,183
A0ABR0THN8,Uncharacterized protein,QM012_009246,307
A0ABR0TIP4,Xylanolytic transcriptional activator regulatory domain-containing protein,QM012_008171,790
A0ABR0TIP8,Aminotransferase class V domain-containing protein,QM012_008180,324
A0ABR0TIW1,methionyl-tRNA formyltransferase,QM012_008243,384
A0ABR0TJ27,RWD domain-containing protein,QM012_008317,295
A0ABR0TJ82,YjgF-like protein,QM012_008363,175
A0ABR0TJF7,ER membrane protein complex subunit 7 beta-sandwich domain-containing protein,QM012_008890,245
A0ABR0TJW5,Secreted protein,QM012_008494,125
A0ABR0TK79,Uncharacterized protein,QM012_009131,260
A0ABR0TKB0,OPT superfamily oligopeptide transporter,QM012_007673,796
A0ABR0TKE7,Nuclear condensin complex subunit 3 C-terminal domain-containing protein,QM012_008581,1124
A0ABR0TKI7,Aspartate aminotransferase,QM012_007636,796
A0ABR0TKX2,Hyaluronan/mRNA-binding protein domain-containing protein,QM012_007851,156
A0ABR0TL21,"xylan 1,4-beta-xylosidase",QM012_007925,907
A0ABR0TLE2,OPT superfamily oligopeptide transporter,QM012_007680,824
A0ABR0TLP3,NADH:ubiquinone oxidoreductase intermediate-associated protein 30 domain-containing protein,QM012_008121,247
A0ABR0TLQ7,Rhodopsin domain-containing protein,QM012_007031,386
A0ABR0TMR3,Pyruvate decarboxylase,QM012_007053,577
A0ABR0TNN6,Uncharacterized protein,QM012_007486,573
A0ABR0TNR8,RRM domain-containing protein,QM012_007167,1248
A0ABR0TNU2,Uncharacterized protein,QM012_006498,248
A0ABR0TP26,ATP-dependent 6-phosphofructokinase,QM012_006404,781
A0ABR0TP40,Ribosome biogenesis protein RLP24,QM012_006619,200
A0ABR0TPA0,DnaJ homologue subfamily C member 28 conserved domain-containing protein,QM012_006494,490
A0ABR0TQI1,glutaryl-CoA dehydrogenase (ETF),QM012_005715,426
A0ABR0TQQ2,HTH APSES-type domain-containing protein,QM012_005788,591
A0ABR0TQX4,Ornithine decarboxylase antizyme,QM012_005866,276
A0ABR0TQY4,ethanolamine kinase,QM012_006931,406
A0ABR0TR26,Major facilitator superfamily (MFS) profile domain-containing protein,QM012_006976,542
A0ABR0TR42,Peroxisomal ATPase PEX1,QM012_005909,1226
A0ABR0TRG1,Mago nashi protein,QM012_006865,153
A0ABR0TRU9,V-type proton ATPase subunit G,QM012_006171,120
A0ABR0TRX8,Histidine kinase HHK15p,QM012_006208,1570
A0ABR0TS02,ABC multidrug transporter Mdr2,QM012_005934,792
A0ABR0TS59,Zinc finger PHD-type domain-containing protein,QM012_006281,753
A0ABR0TS64,Chalcone isomerase domain-containing protein,QM012_006112,451
A0ABR0TSN8,Amidohydrolase-related domain-containing protein,QM012_004297,339
A0ABR0TT99,Uncharacterized protein,QM012_004478,575
A0ABR0TTB7,JmjC domain-containing protein,QM012_004487,1202
A0ABR0TTK0,LysM domain-containing protein,QM012_004630,595
A0ABR0TTL0,Serine/threonine-protein phosphatase,QM012_004383,320
A0ABR0TTU5,FMN hydroxy acid dehydrogenase domain-containing protein,QM012_004692,422
A0ABR0TTZ1,NAD(P)-binding protein,QM012_004737,311
A0ABR0TU77,SUN domain-containing protein,QM012_004824,693
A0ABR0TU90,Nucleoporin,QM012_004229,1795
A0ABR0TU99,Rhodopsin domain-containing protein,QM012_004245,426
A0ABR0TUS3,Pyridoxamine 5'-phosphate oxidase N-terminal domain-containing protein,QM012_000151,244
A0ABR0TV66,diacylglycerol cholinephosphotransferase,QM012_000257,409
A0ABR0TVC4,P-loop containing nucleoside triphosphate hydrolase protein,QM012_000317,370
A0ABR0TVU2,Oligopeptide transporter,QM012_000100,754
A0ABR0TVZ9,GPR1/FUN34/YaaH-class plasma membrane protein-like protein,QM012_004875,281
A0ABR0TW12,Kinase-like protein,QM012_000546,535
A0ABR0TW29,Nucleoporin protein Ndc1-Nup,QM012_004859,623
A0ABR0TW82,TauD/TfdA-like domain-containing protein,QM012_000545,373
A0ABR0TWF0,Uncharacterized protein,QM012_000447,166
A0ABR0TWG4,Actin-related protein 2/3 complex subunit 3,QM012_000641,189
A0ABR0TWY2,D-isomer specific 2-hydroxyacid dehydrogenase NAD-binding domain-containing protein,QM012_000599,356
A0ABR0TX63,Probable acetate kinase,QM012_000459,421
A0ABR0T529,Small ribosomal subunit protein uS8m,QM012_005388,178
A0ABR0T535,BED-type domain-containing protein,QM012_005411,281
A0ABR0T576,Zn(2)-C6 fungal-type domain-containing protein,QM012_005405,764
A0ABR0T5K8,ABC transporter domain-containing protein,QM012_005605,638
A0ABR0T5R0,Cytochrome p450 benzoate 4-monooxygenase,QM012_005123,516
A0ABR0T6M7,cAMP-dependent protein kinase regulatory subunit,QM012_005332,497
A0ABR0T6S0,Pre-mRNA processing factor 4 (PRP4)-like domain-containing protein,QM012_004000,530
A0ABR0T6Z1,Thioesterase/thiol ester dehydrase-isomerase,QM012_003844,321
A0ABR0T794,TPR-like protein,QM012_004102,220
A0ABR0T7A9,Uncharacterized protein,QM012_004117,774
A0ABR0T7S0,Glucose-methanol-choline oxidoreductase N-terminal domain-containing protein,QM012_003665,630
A0ABR0T848,Tudor domain-containing protein,QM012_003344,289
A0ABR0T8R6,GTP-binding protein Obg/CgtA,QM012_003427,576
A0ABR0T8W9,Uncharacterized protein,QM012_002969,266
A0ABR0T8Y5,S-adenosyl-L-methionine-dependent methyltransferase,QM012_002984,385
A0ABR0T9A3,"Alpha-1,2-mannosyltransferase",QM012_003335,432
A0ABR0T9P1,Mitochondrial carrier,QM012_003376,336
A0ABR0T9R8,P-loop containing nucleoside triphosphate hydrolase protein,QM012_003270,1371
A0ABR0TAH4,E3 ubiquitin-protein ligase PEP5,QM012_003034,965
A0ABR0TAY7,Major facilitator superfamily (MFS) profile domain-containing protein,QM012_002940,522
A0ABR0TB17,RRM domain-containing protein,QM012_003228,1145
A0ABR0TB54,Uncharacterized protein,QM012_002572,431
A0ABR0TB78,Uncharacterized protein,QM012_002154,264
A0ABR0TB93,Uncharacterized protein,QM012_002169,165
A0ABR0TBF8,Membrane anchor Opy2 N-terminal domain-containing protein,QM012_002582,439
A0ABR0TC05,Leucine-rich repeat domain-containing protein,QM012_002463,487
A0ABR0TD52,Cytochrome P450 monooxygenase,QM012_002340,499
A0ABR0TD54,Large ribosomal subunit protein uL30m,QM012_002006,90
A0ABR0TD96,Peroxisomal membrane protein 4,QM012_002385,230
A0ABR0TDB7,Acetyl-CoA synthetase-like protein,QM012_002069,573
A0ABR0TDF9,26S proteasome regulatory subunit 8 homolog,QM012_002495,434
A0ABR0TDS2,FAD/NAD(P)-binding domain-containing protein,QM012_001330,562
A0ABR0TEP9,Eukaryotic translation initiation factor 3 subunit J,HCR1,268
A0ABR0TF30,GPI transamidase component Gpi16,QM012_000873,599
A0ABR0TGG8,L-ornithine N(5)-monooxygenase [NAD(P)H],QM012_009218,485
A0ABR0TGI4,Uncharacterized protein,QM012_009310,309
A0ABR0TGT4,Ubiquitin 3 binding protein But2 C-terminal domain-containing protein,QM012_009415,578
A0ABR0TGV2,YDG domain-containing protein,QM012_000986,417
A0ABR0THL8,C2H2-type domain-containing protein,QM012_008784,379
A0ABR0TI07,Calponin-homology (CH) domain-containing protein,QM012_008928,644
A0ABR0TID4,mRNA 3'-end-processing protein,QM012_008957,327
A0ABR0TIT2,DUF1212-domain-containing protein,QM012_008166,517
A0ABR0TIV1,Carboxylic ester hydrolase,QM012_008681,531
A0ABR0TJ02,Rdx family-domain-containing protein,QM012_008790,143
A0ABR0TJM2,RING-type domain-containing protein,QM012_008951,393
A0ABR0TJT0,"Peptidase C15, pyroglutamyl peptidase I-like protein",QM012_008573,247
A0ABR0TKH5,Cytoplasmic tRNA 2-thiolation protein 2,NCS2,375
A0ABR0TKX5,"Cytochrome c oxidase-assembly factor COX23, mitochondrial",QM012_007883,80
A0ABR0TL47,Uncharacterized protein,QM012_007952,624
A0ABR0TLZ6,Uncharacterized protein,QM012_007705,114
A0ABR0TM29,F-box domain-containing protein,QM012_008083,570
A0ABR0TM42,Uncharacterized protein,QM012_007116,109
A0ABR0TM69,RING-type E3 ubiquitin transferase (cysteine targeting),QM012_007178,492
A0ABR0TMB3,Conserved oligomeric Golgi complex subunit 3,QM012_007220,839
A0ABR0TMQ0,"UDP-glucose,glyco protein glucosyltransferase",QM012_007975,1529
A0ABR0TMX5,Concanavalin A-like lectin/glucanase,QM012_007433,175
A0ABR0TMY6,SWIM-type domain-containing protein,QM012_007113,413
A0ABR0TNP4,RING zinc finger-like domain-containing protein,QM012_007409,486
A0ABR0TNR9,CRAL-TRIO domain-containing protein,QM012_007353,340
A0ABR0TNS4,Extracellular mutant protein 11 C-terminal domain-containing protein,QM012_006504,458
A0ABR0TP10,Haloacid dehalogenase,QM012_006389,236
A0ABR0TP43,Mitochondrial import inner membrane translocase subunit TIM14,QM012_006620,105
A0ABR0TP88,Transcription factor domain-containing protein,QM012_006572,135
A0ABR0TPC2,Large ribosomal subunit protein uL2m,QM012_006709,380
A0ABR0TQ05,Uncharacterized protein,QM012_006937,439
A0ABR0TQ17,Fatty acid hydroxylase domain-containing protein,QM012_006953,379
A0ABR0TQ42,15-O-acetyltransferase Tri3,QM012_006954,524
A0ABR0TQ88,Xylanolytic transcriptional activator regulatory domain-containing protein,QM012_007018,498
A0ABR0TQM2,"glucan 1,3-beta-glucosidase",QM012_006811,305
A0ABR0TQV3,"UDP-glucose 4,6-dehydratase",QM012_006671,390
A0ABR0TR76,NADP-dependent oxidoreductase domain-containing protein,QM012_006791,341
A0ABR0TR82,Major royal jelly protein,QM012_005782,416
A0ABR0TRD4,Phytanoyl-CoA dioxygenase,QM012_006000,359
A0ABR0TRF5,RNA helicase,QM012_006017,789
A0ABR0TRK9,DSBA-like thioredoxin domain-containing protein,QM012_005769,220
A0ABR0TRL5,AB hydrolase-1 domain-containing protein,QM012_005750,424
A0ABR0TRN7,RRM domain-containing protein,QM012_005765,115
A0ABR0TS50,Autophagy-related protein 27,QM012_006276,340
A0ABR0TS75,DUF2428 domain-containing protein,QM012_006009,1453
A0ABR0TSB9,C2H2-type domain-containing protein,QM012_006205,545
A0ABR0TSH6,Phytase-like domain-containing protein,QM012_004223,555
A0ABR0TSJ8,Uncharacterized protein,QM012_004196,664
A0ABR0TSL9,AAA+ ATPase domain-containing protein,QM012_004268,763
A0ABR0TSM3,Mis12-Mtw1 protein,QM012_004247,598
A0ABR0TSZ9,Phytanoyl-CoA dioxygenase family protein,QM012_004173,338
A0ABR0TTA0,UBL3-like ubiquitin domain-containing protein,QM012_004451,261
A0ABR0TTZ5,C2H2-type domain-containing protein,QM012_004734,416
A0ABR0TU15,SAC domain-containing protein,QM012_004783,1002
A0ABR0TU17,Carboxylic ester hydrolase,QM012_004460,497
A0ABR0TU56,choline-phosphate cytidylyltransferase,QM012_004505,411
A0ABR0TUV4,asparagine synthase (glutamine-hydrolyzing),QM012_004760,576
A0ABR0TV87,RRM domain-containing protein,QM012_000304,693
A0ABR0TVA1,Phosphatase 2A-associated protein,QM012_004831,352
A0ABR0TVA6,WDR48/Bun107 ubiquitin-like domain-containing protein,QM012_000215,1021
A0ABR0TVK0,Uncharacterized protein,QM012_000104,349
A0ABR0TVP3,5-methyltetrahydropteroyltriglutamate--homocysteine S-methyltransferase,QM012_004774,766
A0ABR0TVV1,Phosphoribosylaminoimidazole-succinocarboxamide synthase,QM012_000345,905
A0ABR0TWI8,Wax synthase domain-containing protein,QM012_000754,419
A0ABR0TX57,Chitin-binding type-1 domain-containing protein,QM012_000448,1222
A0ABR0TXH4,UbiA prenyltransferase,QM012_000760,319
A0A1A7MEQ7,Ribosomal protein eL8/eL30/eS12/Gadd45 domain-containing protein,QM012_007936,108
A0ABR0T4J9,Dienelactone hydrolase domain-containing protein,QM012_005483,266
A0ABR0T5G2,3-methylcrotonyl-CoA carboxylase subunit alpha,QM012_005327,712
A0ABR0T644,Rho termination factor N-terminal domain-containing protein,QM012_004991,359
A0ABR0T6C6,Carboxylic ester hydrolase,QM012_005399,584
A0ABR0T7G7,F-box domain-containing protein,QM012_003946,498
A0ABR0T7K4,3'-5' exonuclease domain-containing protein,QM012_003851,1411
A0ABR0T7X7,Major facilitator superfamily (MFS) profile domain-containing protein,QM012_004024,454
A0ABR0T895,Uncharacterized protein,QM012_003378,174
A0ABR0T8A0,ubiquitinyl hydrolase 1,QM012_004144,832
A0ABR0T8A2,FAD-binding FR-type domain-containing protein,QM012_003838,672
A0ABR0T8L7,DNA damage-binding protein CMR1,QM012_003494,523
A0ABR0T8N0,Major facilitator superfamily (MFS) profile domain-containing protein,QM012_003459,486
A0ABR0T8Q8,DNA-directed RNA polymerase subunit,QM012_003553,121
A0ABR0T8S7,Uncharacterized protein,QM012_003748,585
A0ABR0T947,RanBP2-type domain-containing protein,QM012_003043,305
A0ABR0T9G1,2-hydroxy-3-keto-5-methylthiopentenyl-1-phosphate phosphatase,QM012_003163,266
A0ABR0T9I2,Zn(2)-C6 fungal-type domain-containing protein,QM012_003181,407
A0ABR0T9K4,Kinesin-like protein,QM012_003527,924
A0ABR0T9N0,Dienelactone hydrolase domain-containing protein,QM012_003177,290
A0ABR0T9W0,DNA-directed RNA polymerase III subunit RPC6,QM012_003276,360
A0ABR0T9W2,Transcription initiation factor TFIID subunit 12 domain-containing protein,QM012_003495,593
A0ABR0TA03,NAD(P)-binding protein,QM012_003575,302
A0ABR0TA41,Uncharacterized protein,QM012_002637,1178
A0ABR0TA44,Integral membrane protein,QM012_002640,160
A0ABR0TA53,Cryptic loci regulator 2 N-terminal domain-containing protein,QM012_002634,171
A0ABR0TAG3,Uncharacterized protein,QM012_002603,149
A0ABR0TAQ5,Serine/threonine-protein phosphatase,QM012_002848,473
A0ABR0TBD8,RRM domain-containing protein,QM012_002247,341
A0ABR0TBH3,Peroxin/Ferlin domain-containing protein,QM012_002626,539
A0ABR0TBT9,Pumilio homology domain family member 3,QM012_002812,894
A0ABR0TBU1,Uncharacterized protein,QM012_002398,358
A0ABR0TBU9,Malate dehydrogenase,QM012_002414,253
A0ABR0TBY3,Expansin-like EG45 domain-containing protein,QM012_002826,234
A0ABR0TCI7,RRM domain-containing protein,QM012_001785,152
A0ABR0TCR1,Aspartate-semialdehyde dehydrogenase,QM012_001858,371
A0ABR0TCX8,3-beta hydroxysteroid dehydrogenase/isomerase domain-containing protein,QM012_001931,364
A0ABR0TDQ9,Uncharacterized protein,QM012_001299,260
A0ABR0TDU9,Major facilitator superfamily (MFS) profile domain-containing protein,QM012_001363,1274
A0ABR0TDY3,Mitochondrial ATPase,QM012_001808,545
A0ABR0TE12,SMP domain-containing protein,QM012_001428,176
A0ABR0TEB1,Pkinase-domain-containing protein,QM012_001958,918
A0ABR0TEW4,UBA domain-containing protein,QM012_001642,890
A0ABR0TFG7,"alpha-1,3-glucan synthase",QM012_001024,2340
A0ABR0TFU1,Uncharacterized protein,QM012_001580,432
A0ABR0TG31,Peptide N-acetyl-beta-D-glucosaminyl asparaginase amidase A N-terminal domain-containing protein,QM012_000826,570
A0ABR0TGG9,Transcription factor BYE1,QM012_001199,881
A0ABR0TGI1,Rhodopsin domain-containing protein,QM012_009313,281
A0ABR0TGL5,Acyltransferase 3 domain-containing protein,QM012_009170,500
A0ABR0TGU3,DNA repair protein rhp7 treble clef domain-containing protein,QM012_009434,625
A0ABR0TGW0,Citrate transporter-like domain-containing protein,QM012_009431,714
A0ABR0TH75,2-dehydropantoate 2-reductase,QM012_001106,322
A0ABR0THA8,t-SNARE coiled-coil homology domain-containing protein,QM012_001150,315
A0ABR0THJ7,CsbD-like domain-containing protein,QM012_009292,83
A0ABR0THL0,Ubiquitin-like protease family profile domain-containing protein,QM012_009181,130
A0ABR0THT3,"Required for respiratory growth protein 8, mitochondrial",QM012_009453,285
A0ABR0THW0,Thiamine-binding protein domain-containing protein,QM012_008886,121
A0ABR0TI05,Uncharacterized protein,QM012_008931,105
A0ABR0TJM3,"D-2-hydroxyglutarate dehydrogenase, mitochondrial",QM012_008515,569
A0ABR0TK62,[histone H3]-trimethyl-L-lysine(9) demethylase,QM012_009116,1319
A0ABR0TKA8,Nuclear rim protein 1,QM012_008187,451
A0ABR0TKS1,Enoyl reductase (ER) domain-containing protein,QM012_008352,362
A0ABR0TKX8,dynamin GTPase,QM012_007678,926
A0ABR0TLB7,Cryptic loci regulator 2 N-terminal domain-containing protein,QM012_008547,176
A0ABR0TLF2,2-dehydropantoate 2-reductase,QM012_008031,225
A0ABR0TLH0,Concanavalin A-like lectin/glucanase,QM012_008046,523
A0ABR0TM08,ArfGap-domain-containing protein,QM012_007104,656
A0ABR0TM95,Apple domain-containing protein,QM012_007794,878
A0ABR0TMG8,Short chain alcohol dehydrogenase,QM012_007267,281
A0ABR0TMW2,Six-hairpin glycosidase,QM012_008035,827
A0ABR0TN08,NAD-dependent epimerase/dehydratase domain-containing protein,QM012_007462,352
A0ABR0TN33,Allantoin permease,QM012_007490,540
A0ABR0TNF3,Methyl-accepting transducer domain-containing protein,QM012_007278,1593
A0ABR0TNR0,F-box domain-containing protein,QM012_007516,589
A0ABR0TNY3,Triosephosphate isomerase,QM012_006559,248
A0ABR0TPS7,Riboflavin kinase,QM012_006849,174
A0ABR0TPU7,Vacuolar protein sorting-associated protein 26,QM012_006868,311
A0ABR0TQI5,Glycoside hydrolase family 15 protein,QM012_005712,668
A0ABR0TQL9,Uncharacterized protein,QM012_006974,159
A0ABR0TR16,Sulfhydryl oxidase,QM012_005906,225
A0ABR0TR28,Ankyrin,QM012_005894,153
A0ABR0TRA0,RGS domain-containing protein,QM012_005976,361
A0ABR0TRS0,Uncharacterized protein,QM012_006149,600
A0ABR0TS86,Plastocyanin-like domain-containing protein,QM012_005975,541
A0ABR0TSP5,Uncharacterized protein,QM012_004262,140
A0ABR0TT27,non-specific serine/threonine protein kinase,QM012_004422,645
A0ABR0TT29,DUF2798 domain-containing protein,QM012_006324,148
A0ABR0TT91,Dihydrolipoamide acetyltransferase component of pyruvate dehydrogenase complex,QM012_004457,452
A0ABR0TTA7,BHLH domain-containing protein,QM012_004510,593
A0ABR0TTB6,Uncharacterized protein,QM012_004512,54
A0ABR0TTE4,Uncharacterized protein,QM012_006154,282
A0ABR0TTE8,Cation-transporting P-type ATPase C-terminal domain-containing protein,QM012_004171,193
A0ABR0TU33,ferric-chelate reductase (NADPH),QM012_004742,818
A0ABR0TUP3,Uncharacterized protein,QM012_000109,1016
A0ABR0TUU9,"Indoleamine 2,3-dioxygenase",QM012_004474,491
A0ABR0TV43,Uncharacterized protein,QM012_004908,85
A0ABR0TVB1,RRM domain-containing protein,QM012_000306,333
A0ABR0TVD6,non-specific serine/threonine protein kinase,QM012_000349,372
A0ABR0TVQ3,"Mitotic checkpoint regulator, MAD2B-interacting-domain-containing protein",QM012_000070,356
A0ABR0TVX1,Pre-mRNA-splicing factor SYF1,QM012_004799,817
A0ABR0T590,Major facilitator superfamily (MFS) profile domain-containing protein,QM012_005420,540
A0ABR0T5A7,"Tryptophan--tRNA ligase, cytoplasmic",QM012_005285,512
A0ABR0T5M5,Glycylpeptide N-tetradecanoyltransferase,QM012_005139,476
A0ABR0T5P4,Uncharacterized protein,QM012_005438,399
A0ABR0T6K0,ClpP/crotonase,QM012_005307,272
A0ABR0T6P6,C2H2-type domain-containing protein,QM012_004091,791
A0ABR0T6U2,Uncharacterized protein,QM012_004157,200
A0ABR0T713,Uncharacterized protein,QM012_005186,227
A0ABR0T7G4,Aminoglycoside phosphotransferase domain-containing protein,QM012_003614,408
A0ABR0T840,glycine--tRNA ligase,QM012_004134,660
A0ABR0T856,Monooxygenase flavin-binding family protein-like protein,QM012_004149,491
A0ABR0T883,ML-like domain-containing protein,QM012_003832,1065
A0ABR0T8G4,SMP-30/Gluconolactonase/LRE-like region domain-containing protein,QM012_003907,314
A0ABR0T8Q9,Phosphoribosylaminoimidazole carboxylase,QM012_003489,577
A0ABR0T8S1,60S ribosomal protein L11,QM012_003968,213
A0ABR0T9I0,Cytochrome c subunit,QM012_002977,76
A0ABR0T9J3,DDHD domain-containing protein,QM012_003193,878
A0ABR0T9W6,Enoyl reductase (ER) domain-containing protein,QM012_003267,381
A0ABR0TA56,GST N-terminal domain-containing protein,QM012_003556,277
A0ABR0TA71,Uncharacterized protein,QM012_002605,237
A0ABR0TAL4,C2H2-type domain-containing protein,QM012_002816,515
A0ABR0TAY0,Origin recognition complex subunit,QM012_002929,671
A0ABR0TB20,Hydrophobic surface binding protein A-domain-containing protein,QM012_002127,174
A0ABR0TB28,Uncharacterized protein,QM012_002143,216
A0ABR0TBJ4,Uncharacterized protein,QM012_002274,237
A0ABR0TBX5,WSC domain-containing protein,QM012_002117,199
A0ABR0TBZ1,AP-2 complex subunit alpha,QM012_002448,953
A0ABR0TCH2,AB hydrolase-1 domain-containing protein,QM012_002116,302
A0ABR0TCW9,Uncharacterized protein,QM012_001902,144
A0ABR0TD39,Ras GEF,QM012_001995,767
A0ABR0TDN4,Nitrate reductase [NADPH],QM012_002535,1077
A0ABR0TDT8,MYND-type domain-containing protein,QM012_001348,307
A0ABR0TDW5,UV-endonuclease UvdE,QM012_001985,754
A0ABR0TE22,Glutamine-dependent NAD(+) synthetase,QM012_001327,703
A0ABR0TEA2,DUF3824 domain-containing protein,QM012_001943,215
A0ABR0TEQ1,Partial AB-hydrolase lipase domain-containing protein,QM012_001266,800
A0ABR0TFD4,Bul1 N-terminal domain-containing protein,QM012_000978,501
A0ABR0TFE6,C4-dicarboxylate transporter/malic acid transport protein,QM012_001411,447
A0ABR0TFJ0,Proteasome subunit beta type-1,QM012_001637,266
A0ABR0TFR5,G protein-coupled receptor GPR1/2/3 C-terminal domain-containing protein,QM012_001119,449
A0ABR0TFT8,Nicotinate phosphoribosyltransferase,QM012_001149,459
A0ABR0TG11,Probable 26S proteasome regulatory subunit p27,QM012_001591,233
A0ABR0TGG1,non-specific serine/threonine protein kinase,QM012_000900,702
A0ABR0TH82,Crh-like protein,QM012_009570,455
A0ABR0TH83,Aromatic compound dioxygenase,QM012_009566,673
A0ABR0THB0,histidine kinase,QM012_009202,1140
A0ABR0THR4,U4/U6.U5 small nuclear ribonucleoprotein 27kDa protein domain-containing protein,QM012_008823,181
A0ABR0TI10,PA14 domain-containing protein,QM012_008899,677
A0ABR0TIZ5,Vacuolar-sorting protein SNF7,QM012_008726,227
A0ABR0TJ04,Uncharacterized protein,QM012_008244,287
A0ABR0TJA8,alpha-glucosidase,QM012_008395,985
A0ABR0TJB3,LOC1 C-terminal domain-containing protein,QM012_008895,184
A0ABR0TJE8,Uncharacterized protein,QM012_008441,299
A0ABR0TJI4,Uncharacterized protein,QM012_008905,184
A0ABR0TJJ2,Serine hydrolase domain-containing protein,QM012_009147,673
A0ABR0TJK2,Protein phosphatase,QM012_008936,384
A0ABR0TJS0,BTB domain-containing protein,QM012_008529,673
A0ABR0TJZ8,Ubiquitin 3 binding protein But2 C-terminal domain-containing protein,QM012_008651,155
A0ABR0TK13,Major facilitator superfamily (MFS) profile domain-containing protein,QM012_008666,482
A0ABR0TKC3,"Isocitrate dehydrogenase [NAD] subunit 1, mitochondrial",QM012_007688,380
A0ABR0TKD3,Vacuolar protein 8,QM012_007656,566
A0ABR0TL58,Phospholipid:diacylglycerol acyltransferase,QM012_007941,652
A0ABR0TLN4,FAD-binding PCMH-type domain-containing protein,QM012_008667,456
A0ABR0TMZ6,NACHT domain-containing protein,QM012_007451,614
A0ABR0TN15,Uncharacterized protein,QM012_008099,158
A0ABR0TND8,Cytochrome P450,QM012_006365,504
A0ABR0TNE5,Cytochrome P450,QM012_006364,450
A0ABR0TNH6,Uncharacterized protein,QM012_006393,151
A0ABR0TP29,Fungal-specific transcription factor domain-containing protein,QM012_007488,312
A0ABR0TPM2,tRNA (guanine(10)-N(2))-methyltransferase,QM012_006813,448
A0ABR0TPP4,Caffeine-induced death protein Cid2,QM012_006815,201
A0ABR0TPT8,Coatomer subunit beta,QM012_006864,958
A0ABR0TQ09,Major facilitator superfamily (MFS) profile domain-containing protein,QM012_006948,563
A0ABR0TQB9,histidine kinase,QM012_006475,983
A0ABR0TQC4,NAD dependent epimerase/dehydratase,QM012_005656,292
A0ABR0TQD6,NAD(P)-binding protein,QM012_006490,386
A0ABR0TQH2,Mannose-1-phosphate guanyltransferase,QM012_005698,723
A0ABR0TQH6,Cytochrome b561 domain-containing protein,QM012_006615,270
A0ABR0TR31,LSM complex subunit LSM3,LSM3,116
A0ABR0TR34,Nucleolar,QM012_006810,251
A0ABR0TR98,N-acetyltransferase domain-containing protein,QM012_005957,238
A0ABR0TRB6,HMG box domain-containing protein,QM012_005991,328
A0ABR0TRZ1,Major facilitator superfamily (MFS) profile domain-containing protein,QM012_006212,489
A0ABR0TS24,Uncharacterized protein,QM012_006067,128
A0ABR0TSK4,Ras-domain-containing protein,QM012_006159,331
A0ABR0TSU7,Aminotransferase class I/classII large domain-containing protein,QM012_004191,419
A0ABR0TT15,Protein BZZ1,QM012_004266,732
A0ABR0TTJ7,Uncharacterized protein,QM012_004295,380
A0ABR0TTT9,SGNH hydrolase-type esterase domain-containing protein,QM012_004385,408
A0ABR0TU23,Sodium/potassium exporting P-type ATPase 1,QM012_004170,871
A0ABR0TU41,RRM domain-containing protein,QM012_004490,213
A0ABR0TU87,Enoyl reductase (ER) domain-containing protein,QM012_004230,347
A0ABR0TUN1,WD40 repeat-like protein,QM012_000066,465
A0ABR0TUY8,Rab-GAP TBC domain-containing protein,QM012_000171,915
A0ABR0TUZ0,FMN hydroxy acid dehydrogenase domain-containing protein,QM012_000182,395
A0ABR0TVC6,COP9 signalosome complex subunit 6,QM012_000318,417
A0ABR0TVT6,Rhamnose mutarotase,QM012_000471,115
A0ABR0TVX6,ATP citrate synthase,QM012_000425,665
A0ABR0TWF9,Glutathione S-transferase,QM012_000724,230
A0ABR0TWN3,Enoyl reductase (ER) domain-containing protein,QM012_000219,346
A0ABR0T568,ADF-H domain-containing protein,QM012_005342,153
A0ABR0T582,MOSC domain-containing protein,QM012_005260,378
A0ABR0T674,26S proteasome regulatory subunit RPN2,QM012_005029,1117
A0ABR0T684,"Peptidase S66, LD-carboxypeptidase A",QM012_005354,348
A0ABR0T6F1,EthD domain-containing protein,QM012_004007,108
A0ABR0T780,Signal recognition particle subunit SRP72,QM012_004087,657
A0ABR0T802,RGS domain-containing protein,QM012_003296,79
A0ABR0T807,Uncharacterized protein,QM012_004113,237
A0ABR0T817,Acetyl-CoA synthetase-like protein,QM012_003879,455
A0ABR0T8E8,ADF-H domain-containing protein,QM012_003628,142
A0ABR0T8P5,Actin-like ATPase domain-containing protein,QM012_003538,490
A0ABR0T8Z1,Glycoside hydrolase family 5 domain-containing protein,QM012_003439,757
A0ABR0T902,Plasma membrane ATPase,QM012_003707,1010
A0ABR0T9F4,Major facilitator superfamily (MFS) profile domain-containing protein,QM012_003141,592
A0ABR0TA69,Uncharacterized protein,QM012_002667,572
A0ABR0TA78,Uncharacterized protein,QM012_002664,160
A0ABR0TAE3,AAA+ ATPase domain-containing protein,QM012_002744,1617
A0ABR0TAL8,Uncharacterized protein,QM012_002600,249
A0ABR0TBM6,Cyclin-D1-binding protein 1-like N-terminal domain-containing protein,QM012_002304,357
A0ABR0TBS4,WD40 repeat-like protein,QM012_002797,455
A0ABR0TBX0,Uncharacterized protein,QM012_002811,175
A0ABR0TCC6,Xylanolytic transcriptional activator regulatory domain-containing protein,QM012_001731,586
A0ABR0TCV9,Tyrosine specific protein phosphatases domain-containing protein,QM012_001926,291
A0ABR0TD70,Velvet domain-containing protein,QM012_001870,370
A0ABR0TDF7,DUF410-domain-containing protein,QM012_001229,327
A0ABR0TDM7,SPX domain-containing protein,QM012_001987,1489
A0ABR0TDV7,Glycoside hydrolase family 43 protein,QM012_001364,328
A0ABR0TE35,LSM domain-containing protein,QM012_001436,50
A0ABR0TE75,Dynamin-type G domain-containing protein,QM012_001465,915
A0ABR0TEL6,Nuclear speckle splicing regulatory protein 1 N-terminal domain-containing protein,QM012_001352,409
A0ABR0TEL9,Protein BTN,QM012_002063,252
A0ABR0TFE4,Ribosome maturation protein SDO1/SBDS N-terminal domain-containing protein,QM012_000996,113
A0ABR0TFS0,Maleylacetate reductase,QM012_001132,360
A0ABR0TFW9,Helicase swr1,QM012_001191,1763
A0ABR0TG13,Uncharacterized protein,QM012_001218,319
A0ABR0TGS9,Beta-trefoil domain-containing protein,QM012_000970,256
A0ABR0TGZ6,CENP-V/GFA domain-containing protein,QM012_001031,134
A0ABR0THE2,DUF159 domain protein,QM012_008708,389
A0ABR0THJ6,Polycomb protein VEFS-Box domain-containing protein,QM012_008766,559
A0ABR0THK3,CMP/dCMP-type deaminase domain-containing protein,QM012_008768,472
A0ABR0THR0,Domain of unknown function at the cortex 1 domain-containing protein,QM012_009560,427
A0ABR0TIA3,General transcription and DNA repair factor IIH,QM012_009024,493
A0ABR0TJ91,HAD-like protein,QM012_008880,191
A0ABR0TJB1,Vacuolar protein sorting-associated protein 54,QM012_008392,1077
A0ABR0TJD8,Metallo-dependent hydrolase,QM012_008221,344
A0ABR0TJM8,DUF3074 domain-containing protein,QM012_008484,431
A0ABR0TK53,Nucleosome assembly protein family,QM012_008384,337
A0ABR0TKB6,GABA permease,QM012_008551,534
A0ABR0TKG2,PCI domain-containing protein,QM012_008596,423
A0ABR0TKK1,Uncharacterized protein,QM012_007713,528
A0ABR0TKK2,Major facilitator superfamily (MFS) profile domain-containing protein,QM012_007763,507
A0ABR0TKR0,glutathione transferase,QM012_008372,224
A0ABR0TL09,C2H2-type domain-containing protein,QM012_007913,646
A0ABR0TL10,Transmembrane protein,QM012_008442,151
A0ABR0TLS8,DNA replication licensing factor MCM7,MCM7,802
A0ABR0TLX4,Uncharacterized protein,QM012_007085,776
A0ABR0TMH6,CCT-beta,QM012_007885,530
A0ABR0TMV5,ATP-dependent DNA helicase,QM012_007324,1440
A0ABR0TMZ7,Mitochondrial transcription factor 1,QM012_007261,684
A0ABR0TN76,BHLH domain-containing protein,QM012_008124,293
A0ABR0TNJ0,Uncharacterized protein,QM012_006397,276
A0ABR0TNQ7,N(6)-L-threonylcarbamoyladenine synthase,QM012_006392,370
A0ABR0TNZ8,Derlin,QM012_006574,273
A0ABR0TP99,Something about silencing protein 4 domain-containing protein,QM012_007332,563
A0ABR0TPK4,F-box domain-containing protein,QM012_006599,708
A0ABR0TPL3,GPI ethanolamine phosphate transferase 1,QM012_006477,996
A0ABR0TQI4,Lytic polysaccharide monooxygenase,QM012_005702,416
A0ABR0TQM5,PHD-type domain-containing protein,QM012_006660,856
A0ABR0TQN3,Saccharopine dehydrogenase,QM012_005760,446
A0ABR0TQT7,AB hydrolase-1 domain-containing protein,QM012_006640,295
A0ABR0TR77,Fibronectin type-III domain-containing protein,QM012_005968,1155
A0ABR0TRG3,40S ribosomal protein S25,QM012_006044,97
A0ABR0TRH3,RNA polymerase I-specific transcription initiation factor RRN3,QM012_006058,625
A0ABR0TS62,Glycosyltransferase family 69 protein,QM012_006297,566
A0ABR0TS70,Ubiquitin 3 binding protein But2 C-terminal domain-containing protein,QM012_005734,375
A0ABR0TS79,Radical SAM core domain-containing protein,QM012_006302,967
A0ABR0TS89,Uncharacterized protein,QM012_006314,151
A0ABR0TSD6,Acetyl-CoA synthetase-like protein,QM012_004178,557
A0ABR0TSG3,Velvet domain-containing protein,QM012_004208,547
A0ABR0TSU9,Porphobilinogen deaminase,QM012_005958,324
A0ABR0TSY3,4Fe-4S ferredoxin-type domain-containing protein,QM012_004236,319
A0ABR0TTF2,RGS domain-containing protein,QM012_004416,576
A0ABR0TTS4,Phox-like protein,QM012_004370,608
A0ABR0TTW4,Endonuclease/exonuclease/phosphatase domain-containing protein,QM012_006288,354
A0ABR0TUA8,BTB domain-containing protein,QM012_004623,285
A0ABR0TUH9,Ketoreductase domain-containing protein,QM012_004776,301
A0ABR0TUT9,Uncharacterized protein,QM012_000154,426
A0ABR0TUX4,Peroxisome assembly protein 12,QM012_000153,467
A0ABR0TV32,"Dihydroorotate dehydrogenase (quinone), mitochondrial",QM012_004893,647
A0ABR0TVA5,Uncharacterized protein,QM012_004624,1058
A0ABR0TVN4,Calcineurin-like phosphoesterase domain-containing protein,QM012_000454,472
A0ABR0TVX5,Rho-GAP domain-containing protein,QM012_000532,1494
A0ABR0TW14,O-acyltransferase,QM012_000589,506
A0ABR0TWL0,Major facilitator superfamily (MFS) profile domain-containing protein,QM012_000686,492
A0ABR0TWR1,60S ribosomal protein L21-A,QM012_000253,160
A0ABR0TWY8,Mitochondrial carrier,QM012_000358,323
A0ABR0TX27,SUN domain-containing protein,QM012_000323,952
A0ABR0TXE7,"Small oligopeptide transporter, OPT family",QM012_000488,797
A0ABR0TXK2,GTP-binding protein,QM012_000628,376
A0ABR0TXL8,R3H domain protein,QM012_000654,621
A0ABR0T518,DNA polymerase,QM012_005391,1648
A0ABR0T5G9,Amino acid transporter,QM012_005487,508
A0ABR0T5J2,DUF1682-domain-containing protein,QM012_005264,443
A0ABR0T5N1,SnoRNA binding protein-like protein,QM012_005382,636
A0ABR0T5Q9,AAA+ ATPase domain-containing protein,QM012_005166,893
A0ABR0T5T2,"Endo-1,4-beta-xylanase",QM012_005209,291
A0ABR0T5W2,RRM domain-containing protein,QM012_004916,1291
A0ABR0T5W5,Actin-like protein,QM012_005276,380
A0ABR0T5Y4,Uncharacterized protein,QM012_005380,510
A0ABR0T620,Kinase-like protein,QM012_005163,323
A0ABR0T643,DUF1772-domain-containing protein,QM012_004996,174
A0ABR0T6A6,Folic acid synthesis protein FOL1,QM012_005160,471
A0ABR0T6C5,C2H2-type domain-containing protein,QM012_005364,458
A0ABR0T6N5,Uncharacterized protein,QM012_004002,355
A0ABR0T7I4,chitinase,QM012_003655,367
A0ABR0T7L2,5-formyltetrahydrofolate cyclo-ligase,QM012_003684,250
A0ABR0T7L6,Protein ROT1,QM012_003683,246
A0ABR0T7T0,"NADPH:adrenodoxin oxidoreductase, mitochondrial",QM012_003926,461
A0ABR0T8K0,BZIP domain-containing protein,QM012_003492,565
A0ABR0T8V4,Uncharacterized protein,QM012_003662,186
A0ABR0T912,"mannan endo-1,4-beta-mannosidase",QM012_003014,453
A0ABR0T972,Putative transcription factor kapC,QM012_003073,387
A0ABR0T9R2,NAD-specific glutamate dehydrogenase,QM012_003485,1058
A0ABR0T9W1,Acyltransferase 3 domain-containing protein,QM012_002549,1257
A0ABR0TAB4,Mitochondrial import inner membrane translocase subunit TIM50,QM012_002704,478
A0ABR0TAI5,WW domain-containing protein,QM012_002725,405
A0ABR0TAN6,Aquaporin-like protein,QM012_002785,269
A0ABR0TAP9,FZ domain-containing protein,QM012_002849,667
A0ABR0TAX5,Malate synthase,QM012_003233,543
A0ABR0TBE8,60S ribosomal protein L7,QM012_002264,252
A0ABR0TBU2,"3-hydroxyanthranilate 3,4-dioxygenase",BNA1,193
A0ABR0TD22,Branched-chain amino acid aminotransferase,QM012_001979,377
A0ABR0TD31,Clp R domain-containing protein,QM012_002421,931
A0ABR0TD88,pectin lyase,QM012_002040,378
A0ABR0TDY8,GTPase-activating protein-like protein of the rho/rac family,QM012_001403,1141
A0ABR0TDZ4,"uS12 prolyl 3,4-dihydroxylase",QM012_001297,652
A0ABR0TE93,LisH domain-containing protein,QM012_002004,608
A0ABR0TEG9,Fe2OG dioxygenase domain-containing protein,QM012_001570,351
A0ABR0TEM6,DUF1749-domain-containing protein,QM012_001623,356
A0ABR0TF13,Phenylalanine--tRNA ligase beta subunit,QM012_001457,596
A0ABR0TFS3,Phenol monooxygenase,QM012_001130,660
A0ABR0TGT0,BZIP domain-containing protein,QM012_009401,163
A0ABR0TH22,Uncharacterized protein,QM012_009508,192
A0ABR0TH29,Golgi apparatus membrane protein TVP18,QM012_009506,148
A0ABR0THU5,Alanine--tRNA ligase,ALA1,959
A0ABR0THU8,Ribosomal protein S19e,QM012_009590,149
A0ABR0THW5,"endo-1,3(4)-beta-glucanase",QM012_008857,640
A0ABR0THY1,RRM domain-containing protein,QM012_008872,301
A0ABR0TI30,Transfer RNA methyltransferase 82,QM012_008945,484
A0ABR0TIA2,NAD(P)-binding domain-containing protein,QM012_009013,251
A0ABR0TIP5,Translocation protein-like protein sec66,QM012_008984,247
A0ABR0TIV9,GDSL lipase/acylhydrolase family protein,QM012_008245,376
A0ABR0TIZ1,Peroxidase,QM012_008229,359
A0ABR0TJ37,E2 ubiquitin-conjugating enzyme,QM012_008318,166
A0ABR0TJH2,Zn(2)-C6 fungal-type domain-containing protein,QM012_008471,928
A0ABR0TK30,Major facilitator superfamily (MFS) profile domain-containing protein,QM012_007594,502
A0ABR0TK55,FMN hydroxy acid dehydrogenase domain-containing protein,QM012_007612,390
A0ABR0TK67,TIP120-domain-containing protein,QM012_008343,1328
A0ABR0TKC1,UreD-domain-containing protein,QM012_007685,343
A0ABR0TKL8,FAS1 domain-containing protein,QM012_007666,398
A0ABR0TKX9,NAD(P)-binding protein,QM012_007882,311
A0ABR0TKY5,ATP-dependent DNA helicase PIF1,PIF1,933
A0ABR0TLM8,Intradiol ring-cleavage dioxygenases domain-containing protein,QM012_008026,398
A0ABR0TLN0,DNA replication complex GINS protein PSF1,QM012_008132,209
A0ABR0TM71,Uncharacterized protein,QM012_007146,569
A0ABR0TMA6,Tricorn protease domain 2-containing protein,QM012_008081,614
A0ABR0TMH1,"Ubiquinone biosynthesis monooxygenase COQ6, mitochondrial",COQ6,490
A0ABR0TMU5,Uncharacterized protein,QM012_007405,914
A0ABR0TMX4,TPR-like protein,QM012_007404,1222
A0ABR0TN22,ARID domain-containing protein,QM012_007446,1124
A0ABR0TNC9,Ribonuclease T2-like,QM012_007366,421
A0ABR0TNJ4,Ribosomal protein S9,QM012_006414,143
A0ABR0TNJ5,MFS transporter,QM012_007549,475
A0ABR0TP77,Uncharacterized protein,QM012_006664,204
A0ABR0TPC6,Acetyl-CoA synthetase-like protein,QM012_006361,1036
A0ABR0TPD0,Uncharacterized protein,QM012_006708,231
A0ABR0TPX6,Zn(2)-C6 fungal-type domain-containing protein,QM012_006908,618
A0ABR0TQ24,Short-chain specific acyl-CoA dehydrogenase mitochondrial,QM012_006939,442
A0ABR0TQ45,2EXR domain-containing protein,QM012_006973,371
A0ABR0TQC7,Trehalose-6-phosphate synthase,QM012_005642,503
A0ABR0TQD4,Transcriptional coactivator p15 (PC4) C-terminal domain-containing protein,QM012_005666,179
A0ABR0TQG6,Fe2OG dioxygenase domain-containing protein,QM012_006762,335
A0ABR0TQN5,Glycoside hydrolase 131 catalytic N-terminal domain-containing protein,QM012_005776,351
A0ABR0TQU1,Tryptophan synthase beta chain-like PALP domain-containing protein,QM012_005820,391
A0ABR0TR55,DUF3955 domain-containing protein,QM012_005925,421
A0ABR0TRU5,Uncharacterized protein,QM012_006167,896
A0ABR0TS88,Endoplasmic reticulum transmembrane protein,QM012_006190,210
A0ABR0TSP1,Glyoxal oxidase,QM012_006325,587
A0ABR0TSX1,ER membrane protein complex subunit 4,QM012_004374,189
A0ABR0TU68,FAD synthase,QM012_004828,268
A0ABR0TUV6,Zn(2)-C6 fungal-type domain-containing protein,QM012_000141,710
A0ABR0TV75,Pre-rRNA-processing protein IPI3,QM012_000258,573
A0ABR0TVN9,dihydrofolate reductase,QM012_000285,831
A0ABR0TVP6,Uncharacterized protein,QM012_000192,191
A0ABR0TVV4,ABC transporter domain-containing protein,QM012_000115,627
A0ABR0TW11,Dolichyl-phosphate-mannose--protein mannosyltransferase,QM012_000269,914
A0ABR0TW66,AB hydrolase-1 domain-containing protein,QM012_000329,496
A0ABR0TWI1,SCO1 protein,QM012_000098,276
A0ABR0TWJ1,"NADH dehydrogenase, alpha subcomplex, subunit 6",QM012_000585,122
A0ABR0TXS5,Mitochondrial import inner membrane translocase subunit,QM012_000668,96
A0A1A7MSI2,E2 ubiquitin-conjugating enzyme,QM012_003526,151
A0A4S8XF24,13 kDa ribonucleoprotein-associated protein,QM012_003887,126
A0ABR0T4T4,Carboxylic ester hydrolase,QM012_005469,515
A0ABR0T5C3,MFS general substrate transporter,QM012_005300,602
A0ABR0T5H5,Uncharacterized protein,QM012_005091,252
A0ABR0T5U6,Cullin repeat-containing protein,QM012_005491,237
A0ABR0T5X1,Uncharacterized protein,QM012_005564,111
A0ABR0T5Z7,Mitochondrial outer membrane protein OM14 C-terminal domain-containing protein,QM012_004954,241
A0ABR0T660,Uridylate kinase,QM012_005011,210
A0ABR0T697,Uncharacterized protein,QM012_005408,354
A0ABR0T6A5,Ras-domain-containing protein,QM012_005056,219
A0ABR0T6E4,Amino acid transporter transmembrane domain-containing protein,QM012_005075,618
A0ABR0T6L2,chitin synthase,QM012_005040,935
A0ABR0T6M6,"ATP synthase F(0) complex subunit e, mitochondrial",QM012_004081,86
A0ABR0T6Q0,DJ-1/PfpI domain-containing protein,QM012_004095,301
A0ABR0T712,Px domain containing protein,QM012_005177,633
A0ABR0T787,Carboxymuconolactone decarboxylase-like domain-containing protein,QM012_004963,143
A0ABR0T7A8,Protein transport protein BOS1,QM012_003886,268
A0ABR0T7E1,Chorismate synthase,QM012_003604,432
A0ABR0T830,methionine--tRNA ligase,QM012_003645,647
A0ABR0T891,A to I editase domain-containing protein,QM012_003705,404
A0ABR0T8N7,BTB domain-containing protein,QM012_003646,345
A0ABR0T8N9,Cullin family profile domain-containing protein,QM012_003528,835
A0ABR0T920,NAD(P)-binding protein,QM012_003016,282
A0ABR0T9H1,Aminoglycoside phosphotransferase domain-containing protein,QM012_003395,347
A0ABR0T9Q6,Uncharacterized protein,QM012_003236,229
A0ABR0T9T6,Probable lysosomal cobalamin transporter,QM012_003287,593
A0ABR0T9X4,HpcH/HpaI aldolase/citrate lyase domain-containing protein,QM012_002539,273
A0ABR0T9X5,Apple domain-containing protein,QM012_002564,487
A0ABR0T9Y1,WW domain-containing protein,QM012_003481,294
A0ABR0TAA5,Uncharacterized protein,QM012_002698,199
A0ABR0TAU0,t-SNARE coiled-coil homology domain-containing protein,QM012_002891,174
A0ABR0TB38,DNA mismatch repair protein S5 domain-containing protein,QM012_003258,742
A0ABR0TBR0,FAD-binding domain-containing protein,QM012_002334,440
A0ABR0TBS6,Ig-like domain-containing protein,QM012_002766,225
A0ABR0TBT2,Gaba permease,QM012_002731,531
A0ABR0TC53,Bladder cancer-related protein BC10,QM012_002837,142
A0ABR0TC80,Periplasmic binding protein-like II,QM012_002530,138
A0ABR0TCL0,AP complex subunit sigma,QM012_001815,182
A0ABR0TCZ6,Uncharacterized protein,QM012_001956,91
A0ABR0TCZ7,Protein YIP,QM012_001951,289
A0ABR0TDS9,ATP-dependent RNA helicase DED1,QM012_001940,643
A0ABR0TDX1,NAD(P)-binding protein,QM012_001359,340
A0ABR0TE02,HTH TFE/IIEalpha-type domain-containing protein,QM012_001405,427
A0ABR0TE37,Uncharacterized protein,QM012_001452,371
A0ABR0TED9,Ribosome assembly factor mrt4,QM012_001447,238
A0ABR0TF09,RRM domain-containing protein,QM012_001276,478
A0ABR0TF16,D-lactate dehydrogenase (cytochrome),QM012_000874,538
A0ABR0TF32,DNA recombination and repair protein Rad51-like C-terminal domain-containing protein,QM012_001472,263
A0ABR0TF67,Beta-trefoil domain-containing protein,QM012_001431,287
A0ABR0TFE5,2-haloalkanoic acid dehalogenase,QM012_000824,238
A0ABR0TG38,Acid Co-A ligase,QM012_001621,576
A0ABR0TG84,DUF1275 domain protein,QM012_009205,261
A0ABR0TGI9,Nascent polypeptide-associated complex subunit alpha-like UBA domain-containing protein,QM012_000991,113
A0ABR0TGT8,Elongation of fatty acids protein,QM012_001020,650
A0ABR0TGW7,C2H2-type domain-containing protein,QM012_001001,524
A0ABR0TH81,alpha-L-fucosidase,QM012_009564,847
A0ABR0THB8,Amino acid permease,QM012_001200,529
A0ABR0TI00,Fe2OG dioxygenase domain-containing protein,QM012_008729,254
A0ABR0TI12,ORMDL family protein,QM012_008930,179
A0ABR0TI75,PFU-domain-containing protein,QM012_008962,781
A0ABR0TIK3,Amidohydrolase-related domain-containing protein,QM012_009512,341
A0ABR0TIZ6,F-box domain-containing protein,QM012_008265,291
A0ABR0TJ17,Transcription factor CBF/NF-Y/archaeal histone domain-containing protein,QM012_008926,212
A0ABR0TJ33,Sec20 C-terminal domain-containing protein,QM012_008997,435
A0ABR0TJ70,PUM-HD domain-containing protein,QM012_008800,844
A0ABR0TJU2,Uncharacterized protein,QM012_008264,143
A0ABR0TJX6,Uncharacterized protein,QM012_008571,184
A0ABR0TKL9,Uncharacterized protein,QM012_007774,120
A0ABR0TLC4,Obg-like ATPase 1,QM012_007983,394
A0ABR0TLF3,Formamidopyrimidine-DNA glycosylase catalytic domain-containing protein,QM012_008057,423
A0ABR0TLL5,PITH domain-containing protein,QM012_008107,230
A0ABR0TLV1,Peptidase M20 dimerisation domain-containing protein,QM012_007044,403
A0ABR0TM14,Luciferase domain-containing protein,QM012_008068,262
A0ABR0TMS8,RING-14 protein,QM012_007380,448
A0ABR0TMU2,Phytanoyl-CoA dioxygenase family protein,QM012_007395,334
A0ABR0TMV7,GABA permease-like protein,QM012_007410,562
A0ABR0TN86,N-acetyltransferase domain-containing protein,QM012_007550,252
A0ABR0TNE8,Mediator of RNA polymerase II transcription subunit 10,MED10,139
A0ABR0TP64,Coenzyme Q-binding protein COQ10 START domain-containing protein,QM012_007317,268
A0ABR0TPH7,Carboxylic ester hydrolase,QM012_007407,602
A0ABR0TPM3,DNA ligase,QM012_006814,876
A0ABR0TPR4,Nucleoporin NUP53 C-terminal domain-containing protein,QM012_006834,397
A0ABR0TQP9,Uncharacterized protein,QM012_005791,220
A0ABR0TR15,PRP1 splicing factor N-terminal domain-containing protein,QM012_005722,929
A0ABR0TR48,Aminoglycoside phosphotransferase domain-containing protein,QM012_005752,419
A0ABR0TR62,Polyadenylate-binding protein,QM012_006776,733
A0ABR0TRC5,"Iron-sulfur clusters transporter ATM1, mitochondrial",QM012_005679,709
A0ABR0TRC7,Sulfhydryl oxidase,QM012_005875,215
A0ABR0TRG7,"DOPA 4,5-dioxygenase",QM012_005724,184
A0ABR0TS84,Tim17-domain-containing protein,QM012_006316,265
A0ABR0TSL6,Enoyl reductase (ER) domain-containing protein,QM012_005868,358
A0ABR0TSR8,Uncharacterized protein,QM012_006355,137
A0ABR0TUB0,SUZ domain-containing protein,QM012_004716,817
A0ABR0TUL9,Scavenger mRNA decapping enzyme,QM012_004821,318
A0ABR0TUV0,CP-type G domain-containing protein,QM012_000137,344
A0ABR0TVH3,DNA replication complex GINS protein PSF2,QM012_004699,248
A0ABR0TVR5,Exocyst complex component EXO84,QM012_004785,680
A0ABR0TVR7,Kinase-like protein,QM012_000467,448
A0ABR0TWB2,Endonuclease,QM012_000667,337
A0ABR0T4R8,Nuclear protein MDM1,QM012_005432,365
A0ABR0T5K2,Uncharacterized protein,QM012_005352,184
A0ABR0T5P6,Uncharacterized protein,QM012_005151,567
A0ABR0T5T5,GroES-like protein,QM012_005153,362
A0ABR0T619,Protein kinase domain-containing protein,QM012_005348,477
A0ABR0T668,Uncharacterized protein,QM012_005383,271
A0ABR0T675,BSD domain-containing protein,QM012_005393,448
A0ABR0T6H6,Uncharacterized protein,QM012_004033,1111
A0ABR0T6I2,Protein kinase domain-containing protein,QM012_004020,829
A0ABR0T6N2,Uncharacterized protein,QM012_004076,206
A0ABR0T727,Uncharacterized protein,QM012_005192,329
A0ABR0T748,"Mannan endo-1,6-alpha-mannosidase",QM012_004057,419
A0ABR0T7N4,Gfd2/YDR514C-like C-terminal domain-containing protein,QM012_003700,482
A0ABR0T7Q0,F-box domain-containing protein,QM012_004115,1309
A0ABR0T804,2-oxoglutarate reductase,QM012_004054,470
A0ABR0T864,Uncharacterized protein,QM012_003753,278
A0ABR0T886,Uncharacterized protein,QM012_003823,366
A0ABR0T8I3,Phosphoglucomutase-2,QM012_003464,587
A0ABR0T8K5,"Flavin prenyltransferase PAD1, mitochondrial",PAD1,193
A0ABR0T918,Myb-like domain-containing protein,QM012_003716,660
A0ABR0T975,NAD(P)-binding protein,QM012_003012,366
A0ABR0T999,Thioredoxin domain-containing protein,QM012_003103,178
A0ABR0T9C4,Nuclear pore complex subunit,QM012_003111,355
A0ABR0T9C8,5'-3' exoribonuclease,QM012_003321,1038
A0ABR0T9I4,ATP synthase epsilon subunit C-terminal domain-containing protein,QM012_003316,483
A0ABR0T9K8,Exonuclease domain-containing protein,QM012_003210,263
A0ABR0TA16,Zn(2)-C6 fungal-type domain-containing protein,QM012_003590,765
A0ABR0TA52,PQ loop repeat protein-like protein,QM012_002978,282
A0ABR0TAA0,Methyltransferase type 11 domain-containing protein,QM012_002696,239
A0ABR0TAX0,Phosphodiesterase,QM012_002875,945
A0ABR0TB14,Uncharacterized protein,QM012_002118,327
A0ABR0TBV4,N1221-domain-containing protein,QM012_002827,1018
A0ABR0TC17,WD40 repeat-like protein,QM012_002284,968
A0ABR0TC56,Myb-like domain-containing protein,QM012_002329,782
A0ABR0TCF1,Uncharacterized protein,QM012_001756,170
A0ABR0TCK9,tripeptidyl-peptidase II,QM012_002161,354
A0ABR0TCM7,histidine kinase,QM012_001841,1108
A0ABR0TD37,laccase,QM012_002001,605
A0ABR0TD71,agmatinase,QM012_002027,400
A0ABR0TDM3,BTB domain-containing protein,QM012_001289,157
A0ABR0TDV4,MARVEL domain-containing protein,QM012_001970,510
A0ABR0TER6,Ubiquitin-conjugating enzyme E2-binding protein,QM012_001676,694
A0ABR0TFD0,Guanine nucleotide exchange factor,QM012_000902,444
A0ABR0TFL1,Major facilitator superfamily (MFS) profile domain-containing protein,QM012_001068,565
A0ABR0TFM6,CHY-type domain-containing protein,QM012_001084,610
A0ABR0TFT7,Serine-threonine protein kinase 19,QM012_001530,409
A0ABR0TG17,Acyltransferase MbtK/IucB-like conserved domain-containing protein,QM012_001620,459
A0ABR0TG89,DNA glycosylase,QM012_001124,400
A0ABR0TGF7,Patatin-like phospholipase domain-containing protein,QM012_000850,779
A0ABR0TGK5,"Alpha-1,3-mannosyltransferase",QM012_009344,1205
A0ABR0TGR2,Xylanolytic transcriptional activator regulatory domain-containing protein,QM012_009390,406
A0ABR0TH52,Uncharacterized protein,QM012_009540,325
A0ABR0THC0,Purine-cytosine permease FCY21,QM012_009595,518
A0ABR0THU0,SAP domain-containing protein,QM012_009397,395
A0ABR0TI70,Carboxypeptidase,QM012_008959,578
A0ABR0TIA8,"Endo-1,5-alpha-L-arabinanase A",QM012_009421,741
A0ABR0TIG7,Arylsulfotransferase,QM012_009081,525
A0ABR0TJ67,Chitin-binding type-1 domain-containing protein,QM012_009134,597
A0ABR0TJB4,Rhodopsin domain-containing protein,QM012_008846,393
A0ABR0TJF6,Uncharacterized protein,QM012_008409,609
A0ABR0TJQ0,Palmitoyl-protein thioesterase 1,QM012_008219,323
A0ABR0TJS6,DUF7907 domain-containing protein,QM012_008449,198
A0ABR0TJZ0,Uncharacterized protein,QM012_008586,206
A0ABR0TK08,Uncharacterized protein,QM012_008283,120
A0ABR0TKT8,Thymidylate kinase,QM012_008568,403
A0ABR0TL55,D-xylulose 5-phosphate/D-fructose 6-phosphate phosphoketolase,QM012_007958,804
A0ABR0TLD6,EthD domain-containing protein,QM012_008048,124
A0ABR0TLK6,Formin binding protein,QM012_008091,758
A0ABR0TLY8,non-specific serine/threonine protein kinase,QM012_007102,413
A0ABR0TMC7,26S proteasome complex subunit SEM1,QM012_008096,95
A0ABR0TMK7,Large ribosomal subunit protein mL59 domain-containing protein,QM012_007111,182
A0ABR0TMR8,glutamine--fructose-6-phosphate transaminase (isomerizing),QM012_007109,692
A0ABR0TMU9,Uncharacterized protein,QM012_007083,292
A0ABR0TN05,Nicotinate-nucleotide pyrophosphorylase [carboxylating],QM012_007463,315
A0ABR0TNS2,RING-type domain-containing protein,QM012_006518,646
A0ABR0TNY7,F5/8 type C domain-containing protein,QM012_007428,341
A0ABR0TP34,Association with the SNF1 complex (ASC) domain-containing protein,QM012_006419,554
A0ABR0TPA4,Signal recognition particle receptor subunit beta,QM012_006587,293
A0ABR0TPN6,"2-oxoglutarate dehydrogenase, mitochondrial",QM012_006492,1047
A0ABR0TQ91,"glucan endo-1,3-beta-D-glucosidase",QM012_006445,930
A0ABR0TQJ6,L-type lectin-like domain-containing protein,QM012_005717,478
A0ABR0TQM9,Endoplasmic reticulum-based factor for assembly of V-ATPase,QM012_005757,239
A0ABR0TR80,Zn(2)-C6 fungal-type domain-containing protein,QM012_007017,564
A0ABR0TR92,Major facilitator superfamily (MFS) profile domain-containing protein,QM012_005981,546
A0ABR0TRT3,Dolichyl-diphosphooligosaccharide-protein glycosyltransferase subunit OST5,QM012_006164,80
A0ABR0TSG4,"3,4-dihydroxy-2-butanone 4-phosphate synthase",QM012_004197,227
A0ABR0TTI4,Transcription initiation factor TFIID subunit 10,QM012_004446,232
A0ABR0TTX3,Dihydroorotate dehydrogenase (fumarate),QM012_004750,325
A0ABR0TUE9,Alpha/beta-hydrolase,QM012_004746,479
A0ABR0TUI1,3-hydroxyisobutyrate dehydrogenase,QM012_004871,424
A0ABR0TUK0,Uncharacterized protein,QM012_000076,238
A0ABR0TUT1,alcohol dehydrogenase,QM012_004440,353
A0ABR0TUZ9,Xylanolytic transcriptional activator regulatory domain-containing protein,QM012_000226,635
A0ABR0TVB3,Uncharacterized protein,QM012_000230,598
A0ABR0TW27,Probable Xaa-Pro aminopeptidase P,QM012_000284,607
A0ABR0TW42,Glutathione synthetase,QM012_000536,515
A0ABR0TWJ7,DM2 domain-containing protein,QM012_000113,482
A0ABR0TWP1,Protein PBN1,QM012_000509,518
A0ABR0TWY0,Uncharacterized protein,QM012_000735,449
A0ABR0TXT0,Protein kinase domain-containing protein,QM012_000698,652
A0A4S8T0W2,Calmodulin,QM012_000457,149
A0ABR0T4K5,Uncharacterized protein,QM012_005498,343
A0ABR0T4R4,Phosphatidate phosphatase APP1 catalytic domain-containing protein,QM012_005434,1071
A0ABR0T4R6,Uncharacterized protein,QM012_005599,479
A0ABR0T4V3,rRNA-processing protein FYV7,QM012_005465,224
A0ABR0T4Z6,C2H2-type domain-containing protein,QM012_005539,158
A0ABR0T5V3,Uncharacterized protein,QM012_005606,185
A0ABR0T5X5,Uncharacterized protein,QM012_004931,411
A0ABR0T617,Mandelate racemase/muconate lactonizing enzyme C-terminal domain-containing protein,QM012_005338,424
A0ABR0T646,Uncharacterized protein,QM012_005244,73
A0ABR0T6A4,Uncharacterized protein,QM012_005059,325
A0ABR0T6H8,Uncharacterized protein,QM012_004034,241
A0ABR0T6P9,Zn(2)-C6 fungal-type domain-containing protein,QM012_004017,453
A0ABR0T6W5,Histone transcription regulator 3 homolog,QM012_005132,1974
A0ABR0T700,P450 monooxygenase,QM012_003840,528
A0ABR0T741,Fermentation associated protein,QM012_003889,3211
A0ABR0T8F5,4-hydroxyphenylpyruvate dioxygenase,QM012_003384,407
A0ABR0T8V3,NAD(P)-binding protein,QM012_003534,337
A0ABR0T977,DUF6594 domain-containing protein,QM012_003075,377
A0ABR0T9J5,Ribosome biogenesis protein Urb1,QM012_002992,1136
A0ABR0T9K2,Apple domain-containing protein,QM012_003070,581
A0ABR0T9M6,Aminoglycoside phosphotransferase domain-containing protein,QM012_003361,318
A0ABR0TA74,BCAS2 family protein,QM012_002668,206
A0ABR0TAN0,Pantoate--beta-alanine ligase,QM012_003108,338
A0ABR0TAS9,YjgF-like protein,QM012_002538,118
A0ABR0TAY8,Prokaryotic-type class I peptide chain release factors domain-containing protein,QM012_002768,425
A0ABR0TBE4,Glycosyltransferase family 25 protein,QM012_002778,393
A0ABR0TBH6,ARCA protein,QM012_002294,523
A0ABR0TBR3,peptidylprolyl isomerase,QM012_002898,369
A0ABR0TBZ6,Xylulose kinase,QM012_002791,593
A0ABR0TCB0,Major facilitator superfamily (MFS) profile domain-containing protein,QM012_001716,462
A0ABR0TCR2,NAD(P)-binding protein,QM012_001862,324
A0ABR0TCW7,Uncharacterized protein,QM012_001922,339
A0ABR0TD92,"Multicopper oxidase, type 1",QM012_002038,694
A0ABR0TDI8,Stress-response A/B barrel domain-containing protein,QM012_001749,111
A0ABR0TDQ7,Zn(2)-C6 fungal-type domain-containing protein,QM012_001699,792
A0ABR0TDT5,Major facilitator superfamily (MFS) profile domain-containing protein,QM012_001743,516
A0ABR0TE97,J domain-containing protein,QM012_001512,361
A0ABR0TEA8,Nitrate reductase,QM012_002019,886
A0ABR0TES0,Uncharacterized protein,QM012_002074,141
A0ABR0TF02,Transglutaminase-like domain-containing protein,QM012_000859,418
A0ABR0TF87,RING-type E3 ubiquitin transferase,QM012_001669,967
A0ABR0TFB9,PCI domain-containing protein,QM012_000963,259
A0ABR0TFQ1,Cytochrome c oxidase assembly factor 3,QM012_000792,122
A0ABR0TG27,Band 7 domain-containing protein,QM012_009159,1339
A0ABR0TGJ9,Glyceraldehyde-3-phosphate dehydrogenase,QM012_009155,356
A0ABR0TGN9,Uncharacterized protein,QM012_009379,208
A0ABR0TGZ4,Aflatoxin regulatory protein domain-containing protein,QM012_009168,404
A0ABR0TH32,Dihydrodipicolinate synthetase family protein,QM012_001110,328
A0ABR0TH87,TFIID-31kDa-domain-containing protein,QM012_009258,250
A0ABR0THC7,Uncharacterized protein,QM012_008694,367
A0ABR0THD2,Efflux pump dotC,QM012_008692,618
A0ABR0THR9,Uncharacterized protein,QM012_009367,189
A0ABR0TI28,WD40 repeat-like protein,QM012_008914,674
A0ABR0TI32,Dehydrin,QM012_008938,132
A0ABR0TIL1,Alpha/beta hydrolase fold-3 domain-containing protein,QM012_009118,356
A0ABR0TJ14,tRNA pseudouridine(55) synthase,QM012_008305,406
A0ABR0TJQ5,MHD domain-containing protein,QM012_008545,480
A0ABR0TJV5,"Homoaconitase, mitochondrial",QM012_009025,829
A0ABR0TJW4,Apple domain-containing protein,QM012_008401,971
A0ABR0TK88,Uncharacterized protein,QM012_007611,210
A0ABR0TKJ4,Uncharacterized protein,QM012_008312,494
A0ABR0TKK4,NAD(P)-binding protein,QM012_007759,252
A0ABR0TKQ7,Tim17-domain-containing protein,QM012_007773,206
A0ABR0TLF0,Ribosomal protein 60S,QM012_007858,109
A0ABR0TLI4,Trafficking protein particle complex II-specific subunit 65 IgD3 domain-containing protein,QM012_008090,556
A0ABR0TLK9,agmatinase,QM012_008058,402
A0ABR0TLU1,Catalase,QM012_007061,717
A0ABR0TMF7,Ribosomal protein L1,QM012_007874,396
A0ABR0TMJ6,Prion-inhibition and propagation HeLo domain-containing protein,QM012_007281,359
A0ABR0TMX8,Thioesterase domain-containing protein,QM012_008069,301
A0ABR0TN42,Arginase-like protein,QM012_007399,186
A0ABR0TNF7,Protein kinase domain-containing protein,QM012_006378,687
A0ABR0TNY4,Mitochondrial-processing peptidase subunit alpha,QM012_006467,550
A0ABR0TP02,"Saccharopine dehydrogenase [NADP(+), L-glutamate-forming]",QM012_006575,459
A0ABR0TQ01,TPR-like protein,QM012_006938,221
A0ABR0TQC1,Sphingolipid long chain base-responsive protein LSP1,QM012_005638,377
A0ABR0TQK1,Uncharacterized protein,QM012_005726,298
A0ABR0TQR0,MFS general substrate transporter,QM012_006852,502
A0ABR0TQU6,MYND-type domain-containing protein,QM012_005804,663
A0ABR0TQV7,Casein kinase II subunit beta,QM012_006901,260
A0ABR0TRC0,Peptidase A1 domain-containing protein,QM012_005999,781
A0ABR0TRJ1,Uncharacterized protein,QM012_006895,70
A0ABR0TRV5,Tetrapyrrole biosynthesis uroporphyrinogen III synthase domain-containing protein,QM012_005874,315
A0ABR0TRY9,ATP-dependent RNA helicase,QM012_006206,764
A0ABR0TSZ5,Fatty acid desaturase domain-containing protein,QM012_006004,449
A0ABR0TT17,Uncharacterized protein,QM012_006230,174
A0ABR0TTH0,RRM domain-containing protein,QM012_004338,259
A0ABR0TUK1,Cwf18 pre-mRNA splicing factor,QM012_004713,206
A0ABR0TUK3,Aldehyde dehydrogenase,QM012_000067,497
A0ABR0TV28,Alpha/beta hydrolase fold-3 domain-containing protein,QM012_000075,390
A0ABR0TV36,Cytochrome P450,QM012_004529,178
A0ABR0TW57,LYC1 C-terminal domain-containing protein,QM012_000220,389
A0ABR0TWB9,"alpha-1,2-Mannosidase",QM012_000417,597
A0ABR0TWF6,Bola-like protein,QM012_000707,157
A0ABR0TWH8,Septin-type G domain-containing protein,QM012_000148,666
A0ABR0TWI5,Cation efflux protein transmembrane domain-containing protein,QM012_000477,231
A0ABR0TWQ8,DNA-binding TFAR19-related protein,QM012_000710,134
A0ABR0TWR8,AhpC/TSA antioxidant enzyme-domain-containing protein,QM012_000264,289
A0ABR0TX34,von Willebrand and RING finger domain-containing protein,QM012_000674,1143
A0A1A7MHZ9,Uncharacterized protein,QM012_009473,139
A0A4S9LF34,Ribosomal protein S28e,QM012_001514,68
A0ABR0T4C0,DUF659 domain-containing protein,QM012_006360,832
A0ABR0T523,Zn(2)-C6 fungal-type domain-containing protein,QM012_005428,531
A0ABR0T5C9,Zn(2)-C6 fungal-type domain-containing protein,QM012_005305,591
A0ABR0T691,AB hydrolase-1 domain-containing protein,QM012_005031,379
A0ABR0T6I1,Zn(2)-C6 fungal-type domain-containing protein,QM012_004031,671
A0ABR0T6I3,NADP-dependent mannitol dehydrogenase,QM012_005263,350
A0ABR0T6K5,SMP domain-containing protein,QM012_004067,98
A0ABR0T6K8,Uncharacterized protein,QM012_004050,311
A0ABR0T6S9,Non-hemolytic phospholipase C,QM012_005111,577
A0ABR0T7A4,Quinate transporter,QM012_004978,522
A0ABR0T7I0,Structural maintenance of chromosomes protein,QM012_005024,1181
A0ABR0T7K6,SMP domain-containing protein,QM012_004070,205
A0ABR0T7P9,Uncharacterized protein,QM012_003715,173
A0ABR0T7X1,Eukaryotic translation initiation factor 3 subunit E,INT6,437
A0ABR0T884,Uncharacterized protein,QM012_003374,598
A0ABR0T8D8,Oligopeptide transporter,QM012_003433,1056
A0ABR0T9R9,alcohol dehydrogenase (NADP(+)),QM012_003268,361
A0ABR0TA81,Peptidase M20 dimerisation domain-containing protein,QM012_003586,502
A0ABR0TAB9,MIND kinetochore complex component Nnf1,QM012_002712,220
A0ABR0TAF9,Guanine nucleotide-binding protein subunit gamma,QM012_002756,92
A0ABR0TAT6,FHA domain-containing protein,QM012_002675,548
A0ABR0TAV4,WW domain-containing protein,QM012_002860,433
A0ABR0TB47,Apoptosis-inducing TAF9-like domain 1 family protein,QM012_002153,99
A0ABR0TB48,Bax inhibitor family protein,QM012_002157,341
A0ABR0TB91,Actin-like ATPase domain-containing protein,QM012_002201,745
A0ABR0TBM2,Secreted protein CSS2 C-terminal domain-containing protein,QM012_002134,193
A0ABR0TBU3,Uncharacterized protein,QM012_002395,466
A0ABR0TBZ0,PhyH-domain-containing protein,QM012_002132,335
A0ABR0TCI9,Cytochrome c oxidase subunit,QM012_001783,86
A0ABR0TCX5,Major facilitator superfamily (MFS) profile domain-containing protein,QM012_001780,487
A0ABR0TDF2,polynucleotide adenylyltransferase,QM012_002445,779
A0ABR0TDH8,Sec1-like protein,QM012_001243,591
A0ABR0TDP5,Uncharacterized protein,QM012_001308,383
A0ABR0TDX5,PQ loop repeat protein,QM012_001388,439
A0ABR0TEW1,Mitochondrial carrier,QM012_001231,515
A0ABR0TF04,FAD dependent oxidoreductase domain-containing protein,QM012_001371,446
A0ABR0TF84,Uncharacterized protein,QM012_000935,294
A0ABR0TFH9,Sorbitol dehydrogenase,QM012_001460,349
A0ABR0TGB1,Photolyase/cryptochrome alpha/beta domain-containing protein,QM012_009254,609
A0ABR0TGI5,Lactoylglutathione lyase,QM012_001077,319
A0ABR0TGU1,Enoyl reductase (ER) domain-containing protein,QM012_001182,339
A0ABR0TH41,MYND-type domain-containing protein,QM012_009525,178
A0ABR0TH73,F-box domain-containing protein,QM012_001155,537
A0ABR0THB7,Rhodopsin domain-containing protein,QM012_009410,281
A0ABR0TI53,SET domain-containing protein,QM012_008789,323
A0ABR0TI80,Endoplasmic reticulum-Golgi intermediate compartment protein,QM012_009003,436
A0ABR0TIE8,Aminoglycoside phosphotransferase domain-containing protein,QM012_009054,321
A0ABR0TIE9,"Succinate dehydrogenase assembly factor 2, mitochondrial",QM012_008701,346
A0ABR0TIM6,Myosin-1,QM012_008969,1241
A0ABR0TIN5,NADH-ubiquinone oxidoreductase,QM012_009047,158
A0ABR0TIS4,Heme haloperoxidase family profile domain-containing protein,QM012_008201,448
A0ABR0TIW9,PQ-loop-domain-containing protein,QM012_008261,354
A0ABR0TJ66,Adenylosuccinate lyase,QM012_008850,503
A0ABR0TJQ2,Histone-binding protein RBBP4-like N-terminal domain-containing protein,QM012_008496,433
A0ABR0TJU5,"Mitochondrial outer membrane translocase complex, subunit Tom5",QM012_009045,47
A0ABR0TK10,non-specific serine/threonine protein kinase,QM012_008660,457
A0ABR0TK81,Xylanolytic transcriptional activator regulatory domain-containing protein,QM012_008358,361
A0ABR0TKB9,Ankyrin repeat protein,QM012_008237,235
A0ABR0TKE6,Zn(2)-C6 fungal-type domain-containing protein,QM012_007677,422
A0ABR0TKQ0,BOD1/SHG1 domain-containing protein,QM012_007776,581
A0ABR0TKT2,TPR-like protein,QM012_007832,813
A0ABR0TL00,TPR-like protein,QM012_007881,892
A0ABR0TL04,DUF7730 domain-containing protein,QM012_008428,378
A0ABR0TMR9,Exportin-5 C-terminal domain-containing protein,QM012_007294,1249
A0ABR0TN20,CsbD-like domain-containing protein,QM012_007199,100
A0ABR0TNM2,ASST-domain-containing protein,QM012_007579,525
A0ABR0TNP8,Dienelactone hydrolase,QM012_007217,394
A0ABR0TP30,Aminotransferase class I/classII large domain-containing protein,QM012_007287,431
A0ABR0TPP2,DNA-directed RNA polymerase,QM012_006823,2045
A0ABR0TPR9,Phosphatidate phosphatase APP1 catalytic domain-containing protein,QM012_007577,448
A0ABR0TQ08,DUF1264-domain-containing protein,QM012_006764,247
A0ABR0TQE2,Vacuolar protein sorting-associated protein,QM012_006747,3209
A0ABR0TQG7,DUF1772-domain-containing protein,QM012_006600,197
A0ABR0TQR6,S-adenosylmethionine synthase,QM012_005774,390
A0ABR0TRM3,Sister chromatid separation protein,QM012_005784,674
A0ABR0TRX2,E2 ubiquitin-conjugating enzyme,QM012_006180,172
A0ABR0TS43,"2,6-dihydroxypyridine 3-monooxygenase substrate binding domain-containing protein",QM012_006269,419
A0ABR0TSG8,Uncharacterized protein,QM012_004166,462
A0ABR0TSI8,GTP-binding protein,QM012_006144,372
A0ABR0TSM7,Carboxypeptidase,QM012_004270,707
A0ABR0TTU0,DNA helicase,QM012_004688,669
A0ABR0TU02,Pentacotripeptide-repeat region of PRORP domain-containing protein,QM012_004712,755
A0ABR0TU12,Serine/threonine-protein phosphatase,QM012_004795,327
A0ABR0TU16,SEC7 domain-containing protein,QM012_004807,1563
A0ABR0TU84,HAD-like protein,QM012_004535,278
A0ABR0TU89,t-SNARE coiled-coil homology domain-containing protein,QM012_004858,272
A0ABR0TUI6,Zn(2)-C6 fungal-type domain-containing protein,QM012_000021,675
A0ABR0TV67,Ubiquitin-protein ligase,QM012_004801,906
A0ABR0TVD2,pyridoxal 5'-phosphate synthase (glutamine hydrolyzing),QM012_000281,311
A0ABR0TVE3,Uncharacterized protein,QM012_004634,608
A0ABR0TVF6,Uncharacterized protein,QM012_000348,156
A0ABR0TVY0,Signal peptidase complex subunit 1,QM012_000516,103
A0ABR0TW02,Major facilitator superfamily (MFS) profile domain-containing protein,QM012_000491,371
A0ABR0TW09,Delta(24)-sterol reductase,QM012_004894,540
A0ABR0TWE9,AB hydrolase-1 domain-containing protein,QM012_000068,309
A0ABR0TWM8,SANT domain-containing protein,QM012_000522,681
A0ABR0TWZ5,25S rRNA (uridine-N(3))-methyltransferase BMT5-like domain-containing protein,QM012_000520,299
A0ABR0TX69,Transaldolase,QM012_000719,334
A0ABR0T4R5,Arylamine N-acetyltransferase,QM012_005439,341
A0ABR0T531,RNA recognition motif-containing protein,QM012_005389,483
A0ABR0T5C6,Protein kinase domain-containing protein,QM012_005385,219
A0ABR0T5H6,Uncharacterized protein,QM012_005104,72
A0ABR0T5N7,Uncharacterized protein,QM012_005152,378
A0ABR0T5P0,PBP domain-containing protein,QM012_005581,326
A0ABR0T5Y8,DNA replication licensing factor MCM3,QM012_005466,879
A0ABR0T5Z0,Uncharacterized protein,QM012_004946,280
A0ABR0T6F0,Ubiquitin 3 binding protein But2 C-terminal domain-containing protein,QM012_005205,509
A0ABR0T6G0,Uncharacterized protein,QM012_004995,359
A0ABR0T6J3,Myb-like domain-containing protein,QM012_004051,208
A0ABR0T6P8,Uncharacterized protein,QM012_004112,747
A0ABR0T7J1,Class V myosin,QM012_004055,1604
A0ABR0T7K5,Major facilitator superfamily (MFS) profile domain-containing protein,QM012_005063,1178
A0ABR0T8K2,Mtf2-like C-terminal domain-containing protein,QM012_003493,465
A0ABR0T8L4,Uncharacterized protein,QM012_003503,143
A0ABR0T8L5,Rab-GAP TBC domain-containing protein,QM012_003444,609
A0ABR0T8N4,RING-type E3 ubiquitin transferase,QM012_003973,812
A0ABR0T8V2,Uncharacterized protein,QM012_003595,191
A0ABR0T9Q4,MPR-typeG-protein-coupled receptor,QM012_003435,316
A0ABR0TA15,"Altered inheritance of mitochondria protein 9, mitochondrial",QM012_002609,531
A0ABR0TAB0,MFS general substrate transporter,QM012_003140,292
A0ABR0TAJ4,Mitochondrial escape protein 2,QM012_002740,830
A0ABR0TAJ5,Uncharacterized protein,QM012_002633,339
A0ABR0TAP3,Uncharacterized protein,QM012_002846,215
A0ABR0TAX3,Glycerophosphocholine acyltransferase 1,QM012_002753,522
A0ABR0TB51,NAD(P)-binding protein,QM012_002843,281
A0ABR0TBJ0,RCC1-like domain-containing protein,QM012_002309,574
A0ABR0TBQ1,GPR/FUN34 family protein-like protein,QM012_002353,291
A0ABR0TCB2,D-aminoacyl-tRNA deacylase,QM012_002897,195
A0ABR0TCF7,RCC1/BLIP-II protein,QM012_001769,367
A0ABR0TCP9,Uncharacterized protein,QM012_001856,323
A0ABR0TCW1,MYND-type domain-containing protein,QM012_001921,509
A0ABR0TD03,Eukaryotic translation initiation factor 3 subunit G,TIF35,298
A0ABR0TD18,SWIRM-domain-containing protein,QM012_001792,704
A0ABR0TE63,NADAR domain-containing protein,QM012_001864,194
A0ABR0TEE7,Rgp1-domain-containing protein,QM012_002064,878
A0ABR0TEV4,FAD dependent oxidoreductase domain-containing protein,QM012_000789,526
A0ABR0TF03,ENTH domain-containing protein,QM012_000853,612
A0ABR0TF57,transketolase,QM012_000827,738
A0ABR0TF72,Major facilitator superfamily (MFS) profile domain-containing protein,QM012_000842,175
A0ABR0TFI3,Uncharacterized protein,QM012_000962,454
A0ABR0TFM1,RNA polymerase II transcription factor B subunit 3,QM012_000899,392
A0ABR0TFM8,Tyrosinase copper-binding domain-containing protein,QM012_000914,321
A0ABR0TFS6,Uncharacterized protein,QM012_001129,319
A0ABR0TFW7,N-terminal nucleophile aminohydrolase,QM012_001004,441
A0ABR0TFY8,Uncharacterized protein,QM012_001198,576
A0ABR0TG10,Phosphomannomutase,QM012_001640,268
A0ABR0TG40,Short chain dehydrogenase/reductase,QM012_000927,306
A0ABR0TGE5,Uncharacterized protein,QM012_000946,383
A0ABR0TGF2,Phosphoenolpyruvate/pyruvate domain-containing protein,QM012_001184,297
A0ABR0TGH9,BTB domain-containing protein,QM012_009327,283
A0ABR0TGL3,Endoglucanase B,QM012_009340,584
A0ABR0TGY2,"Fructose-1,6-bisphosphatase",QM012_009153,351
A0ABR0THN0,GB1/RHD3-type G domain-containing protein,SEY1,895
A0ABR0THT7,Sld7 C-terminal domain-containing protein,QM012_008853,445
A0ABR0TI06,Uncharacterized protein,QM012_009366,378
A0ABR0TI19,Enoyl reductase (ER) domain-containing protein,QM012_009543,360
A0ABR0TI98,Uncharacterized protein,QM012_008834,188
A0ABR0TIC4,F-box domain-containing protein,QM012_009039,678
A0ABR0TIG1,Hypercellular protein-like protein HypA,QM012_009078,1409
A0ABR0TIV3,Chitin synthase,QM012_008745,947
A0ABR0TJ61,"Mitochondrial import translocase, subunit Tom22",QM012_008301,140
A0ABR0TJD4,Cytosolic Fe-S cluster assembly factor CFD1,QM012_008400,306
A0ABR0TJM9,Peptidyl-prolyl cis-trans isomerase,QM012_008950,177
A0ABR0TKN0,Plasma membrane stress response protein,QM012_007681,753
A0ABR0TKR7,Chitin synthase export chaperone,QM012_007791,314
A0ABR0TLH2,Amino acid transporter transmembrane domain-containing protein,QM012_008067,525
A0ABR0TLK5,proline dehydrogenase,QM012_008672,1078
A0ABR0TLM1,OPT-domain-containing protein,QM012_008653,852
A0ABR0TM88,Zn(2)-C6 fungal-type domain-containing protein,QM012_007799,710
A0ABR0TMR7,Uncharacterized protein,QM012_008009,425
A0ABR0TN56,DUF917-domain-containing protein,QM012_007491,997
A0ABR0TN94,U3 small nucleolar RNA-associated protein 22,QM012_007552,1151
A0ABR0TNS0,Histidinol-phosphatase,QM012_006517,268
A0ABR0TNT6,CN hydrolase domain-containing protein,QM012_006422,300
A0ABR0TNX0,Anaphase-promoting complex subunit 1,QM012_007258,1923
A0ABR0TQ59,Carboxylic ester hydrolase,QM012_006988,533
A0ABR0TQ97,Uncharacterized protein,QM012_005637,80
A0ABR0TQB5,Zn(2)-C6 fungal-type domain-containing protein,QM012_005652,489
A0ABR0TR32,Uncharacterized protein,QM012_005737,583
A0ABR0TRH6,SMP domain-containing protein,QM012_006880,165
A0ABR0TRK3,F-box domain-containing protein,QM012_006086,1036
A0ABR0TRT9,RNA polymerase II elongation factor ell1 C-terminal domain-containing protein,QM012_006177,842
A0ABR0TS39,ARF/SAR superfamily,QM012_006145,219
A0ABR0TSE2,Alpha-glucosidase,QM012_005809,907
A0ABR0TSG5,Mitochondrial inner membrane protease ATP23,QM012_006050,236
A0ABR0TSQ1,Phosphatidylinositol-specific phospholipase C X domain-containing protein,QM012_004300,407
A0ABR0TSZ0,CsbD-like domain-containing protein,QM012_004390,92
A0ABR0TT50,Uncharacterized protein,QM012_004449,1117
A0ABR0TTC4,SnoaL-like domain-containing protein,QM012_004540,143
A0ABR0TTL7,Major facilitator superfamily (MFS) profile domain-containing protein,QM012_004642,481
A0ABR0TUC8,Uncharacterized protein,QM012_004259,402
A0ABR0TUM8,Cytochrome P450,QM012_004399,416
A0ABR0TV55,40S ribosomal protein S4,QM012_000246,262
A0ABR0TVK5,ATP synthase F0,QM012_004725,305
A0ABR0TW40,Galactose oxidase,QM012_000604,1550
A0ABR0TW71,ORC6 first cyclin-like domain-containing protein,QM012_000043,452
A0ABR0TWD5,Retinoic acid induced 16-like protein-domain-containing protein,QM012_000721,868
A0ABR0TWX8,"Lipoyl synthase, mitochondrial",QM012_000343,409
A0A4S9BKZ2,Uncharacterized protein,QM012_004290,183
A0ABR0T4V0,Glycosyl hydrolase family 13 catalytic domain-containing protein,QM012_005479,587
A0ABR0T524,Alpha/beta-hydrolase,QM012_005445,186
A0ABR0T532,Amino acid permease/ SLC12A domain-containing protein,QM012_005406,569
A0ABR0T5P5,Uracil permease,QM012_005108,545
A0ABR0T5Y3,Uncharacterized protein,QM012_005456,139
A0ABR0T633,Autophagy-related protein 13,QM012_005353,803
A0ABR0T6L3,Uncharacterized protein,QM012_005317,136
A0ABR0T734,NAD(P)-binding protein,QM012_005216,294
A0ABR0T7L3,Elongation factor 1-alpha,QM012_003679,459
A0ABR0T7V1,AB hydrolase-1 domain-containing protein,QM012_003994,290
A0ABR0T8M4,MYG1 protein-like protein,QM012_003703,369
A0ABR0T8N1,Uncharacterized protein,QM012_003518,125
A0ABR0T8R7,Actin-like ATPase domain-containing protein,QM012_003676,281
A0ABR0T8R8,Tyrosinase copper-binding domain-containing protein,QM012_003558,355
A0ABR0T949,chitinase,QM012_003562,1120
A0ABR0T9F2,Carboxylic ester hydrolase,QM012_003151,534
A0ABR0T9G0,DASH complex subunit SPC34,QM012_003482,239
A0ABR0TA38,Beta-xylosidase C-terminal Concanavalin A-like domain-containing protein,QM012_002964,574
A0ABR0TAG8,Cryptochrome DASH,QM012_003099,615
A0ABR0TAL5,Alpha-L-rhamnosidase RhaM domain-containing protein,QM012_002809,1017
A0ABR0TAX7,Uncharacterized protein,QM012_002923,559
A0ABR0TB29,Peptidase S8/S53 domain-containing protein,QM012_002138,573
A0ABR0TCF9,"glucan 1,4-alpha-glucosidase",QM012_002942,659
A0ABR0TCP4,Uncharacterized protein,QM012_002190,204
A0ABR0TCR3,Uncharacterized protein,QM012_002417,124
A0ABR0TCV6,NTF2-like protein,QM012_002300,204
A0ABR0TD27,Uncharacterized protein,QM012_001825,563
A0ABR0TEE8,Arylsulfotransferase,QM012_001954,531
A0ABR0TEF7,DUF1000-domain-containing protein,QM012_001548,322
A0ABR0TF58,KRR1 small subunit processome component,QM012_001639,357
A0ABR0TFA3,FAD/NAD(P)-binding domain-containing protein,QM012_000954,478
A0ABR0TFP0,PH domain-containing protein,QM012_001102,479
A0ABR0TFP2,UBA domain-containing protein,QM012_001485,795
A0ABR0TGI0,Heme oxygenase-like protein,QM012_009319,465
A0ABR0TGP8,RNA-dependent RNA polymerase,QM012_000940,1417
A0ABR0TGY3,Glutamyl-tRNA synthetase,QM012_001016,195
A0ABR0TH03,Rhodopsin domain-containing protein,QM012_009494,201
A0ABR0TH78,Uncharacterized protein,QM012_009569,1002
A0ABR0TH96,Uncharacterized protein,QM012_009584,154
A0ABR0THF3,UDP-Glycosyltransferase/glycogen phosphorylase,QM012_008721,1259
A0ABR0THR2,aminodeoxychorismate synthase,QM012_008829,790
A0ABR0TIH1,18S rRNA biogenesis protein,QM012_009002,402
A0ABR0TIM0,Uncharacterized protein,QM012_008776,109
A0ABR0TJ07,Concanavalin A-like lectin/glucanase,QM012_008179,195
A0ABR0TJ18,DUF3844 domain-containing protein,QM012_008982,367
A0ABR0TJ22,DUF1772-domain-containing protein,QM012_008755,193
A0ABR0TJD5,Major facilitator superfamily (MFS) profile domain-containing protein,QM012_008425,517
A0ABR0TJN3,Uncharacterized protein,QM012_008525,168
A0ABR0TJP2,Uncharacterized protein,QM012_009015,196
A0ABR0TJT5,BTB domain-containing protein,QM012_008371,348
A0ABR0TJZ1,LYR motif-containing protein Cup1-like N-terminal domain-containing protein,QM012_008431,311
A0ABR0TK41,"3'(2'),5'-bisphosphate nucleotidase",QM012_008655,351
A0ABR0TK70,Major facilitator superfamily (MFS) profile domain-containing protein,QM012_007628,497
A0ABR0TK72,Acetyl-CoA synthetase-like protein,QM012_007627,272
A0ABR0TKC5,PLP-dependent transferase,QM012_007682,560
A0ABR0TKI8,RNA helicase,QM012_007747,1406
A0ABR0TKR5,NADPH--cytochrome P450 reductase,QM012_007817,707
A0ABR0TKX4,DNA-directed RNA polymerase subunit,QM012_007880,233
A0ABR0TL77,Xylanolytic transcriptional activator regulatory domain-containing protein,QM012_007620,558
A0ABR0TLC8,Ubiquitin 3 binding protein But2 C-terminal domain-containing protein,QM012_008030,245
A0ABR0TLX9,Aminopeptidase,QM012_007690,870
A0ABR0TM47,NUDE domain-containing protein,QM012_007935,672
A0ABR0TMV2,Mitochondrial carrier,QM012_007400,281
A0ABR0TNI6,rhomboid protease,QM012_007142,210
A0ABR0TPB4,Sec39 domain-containing protein,QM012_006509,961
A0ABR0TPG4,WD repeat domain phosphoinositide-interacting protein,QM012_006733,435
A0ABR0TPP8,Kri1-like C-terminal domain-containing protein,QM012_006481,613
A0ABR0TQ63,RCC1-like domain-containing protein,QM012_006415,341
A0ABR0TQ66,"Ubiquinone biosynthesis O-methyltransferase, mitochondrial",COQ3,294
A0ABR0TQC9,Transcriptional co-activator,QM012_005670,434
A0ABR0TQK5,SH3 domain-containing protein,QM012_005746,581
A0ABR0TQQ1,Single-strand DNA deaminase toxin A-like C-terminal domain-containing protein,QM012_005759,445
A0ABR0TQV0,alcohol dehydrogenase,QM012_005832,363
A0ABR0TQV5,Uncharacterized protein,QM012_006897,77
A0ABR0TR41,Uncharacterized protein,QM012_006991,199
A0ABR0TRD6,Alpha-taxilin,QM012_006027,465
A0ABR0TRT8,White collar-2,QM012_006178,467
A0ABR0TRV3,N-acetyltransferase domain-containing protein,QM012_006193,269
A0ABR0TS22,ATP-dependent RNA helicase,QM012_006246,705
A0ABR0TSM1,GST N-terminal domain-containing protein,QM012_004272,581
A0ABR0TSM8,Uncharacterized protein,QM012_004282,366
A0ABR0TSX2,T-complex protein 1 subunit alpha,QM012_004362,578
A0ABR0TT47,SUMO-conjugating enzyme UBC9,QM012_004433,157
A0ABR0TT93,Rcd1-like protein,QM012_004356,407
A0ABR0TTV6,Thioredoxin domain-containing protein,QM012_006338,120
A0ABR0TU83,Sulfite reductase [NADPH] subunit beta,QM012_004827,1527
A0ABR0TUA4,Uncharacterized protein,QM012_004873,140
A0ABR0TUG8,Ig-like domain-containing protein,QM012_004304,352
A0ABR0TUU8,Uncharacterized protein,QM012_004681,151
A0ABR0TV64,Uncharacterized protein,QM012_000277,162
A0ABR0TV81,allantoicase,QM012_000272,357
A0ABR0TVD0,WD-like domain-containing protein,QM012_000029,271
A0ABR0TVE4,Uncharacterized protein,QM012_004669,209
A0ABR0TVG9,GTP cyclohydrolase II,QM012_004680,402
A0ABR0TWA2,NADPH-dependent diflavin oxidoreductase 1,TAH18,655
A0ABR0TWA6,CENP-V/GFA domain-containing protein,QM012_000265,139
A0ABR0TWK2,Transcription factor domain-containing protein,QM012_000769,402
A0ABR0TWS6,Alcohol acetyltransferase,QM012_000582,487
A0ABR0TXA7,tRNA(Ile)-lysidine synthetase,QM012_000428,595
A0ABR0T4I8,RNI-like protein,QM012_005561,485
A0ABR0T4Q1,Cercosporin MFS transporter CTB4,QM012_005584,575
A0ABR0T5C7,Cytochrome P450,QM012_005592,530
A0ABR0T5D3,Major facilitator superfamily (MFS) profile domain-containing protein,QM012_005549,531
A0ABR0T5U5,Large ribosomal subunit protein uL4 C-terminal domain-containing protein,QM012_005224,372
A0ABR0T631,PA14 domain-containing protein,QM012_005425,959
A0ABR0T6A3,Glucose-methanol-choline oxidoreductase N-terminal domain-containing protein,QM012_005062,595
A0ABR0T6B5,Effector TSP1 domain-containing protein,QM012_005423,407
A0ABR0T6J5,Glutathione S-transferase,QM012_004035,246
A0ABR0T6K1,tRNA (adenine(58)-N(1))-methyltransferase catalytic subunit TRM61,QM012_005302,401
A0ABR0T6M3,dynamin GTPase,QM012_004079,807
A0ABR0T7Q4,Uncharacterized protein,QM012_003999,304
A0ABR0T7X9,DUF2306 domain-containing protein,QM012_003804,400
A0ABR0T836,Zinc transporter,QM012_003318,924
A0ABR0T8E2,type I protein arginine methyltransferase,QM012_003432,549
A0ABR0T8M5,Kinesin motor domain-containing protein,QM012_003967,1001
A0ABR0T8R2,Major facilitator superfamily (MFS) profile domain-containing protein,QM012_003953,439
A0ABR0T8Z9,V-ATPase proteolipid subunit C-like domain-containing protein,QM012_002998,199
A0ABR0T9I9,Transcription factor domain-containing protein,QM012_003176,639
A0ABR0T9L4,Ribosomal protein S12,QM012_003162,170
A0ABR0T9Y9,Multicopper oxidase,QM012_003020,652
A0ABR0TAM5,Citrate synthase,QM012_002814,468
A0ABR0TAS5,DUF8004 domain-containing protein,QM012_002869,878
A0ABR0TB34,Manganese lipoxygenase,QM012_002142,657
A0ABR0TB64,Aflatoxin regulatory protein domain-containing protein,QM012_002556,361
A0ABR0TB71,AAA+ ATPase domain-containing protein,QM012_002188,864
A0ABR0TBP6,Gamma-glutamyltranspeptidase,QM012_002767,609
A0ABR0TC33,Transcription factor domain-containing protein,QM012_002347,704
A0ABR0TC76,DNA mismatch repair proteins mutS family domain-containing protein,QM012_001691,875
A0ABR0TC88,CNH domain-containing protein,QM012_002514,1138
A0ABR0TCH4,Uncharacterized protein,QM012_001784,119
A0ABR0TCM1,Cytosine-purine permease,QM012_002494,499
A0ABR0TCV3,Mitochondrial outer membrane transport complex Sam37/metaxin N-terminal domain-containing protein,QM012_001903,445
A0ABR0TD28,Uncharacterized protein,QM012_002522,52
A0ABR0TD43,Transcriptional adapter 2,QM012_001807,502
A0ABR0TD73,HIT-type domain-containing protein,QM012_002026,186
A0ABR0TDJ2,Ubiquitin-conjugating enzyme E2 1,QM012_001239,259
A0ABR0TDW7,Cyclin,QM012_001376,610
A0ABR0TDX7,LDB19 N-terminal domain-containing protein,QM012_001383,442
A0ABR0TE67,Trafficking protein particle complex subunit,QM012_001294,152
A0ABR0TE78,ubiquitinyl hydrolase 1,QM012_001449,662
A0ABR0TED2,CWH43-like N-terminal domain-containing protein,QM012_001538,277
A0ABR0TEL2,Ubiquitin-like domain-containing protein,QM012_001604,626
A0ABR0TET6,endo-polygalacturonase,QM012_002089,378
A0ABR0TEX1,Rhodopsin domain-containing protein,QM012_001534,453
A0ABR0TEY8,BHLH domain-containing protein,QM012_001295,482
A0ABR0TG71,Uncharacterized protein,QM012_009209,162
A0ABR0TGC6,MFS general substrate transporter,QM012_000820,398
A0ABR0TGK2,2-oxoisovalerate dehydrogenase subunit alpha,QM012_000895,447
A0ABR0TGT6,Serine/threonine-protein phosphatase 2A activator,QM012_001096,465
A0ABR0TGY6,Uncharacterized protein,QM012_009469,355
A0ABR0THX1,Uncharacterized protein,QM012_008699,64
A0ABR0TIH4,Sacsin/Nov domain-containing protein,QM012_009049,1753
A0ABR0TIP7,Subtilase,QM012_009557,540
A0ABR0TIR1,40S ribosomal protein S21,QM012_009571,86
A0ABR0TIW0,Methyltransferase type 11 domain-containing protein,QM012_008866,1241
A0ABR0TJ76,Exosome complex protein,QM012_008340,379
A0ABR0TJH8,Steroid 5-alpha reductase C-terminal domain-containing protein,QM012_008467,264
A0ABR0TJI9,TPR-like protein,QM012_008482,629
A0ABR0TJM6,DUF4048 domain-containing protein,QM012_008466,476
A0ABR0TL84,Myb-like domain-containing protein,QM012_007977,678
A0ABR0TLE5,Uncharacterized protein,QM012_008578,144
A0ABR0TLL8,BHLH domain-containing protein,QM012_008123,313
A0ABR0TLR6,Rhodopsin domain-containing protein,QM012_007030,390
A0ABR0TM12,Transcription factor domain-containing protein,QM012_007719,352
A0ABR0TMC2,Enhancer of mRNA-decapping protein 3,QM012_007825,752
A0ABR0TMN5,CwfJ domain protein,QM012_007960,545
A0ABR0TN01,RNA polymerase II subunit A C-terminal domain phosphatase,QM012_008084,829
A0ABR0TN26,Carboxylic ester hydrolase,QM012_007384,518
A0ABR0TNL7,Serine hydrolase domain-containing protein,QM012_007122,254
A0ABR0TPC3,Cysteine dioxygenase,QM012_006387,216
A0ABR0TPE4,Major facilitator superfamily (MFS) profile domain-containing protein,QM012_006539,499
A0ABR0TPJ5,Cyclin,QM012_006784,535
A0ABR0TQA9,DEK-C domain-containing protein,QM012_005641,332
A0ABR0TQN1,Uncharacterized protein,QM012_006596,479
A0ABR0TR58,Uncharacterized protein,QM012_007006,97
A0ABR0TR97,Alpha/beta hydrolase fold-3 domain-containing protein,QM012_005845,906
A0ABR0TRD3,ZW10 C-terminal helical domain-containing protein,QM012_006014,849
A0ABR0TS35,Carboxylic ester hydrolase,QM012_005704,608
A0ABR0TS67,Uncharacterized protein,QM012_006175,382
A0ABR0TSJ5,Multifunctional tryptophan biosynthesis protein,QM012_004228,769
A0ABR0TSQ2,REJ domain-containing protein,QM012_004277,1246
A0ABR0TSW9,LIM zinc-binding domain-containing protein,QM012_004358,3112
A0ABR0TT30,Dienelactone hydrolase domain-containing protein,QM012_004281,292
A0ABR0TTH4,BTB domain-containing protein,QM012_006183,432
A0ABR0TTR5,PH domain-containing protein,QM012_006243,854
A0ABR0TU08,Uncharacterized protein,QM012_006333,188
A0ABR0TUG6,F-box domain-containing protein,QM012_000022,624
A0ABR0TUX8,U3 small nucleolar RNA-associated protein 25,QM012_004711,769
A0ABR0TUX9,MHYT domain-containing protein,QM012_004485,744
A0ABR0TVC5,Enoyl reductase (ER) domain-containing protein,QM012_004635,343
A0ABR0TVF1,SSD domain-containing protein,QM012_000352,1286
A0ABR0TVP0,Very-long-chain 3-oxoacyl-CoA reductase,QM012_004724,332
A0ABR0TVP9,CHCH domain-containing protein,QM012_000469,162
A0ABR0TVX7,CinA C-terminal domain-containing protein,QM012_000360,180
A0ABR0TW62,Major facilitator superfamily (MFS) profile domain-containing protein,QM012_004889,498
A0ABR0TWK4,Cytochrome P450,QM012_000753,518
A0ABR0TWQ6,NAD-dependent epimerase/dehydratase domain-containing protein,QM012_000731,249
A0ABR0TWZ8,Uncharacterized protein,QM012_000369,419
A0ABR0TXR5,25S rRNA adenine-N(1) methyltransferase,QM012_000653,286
A0ABR0T4I9,HPP transmembrane region domain-containing protein,QM012_005562,211
A0ABR0T519,Uncharacterized protein,QM012_005416,78
A0ABR0T534,Cytochrome P450,QM012_005594,356
A0ABR0T558,Beta-mannosidase B,QM012_005419,850
A0ABR0T5P7,Protein kinase domain-containing protein,QM012_005397,342
A0ABR0T5Q5,Uncharacterized protein,QM012_005090,393
A0ABR0T5X2,Uncharacterized protein,QM012_004927,320
A0ABR0T676,mRNA N(6)-methyladenine demethylase,QM012_005274,371
A0ABR0T6Q3,Parasitic phase-specific protein PSP-1,QM012_004108,253
A0ABR0T6Z2,Zn(2)-C6 fungal-type domain-containing protein,QM012_005162,246
A0ABR0T733,Elongation factor 2,QM012_003890,840
A0ABR0T7J6,SET domain-containing protein,QM012_003669,945
A0ABR0T7M4,Rhodopsin domain-containing protein,QM012_005069,384
A0ABR0T826,NADH-ubiquinone oxidoreductase 12 kDa subunit,QM012_004163,102
A0ABR0T8X9,"Altered inheritance of mitochondria protein 9, mitochondrial",QM012_002976,564
A0ABR0T8Z0,GRIP domain-containing protein,QM012_002996,1351
A0ABR0T9C0,FAD/NAD(P)-binding domain-containing protein,QM012_003350,518
A0ABR0T9L9,Purple acid phosphatase,QM012_003542,495
A0ABR0T9W5,Autophagy-related protein 9,QM012_003466,833
A0ABR0TA34,Major facilitator superfamily (MFS) profile domain-containing protein,QM012_002614,508
A0ABR0TAD9,Hikeshi-like domain-containing protein,QM012_003069,204
A0ABR0TAP0,C2H2-type domain-containing protein,QM012_002829,378
A0ABR0TAQ1,Allantoin,QM012_002844,589
A0ABR0TAS7,Leucine rich repeat protein,QM012_002879,791
A0ABR0TB35,Uncharacterized protein,QM012_003278,172
A0ABR0TB70,CENP-V/GFA domain-containing protein,QM012_003273,141
A0ABR0TBJ8,Glutamate synthase [NADH],QM012_002691,2139
A0ABR0TC21,F-box domain-containing protein,QM012_002856,490
A0ABR0TCQ8,J domain-containing protein,QM012_001871,243
A0ABR0TD25,WD40 repeat-like protein,QM012_001962,466
A0ABR0TDD6,SNF2 family DNA-dependent ATPase domain-containing protein,QM012_001790,1018
A0ABR0TDH0,Uncharacterized protein,QM012_001927,493
A0ABR0TDT4,NADP-dependent oxidoreductase domain-containing protein,QM012_001763,342
A0ABR0TDY5,Rho-GTPase-activating protein 8,QM012_001390,957
A0ABR0TEE3,Cercosporin MFS transporter CTB4,QM012_001543,552
A0ABR0TER8,Six-hairpin glycosidase,QM012_001668,348
A0ABR0TET3,NAD(P)-binding protein,QM012_000784,249
A0ABR0TEV3,Carboxylic ester hydrolase,QM012_000802,528
A0ABR0TF53,ATP-dependent RNA helicase,QM012_000907,815
A0ABR0TF78,Na+/solute symporter,QM012_000934,691
A0ABR0TFH8,L-ornithine N(5)-monooxygenase [NAD(P)H],QM012_001622,460
A0ABR0TG44,Fungal STAND N-terminal Goodbye domain-containing protein,QM012_009161,278
A0ABR0TG59,Major facilitator superfamily (MFS) profile domain-containing protein,QM012_009176,444
A0ABR0TG81,Uncharacterized protein,QM012_000972,295
A0ABR0TG91,Multidrug resistance-like protein,QM012_009219,1302
A0ABR0TGI3,Phosphatidic acid phosphatase type 2/haloperoxidase domain-containing protein,QM012_001214,318
A0ABR0TH26,BTB domain-containing protein,QM012_001186,260
A0ABR0THQ2,(4-O-methyl)-D-glucuronate--lignin esterase,QM012_009423,391
A0ABR0TIG8,Uncharacterized protein,QM012_008787,419
A0ABR0TIG9,"Carbamoyl phosphate synthase arginine-specific large chain, mitochondrial",QM012_009482,1169
A0ABR0TIT3,D-isomer specific 2-hydroxyacid dehydrogenase NAD-binding domain-containing protein,QM012_009092,350
A0ABR0TIT7,Secretion related GTPase SrgD,QM012_008907,263
A0ABR0TIV8,YCII-related domain-containing protein,QM012_008246,108
A0ABR0TJ13,Ebp2-domain-containing protein,QM012_008302,411
A0ABR0TK09,NADP-dependent mannitol dehydrogenase,QM012_008625,293
A0ABR0TK99,Heat shock protein 70,QM012_008429,739
A0ABR0TKK5,DNA ligase,QM012_007760,985
A0ABR0TKL1,Uncharacterized protein,QM012_008278,381
A0ABR0TLC0,Carrier domain-containing protein,QM012_008033,1049
A0ABR0TLI3,FAD-binding domain-containing protein,QM012_008061,399
A0ABR0TLJ4,Cytochrome b5 heme-binding domain-containing protein,QM012_008102,138
A0ABR0TLQ8,HAUS augmin-like complex subunit 3 N-terminal domain-containing protein,QM012_007800,519
A0ABR0TM19,DNA repair protein rhp54,QM012_007976,845
A0ABR0TM79,Methylthioribulose-1-phosphate dehydratase,MDE1,233
A0ABR0TMH7,Glutamine synthetase,QM012_007081,881
A0ABR0TMJ3,Phosphoglycerate mutase-like protein,QM012_007919,747
A0ABR0TMP1,Probable endonuclease LCL3,QM012_007156,279
A0ABR0TMT0,Pkr1-domain-containing protein,QM012_007388,195
A0ABR0TN19,C2H2-type domain-containing protein,QM012_007478,432
A0ABR0TNL3,Transcription initiation factor IIE subunit beta,QM012_006433,290
A0ABR0TPR3,Eukaryotic translation initiation factor 3 subunit H,QM012_006737,367
A0ABR0TPT0,Heat shock protein 78,QM012_006831,781
A0ABR0TPV4,Metallo-beta-lactamase domain-containing protein,QM012_007558,324
A0ABR0TPZ9,Uncharacterized protein,QM012_006920,162
A0ABR0TQ21,Phosphotransferase,QM012_006842,518
A0ABR0TQ37,DUF7704 domain-containing protein,QM012_006794,153
A0ABR0TRE3,Uncharacterized protein,QM012_006915,226
A0ABR0TRR5,Uncharacterized protein,QM012_006137,227
A0ABR0TRU8,DNA repair protein RAD50,QM012_006179,1304
A0ABR0TRY5,YTH domain-containing protein,QM012_006085,925
A0ABR0TS42,Uncharacterized protein,QM012_005930,299
A0ABR0TSE6,"Altered inheritance of mitochondria protein 9, mitochondrial",QM012_004194,423
A0ABR0TSK8,Autophagy-related protein,QM012_004254,594
A0ABR0TSN5,P-loop containing nucleoside triphosphate hydrolase protein,QM012_006247,186
A0ABR0TST6,VLRF1 domain-containing protein,QM012_005944,672
A0ABR0TT77,Mitochondrial import inner membrane translocase subunit,QM012_004480,89
A0ABR0TTF0,TMEM205-like domain-containing protein,QM012_004539,185
A0ABR0TTK6,Uncharacterized protein,QM012_004602,119
A0ABR0TTL3,Thioesterase/thiol ester dehydrase-isomerase,QM012_006199,357
A0ABR0TTP3,Splicing factor YJU2,QM012_004643,271
A0ABR0TU54,Uncharacterized protein,QM012_004751,276
A0ABR0TU72,Cobalamin-independent methionine synthase MetE C-terminal/archaeal domain-containing protein,QM012_004215,400
A0ABR0TU78,Uncharacterized protein,QM012_004843,253
A0ABR0TU94,STEEP1 domain-containing protein,QM012_004870,144
A0ABR0TUD4,NAD(P)-binding protein,QM012_004903,297
A0ABR0TVY3,Major facilitator superfamily (MFS) profile domain-containing protein,QM012_000559,576
A0ABR0TWG2,Ubiquinol-cytochrome c chaperone domain-containing protein,QM012_000555,304
A0ABR0TWH4,Zn(2)-C6 fungal-type domain-containing protein,QM012_000434,1336
A0ABR0TWN8,Uncharacterized protein,QM012_000158,134
A0ABR0TWU2,Pali-domain-containing protein,QM012_000460,706
A0ABR0T4E4,LIP-domain-containing protein,QM012_005571,463
A0ABR0T5H1,DUF125-domain-containing protein,QM012_005610,145
A0ABR0T5H9,Quinone oxidoreductase,QM012_005266,307
A0ABR0T5K5,"Altered inheritance of mitochondria protein 24, mitochondrial",QM012_005296,413
A0ABR0T5M0,Uncharacterized protein,QM012_005553,168
A0ABR0T5S6,Tricalbin,QM012_005468,1498
A0ABR0T6E5,Uncharacterized protein,QM012_005012,117
A0ABR0T6F9,Lytic polysaccharide monooxygenase,QM012_005220,424
A0ABR0T6R4,Uncharacterized protein,QM012_004127,714
A0ABR0T7F2,Cryptic loci regulator 2 N-terminal domain-containing protein,QM012_003624,693
A0ABR0T7K3,Amino acid transporter,QM012_005083,511
A0ABR0T7P6,Uncharacterized protein,QM012_004028,835
A0ABR0T875,Tyrosine--tRNA ligase,QM012_003939,545
A0ABR0T8A9,Aromatic compound dioxygenase,QM012_003402,320
A0ABR0T9A6,ATP-dependent RNA helicase,QM012_003106,809
A0ABR0T9K1,DUF803-domain-containing protein,QM012_003147,487
A0ABR0T9L3,DNA polymerase,QM012_003211,1472
A0ABR0T9T5,Uncharacterized protein,QM012_003237,428
A0ABR0TAE8,Fatty acid desaturase domain-containing protein,QM012_002742,493
A0ABR0TAG2,BHLH domain-containing protein,QM012_002757,679
A0ABR0TAX6,Extracellular serine-rich protein,QM012_003264,712
A0ABR0TB52,FAD-binding domain-containing protein,QM012_002124,429
A0ABR0TBA1,Acyltransferase 3 domain-containing protein,QM012_002551,497
A0ABR0TC47,Extracelular serine carboxypeptidase,QM012_002501,549
A0ABR0TD32,RING-type E3 ubiquitin transferase,QM012_002375,520
A0ABR0TDF0,SPO22-domain-containing protein,QM012_002102,954
A0ABR0TDJ9,C3H1-type domain-containing protein,QM012_001268,395
A0ABR0TDT3,Family 31 glucosidase,QM012_001362,659
A0ABR0TE14,AB hydrolase-1 domain-containing protein,QM012_001404,529
A0ABR0TEC6,"Endo-1,3(4)-beta-glucanase 1 carbohydrate binding domain-containing protein",QM012_001525,371
A0ABR0TEE1,Protein SSH4,QM012_001524,699
A0ABR0TF31,Uncharacterized protein,QM012_001340,430
A0ABR0TF44,NAD(P)-binding protein,QM012_001355,262
A0ABR0TFF3,L-arabinitol 4-dehydrogenase,QM012_001014,374
A0ABR0TFK0,Hcy-binding domain-containing protein,QM012_001053,324
A0ABR0TG33,FAD-binding FR-type domain-containing protein,QM012_001635,617
A0ABR0TG53,DUF3500 domain-containing protein,QM012_000942,439
A0ABR0TGZ8,Transcription elongation factor SPT5,QM012_001156,991
A0ABR0THK9,Selenoprotein O,QM012_008767,645
A0ABR0THP9,Extensin domain-containing protein,QM012_008814,772
A0ABR0THT1,Uncharacterized protein,QM012_009241,497
A0ABR0THZ6,DNA sliding clamp PCNA,QM012_008884,357
A0ABR0TI20,Thioredoxin reductase,QM012_008946,355
A0ABR0TIB1,Chitin synthase export chaperone,QM012_009023,301
A0ABR0TIC6,dihydroxy-acid dehydratase,QM012_009592,605
A0ABR0TJ21,NmrA-like domain-containing protein,QM012_008194,307
A0ABR0TJE7,Major facilitator superfamily (MFS) profile domain-containing protein,QM012_008440,550
A0ABR0TJQ8,Epoxide hydrolase N-terminal domain-containing protein,QM012_008341,407
A0ABR0TJT4,RecA family profile 1 domain-containing protein,QM012_009011,436
A0ABR0TKV5,Glutamine amidotransferase type-2 domain-containing protein,QM012_007756,354
A0ABR0TL34,E2 ubiquitin-conjugating enzyme,QM012_007738,299
A0ABR0TLG4,Protein farnesyltransferase/geranylgeranyltransferase type-1 subunit alpha,QM012_007710,310
A0ABR0TLL6,GH64 domain-containing protein,QM012_008117,439
A0ABR0TM43,Uncharacterized protein,QM012_008098,609
A0ABR0TM89,Ppx-GppA-domain-containing protein,QM012_007980,561
A0ABR0TMM9,MOSC domain-containing protein,QM012_007929,346
A0ABR0TMQ4,WW domain-containing protein,QM012_007094,278
A0ABR0TMQ6,methylmalonate-semialdehyde dehydrogenase (CoA acylating),QM012_007279,576
A0ABR0TN41,Sister chromatid cohesion acetyltransferase Eco1,QM012_007476,381
A0ABR0TN92,Apple domain-containing protein,QM012_007274,1171
A0ABR0TNJ9,Utp14-domain-containing protein,QM012_006443,986
A0ABR0TNM5,Amino acid permease/ SLC12A domain-containing protein,QM012_007394,563
A0ABR0TNU5,Uncharacterized protein,QM012_006501,555
A0ABR0TP45,Nucleotide-sugar transporter,QM012_006434,445
A0ABR0TPJ3,C6 zinc finger domain protein,QM012_006677,345
A0ABR0TPK3,Uncharacterized protein,QM012_007453,125
A0ABR0TPQ5,Uncharacterized protein,QM012_007482,123
A0ABR0TQR1,Mandelate racemase/muconate lactonizing enzyme C-terminal domain-containing protein,QM012_006610,383
A0ABR0TQT5,Calcium-binding protein NCS-1,QM012_005817,275
A0ABR0TR57,NADH:ubiquinone reductase (non-electrogenic),QM012_006760,645
A0ABR0TR61,Xylanolytic transcriptional activator regulatory domain-containing protein,QM012_005953,1262
A0ABR0TR99,Uncharacterized protein,QM012_005649,311
A0ABR0TRB0,Translation initiation factor eIF2B subunit gamma,QM012_005984,580
A0ABR0TRL3,Uncharacterized protein,QM012_006990,88
A0ABR0TRQ2,Amino acid permease/ SLC12A domain-containing protein,QM012_005947,545
A0ABR0TS14,Aminotransferase class I/classII large domain-containing protein,QM012_006252,453
A0ABR0TS33,MFS general substrate transporter,QM012_005753,518
A0ABR0TSC6,Uncharacterized protein,QM012_004167,87
A0ABR0TSX3,Uncharacterized protein,QM012_004363,152
A0ABR0TT49,Tetratricopeptide repeat domain-containing protein,QM012_004453,1289
A0ABR0TTD4,GPR1/FUN34/YaaH-class plasma membrane protein-like protein,QM012_004524,317
A0ABR0TTN9,Uncharacterized protein,QM012_006229,473
A0ABR0TTW9,Large ribosomal subunit protein bL17m,QM012_004718,199
A0ABR0TTZ2,Tcp11-domain-containing protein,QM012_004691,645
A0ABR0TU14,TECPR1-like DysF domain-containing protein,QM012_004533,511
A0ABR0TU18,Cytochrome P450,QM012_004396,530
A0ABR0TU43,Ubiquitin-like protease family profile domain-containing protein,QM012_004825,716
A0ABR0TU73,Polynucleotide 5'-hydroxyl-kinase GRC3,CLP1,476
A0ABR0TUC5,Isocitrate lyase,QM012_004731,598
A0ABR0TUM2,Arf-GAP domain-containing protein,QM012_004606,483
A0ABR0TUQ5,Muconate cycloisomerase 1,QM012_000136,374
A0ABR0TUW3,RhoGAP-domain-containing protein,QM012_000152,675
A0ABR0TUZ6,Cyclopropane-fatty-acyl-phospholipid synthase,QM012_004805,463
A0ABR0TVG4,Bile acid-transporting ATPase,QM012_000311,1702
A0ABR0TVK9,Exosome complex component RRP45,QM012_000320,299
A0ABR0TVZ6,Uncharacterized protein,QM012_000574,222
A0ABR0TWC3,DUF7726 domain-containing protein,QM012_000706,193
A0ABR0TWK0,Carbonyl reductase,QM012_000752,326
A0ABR0TXC1,Major facilitator superfamily (MFS) profile domain-containing protein,QM012_000685,523
A0ABR0TXQ8,Uncharacterized protein,QM012_000638,455
A0ABR0T5K7,Cytochrome P450,QM012_005595,507
A0ABR0T602,Beta-lactamase/transpeptidase-like protein,QM012_005501,310
A0ABR0T669,C2H2-type domain-containing protein,QM012_005032,236
A0ABR0T695,Uncharacterized protein,QM012_005015,373
A0ABR0T6L1,Uncharacterized protein,QM012_004056,74
A0ABR0T6V4,C2H2-type domain-containing protein,QM012_004155,427
A0ABR0T750,Phox-like protein,QM012_005172,367
A0ABR0T7D2,Xylanolytic transcriptional activator regulatory domain-containing protein,QM012_004979,667
A0ABR0T7F4,F-box domain-containing protein,QM012_004944,444
A0ABR0T7L4,AB hydrolase-1 domain-containing protein,QM012_003998,327
A0ABR0T7L5,DUF6697 domain-containing protein,QM012_003682,838
A0ABR0T7N2,Pirin,QM012_004013,373
A0ABR0T7Q8,propanoyl-CoA C-acyltransferase,QM012_003726,458
A0ABR0T7R4,EamA domain-containing protein,QM012_004023,617
A0ABR0T7S1,Uncharacterized protein,QM012_003744,121
A0ABR0T813,Major facilitator superfamily (MFS) profile domain-containing protein,QM012_003312,549
A0ABR0T8E1,Zn(2)-C6 fungal-type domain-containing protein,QM012_003833,864
A0ABR0T8M7,Cytochrome P450,QM012_003923,534
A0ABR0T987,N-terminal nucleophile aminohydrolase,QM012_003027,613
A0ABR0T9U5,Major facilitator superfamily (MFS) profile domain-containing protein,QM012_003097,573
A0ABR0TA88,Glucose-methanol-choline oxidoreductase N-terminal domain-containing protein,QM012_002685,616
A0ABR0TAI0,BTB domain-containing protein,QM012_002779,266
A0ABR0TAJ3,Uncharacterized protein,QM012_002787,91
A0ABR0TAQ9,HPC2-domain-containing protein,QM012_003275,805
A0ABR0TB09,"Cytochrome c oxidase subunit 9, mitochondrial",QM012_002920,62
A0ABR0TBF7,Transcription factor spt8 beta-propeller domain-containing protein,QM012_002646,669
A0ABR0TBG5,Acyltransferase 3 domain-containing protein,QM012_002692,494
A0ABR0TBK0,Urea carboxylase,QM012_002722,1234
A0ABR0TCH5,Pantothenate kinase pank,QM012_002327,452
A0ABR0TCL5,Integral membrane protein,QM012_002527,435
A0ABR0TDK7,"Succinate dehydrogenase [ubiquinone] iron-sulfur subunit, mitochondrial",QM012_001688,297
A0ABR0TDM5,MIND kinetochore complex component Mtw1,QM012_002521,339
A0ABR0TEF1,F-box domain-containing protein,QM012_001553,265
A0ABR0TEV7,MFS general substrate transporter,QM012_000803,467
A0ABR0TF33,Uncharacterized protein,QM012_000883,418
A0ABR0TFF9,Uncharacterized protein,QM012_001008,173
A0ABR0TFI7,Cyclin N-terminal domain-containing protein,QM012_001040,410
A0ABR0TFV9,S-methyl-5'-thioadenosine phosphorylase,QM012_001163,311
A0ABR0TG96,Uncharacterized protein,QM012_001681,707
A0ABR0TGW1,YTH domain-containing protein,QM012_009444,415
A0ABR0THE1,GTP-binding protein rho2,QM012_009232,199
A0ABR0TI16,"GTP:AMP phosphotransferase, mitochondrial",ADK2,266
A0ABR0TI60,Uncharacterized protein,QM012_008979,170
A0ABR0TI87,Signal peptidase complex catalytic subunit SEC11,QM012_009547,178
A0ABR0TI94,Uncharacterized protein,QM012_009406,267
A0ABR0TIX5,Uncharacterized protein,QM012_008881,136
A0ABR0TJ31,Scramblase-domain-containing protein,QM012_008320,553
A0ABR0TJB2,NADP-dependent oxidoreductase domain-containing protein,QM012_009057,384
A0ABR0TK26,Cryptic loci regulator 2 N-terminal domain-containing protein,QM012_008640,155
A0ABR0TKU7,Integral membrane protein,QM012_007853,410
A0ABR0TL80,MHD domain-containing protein,QM012_008537,911
A0ABR0TLG1,eIF-2-alpha kinase activator GCN1,QM012_007966,2676
A0ABR0TLH9,Cytochrome P450,QM012_008087,515
A0ABR0TLL0,Major facilitator superfamily (MFS) profile domain-containing protein,QM012_008120,607
A0ABR0TLS0,Sorting nexin MVP1,QM012_007649,727
A0ABR0TLS4,Glutathione S-transferase kappa,QM012_007886,220
A0ABR0TM61,Uncharacterized protein,QM012_007765,101
A0ABR0TM65,NEDD8-activating enzyme E1 catalytic subunit,QM012_007164,439
A0ABR0TM80,Uncharacterized protein,QM012_008051,786
A0ABR0TMK3,BHLH domain-containing protein,QM012_008100,401
A0ABR0TML2,F-box domain-containing protein,QM012_007049,472
A0ABR0TMT5,Plastocyanin-like domain-containing protein,QM012_007385,107
A0ABR0TMW1,PUM-HD domain-containing protein,QM012_008019,691
A0ABR0TNZ1,Oxo-4-hydroxy-4-carboxy-5-ureidoimidazoline decarboxylase domain-containing protein,QM012_006560,163
A0ABR0TP11,Uncharacterized protein,QM012_007458,413
A0ABR0TP59,chitinase,QM012_007367,404
A0ABR0TP76,Formin GTPase-binding domain-containing protein,QM012_006464,868
A0ABR0TPH9,F-box domain-containing protein,QM012_006662,522
A0ABR0TPM1,CBM-cenC domain-containing protein,QM012_006692,659
A0ABR0TQ06,Uncharacterized protein,QM012_006924,236
A0ABR0TQP6,BTB domain-containing protein,QM012_006837,638
A0ABR0TQW0,Nab2-like CCCH zinc finger domain-containing protein,QM012_005822,504
A0ABR0TQZ9,Uncharacterized protein,QM012_005707,421
A0ABR0TR06,Chitin-binding type-1 domain-containing protein,QM012_005891,224
A0ABR0TR27,FCP1 homology domain-containing protein,QM012_006730,461
A0ABR0TRA3,ApbA-domain-containing protein,QM012_006821,784
A0ABR0TRD7,Inheritance of peroxisomes protein 1,QM012_005694,663
A0ABR0TRE0,"Presequence protease, mitochondrial",QM012_006028,1035
A0ABR0TRL6,Protein kinase domain-containing protein,QM012_006103,556
A0ABR0TRR3,non-specific serine/threonine protein kinase,QM012_006141,492
A0ABR0TRV6,Histone deacetylase interacting domain-containing protein,QM012_006055,1483
A0ABR0TS58,C2H2-type domain-containing protein,QM012_006284,242
A0ABR0TSI1,Uncharacterized protein,QM012_004213,1133
A0ABR0TSV6,Cytochrome P450,QM012_004347,552
A0ABR0TSW2,Amino acid transporter transmembrane domain-containing protein,QM012_004348,559
A0ABR0TTS0,Glutamate--cysteine ligase,QM012_004662,657
A0ABR0TTY7,RING-type domain-containing protein,QM012_004777,270
A0ABR0TU21,Peroxidase,QM012_004727,345
A0ABR0TUA3,NAD(P)-binding protein,QM012_004279,228
A0ABR0TUH7,N-methyltransferase,QM012_004683,827
A0ABR0TUZ7,Protein kinase domain-containing protein,QM012_000110,705
A0ABR0TVP8,Tim44-like domain-containing protein,QM012_000149,315
A0ABR0TVR2,Cation efflux protein transmembrane domain-containing protein,QM012_000300,565
A0ABR0TVX9,Chitin-binding type-1 domain-containing protein,QM012_004864,130
A0ABR0TWB0,Gfd2/YDR514C-like C-terminal domain-containing protein,QM012_000099,601
A0ABR0TWB7,Phospholipid/glycerol acyltransferase domain-containing protein,QM012_000648,326
A0ABR0TWI4,Coronin,QM012_000620,613
A0ABR0TWL3,Peptidase A1 domain-containing protein,QM012_000767,396
A0ABR0TWM5,RRM domain-containing protein,QM012_000143,406
A0ABR0TX45,RNA helicase,QM012_000433,945
A0ABR0T598,Aldo-keto reductase ausK,QM012_005612,382
A0ABR0T5N2,F-box domain-containing protein,QM012_005136,456
A0ABR0T665,"Indoleamine 2,3-dioxygenase",QM012_005452,509
A0ABR0T6C1,Flavin dependent monooxygenase,QM012_004982,496
A0ABR0T6K2,BZIP domain-containing protein,QM012_004046,631
A0ABR0T6M0,Isochorismatase-like domain-containing protein,QM012_004078,299
A0ABR0T6R7,"Succinate dehydrogenase [ubiquinone] flavoprotein subunit, mitochondrial",QM012_004123,648
A0ABR0T6W9,Glucanase,QM012_003810,451
A0ABR0T742,DUF7770 domain-containing protein,QM012_005207,167
A0ABR0T764,Phosphoinositide phospholipase C,QM012_004072,541
A0ABR0T793,Photolyase/cryptochrome alpha/beta domain-containing protein,QM012_003871,630
A0ABR0T7N8,Bis(5'-adenosyl)-triphosphatase,QM012_003689,188
A0ABR0T7S5,Nucleoporin Nup54 alpha-helical domain-containing protein,QM012_003743,183
A0ABR0T7V6,C2H2-type domain-containing protein,QM012_004068,474
A0ABR0T863,Flavoprotein domain-containing protein,QM012_003348,580
A0ABR0T8E3,Tho complex subunit 7/Mft1p,QM012_003369,335
A0ABR0T8U9,Aldehyde dehydrogenase domain-containing protein,QM012_003706,498
A0ABR0T944,Uncharacterized protein,QM012_003796,122
A0ABR0T9Z3,Uncharacterized protein,QM012_002569,251
A0ABR0TA00,Phospholipase D1,QM012_002594,1816
A0ABR0TA11,ribonuclease T2,QM012_002610,321
A0ABR0TA91,DNA-directed RNA polymerase subunit,QM012_002674,1481
A0ABR0TB06,Glycosyltransferase family 17 protein,QM012_002953,656
A0ABR0TBQ3,Uncharacterized protein,QM012_002363,165
A0ABR0TCE6,Enoyl reductase (ER) domain-containing protein,QM012_002150,376
A0ABR0TCK7,L-ornithine N(5)-monooxygenase [NAD(P)H],QM012_001821,617
A0ABR0TCU3,ER membrane protein complex subunit 2,QM012_001872,332
A0ABR0TCX4,triacylglycerol lipase,QM012_002477,434
A0ABR0TD09,Glycylpeptide N-tetradecanoyltransferase,QM012_001963,577
A0ABR0TDN9,NAD(P)-binding protein,QM012_001300,255
A0ABR0TEE2,Rho-GAP domain-containing protein,QM012_001540,813
A0ABR0TEM1,Histone H2A,QM012_001236,138
A0ABR0TEQ9,Uncharacterized protein,QM012_001663,294
A0ABR0TF82,HSP70-domain-containing protein,QM012_000937,553
A0ABR0TG03,Zf-C3HC-domain-containing protein,QM012_001203,455
A0ABR0TG42,Uncharacterized protein,QM012_009174,175
A0ABR0TG80,S-adenosyl-L-methionine-dependent methyltransferase,QM012_009223,365
A0ABR0TGN6,Serine/threonine-protein kinase TOR,QM012_009356,2384
A0ABR0TH84,Uncharacterized protein,QM012_009380,133
A0ABR0THM1,DUF3824 domain-containing protein,QM012_008778,68
A0ABR0TIZ8,Nuclear pore complex component,QM012_008291,285
A0ABR0TJ77,Pre-mRNA-processing protein 45,QM012_008316,586
A0ABR0TJA2,Uncharacterized protein,QM012_008370,489
A0ABR0TJB8,Protein-serine/threonine kinase,QM012_008385,445
A0ABR0TJL4,Cdc23 domain-containing protein,QM012_008469,642
A0ABR0TJV0,Integral membrane protein TmpA,QM012_008565,540
A0ABR0TKI3,Uncharacterized protein,QM012_007698,437
A0ABR0TKQ9,Mevalonate kinase,QM012_007711,517
A0ABR0TKS6,"alpha-1,2-Mannosidase",QM012_007838,676
A0ABR0TKV6,Apoptosis regulator Bcl-2 family BH4 domain-containing protein,QM012_007865,433
A0ABR0TL65,RNA helicase,QM012_007967,1476
A0ABR0TLT2,CARD domain-containing protein,QM012_007630,282
A0ABR0TLT3,Cullin family profile domain-containing protein,QM012_007644,913
A0ABR0TLW8,SET domain-containing protein,QM012_007675,354
A0ABR0TLY6,Proteasome subunit alpha type,QM012_007106,286
A0ABR0TM66,Six-hairpin glycosidase,QM012_007177,554
A0ABR0TMV0,Uncharacterized protein,QM012_008004,178
A0ABR0TMX3,Major facilitator superfamily (MFS) profile domain-containing protein,QM012_007430,574
A0ABR0TMY1,Mg2+ transporter protein,QM012_008050,424
A0ABR0TN24,BTB domain-containing protein,QM012_007485,643
A0ABR0TN37,Amino acid transporter transmembrane domain-containing protein,QM012_007461,465
A0ABR0TN85,threonine--tRNA ligase,QM012_007521,780
A0ABR0TND0,Cytosolic regulator pianissimo,QM012_007248,1311
A0ABR0TP75,HAD-like protein,QM012_006654,129
A0ABR0TPV1,ABC transmembrane type-1 domain-containing protein,QM012_006704,457
A0ABR0TPV5,Vacuolar fusion protein MON1,QM012_007542,653
A0ABR0TQ04,Transcription factor domain-containing protein,QM012_007587,905
A0ABR0TQ26,Pal1-domain-containing protein,QM012_006964,211
A0ABR0TQD5,DASH complex subunit DAD1,QM012_006947,92
A0ABR0TQF4,NDT80 domain-containing protein,QM012_006585,621
A0ABR0TQH1,Thioredoxin domain-containing protein,QM012_005687,186
A0ABR0TRB7,tyrosinase,QM012_005812,801
A0ABR0TRC3,ATP-dependent RNA helicase SUB2,QM012_006820,442
A0ABR0TRL7,Beta-glucuronidase C-terminal domain-containing protein,QM012_006106,553
A0ABR0TRM1,Acyl-CoA synthetase/AMP-acid ligase-like protein II,QM012_006096,541
A0ABR0TRM8,Uncharacterized protein,QM012_005980,230
A0ABR0TRN9,Uncharacterized protein,QM012_006940,241
A0ABR0TRW2,tRNA-dihydrouridine(47) synthase [NAD(P)(+)],QM012_006191,758
A0ABR0TS19,SP-RING-type domain-containing protein,QM012_006242,1003
A0ABR0TS20,Alpha/beta-hydrolase,QM012_005689,419
A0ABR0TS55,Protein-S-isoprenylcysteine O-methyltransferase,QM012_005945,211
A0ABR0TS94,Uncharacterized protein,QM012_006317,414
A0ABR0TSP7,Uncharacterized protein,QM012_004256,727
A0ABR0TSR0,FAD dependent oxidoreductase domain-containing protein,QM012_005963,458
A0ABR0TT57,Phosphomevalonate kinase,QM012_004452,453
A0ABR0TTJ3,NADH:flavin oxidoreductase/NADH oxidase N-terminal domain-containing protein,QM012_004587,447
A0ABR0TTX5,Galactose-1-phosphate uridylyltransferase,QM012_004722,383
A0ABR0TU95,BZIP domain-containing protein,QM012_004471,540
A0ABR0TUM3,Probable beta-glucosidase G,QM012_000062,802
A0ABR0TUU0,"Choline monooxygenase, chloroplastic",QM012_000126,417
A0ABR0TV39,Uncharacterized protein,QM012_000231,295
A0ABR0TVB2,RNase MRP protein 1 RNA binding domain-containing protein,QM012_000303,354
A0ABR0TVZ3,DNA repair protein RAD14,QM012_000571,376
A0ABR0TW61,Uncharacterized protein,QM012_000631,755
A0ABR0TWE5,SET domain-containing protein,QM012_000404,244
A0ABR0TX56,THO complex subunit 2,QM012_000747,2403
A0ABR0TX97,Uncharacterized protein,QM012_000504,341
A0ABR0TXG4,TPR-like protein,QM012_000745,1228
A0ABR0TXL0,Uncharacterized protein,QM012_000643,400
A0ABR0TXM2,L-type lectin-like domain-containing protein,QM012_000669,316
A0A4S8XUZ1,Large ribosomal subunit protein eL39,QM012_006421,51
A0ABR0T4T7,Atos-like conserved domain-containing protein,QM012_005464,615
A0ABR0T548,Rhodopsin domain-containing protein,QM012_005552,435
A0ABR0T5Z6,Glycosyl transferase CAP10 domain-containing protein,QM012_005165,610
A0ABR0T605,PPM-type phosphatase domain-containing protein,QM012_005148,483
A0ABR0T6N8,Uncharacterized protein,QM012_005070,277
A0ABR0T6R5,Calcineurin-like phosphoesterase domain-containing protein,QM012_005303,563
A0ABR0T7I3,Uncharacterized protein,QM012_003652,310
A0ABR0T7Q3,Glycosyl hydrolase-like proteins family 32 superfamily,QM012_003974,630
A0ABR0T822,Cercosporin MFS transporter CTB4,QM012_004128,613
A0ABR0T8R9,LysM domain-containing protein,QM012_003563,791
A0ABR0T8W0,Aminoglycoside phosphotransferase domain-containing protein,QM012_003409,341
A0ABR0T8X4,Mitochondrial thiamine pyrophosphate carrier 1,QM012_003487,322
A0ABR0T8Y3,Uncharacterized protein,QM012_002972,163
A0ABR0T938,18S rRNA factor 2,QM012_003044,344
A0ABR0T964,Uncharacterized protein,QM012_003377,308
A0ABR0T9B6,COPI associated,QM012_003119,131
A0ABR0T9B7,U2 small nuclear ribonucleoprotein A',QM012_003118,245
A0ABR0T9U9,Glycosyltransferase 2-like domain-containing protein,QM012_002550,492
A0ABR0TA48,"Mitochondrial zinc maintenance protein 1, mitochondrial",QM012_003080,125
A0ABR0TAR8,Major facilitator superfamily (MFS) profile domain-containing protein,QM012_002863,513
A0ABR0TBE7,Nuclear localization protein,QM012_002261,514
A0ABR0TBR6,Protein AF-9 homolog,YAF9,255
A0ABR0TC42,Calcineurin-like phosphoesterase domain-containing protein,QM012_002314,322
A0ABR0TCJ2,SMP domain-containing protein,QM012_001800,84
A0ABR0TCN3,Rhodopsin domain-containing protein,QM012_001832,418
A0ABR0TCP1,TLC domain-containing protein,QM012_001845,442
A0ABR0TCX3,Alpha/beta hydrolase fold-3 domain-containing protein,QM012_002281,486
A0ABR0TDC9,Uncharacterized protein,QM012_002091,217
A0ABR0TDZ8,Zinc/iron permease,QM012_001418,385
A0ABR0TEF0,F-box domain-containing protein,QM012_001557,140
A0ABR0TEG2,Symplekin/Pta1 N-terminal domain-containing protein,QM012_001399,720
A0ABR0TEH2,Cell division cycle protein 123,QM012_001307,236
A0ABR0TEV0,AA1-like domain-containing protein,QM012_000801,171
A0ABR0TFR8,Carrier domain-containing protein,QM012_001550,1066
A0ABR0TFZ8,DUF7357 domain-containing protein,QM012_001224,801
A0ABR0TGB8,Bromo domain-containing protein,QM012_000916,368
A0ABR0TGM7,Uncharacterized protein,QM012_001122,273
A0ABR0TH07,Methyltransferase type 11 domain-containing protein,QM012_009489,278
A0ABR0THE9,Fe2OG dioxygenase domain-containing protein,QM012_008707,883
A0ABR0THF9,Histone chaperone domain-containing protein,QM012_009548,101
A0ABR0THM3,Adenylate kinase,ADK1,281
A0ABR0TI90,Uncharacterized protein,QM012_009005,240
A0ABR0TI96,Uncharacterized protein,QM012_009018,209
A0ABR0TIJ8,Cation/H+ exchanger transmembrane domain-containing protein,QM012_009111,606
A0ABR0TIY7,FAD dependent oxidoreductase domain-containing protein,QM012_008276,473
A0ABR0TJ71,P450 monooxygenase,QM012_008360,524
A0ABR0TJC0,Uncharacterized protein,QM012_009031,112
A0ABR0TJJ8,Uncharacterized protein,QM012_008454,106
A0ABR0TJN9,SprT-like domain-containing protein,QM012_008527,238
A0ABR0TJS1,Regulator of volume decrease after cellular swelling-domain-containing protein,QM012_008535,269
A0ABR0TJX9,Uncharacterized protein,QM012_008630,144
A0ABR0TK19,Uncharacterized protein,QM012_008461,663
A0ABR0TKF8,Metallo-beta-lactamase domain-containing protein,QM012_007718,346
A0ABR0TLB5,DNA mismatch repair proteins mutS family domain-containing protein,QM012_008548,918
A0ABR0TLJ6,asparagine--tRNA ligase,QM012_008657,560
A0ABR0TLX3,asparaginase,QM012_007860,367
A0ABR0TM26,Adenosine 5'-monophosphoramidase HNT1,QM012_007140,134
A0ABR0TM31,RING-type domain-containing protein,QM012_007735,334
A0ABR0TMD1,Peptidase C14 caspase domain-containing protein,QM012_007221,430
A0ABR0TMS5,SGT1-domain-containing protein,QM012_007375,680
A0ABR0TN46,"Integral membrane protein, Mpv17/PMP22 family",QM012_008094,221
A0ABR0TNC5,Uncharacterized protein,QM012_007580,288
A0ABR0TND2,Cation/H+ exchanger transmembrane domain-containing protein,QM012_007586,488
A0ABR0TNU8,amidase,QM012_007383,567
A0ABR0TNW9,Las1-domain-containing protein,QM012_006528,463
A0ABR0TP47,F-box domain-containing protein,QM012_007352,335
A0ABR0TP50,Zn(2)-C6 fungal-type domain-containing protein,QM012_006638,963
A0ABR0TPD1,CHCH domain-containing protein,QM012_007442,78
A0ABR0TPK0,Altered inheritance of mitochondria protein 19,QM012_006783,132
A0ABR0TQ82,Anthranilate phosphoribosyltransferase,QM012_006996,412
A0ABR0TQ93,C2H2-type domain-containing protein,QM012_005626,730
A0ABR0TR19,Rhodopsin domain-containing protein,QM012_005911,344
A0ABR0TRE1,Beta-lactamase-related domain-containing protein,QM012_006002,494
A0ABR0TRG0,F-box domain-containing protein,QM012_005690,399
A0ABR0TRJ9,Glycosyl hydrolase family 95 N-terminal domain-containing protein,QM012_006975,789
A0ABR0TRS3,"glucan 1,3-beta-glucosidase",QM012_006166,417
A0ABR0TRY3,Amino acid transporter,QM012_006223,527
A0ABR0TS71,SURF6-domain-containing protein,QM012_005718,507
A0ABR0TSC2,Zn(2)-C6 fungal-type domain-containing protein,QM012_006359,333
A0ABR0TSJ1,Amidohydrolase-related domain-containing protein,QM012_005903,390
A0ABR0TSJ2,XPG-I domain-containing protein,QM012_005854,930
A0ABR0TSK3,SAC domain-containing protein,QM012_004253,346
A0ABR0TSN3,Calmodulin,QM012_006189,157
A0ABR0TSR2,Clavaminate synthase-like protein,QM012_006204,357
A0ABR0TSY5,RNA helicase,QM012_004377,1208
A0ABR0TTC8,MYND-type domain-containing protein,QM012_004528,415
A0ABR0TTH6,Plasma membrane proteolipid 3,QM012_004280,57
A0ABR0TTL6,Large ribosomal subunit protein P1,QM012_004613,109
A0ABR0TTT5,DNA repair protein RAD1,QM012_004674,938
A0ABR0TU37,Nucleotidylyl transferase,QM012_004779,300
A0ABR0TUF5,S-adenosyl-L-methionine-dependent methyltransferase,QM012_004902,345
A0ABR0TUT4,Uncharacterized protein,QM012_004666,392
A0ABR0TV70,NodB homology domain-containing protein,QM012_000185,311
A0ABR0TVB7,Salicylate hydroxylase,QM012_000014,429
A0ABR0TVE1,BAR-domain-containing protein,QM012_000333,535
A0ABR0TW30,Peptidase A1 domain-containing protein,QM012_000573,485
A0ABR0TW87,non-specific serine/threonine protein kinase,QM012_000649,1632
A0ABR0TWE8,PIG-P domain-containing protein,QM012_000540,336
A0ABR0TX80,DASH complex subunit SPC19,QM012_000478,169
A0ABR0T4Q5,Uncharacterized protein,QM012_005541,262
A0ABR0T5E0,Uncharacterized protein,QM012_005301,214
A0ABR0T5G3,Isopropylmalate dehydrogenase-like domain-containing protein,QM012_005094,184
A0ABR0T5H3,Rhodopsin domain-containing protein,QM012_005092,349
A0ABR0T607,Lysophospholipase,QM012_004961,847
A0ABR0T689,Peroxidase,QM012_005043,307
A0ABR0T6Y2,Enoyl reductase (ER) domain-containing protein,QM012_004107,353
A0ABR0T789,Zn(2)-C6 fungal-type domain-containing protein,QM012_004934,562
A0ABR0T7F3,protein O-GlcNAc transferase,QM012_003931,1471
A0ABR0T7R5,Uncharacterized protein,QM012_003719,190
A0ABR0T7S7,cellulase,QM012_003734,776
A0ABR0T7U1,NADPH-dependent FMN reductase-like domain-containing protein,QM012_003941,335
A0ABR0T805,Plastocyanin-like domain-containing protein,QM012_003299,452
A0ABR0T857,Sulfotransferase domain-containing protein,QM012_003800,320
A0ABR0T8H9,FHA domain-containing protein,QM012_003922,842
A0ABR0T8I0,Large ribosomal subunit protein mL49,QM012_003972,194
A0ABR0T8K7,DSBA-like thioredoxin domain-containing protein,QM012_003498,231
A0ABR0T8W6,Dihydrodipicolinate synthetase,QM012_002957,326
A0ABR0T990,Uncharacterized protein,QM012_003092,141
A0ABR0T9C9,Uncharacterized protein,QM012_003072,559
A0ABR0T9E1,SH3 domain-containing protein,QM012_003792,1214
A0ABR0T9F1,WD40 repeat-like protein,QM012_003150,757
A0ABR0T9G8,Uncharacterized protein,QM012_003301,101
A0ABR0T9K5,Uncharacterized protein,QM012_003212,250
A0ABR0TA13,Uncharacterized protein,QM012_002589,82
A0ABR0TA59,Uncharacterized protein,QM012_002590,455
A0ABR0TA75,Uncharacterized protein,QM012_002669,209
A0ABR0TBB8,Zn(2)-C6 fungal-type domain-containing protein,QM012_002231,791
A0ABR0TBC2,U1 small nuclear ribonucleoprotein C,QM012_002918,170
A0ABR0TC02,Uncharacterized protein,QM012_002269,125
A0ABR0TC14,NAD(P)-binding protein,QM012_002439,266
A0ABR0TC90,G-patch domain-containing protein,QM012_002931,300
A0ABR0TCB5,"1,3-beta-glucanosyltransferase",QM012_002389,502
A0ABR0TDE1,Glucose-6-phosphate isomerase,QM012_001805,553
A0ABR0TDU6,Globin-sensor domain-containing protein,QM012_001358,341
A0ABR0TDY9,G-protein alpha subunit,QM012_001899,324
A0ABR0TE25,Uncharacterized protein,QM012_001438,1031
A0ABR0TE79,AB hydrolase-1 domain-containing protein,QM012_001309,261
A0ABR0TEB8,Cell division control protein,QM012_001510,628
A0ABR0TEC1,Protein kinase domain-containing protein,QM012_001924,403
A0ABR0TEC2,SMP-30/Gluconolactonase/LRE-like region domain-containing protein,QM012_001354,370
A0ABR0TEJ0,NAD(P)-binding protein,QM012_001586,249
A0ABR0TEJ7,Tyrosine specific protein phosphatases domain-containing protein,QM012_001999,275
A0ABR0TEP6,GTPase-activating protein GYP5,QM012_002093,918
A0ABR0TEU7,Scaffold protein Nfu/NifU N-terminal domain-containing protein,QM012_002103,309
A0ABR0TF24,Uncharacterized protein,QM012_000877,670
A0ABR0TF49,Protein phosphatase 4 core regulatory subunit R2,QM012_000908,428
A0ABR0TF75,Amidohydrolase-related domain-containing protein,QM012_000924,280
A0ABR0TFX8,Uncharacterized protein,QM012_001174,246
A0ABR0TGG5,Topoisomerase 1-associated factor 1,QM012_009304,1164
A0ABR0TGI8,Domain of unknown function at the cortex 1 domain-containing protein,QM012_000866,291
A0ABR0THH0,Multidrug resistance-like protein,QM012_001210,1438
A0ABR0TIF1,Dienelactone hydrolase domain-containing protein,QM012_009063,240
A0ABR0TIT0,Myb-like domain-containing protein,QM012_008212,907
A0ABR0TJ68,Rhodopsin domain-containing protein,QM012_008239,399
A0ABR0TJC4,Aminoglycoside phosphotransferase domain-containing protein,QM012_008206,327
A0ABR0TJH5,ERG20 farnesyl diphosphate synthase,QM012_008468,345
A0ABR0TJK7,Shikimate dehydrogenase substrate binding N-terminal domain-containing protein,QM012_008174,325
A0ABR0TJP7,Cryptic loci regulator 2 N-terminal domain-containing protein,QM012_008546,135
A0ABR0TK33,beta-fructofuranosidase,QM012_007595,533
A0ABR0TKE2,ARM repeat-containing protein,QM012_007702,1811
A0ABR0TKG1,Major facilitator superfamily (MFS) profile domain-containing protein,QM012_007692,575
A0ABR0TKN2,rRNA biogenesis protein RRP5,QM012_007789,1792
A0ABR0TMC9,Uncharacterized protein,QM012_007844,228
A0ABR0TME3,Polyketide synthase,QM012_007256,2164
A0ABR0TMS4,ClpP/crotonase,QM012_007376,708
A0ABR0TN80,"Probable glucan endo-1,3-beta-glucosidase eglC",QM012_007203,289
A0ABR0TNJ2,Phosphomethylpyrimidine kinase,QM012_006418,510
A0ABR0TNM8,Multiprotein-bridging factor 1,QM012_006457,923
A0ABR0TNW3,BAR domain-containing protein,QM012_006516,326
A0ABR0TNX3,Large ribosomal subunit protein mL50,QM012_007484,296
A0ABR0TPB0,Uncharacterized protein,QM012_007578,450
A0ABR0TPX3,DNA polymerase epsilon subunit D,QM012_006919,267
A0ABR0TPZ2,Ubiquitin-like domain-containing protein,QM012_006934,92
A0ABR0TQ27,CoA-binding domain-containing protein,QM012_006936,690
A0ABR0TQ33,HTH CENPB-type domain-containing protein,QM012_006385,493
A0ABR0TQ70,Shugoshin C-terminal domain-containing protein,QM012_006984,697
A0ABR0TQ73,DNA polymerase lambda,QM012_006887,713
A0ABR0TQC8,methylated diphthine methylhydrolase,QM012_005639,380
A0ABR0TRC9,Uncharacterized protein,QM012_006006,94
A0ABR0TS40,Transcription initiation factor TFIID subunit 4,QM012_006283,624
A0ABR0TSI6,Uncharacterized protein,QM012_004237,219
A0ABR0TT22,Uncharacterized protein,QM012_004423,246
A0ABR0TT88,Ribosomal protein L22e,QM012_004483,129
A0ABR0TT89,Uncharacterized protein,QM012_006093,384
A0ABR0TTL8,Disease resistance R13L4/SHOC-2-like LRR domain-containing protein,QM012_004614,856
A0ABR0TTV1,U3 small nucleolar ribonucleoprotein protein IMP4,QM012_004473,295
A0ABR0TUG0,NAD(P)-binding protein,QM012_004899,294
A0ABR0TUH6,Thioredoxin domain-containing protein,QM012_004892,746
A0ABR0TUJ6,Major facilitator superfamily (MFS) profile domain-containing protein,QM012_004907,591
A0ABR0TV29,Allergen,QM012_000213,291
A0ABR0TVA7,Uncharacterized protein,QM012_000057,163
A0ABR0TVI3,DNA-(apurinic or apyrimidinic site) endonuclease 2,QM012_000382,648
A0ABR0TVN2,Transcription initiation factor TFIID subunit 13,QM012_004759,142
A0ABR0TVV2,SURF1-like protein,QM012_000486,323
A0ABR0TW10,FAD dependent oxidoreductase domain-containing protein,QM012_004890,472
A0ABR0TW19,Aldoxime dehydratase,QM012_000175,346
A0ABR0TW55,C-8 sterol isomerase,QM012_000314,234
A0ABR0TWC7,Mitochondrial import inner membrane translocase subunit,QM012_000651,93
A0ABR0TXK7,GRDP1/2 domain-containing protein,QM012_000639,769
A0ABR0T4D2,ABM domain-containing protein,QM012_005593,71
A0ABR0T4I7,UDP-Glycosyltransferase/glycogen phosphorylase,QM012_005587,403
A0ABR0T4T8,S-adenosyl-L-methionine-dependent methyltransferase,QM012_005572,291
A0ABR0T5B0,Uncharacterized protein,QM012_005310,451
A0ABR0T5B3,Uncharacterized protein,QM012_005577,62
A0ABR0T5H2,Uncharacterized protein,QM012_005299,411
A0ABR0T5K6,Cyclin-like domain-containing protein,QM012_005134,778
A0ABR0T603,PH domain-containing protein,QM012_005228,1303
A0ABR0T688,Protein kinase domain-containing protein,QM012_005044,263
A0ABR0T6A2,Major facilitator superfamily (MFS) profile domain-containing protein,QM012_004935,545
A0ABR0T6E1,Uncharacterized protein,QM012_003991,316
A0ABR0T6F7,Nop14-like protein,QM012_005233,843
A0ABR0T6V0,Cobalamin-independent methionine synthase MetE C-terminal/archaeal domain-containing protein,QM012_004146,346
A0ABR0T6X8,Major facilitator superfamily (MFS) profile domain-containing protein,QM012_005147,459
A0ABR0T7B4,ABC transporter,QM012_003955,856
A0ABR0T7G9,Heme peroxidase,QM012_003639,626
A0ABR0T7M6,"Lon protease homolog 2, peroxisomal",QM012_003620,923
A0ABR0T7W2,Retrograde regulation protein 2,QM012_003819,550
A0ABR0T7X4,Uncharacterized protein,QM012_003787,243
A0ABR0T7Z5,AN1-type domain-containing protein,QM012_003794,317
A0ABR0T834,Uncharacterized protein,QM012_003329,210
A0ABR0T854,Tetratricopeptide SHNi-TPR domain-containing protein,QM012_003341,464
A0ABR0T8F7,WSC domain-containing protein,QM012_003448,187
A0ABR0T9A0,Zn(2)-C6 fungal-type domain-containing protein,QM012_003104,743
A0ABR0T9C3,Uncharacterized protein,QM012_003437,240
A0ABR0T9H0,Uncharacterized protein,QM012_003366,251
A0ABR0T9Q3,L-ornithine N(5)-oxygenase,QM012_003115,388
A0ABR0T9R7,Glutamyl-tRNA amidotransferase complex subunit Gta3 domain-containing protein,QM012_003251,187
A0ABR0TA01,F-box domain-containing protein,QM012_002593,416
A0ABR0TAR0,Replication factor C subunit 2,QM012_002854,384
A0ABR0TAS6,Serine/threonine-protein phosphatase,QM012_002880,321
A0ABR0TAZ0,Uncharacterized protein,QM012_003248,179
A0ABR0TB69,Transcription factor domain-containing protein,QM012_002587,301
A0ABR0TBA2,Arabinanase/levansucrase/invertase,QM012_002213,469
A0ABR0TBA8,Uncharacterized protein,QM012_002184,529
A0ABR0TBZ5,Uncharacterized protein,QM012_002457,350
A0ABR0TCH1,Pentacotripeptide-repeat region of PRORP domain-containing protein,QM012_001776,1102
A0ABR0TD38,NAD(P)-binding protein,QM012_001996,253
A0ABR0TDC4,Major facilitator superfamily (MFS) profile domain-containing protein,QM012_002415,637
A0ABR0TDE8,Uncharacterized protein,QM012_002100,881
A0ABR0TDG2,Stc1 domain-containing protein,QM012_002097,238
A0ABR0TEA5,Small ribosomal subunit protein mS41,QM012_001923,230
A0ABR0TFH7,Uncharacterized protein,QM012_001027,637
A0ABR0TFJ3,Mannose-1-phosphate guanyltransferase,QM012_001056,448
A0ABR0TFM9,Uncharacterized protein,QM012_001682,151
A0ABR0TFU4,Uncharacterized protein,QM012_001546,92
A0ABR0TG04,histidinol-phosphate transaminase,QM012_001127,437
A0ABR0TGS4,E2 ubiquitin-conjugating enzyme,QM012_001167,192
A0ABR0TGU7,Antiviral helicase,QM012_009245,1277
A0ABR0TGV8,Glycine cleavage system P protein,QM012_009439,1080
A0ABR0TH28,Nucleolar GTP-binding protein 2,QM012_001061,560
A0ABR0THG7,Small ribosomal subunit protein mS35 mitochondrial conserved domain-containing protein,QM012_008733,381
A0ABR0THL9,Zinc finger Mcm10/DnaG-type domain-containing protein,QM012_009393,794
A0ABR0THM8,Aminoglycoside phosphotransferase domain-containing protein,QM012_009182,426
A0ABR0THR5,Xylanolytic transcriptional activator regulatory domain-containing protein,QM012_008841,567
A0ABR0THV6,SMP-30/Gluconolactonase/LRE-like region domain-containing protein,QM012_009483,365
A0ABR0THW1,Elongation factor 2,QM012_008854,988
A0ABR0TIQ2,HAD-like protein,QM012_008183,126
A0ABR0TIQ7,Uncharacterized protein,QM012_008877,323
A0ABR0TJ15,"Cytochrome c oxidase subunit 6, mitochondrial",QM012_008259,187
A0ABR0TJ69,Transcription and mRNA export factor SUS1,QM012_008347,122
A0ABR0TJN2,Asl1-like glycosyl hydrolase catalytic domain-containing protein,QM012_008531,401
A0ABR0TJR9,Uncharacterized protein,QM012_008557,223
A0ABR0TJT2,Purine-cytosine permease,QM012_008575,521
A0ABR0TK43,Apple domain-containing protein,QM012_007607,602
A0ABR0TKD5,Wax synthase domain-containing protein,QM012_008217,397
A0ABR0TKP2,t-SNARE affecting a late Golgi compartment protein 1,QM012_008523,241
A0ABR0TL85,ABC transporter domain-containing protein,QM012_007984,747
A0ABR0TLC7,Amidohydrolase-related domain-containing protein,QM012_008027,506
A0ABR0TLE9,Membrane insertase YidC/Oxa/ALB C-terminal domain-containing protein,QM012_008612,481
A0ABR0TLH1,tRNA-splicing endonuclease subunit Sen34,QM012_007873,309
A0ABR0TLU7,SRP9 domain-containing protein,QM012_007645,145
A0ABR0TLV0,Zn(2)-C6 fungal-type domain-containing protein,QM012_008101,817
A0ABR0TM20,Uncharacterized protein,QM012_007086,248
A0ABR0TN09,Vacuolar protein sorting-associated protein 51 homolog,QM012_007369,260
A0ABR0TN35,Uncharacterized protein,QM012_007481,158
A0ABR0TN83,Nucleoporin NUP37 beta-propeller domain-containing protein,QM012_007259,648
A0ABR0TP16,MIPC synthase subunit,QM012_006583,347
A0ABR0TP25,Uracil permease,QM012_006594,558
A0ABR0TPE1,HTH APSES-type domain-containing protein,QM012_006727,450
A0ABR0TPF5,REJ domain-containing protein,QM012_006711,115
A0ABR0TPH2,60S ribosomal protein L6,QM012_006740,199
A0ABR0TPV8,Translational machinery component,QM012_006904,242
A0ABR0TQ62,Pre-mRNA-splicing factor clf1,QM012_006998,675
A0ABR0TQP8,GPN-loop GTPase 3,QM012_005775,296
A0ABR0TQW6,GDP-mannose transporter,QM012_006670,425
A0ABR0TR23,Transcription factor Opi1,QM012_005895,529
A0ABR0TR87,Cytochrome 52A4,QM012_005830,517
A0ABR0TRR9,DUF7732 domain-containing protein,QM012_005962,310
A0ABR0TS15,Transcription factor IIIC 90kDa subunit N-terminal domain-containing protein,QM012_005738,777
A0ABR0TS77,Signal recognition particle subunit SRP14,QM012_005733,135
A0ABR0TSP4,Fumarylacetoacetase-like C-terminal domain-containing protein,QM012_006125,290
A0ABR0TSR6,DSBA-like thioredoxin domain-containing protein,QM012_004303,225
A0ABR0TT85,Uncharacterized protein,QM012_004507,410
A0ABR0TTP0,BHLH domain-containing protein,QM012_004648,171
A0ABR0TU76,Chromate ion transporter-like protein,QM012_004214,537
A0ABR0TVS6,Aminoglycoside phosphotransferase domain-containing protein,QM012_000315,557
A0ABR0TW88,WSC domain-containing protein,QM012_000058,870
A0ABR0TWV4,Uncharacterized protein,QM012_000475,615
A0ABR0TXQ9,Phosphoglycerate mutase-like protein,QM012_000729,481
A0ABR0T511,Cysteine proteinase,QM012_005377,1029
A0ABR0T585,Inositol polyphosphate-related phosphatase domain-containing protein,QM012_005253,452
A0ABR0T5A0,Major facilitator superfamily (MFS) profile domain-containing protein,QM012_005268,481
A0ABR0T5A6,Uncharacterized protein,QM012_005271,352
A0ABR0T5N5,MARVEL domain-containing protein,QM012_005326,154
A0ABR0T5U0,Cercosporin MFS transporter CTB4,QM012_005591,512
A0ABR0T5V5,Uncharacterized protein,QM012_005120,711
A0ABR0T609,Mitochondrial intermembrane space import and assembly protein 40,QM012_004953,310
A0ABR0T6A9,Uncharacterized protein,QM012_005051,151
A0ABR0T6U1,DUF7896 domain-containing protein,QM012_004140,428
A0ABR0T717,Glucose-repressible protein,QM012_003873,88
A0ABR0T7A5,Cullin-1,QM012_004949,769
A0ABR0T7C0,Copper transport protein,QM012_003839,206
A0ABR0T7F8,Methylthioribose-1-phosphate isomerase,MRI1,395
A0ABR0T7U6,Protein kinase domain-containing protein,QM012_003633,519
A0ABR0T838,Peroxisomal targeting signal receptor,QM012_004143,638
A0ABR0T8D3,Aminoglycoside phosphotransferase domain-containing protein,QM012_003613,454
A0ABR0T8Q2,Chitin-binding type-1 domain-containing protein,QM012_003543,252
A0ABR0T9G4,"Sensitive to high expression protein 9, mitochondrial",QM012_003164,562
A0ABR0T9T3,S-adenosyl-L-methionine-dependent methyltransferase,QM012_003082,257
A0ABR0T9X9,Kinase-like protein,QM012_003546,276
A0ABR0T9Z1,Major facilitator superfamily (MFS) profile domain-containing protein,QM012_003525,378
A0ABR0TBB1,Zn(2)-C6 fungal-type domain-containing protein,QM012_002632,178
A0ABR0TCC0,Uncharacterized protein,QM012_002437,179
A0ABR0TCI0,MFS general substrate transporter,QM012_002130,532
A0ABR0TCT7,Transcriptional regulatory protein DEP1,QM012_002316,693
A0ABR0TCZ4,DUF427 domain-containing protein,QM012_001795,157
A0ABR0TD35,"Required for respiratory growth protein 9, mitochondrial",QM012_001993,497
A0ABR0TDC1,Uncharacterized protein,QM012_002416,293
A0ABR0TDG7,Endoglucanase EG-II,QM012_002460,429
A0ABR0TDR5,DUF7707 domain-containing protein,QM012_001328,198
A0ABR0TDU2,HlyIII-domain-containing protein,QM012_001349,500
A0ABR0TEF4,MGS-like domain-containing protein,QM012_001539,598
A0ABR0TEI6,Flavin reductase like domain-containing protein,QM012_001587,307
A0ABR0TES3,Uncharacterized protein,QM012_001664,167
A0ABR0TEZ4,SNF-domain-containing protein,QM012_000834,668
A0ABR0TF52,Siderophore iron transporter mirB,QM012_001624,607
A0ABR0TF97,Rhodopsin domain-containing protein,QM012_000952,559
A0ABR0TFC7,Inosine monophosphate dehydrogenase,QM012_000809,349
A0ABR0TFD1,Tr-type G domain-containing protein,QM012_001380,638
A0ABR0TFH4,Dienelactone hydrolase domain-containing protein,QM012_001425,314
A0ABR0TFM0,Clathrin heavy chain,QM012_001566,1363
A0ABR0TFQ5,Aquaporin-like protein,QM012_001117,466
A0ABR0TFS5,aldehyde dehydrogenase (NAD(+)),QM012_001146,499
A0ABR0TFT9,Translin,QM012_001145,273
A0ABR0TFZ0,MARVEL domain-containing protein,QM012_001209,260
A0ABR0TG35,Uncharacterized protein,QM012_009169,663
A0ABR0THD8,Amino acid permease family protein,QM012_008705,555
A0ABR0TI63,RING-type domain-containing protein,QM012_009362,205
A0ABR0TIF3,MPN domain-containing protein,QM012_009516,356
A0ABR0TIM9,FAD-binding domain-containing protein,QM012_008847,443
A0ABR0TIT6,FAD-binding domain-containing protein,QM012_008169,414
A0ABR0TJ05,Aminodeoxychorismate lyase,QM012_008740,337
A0ABR0TJQ6,Proteasome subunit alpha type,QM012_008514,288
A0ABR0TJY6,F-box domain-containing protein,QM012_008633,154
A0ABR0TK07,Cell division control protein 73 C-terminal domain-containing protein,QM012_008446,414
A0ABR0TK58,Major facilitator superfamily (MFS) profile domain-containing protein,QM012_007622,545
A0ABR0TK71,Large ribosomal subunit protein mL38,QM012_007602,407
A0ABR0TKE5,Mo25-like protein,QM012_008418,391
A0ABR0TKF3,"Probable methionine--tRNA ligase, mitochondrial",QM012_007715,593
A0ABR0TKU3,Major facilitator superfamily transporter,QM012_007821,762
A0ABR0TLK3,Uncharacterized protein,QM012_008637,199
A0ABR0TLU9,Calcineurin-like phosphoesterase domain-containing protein,QM012_007659,198
A0ABR0TMI0,PAC domain-containing protein,QM012_008156,330
A0ABR0TMT2,Prefoldin alpha subunit,QM012_007989,160
A0ABR0TMX9,Uncharacterized protein,QM012_008034,144
A0ABR0TN43,"alpha-1,2-Mannosidase",QM012_007496,995
A0ABR0TND1,N-acetyltransferase domain-containing protein,QM012_007581,180
A0ABR0TNM7,Inhibitor of growth protein N-terminal histone-binding domain-containing protein,QM012_006440,521
A0ABR0TNX5,GH16 domain-containing protein,QM012_006544,457
A0ABR0TP15,Nitrogen regulatory protein areA GATA-like domain-containing protein,QM012_006608,607
A0ABR0TP20,Luciferase-like domain-containing protein,QM012_007272,474
A0ABR0TPC4,NADP-dependent mannitol dehydrogenase,QM012_006712,266
A0ABR0TPG9,Nucleoprotein TPR/MLP1 domain-containing protein,QM012_006432,2198
A0ABR0TPJ9,"NADH dehydrogenase [ubiquinone] 1 beta subcomplex subunit 11, mitochondrial",QM012_006774,119
A0ABR0TPR7,6-phosphogluconate dehydrogenase 2,QM012_006522,305
A0ABR0TQ71,Chorismate mutase,QM012_006824,269
A0ABR0TQJ5,RBR-type E3 ubiquitin transferase,QM012_005699,522
A0ABR0TQN9,Uncharacterized protein,QM012_005771,142
A0ABR0TRE7,Vesicle-mediated transport protein Vid24,QM012_006866,320
A0ABR0TRP6,Uncharacterized protein,QM012_006131,1097
A0ABR0TSD0,Uncharacterized protein,QM012_006315,513
A0ABR0TSF7,"Alpha-1,6 mannosyltransferase subunit",QM012_004187,376
A0ABR0TSH2,GAF domain-containing protein,QM012_004222,158
A0ABR0TSI2,Cutinase,QM012_004181,229
A0ABR0TSK6,Glucose-methanol-choline oxidoreductase N-terminal domain-containing protein,QM012_005918,357
A0ABR0TT00,LIM zinc-binding domain-containing protein,QM012_004251,714
A0ABR0TTD1,Uncharacterized protein,QM012_004401,293
A0ABR0TTI6,S-(hydroxymethyl)glutathione dehydrogenase,QM012_004588,365
A0ABR0TUD6,S1-like domain-containing protein,QM012_004595,138
A0ABR0TUG3,MARVEL domain-containing protein,QM012_004877,183
A0ABR0TV76,protein kinase C,QM012_000221,1174
A0ABR0TVL2,Uncharacterized protein,QM012_000255,410
A0ABR0TVW1,SsDNA binding protein,QM012_000529,151
A0ABR0TVX3,Fungal-specific transcription factor domain-containing protein,QM012_000130,363
A0ABR0TW43,F-box domain-containing protein,QM012_000500,126
A0ABR0TWF1,"Succinate--CoA ligase [ADP-forming] subunit alpha, mitochondrial",QM012_000626,326
A0ABR0TX44,Uncharacterized protein,QM012_000689,105
A0ABR0TX81,Knr4/Smi1-like domain-containing protein,QM012_000734,504
A0ABR0TXI5,N-acetyltransferase domain-containing protein,QM012_000775,201
A0ABR0T4S4,Epoxide hydrolase N-terminal domain-containing protein,QM012_005449,406
A0ABR0T580,MFS general substrate transporter,QM012_005255,540
A0ABR0T583,Uncharacterized protein,QM012_005357,139
A0ABR0T6B9,Alpha/beta-hydrolase,QM012_005073,357
A0ABR0T6K3,Uncharacterized protein,QM012_005128,160
A0ABR0T6V5,EF-hand domain-containing protein,QM012_004077,1016
A0ABR0T6X4,Uncharacterized protein,QM012_004060,151
A0ABR0T732,DUF300-domain-containing protein,QM012_003888,667
A0ABR0T745,Mannose-P-dolichol utilization defect 1 protein homolog,QM012_003880,291
A0ABR0T7F7,Proline dehydrogenase,QM012_005038,345
A0ABR0T7R9,Amino acid transporter,QM012_004014,571
A0ABR0T865,Replication protein A subunit,QM012_003357,623
A0ABR0T8Z8,Stress response RCI peptide,QM012_003000,147
A0ABR0T901,4-aminobutyrate aminotransferase,QM012_003517,448
A0ABR0T9D9,PQ loop repeat protein,QM012_003315,269
A0ABR0T9R0,SnoaL-like domain-containing protein,QM012_003272,177
A0ABR0TAA9,Heme haloperoxidase family profile domain-containing protein,QM012_003039,415
A0ABR0TAF8,Major facilitator superfamily (MFS) profile domain-containing protein,QM012_002759,612
A0ABR0TAK7,6-phosphogluconolactonase,QM012_002802,264
A0ABR0TAR6,HCP-like protein,QM012_003124,1313
A0ABR0TB65,Uncharacterized protein,QM012_002858,358
A0ABR0TBC1,DASH complex subunit DAD4,QM012_002199,72
A0ABR0TBD7,Uncharacterized protein,QM012_002933,656
A0ABR0TBG0,Amino acid permease/ SLC12A domain-containing protein,QM012_002611,547
A0ABR0TBZ7,Sushi domain-containing protein,QM012_002456,210
A0ABR0TC31,BRCT domain-containing protein,QM012_002454,307
A0ABR0TC36,CDP-diacylglycerol--inositol 3-phosphatidyltransferase,QM012_002485,289
A0ABR0TCE9,Tetracycline 6-hydroxylase protein,QM012_001755,653
A0ABR0TCN5,Cytochrome P450,QM012_002509,111
A0ABR0TD90,Succinate dehydrogenase [ubiquinone] cytochrome b small subunit,QM012_002420,167
A0ABR0TDU7,prephenate dehydratase,QM012_001237,381
A0ABR0TE00,Saccharopine dehydrogenase NADP binding domain-containing protein,QM012_001409,414
A0ABR0TE84,J domain-containing protein,QM012_001483,378
A0ABR0TF08,BTB domain-containing protein,QM012_000862,93
A0ABR0TF48,DUF3835 domain-containing protein,QM012_000898,590
A0ABR0TFB7,Galactose oxidase,QM012_000887,1087
A0ABR0TFD5,Peptidyl-prolyl cis-trans isomerase,QM012_000988,470
A0ABR0TFK2,Ubiquitin 3 binding protein But2 C-terminal domain-containing protein,QM012_001058,315
A0ABR0TFM3,MAGE domain-containing protein,QM012_001455,328
A0ABR0TFQ3,Anaphase-promoting complex subunit 4-like WD40 domain-containing protein,QM012_001104,601
A0ABR0TFX1,UDP-N-acetylglucosamine diphosphorylase,QM012_001610,511
A0ABR0TG32,Uncharacterized protein,QM012_009160,156
A0ABR0TH74,Uncharacterized protein,QM012_009559,571
A0ABR0TH80,Hydrophobin,QM012_001120,104
A0ABR0THR6,Alkyl hydroperoxide reductase subunit C/ Thiol specific antioxidant domain-containing protein,QM012_009226,215
A0ABR0TIA4,Succinyl-CoA:3-ketoacid-coenzyme A transferase,QM012_009020,564
A0ABR0TIN4,NTF2-domain-containing protein,QM012_008791,545
A0ABR0TJE2,RuvB-like helicase,QM012_008876,471
A0ABR0TJW9,N-acetyltransferase domain-containing protein,QM012_008574,223
A0ABR0TJY2,Diphthine methyl ester synthase,QM012_008416,284
A0ABR0TKA5,Major facilitator superfamily (MFS) profile domain-containing protein,QM012_007670,532
A0ABR0TKC0,Urease accessory protein UreD,QM012_007684,292
A0ABR0TKE3,Phosphoribosylglycinamide formyltransferase,QM012_007703,221
A0ABR0TL62,Uncharacterized protein,QM012_007768,404
A0ABR0TLN9,Tail specific protease domain-containing protein,QM012_008150,807
A0ABR0TLU8,Bacteriorhodopsin,QM012_007916,300
A0ABR0TLX1,Apple domain-containing protein,QM012_008163,1035
A0ABR0TMJ9,RCC1/BLIP-II protein,QM012_007219,590
A0ABR0TML4,HNH domain-containing protein,QM012_007296,257
A0ABR0TMZ1,Glycosyltransferase family 1 protein,QM012_007447,505
A0ABR0TN65,C2H2-type domain-containing protein,QM012_007523,310
A0ABR0TN71,"1,3-beta-glucan synthase",QM012_007506,1927
A0ABR0TNA0,Cryptic loci regulator 2 N-terminal domain-containing protein,QM012_007336,180
A0ABR0TNV4,Metallo-beta-lactamase domain-containing protein,QM012_007561,323
A0ABR0TP44,Apple domain-containing protein,QM012_007503,329
A0ABR0TP46,Trafficking protein particle complex subunit,QM012_006527,243
A0ABR0TP54,Dynactin subunit 4,QM012_006618,572
A0ABR0TPG2,ATP-NAD kinase,QM012_006754,540
A0ABR0TPH8,Zn(2)-C6 fungal-type domain-containing protein,QM012_006773,599
A0ABR0TPX1,Major facilitator superfamily (MFS) profile domain-containing protein,QM012_007573,472
A0ABR0TQ10,DNA 3'-5' helicase,QM012_006435,1425
A0ABR0TQ56,tRNA (guanine-N(7)-)-methyltransferase,TRM8,272
A0ABR0TQ64,Solute carrier family 40 member,QM012_006661,472
A0ABR0TQ75,Ribosomal protein L10,QM012_006995,344
A0ABR0TQB0,Uncharacterized protein,QM012_006540,109
A0ABR0TQT6,Amidase domain-containing protein,QM012_006656,552
A0ABR0TR05,BTB domain-containing protein,QM012_006780,336
A0ABR0TRG4,NAD-dependent epimerase/dehydratase domain-containing protein,QM012_006061,399
A0ABR0TS61,Fatty acid hydroxylase domain-containing protein,QM012_006291,485
A0ABR0TS90,UDP-N-acetyl-D-mannosamine 6-dehydrogenase,QM012_006024,409
A0ABR0TS92,Pyridoxal phosphate homeostasis protein,QM012_006331,277
A0ABR0TSQ5,Zn(2)-C6 fungal-type domain-containing protein,QM012_004271,837
A0ABR0TSR9,Vacuolar ATPase assembly integral membrane protein VMA21,QM012_005929,107
A0ABR0TT84,Rho-GAP domain-containing protein,QM012_004479,873
A0ABR0TT96,Protein N-terminal and lysine N-methyltransferase EFM7,EFM7,243
A0ABR0TTJ2,Carnitinyl-CoA dehydratase,QM012_004562,269
A0ABR0TTP9,Ceramide very long chain fatty acid hydroxylase,QM012_006278,390
A0ABR0TTT0,Calcium-channel protein CCH1,QM012_004458,2250
A0ABR0TTY4,Tethering factor for nuclear proteasome STS1,QM012_004503,1073
A0ABR0TUC0,ICE2-domain-containing protein,QM012_004900,437
A0ABR0TUP6,Uncharacterized protein,QM012_000041,119
A0ABR0TVN3,Uncharacterized protein,QM012_000451,179
A0ABR0TVP1,Mitochondrial carrier,QM012_000438,102
A0ABR0TVT2,Mitochondrial carrier,QM012_000482,321
A0ABR0TW04,Uncharacterized protein,QM012_000297,51
A0ABR0TW32,Uncharacterized protein,QM012_000190,163
A0ABR0TW85,Myb-like domain-containing protein,QM012_000632,146
A0ABR0TWN7,GDP/GTP exchange factor Sec2 N-terminal domain-containing protein,QM012_000716,725
A0ABR0TWT3,ARM repeat-containing protein,QM012_000675,1035
A0ABR0TXS6,DUF1680-domain-containing protein,QM012_000774,661
A0A4S9R3Y4,Uncharacterized protein,QM012_002533,130
A0ABR0T4N6,UFSP1/2/DUB catalytic domain-containing protein,QM012_005619,256
A0ABR0T563,Uncharacterized protein,QM012_005240,405
A0ABR0T5F3,Uncharacterized protein,QM012_005415,227
A0ABR0T5S1,Kinesin-like protein,QM012_005138,744
A0ABR0T5X6,WD40 repeat-like protein,QM012_004926,953
A0ABR0T627,Ion transport domain-containing protein,QM012_004968,619
A0ABR0T6M9,Uncharacterized protein,QM012_004071,142
A0ABR0T790,Spliceosomal protein DIB1,QM012_003934,143
A0ABR0T7B1,Amino acid transporter transmembrane domain-containing protein,QM012_003962,756
A0ABR0T7C1,1-phosphatidylinositol-4-phosphate 5-kinase,QM012_003978,956
A0ABR0T7E2,Mitochondrial carrier,QM012_004010,289
A0ABR0T7J8,F-box domain-containing protein,QM012_003667,588
A0ABR0T7S4,Uncharacterized protein,QM012_004058,646
A0ABR0T7W4,"Pfs, NACHT and ankyrin domain protein",QM012_003764,1086
A0ABR0T843,HMG box domain-containing protein,QM012_003822,706
A0ABR0T8C7,Uncharacterized protein,QM012_003354,64
A0ABR0T953,Uncharacterized protein,QM012_003499,317
A0ABR0T974,Uncharacterized protein,QM012_003071,548
A0ABR0T9J7,Cytochrome b561 domain-containing protein,QM012_003331,240
A0ABR0T9W4,Carbohydrate kinase PfkB domain-containing protein,QM012_003531,801
A0ABR0TA86,DUF2278 family protein,QM012_002684,267
A0ABR0TB53,Transcription factor domain-containing protein,QM012_002541,179
A0ABR0TBB5,Oxidoreductase,QM012_002566,328
A0ABR0TBK5,DUF590-domain-containing protein,QM012_002313,739
A0ABR0TBL4,FAD-binding domain-containing protein,QM012_002671,417
A0ABR0TBU7,PCI domain-containing protein,QM012_002746,465
A0ABR0TC66,WD40 repeat-like protein,QM012_002932,443
A0ABR0TCD2,Flavin reductase like domain-containing protein,QM012_002135,312
A0ABR0TCD3,very-long-chain enoyl-CoA reductase,QM012_001707,306
A0ABR0TCP0,DUF1765-domain-containing protein,QM012_002271,1203
A0ABR0TCS7,Major facilitator superfamily (MFS) profile domain-containing protein,QM012_001873,537
A0ABR0TCU1,Uncharacterized protein,QM012_001890,398
A0ABR0TCX6,Palmitoyltransferase,QM012_001920,676
A0ABR0TD78,DUF125-domain-containing protein,QM012_002036,278
A0ABR0TDD7,CobW/HypB/UreG nucleotide-binding domain-containing protein,QM012_002087,252
A0ABR0TDZ2,E3 SUMO-protein ligase PIAS1,QM012_001422,592
A0ABR0TE60,Bromodomain-containing protein,QM012_001878,895
A0ABR0TEG6,RapZ C-terminal domain-containing protein,QM012_001969,191
A0ABR0TEZ0,Concanavalin A-like lectin/glucanase,QM012_001356,235
A0ABR0TEZ1,WD40 repeat-like protein,QM012_000848,922
A0ABR0TF01,Major facilitator superfamily transporter,QM012_001310,564
A0ABR0TFI5,Uncharacterized protein,QM012_001536,118
A0ABR0TFI8,Aminotransferase class V domain-containing protein,QM012_001042,418
A0ABR0TFU8,Transcription factor domain-containing protein,QM012_000837,373
A0ABR0TGD7,Calnexin-like protein,QM012_009251,582
A0ABR0TH31,Glutaminase A,QM012_009522,745
A0ABR0THH4,Structural maintenance of chromosomes protein,QM012_009563,1207
A0ABR0THX5,GTP cyclohydrolase II,QM012_009336,436
A0ABR0TI57,Protein kinase domain-containing protein,QM012_008968,933
A0ABR0TIP1,Major facilitator superfamily (MFS) profile domain-containing protein,QM012_009148,511
A0ABR0TIT9,P-loop containing nucleoside triphosphate hydrolase protein,QM012_008730,1323
A0ABR0TJ55,Oxidoreductase-like protein,QM012_008785,322
A0ABR0TJA6,Mitochondrial carrier,QM012_008284,346
A0ABR0TJA9,Six-hairpin glycosidase,QM012_008191,390
A0ABR0TJC1,NAD(P)-binding protein,QM012_008361,298
A0ABR0TJL8,Chromatin assembly factor 1 subunit A,QM012_008490,599
A0ABR0TK95,Xylanolytic transcriptional activator regulatory domain-containing protein,QM012_008373,660
A0ABR0TKJ6,4-coumarate-CoA ligase,QM012_008263,555
A0ABR0TKM5,Uncharacterized protein,QM012_008564,78
A0ABR0TKP5,PH domain-containing protein,QM012_008357,762
A0ABR0TL83,Origin recognition complex subunit 1,QM012_007988,752
A0ABR0TLE3,Uncharacterized protein,QM012_008045,110
A0ABR0TLG5,Uncharacterized protein,QM012_008059,1752
A0ABR0TLQ1,Uncharacterized protein,QM012_008152,380
A0ABR0TM07,Major facilitator superfamily (MFS) profile domain-containing protein,QM012_007118,490
A0ABR0TM57,PCI domain-containing protein,QM012_007131,381
A0ABR0TMP8,K Homology domain-containing protein,QM012_007345,507
A0ABR0TN06,MICOS complex subunit,QM012_007465,267
A0ABR0TN13,CRAL-TRIO domain-containing protein,QM012_007466,579
A0ABR0TNB8,Glucose-methanol-choline oxidoreductase N-terminal domain-containing protein,QM012_007585,637
A0ABR0TPL7,Mitochondrial phosphate carrier protein,QM012_006771,314
A0ABR0TPQ4,Transferase,QM012_007562,281
A0ABR0TQG1,Synaptobrevin homolog YKT6,QM012_006977,870
A0ABR0TQK3,Dienelactone hydrolase domain-containing protein,QM012_005736,331
A0ABR0TR49,Rhodopsin domain-containing protein,QM012_006825,417
A0ABR0TR79,PhyH-domain-containing protein,QM012_005954,400
A0ABR0TR96,HAD-like protein,QM012_006870,240
A0ABR0TRD0,Mannosidase,QM012_006851,804
A0ABR0TRM0,Mitochondrial carrier,QM012_006102,519
A0ABR0TRN2,AP-1 complex subunit gamma,QM012_006121,843
A0ABR0TRZ6,CSN8/PSMD8/EIF3K domain-containing protein,QM012_005885,274
A0ABR0TS81,Nucleoprotein TPR/MLP1 domain-containing protein,QM012_005798,1633
A0ABR0TSB6,Ubiquitin 3 binding protein But2 C-terminal domain-containing protein,QM012_006356,608
A0ABR0TSF8,histone acetyltransferase,QM012_005873,318
A0ABR0TSN1,Mitochondrial carrier,QM012_005883,215
A0ABR0TT86,Uncharacterized protein,QM012_006128,223
A0ABR0TTB8,V-type proton ATPase subunit C,QM012_004466,394
A0ABR0TTL1,Hydantoin racemase,QM012_004476,252
A0ABR0TTP4,LrgB-domain-containing protein,QM012_004607,492
A0ABR0TUF6,UBA domain-containing protein,QM012_004761,304
A0ABR0TUL5,Uncharacterized protein,QM012_000091,110
A0ABR0TUU6,Chaperonin Cpn10,QM012_000065,105
A0ABR0TVH2,RING-type domain-containing protein,QM012_000074,948
A0ABR0TW70,Major facilitator superfamily (MFS) profile domain-containing protein,QM012_000646,527
A0ABR0TWF5,Protein-S-isoprenylcysteine O-methyltransferase,QM012_000681,268
A0ABR0TWG0,WAC domain-containing protein,QM012_000419,951
A0ABR0TXA6,"Tryptophan--tRNA ligase, mitochondrial",QM012_000519,380
A0ABR0TXH5,L-aminopeptidase/D-esterase,QM012_000533,394
A0ABR0TXI1,Nickel/cobalt efflux system,QM012_000598,257
A0A4S8WAD4,Proteasome subunit beta,QM012_007112,205
A0ABR0T4L5,Uncharacterized protein,QM012_005538,306
A0ABR0T559,Glycoside hydrolase,QM012_005422,619
A0ABR0T5J0,Alpha-xylosidase,QM012_005119,745
A0ABR0T5N4,Integral membrane protein,QM012_005164,448
A0ABR0T687,Protein YIP,QM012_005145,296
A0ABR0T6W6,"Sterol-4-alpha-carboxylate 3-dehydrogenase ERG26, decarboxylating",QM012_004092,394
A0ABR0T6Z3,Prion-inhibition and propagation HeLo domain-containing protein,QM012_005191,425
A0ABR0T833,Iron-sulfur assembly protein 1,QM012_003327,245
A0ABR0T861,Enoyl reductase (ER) domain-containing protein,QM012_003353,420
A0ABR0T876,Calmodulin,QM012_003690,142
A0ABR0T892,Beta-lactamase-related domain-containing protein,QM012_003387,539
A0ABR0T8D4,Glycosyltransferase family 31 protein,QM012_003423,489
A0ABR0T8G9,cellulase,QM012_003957,342
A0ABR0T8L9,N-alpha-acetyltransferase 40,QM012_003958,377
A0ABR0T8W3,Xylanolytic transcriptional activator regulatory domain-containing protein,QM012_002966,666
A0ABR0T8X8,Major facilitator superfamily (MFS) profile domain-containing protein,QM012_002971,524
A0ABR0T8Y9,Uncharacterized protein,QM012_003564,549
A0ABR0T9G7,Translation initiation factor eIF2B subunit alpha,QM012_003166,437
A0ABR0T9Y8,Uncharacterized protein,QM012_002578,1488
A0ABR0TAP4,Zn(2)-C6 fungal-type domain-containing protein,QM012_002630,202
A0ABR0TAV7,HORMA domain-containing protein,QM012_002904,225
A0ABR0TAV9,C3H1-type domain-containing protein,QM012_002907,1090
A0ABR0TBF5,DUF1365-domain-containing protein,QM012_002900,442
A0ABR0TBH0,Heme haloperoxidase family profile domain-containing protein,QM012_002122,520
A0ABR0TBK1,Uncharacterized protein,QM012_002656,240
A0ABR0TBR8,Uncharacterized protein,QM012_002378,230
A0ABR0TC06,"Endo-1,4-beta-xylanase",QM012_002468,221
A0ABR0TC60,GPR1/FUN34/YaaH-class plasma membrane protein-like protein,QM012_002516,277
A0ABR0TCK6,Fcf2 pre-rRNA processing C-terminal domain-containing protein,QM012_002479,234
A0ABR0TCQ1,deoxyribose-phosphate aldolase,QM012_001847,289
A0ABR0TCR7,DNA repair protein Rad26,QM012_001720,774
A0ABR0TDB0,EKC/KEOPS complex subunit GON7,QM012_002076,91
A0ABR0TDV0,NAD-dependent epimerase/dehydratase domain-containing protein,QM012_001758,296
A0ABR0TE86,NOT2/NOT3/NOT5 C-terminal domain-containing protein,QM012_001908,617
A0ABR0TEK2,"Alpha-1,6-mannosyltransferase subunit",QM012_002048,312
A0ABR0TET0,Twinfilin,QM012_001412,321
A0ABR0TEU2,CN hydrolase domain-containing protein,QM012_000793,297
A0ABR0TEX0,Cryptic loci regulator 2 N-terminal domain-containing protein,QM012_000815,681
A0ABR0TF07,Cation/H+ exchanger domain-containing protein,QM012_000849,898
A0ABR0TFB5,Uncharacterized protein,QM012_001365,224
A0ABR0TFF5,Histidine biosynthesis trifunctional protein,QM012_001012,869
A0ABR0TFP5,Chitinase,QM012_001098,363
A0ABR0TFX0,Glycoside hydrolase,QM012_001575,603
A0ABR0TG78,Co-chaperone protein HGH1 homolog,QM012_009214,364
A0ABR0TGP7,BZIP domain-containing protein,QM012_001051,522
A0ABR0TGQ3,Shugoshin C-terminal domain-containing protein,QM012_009402,439
A0ABR0TGR0,ABC transporter,QM012_001066,1436
A0ABR0TH27,DUF221-domain-containing protein,QM012_009510,976
A0ABR0THB3,C2H2-type domain-containing protein,QM012_008679,598
A0ABR0THR1,Uncharacterized protein,QM012_008828,233
A0ABR0TIM7,DUF336-domain-containing protein,QM012_009143,155
A0ABR0TJ86,cyclin-dependent kinase,QM012_008381,954
A0ABR0TJD0,Acetyltransferase component of pyruvate dehydrogenase complex,QM012_008426,482
A0ABR0TJJ5,AAA+ ATPase domain-containing protein,QM012_008281,733
A0ABR0TJP4,NAD(P)-binding protein,QM012_008965,268
A0ABR0TJQ3,Translation initiation factor eIF4E3,QM012_008520,356
A0ABR0TJT8,G-patch domain-containing protein,QM012_008208,522
A0ABR0TL91,Major facilitator superfamily (MFS) profile domain-containing protein,QM012_008552,532
A0ABR0TLR7,AAA+ ATPase domain-containing protein,QM012_007035,438
A0ABR0TME5,Polyketide synthase,QM012_008040,2190
A0ABR0TMH3,Acyl-CoA dehydrogenase NM domain-like protein,QM012_007283,427
A0ABR0TMR6,Enoyl-CoA hydratase,QM012_007365,299
A0ABR0TND7,Glutathione transferase omega-1,QM012_007381,271
A0ABR0TNK2,LACTB2 winged helix domain-containing protein,QM012_007138,143
A0ABR0TNV5,F-box domain-containing protein,QM012_007243,235
A0ABR0TNX2,Solute carrier family 61 member 1,QM012_006531,439
A0ABR0TPK7,Transcriptional regulator,QM012_006798,246
A0ABR0TPU8,Ribosome control protein 1 domain-containing protein,QM012_006888,1078
A0ABR0TPV9,DUF2293 domain-containing protein,QM012_006875,684
A0ABR0TPX5,Ima1 N-terminal domain-containing protein,QM012_006734,665
A0ABR0TQE5,DUF3824 domain-containing protein,QM012_005681,911
A0ABR0TQM3,Uncharacterized protein,QM012_005758,133
A0ABR0TR24,NYN domain-containing protein,QM012_005882,607
A0ABR0TS03,XPG-I domain-containing protein,QM012_006227,800
A0ABR0TSG0,Histone acetyltransferase,QM012_004209,1128
A0ABR0TSU3,WD40 repeat-like protein,QM012_004345,351
A0ABR0TSW3,Uncharacterized protein,QM012_006322,280
A0ABR0TSZ3,Cloroperoxidase,QM012_004393,309
A0ABR0TT05,1-acyl-sn-glycerol-3-phosphate acyltransferase,QM012_006053,302
A0ABR0TTD5,Translin,QM012_004481,239
A0ABR0TTD7,DNA-directed RNA polymerase subunit,QM012_006139,1756
A0ABR0TTQ7,Major facilitator superfamily protein,QM012_004521,505
A0ABR0TTR9,"Ornithine carbamoyltransferase, mitochondrial",QM012_004702,365
A0ABR0TTX7,RlpA-like protein double-psi beta-barrel domain-containing protein,QM012_004351,302
A0ABR0TUA2,RNA helicase,QM012_004817,879
A0ABR0TUF7,DUF1783-domain-containing protein,QM012_004668,196
A0ABR0TUJ9,Uncharacterized protein,QM012_004576,485
A0ABR0TUS7,RNI-like protein,QM012_000142,402
A0ABR0TV52,DUF7702 domain-containing protein,QM012_004544,278
A0ABR0TV77,DUF7730 domain-containing protein,QM012_004575,364
A0ABR0TVM0,1-alkyl-2-acetylglycerophosphocholine esterase,QM012_000422,375
A0ABR0TVQ6,NADH:flavin oxidoreductase/NADH oxidase N-terminal domain-containing protein,QM012_000453,368
A0ABR0TVW0,Rhodopsin domain-containing protein,QM012_000410,411
A0ABR0TVW7,Ribosomal protein L37,QM012_000461,94
A0ABR0TWD0,Pyrroline-5-carboxylate reductase,QM012_000103,312
A0ABR0TWK6,Uncharacterized protein,QM012_000189,228
A0ABR0TWS2,INO80 complex subunit F domain-containing protein,QM012_000725,95
A0ABR0TWU5,NADP-dependent mannitol dehydrogenase,QM012_000294,274
A0ABR0TXE5,1-phosphatidylinositol 4-kinase,QM012_000715,972
A0ABR0T579,Beta-glucuronidase C-terminal domain-containing protein,QM012_005340,629
A0ABR0T595,BZIP domain-containing protein,QM012_005295,828
A0ABR0T5V6,Uncharacterized protein,QM012_005350,306
A0ABR0T5X4,Uncharacterized protein,QM012_005198,132
A0ABR0T6G6,Uncharacterized protein,QM012_004021,128
A0ABR0T6K9,Brix domain-containing protein,QM012_004066,318
A0ABR0T6Q6,Glucose-methanol-choline oxidoreductase N-terminal domain-containing protein,QM012_005087,643
A0ABR0T6W0,Glucose-methanol-choline oxidoreductase N-terminal domain-containing protein,QM012_005141,616
A0ABR0T6X7,DUF2470 domain-containing protein,QM012_003827,221
A0ABR0T751,PinX1-related protein 1,QM012_003900,322
A0ABR0T7F5,Uncharacterized protein,QM012_003623,116
A0ABR0T7I8,Chorismate synthase protein,QM012_003653,343
A0ABR0T814,Nucleotide-diphospho-sugar transferase,QM012_003313,533
A0ABR0T871,Galactosyltransferase,QM012_004164,473
A0ABR0T880,DNA-directed RNA polymerase subunit,QM012_003372,172
A0ABR0T8H8,Phosphoribulokinase/uridine kinase domain-containing protein,QM012_003658,255
A0ABR0T8S9,P-type Ca(2+) transporter,QM012_003566,1028
A0ABR0T8V1,Uncharacterized protein,QM012_003588,402
A0ABR0T8Y0,Ubiquitin 3 binding protein But2 C-terminal domain-containing protein,QM012_003736,490
A0ABR0T981,DUF8035 domain-containing protein,QM012_003732,531
A0ABR0T992,J domain-containing protein,QM012_003081,437
A0ABR0T9C2,Endoplasmic reticulum junction formation protein lunapark,QM012_002995,372
A0ABR0T9T0,F-box domain-containing protein,QM012_003261,487
A0ABR0T9U4,3-alpha--hydroxysteroid dehydrogenase,QM012_003160,314
A0ABR0TAA1,SCP domain-containing protein,QM012_002699,570
A0ABR0TAB2,Beta-xylosidase C-terminal Concanavalin A-like domain-containing protein,QM012_003038,513
A0ABR0TAC1,Uncharacterized protein,QM012_002711,376
A0ABR0TAG5,Amidase domain-containing protein,QM012_002758,431
A0ABR0TAX8,CCHC-type domain-containing protein,QM012_003198,337
A0ABR0TBH2,Uncharacterized protein,QM012_002661,374
A0ABR0TBJ2,Cytochrome P450,QM012_002945,506
A0ABR0TCB1,Eukaryotic translation initiation factor 2 subunit alpha,QM012_001721,310
A0ABR0TDA4,"GET complex, subunit GET2",QM012_002053,296
A0ABR0TDS3,DNA damage-responsive protein 48,QM012_001314,113
A0ABR0TDT9,AMP-dependent synthetase/ligase domain-containing protein,QM012_001345,573
A0ABR0TDY7,Endocytosis protein 3,QM012_002000,407
A0ABR0TE82,Mitochondrial distribution and morphology protein family 31/32,QM012_001497,689
A0ABR0TEH7,Mediator of RNA polymerase II transcription subunit 22,QM012_001414,121
A0ABR0TFI9,Deacetylase sirtuin-type domain-containing protein,QM012_001043,314
A0ABR0TFM2,BRCT domain-containing protein,QM012_000992,1159
A0ABR0TFP8,SUR7-domain-containing protein,QM012_001116,250
A0ABR0TFY6,ABC multidrug transporter SidT,QM012_001625,1319
A0ABR0TG07,PPM-type phosphatase domain-containing protein,QM012_001049,512
A0ABR0TG61,Cytochrome b5 heme-binding domain-containing protein,QM012_000856,555
A0ABR0TG87,ribonuclease T2,QM012_000825,265
A0ABR0TGJ3,Uncharacterized protein,QM012_009342,74
A0ABR0TGR4,Cystathionine beta-lyase,QM012_009386,410
A0ABR0TH64,Major facilitator superfamily (MFS) profile domain-containing protein,QM012_009157,519
A0ABR0THB2,Serine/threonine-protein kinase RIO1,QM012_009596,565
A0ABR0THG1,Calpain catalytic domain-containing protein,QM012_009455,871
A0ABR0THZ9,Uncharacterized protein,QM012_008919,517
A0ABR0TJ90,Phospholipase/carboxylesterase/thioesterase domain-containing protein,QM012_008334,245
A0ABR0TJ92,Signal peptidase subunit 3,QM012_008380,250
A0ABR0TJG9,AB hydrolase-1 domain-containing protein,QM012_008452,443
A0ABR0TJM7,Inositol polyphosphate-related phosphatase domain-containing protein,QM012_008512,1187
A0ABR0TJP6,Uncharacterized protein,QM012_008326,67
A0ABR0TJV1,Uncharacterized protein,QM012_008386,294
A0ABR0TKG8,Uncharacterized protein,QM012_008504,155
A0ABR0TL70,DNA polymerase V,QM012_007969,994
A0ABR0TLE1,H-type lectin domain-containing protein,QM012_007843,299
A0ABR0TLG9,Transcription activator GCR1-like domain-containing protein,QM012_008075,226
A0ABR0TM51,Uncharacterized protein,QM012_007162,319
A0ABR0TMC3,Hemerythrin-like domain-containing protein,QM012_007824,265
A0ABR0TMN7,DUF2231 domain-containing protein,QM012_007079,183
A0ABR0TN23,Cupin type-2 domain-containing protein,QM012_007480,191
A0ABR0TNA8,Peptidase A1 domain-containing protein,QM012_007570,257
A0ABR0TNI1,Ribosome assembly protein 3,QM012_007092,160
A0ABR0TNW5,Carrier domain-containing protein,QM012_006563,1688
A0ABR0TNY9,ABC transporter domain-containing protein,QM012_006546,1108
A0ABR0TPA6,Major facilitator superfamily (MFS) profile domain-containing protein,QM012_006678,511
A0ABR0TPG7,Uncharacterized protein,QM012_007423,291
A0ABR0TPL2,Ubiquitin carboxyl-terminal hydrolase,QM012_007468,458
A0ABR0TPR5,Major facilitator superfamily (MFS) profile domain-containing protein,QM012_006858,477
A0ABR0TPW1,RNA polymerase I-specific transcription initiation factor RRN6-like protein,QM012_006892,980
A0ABR0TQ79,Glucose-methanol-choline oxidoreductase N-terminal domain-containing protein,QM012_006676,824
A0ABR0TQD8,Peptidyl-prolyl cis-trans isomerase,QM012_006506,118
A0ABR0TQH4,NADH-ubiquinone oxidoreductase-like protein 24 kDa subunit,QM012_005684,295
A0ABR0TQV6,Pyrroloquinoline quinone-dependent pyranose dehydrogenase beta-propeller domain-containing protein,QM012_005662,463
A0ABR0TRC1,Uncharacterized protein,QM012_006011,433
A0ABR0TRE2,Uncharacterized protein,QM012_005890,173
A0ABR0TRS2,DNA repair exonuclease rad1,QM012_006163,331
A0ABR0TRS4,Phospholipase/carboxylesterase/thioesterase domain-containing protein,QM012_006025,219
A0ABR0TS80,Carboxypeptidase,QM012_006270,538
A0ABR0TST5,Mediator of RNA polymerase II transcription subunit 16,MED16,874
A0ABR0TT39,Xylanolytic transcriptional activator regulatory domain-containing protein,QM012_006339,745
A0ABR0TTB4,Large ribosomal subunit protein uL3m,QM012_004493,298
A0ABR0TTE9,Acyl-coenzyme A diphosphatase SCS3,SCS3,344
A0ABR0TTL4,2-isopropylmalate synthase,QM012_006198,625
A0ABR0TTN3,BZIP domain-containing protein,QM012_006263,439
A0ABR0TTS8,Amidohydrolase-related domain-containing protein,QM012_006308,353
A0ABR0TTV2,Pre-rRNA processing protein,QM012_004703,1221
A0ABR0TU24,Survival Motor Neuron Gemin2-binding domain-containing protein,QM012_004764,159
A0ABR0TU31,Sphingolipid delta(4)-desaturase,QM012_004782,379
A0ABR0TU93,PABS domain-containing protein,QM012_004882,292
A0ABR0TUX2,Uncharacterized protein,QM012_000156,193
A0ABR0TV53,Peroxisomal hydratase-dehydrogenase-epimerase,QM012_004865,920
A0ABR0TVD3,Multidrug resistance protein,QM012_000337,1353
A0ABR0TVT5,Nudix hydrolase domain-containing protein,QM012_000330,277
A0ABR0TWD8,Maintenance of mitochondrial morphology protein 1,MMM1,489
A0ABR0TWD9,40S ribosomal protein S24,QM012_000678,134
A0ABR0T4M0,Uncharacterized protein,QM012_005513,317
A0ABR0T4S6,LysM domain-containing protein,QM012_005435,725
A0ABR0T4W6,BTB domain-containing protein,QM012_005371,1658
A0ABR0T4X1,N-acetyltransferase domain-containing protein,QM012_005448,162
A0ABR0T5P1,GPI mannosyltransferase 2,QM012_005154,476
A0ABR0T5R7,Uncharacterized protein,QM012_005515,97
A0ABR0T5S8,Uncharacterized protein,QM012_005197,299
A0ABR0T5W7,Uncharacterized protein,QM012_005441,232
A0ABR0T613,Phosphoinositide phospholipase C,QM012_005180,1135
A0ABR0T6E7,non-specific serine/threonine protein kinase,QM012_005257,873
A0ABR0T6Q4,Laminin IV type B domain-containing protein,QM012_003985,184
A0ABR0T7A7,WD40 repeat-like protein,QM012_003963,504
A0ABR0T7L0,Parasitic phase-specific protein PSP-1,QM012_003605,322
A0ABR0T8D5,3-hydroxyisobutyrate dehydrogenase,QM012_003750,315
A0ABR0T8D9,BNR/Asp-box repeat protein,QM012_003431,390
A0ABR0T8T1,"Arabinogalactan endo-beta-1,4-galactanase",QM012_003442,389
A0ABR0T8U1,Mediator of RNA polymerase II transcription subunit 4,MED4,280
A0ABR0T9M4,Uncharacterized protein,QM012_003224,362
A0ABR0TAG9,NADP-dependent oxidoreductase domain-containing protein,QM012_002710,299
A0ABR0TAL1,Prion-inhibition and propagation HeLo domain-containing protein,QM012_002803,649
A0ABR0TAM2,RRM domain-containing protein,QM012_003079,377
A0ABR0TAP5,Serine-rich protein,QM012_002850,843
A0ABR0TAU3,Lem3/Cdc50,QM012_002889,404
A0ABR0TAW6,Mitochondrial cytochrome c oxidase assembly factor,QM012_002705,129
A0ABR0TB13,Xylanolytic transcriptional activator regulatory domain-containing protein,QM012_002123,702
A0ABR0TBB3,Clavaminate synthase-like protein,QM012_002537,398
A0ABR0TBW1,Nitrogen permease regulator 2,QM012_002418,545
A0ABR0TBW5,Amino acid transporter transmembrane domain-containing protein,QM012_002427,474
A0ABR0TC48,aspartate--tRNA ligase,QM012_002500,1026
A0ABR0TC78,Phosphoglycerate mutase-like protein,QM012_002534,301
A0ABR0TD01,FYVE-type domain-containing protein,QM012_002345,274
A0ABR0TDI9,Uncharacterized protein,QM012_002490,169
A0ABR0TE68,Alpha/beta hydrolase fold-3 domain-containing protein,QM012_001989,332
A0ABR0TE95,NAD(P)-binding domain-containing protein,QM012_001417,349
A0ABR0TEN2,Ribophorin II,QM012_001629,288
A0ABR0TEP1,Rho-GAP domain-containing protein,QM012_001645,628
A0ABR0TEV8,Peroxisomal ATPase PEX6,QM012_001265,1404
A0ABR0TF17,N-acetyltransferase domain-containing protein,QM012_001325,261
A0ABR0TF83,NAD-P-binding protein,QM012_001335,297
A0ABR0TFE9,Cercosporin MFS transporter CTB4,QM012_001003,565
A0ABR0TFH5,UBC core domain-containing protein,QM012_000947,313
A0ABR0TG30,DUF7587 domain-containing protein,QM012_009164,140
A0ABR0TGC2,Cytidyltransferase-like domain-containing protein,QM012_001154,391
A0ABR0TGP5,Uncharacterized protein,QM012_001137,428
A0ABR0TGQ9,Phospho-2-dehydro-3-deoxyheptonate aldolase,QM012_000990,480
A0ABR0TH24,Nuclear transport factor 2,QM012_009505,126
A0ABR0THJ2,TLC domain-containing protein,QM012_008752,470
A0ABR0TI89,DUF1772-domain-containing protein,QM012_009392,180
A0ABR0TIE0,Uncharacterized protein,QM012_009501,259
A0ABR0TIT4,"Carnitine O-acetyltransferase, mitochondrial",QM012_008216,607
A0ABR0TIX0,NADP-dependent oxidoreductase domain-containing protein,QM012_008235,349
A0ABR0TJ25,Annexin,QM012_008756,423
A0ABR0TJH4,Mitochondrial import inner membrane translocase subunit TIM22,QM012_008465,181
A0ABR0TJR8,CENP-V/GFA domain-containing protein,QM012_008511,208
A0ABR0TK03,Short chain dehydrogenase,QM012_009055,316
A0ABR0TKG9,RlpA-like protein double-psi beta-barrel domain-containing protein,QM012_008448,230
A0ABR0TKQ6,Sm domain-containing protein,QM012_008337,373
A0ABR0TKX0,TAFII55 protein conserved region domain-containing protein,QM012_007877,550
A0ABR0TKZ6,WSC-domain-containing protein,QM012_007887,229
A0ABR0TL68,E3 ubiquitin-protein ligase listerin,QM012_007962,1579
A0ABR0TLX2,non-specific serine/threonine protein kinase,QM012_007087,498
A0ABR0TM22,Ribosomal protein S2,QM012_007135,545
A0ABR0TM37,Rhodopsin domain-containing protein,QM012_007754,364
A0ABR0TM77,Molybdopterin binding oxidoreductase,QM012_007779,530
A0ABR0TMQ3,Putative 5'-nucleotidase C-terminal domain-containing protein,QM012_007171,684
A0ABR0TMU4,Uncharacterized protein,QM012_007402,202
A0ABR0TMV4,CHRD domain-containing protein,QM012_008020,228
A0ABR0TP23,Cystathionine beta-synthase,QM012_006588,539
A0ABR0TP87,"Dynein heavy chain, cytoplasmic",QM012_006669,4314
A0ABR0TPB9,2'-phosphotransferase,QM012_006602,296
A0ABR0TPJ2,60S ribosomal protein L8,QM012_006788,264
A0ABR0TPL4,Histone H2A,QM012_007437,136
A0ABR0TPQ6,Zn(2)-C6 fungal-type domain-containing protein,QM012_006659,870
A0ABR0TQI7,Poly(A) RNA polymerase mitochondrial-like central palm domain-containing protein,QM012_005713,663
A0ABR0TQI9,BZIP domain-containing protein,QM012_006944,171
A0ABR0TQK4,Aldolase,QM012_006959,334
A0ABR0TRD9,diacylglycerol O-acyltransferase,QM012_006026,573
A0ABR0TRU2,BUB protein kinase,QM012_005859,1178
A0ABR0TRZ8,DUF4045 domain-containing protein,QM012_006238,514
A0ABR0TS73,Peroxin 8 N-terminal domain-containing protein,QM012_006299,630
A0ABR0TSL3,MARVEL domain-containing protein,QM012_006295,238
A0ABR0TSN2,TauD/TfdA-like domain-containing protein,QM012_004241,397
A0ABR0TT07,Spt20-like SEP domain-containing protein,QM012_006294,844
A0ABR0TT59,EXPERA domain-containing protein,QM012_006275,240
A0ABR0TT69,Glutaredoxin domain-containing protein,QM012_006113,103
A0ABR0TTA4,CHY-type domain-containing protein,QM012_004498,50
A0ABR0TTS9,"Endo-1,3(4)-beta-glucanase 1 carbohydrate binding domain-containing protein",QM012_004631,255
A0ABR0TTU9,Endonuclease III homolog,NTH1,406
A0ABR0TTY6,EF-hand domain-containing protein,QM012_004174,645
A0ABR0TUI8,Ethyl tert-butyl ether degradation EthD,QM012_000052,101
A0ABR0TUN4,Calcium-dependent phosphotriesterase,QM012_000097,386
A0ABR0TUQ6,D-lactate dehydratase,QM012_000078,293
A0ABR0TUW6,Protein kinase domain-containing protein,QM012_000196,690
A0ABR0TV78,DNA repair protein RAD16,QM012_000301,979
A0ABR0TVG1,Elongin-C,QM012_000117,105
A0ABR0TWG6,Uncharacterized protein,QM012_000727,109
A0ABR0TWM2,mRNA-capping enzyme subunit alpha,QM012_000600,393
A0ABR0TWN2,Serine aminopeptidase S33 domain-containing protein,QM012_000771,301
A0ABR0TWQ1,Protein FYV10,QM012_000630,401
A0ABR0TWU1,Transcription factor domain-containing protein,QM012_000218,678
A0ABR0T4P8,peptide-methionine (S)-S-oxide reductase,QM012_005497,186
A0ABR0T4W9,pyridoxal 5'-phosphate synthase,QM012_005476,223
A0ABR0T4Z1,Selenoprotein S,QM012_005522,131
A0ABR0T599,Uncharacterized protein,QM012_005275,168
A0ABR0T5C1,Uncharacterized protein,QM012_005325,499
A0ABR0T5G7,Xylanolytic transcriptional activator regulatory domain-containing protein,QM012_005455,664
A0ABR0T5T7,Transcriptional activator HAP2,QM012_005199,327
A0ABR0T662,Aminoglycoside phosphotransferase domain-containing protein,QM012_005208,265
A0ABR0T6D2,Carboxylic ester hydrolase,QM012_003988,508
A0ABR0T6Q9,Uncharacterized protein,QM012_004101,312
A0ABR0T6S3,Protein arginine N-methyltransferase,QM012_005116,344
A0ABR0T711,PA14 domain-containing protein,QM012_005206,1862
A0ABR0T785,Uncharacterized protein,QM012_004165,222
A0ABR0T7G8,Secreted protein CSS2 C-terminal domain-containing protein,QM012_003640,273
A0ABR0T7M7,Class II aldolase/adducin N-terminal domain-containing protein,QM012_003696,303
A0ABR0T8P1,Vacuolar transporter chaperone complex subunit 4,QM012_003537,814
A0ABR0T917,Carboxylic ester hydrolase,QM012_003013,572
A0ABR0T930,"DNA-directed RNA polymerases I, II, and III subunit RPABC3",QM012_003028,143
A0ABR0T986,"Alpha-1,3/1,6-mannosyltransferase ALG2",QM012_003086,497
A0ABR0T9X7,Uncharacterized protein,QM012_003510,184
A0ABR0TA14,Uncharacterized protein,QM012_003172,82
A0ABR0TAG4,ADP-ribose 1''-phosphate phosphatase,QM012_003048,392
A0ABR0TB50,EF-hand domain-containing protein,QM012_002795,421
A0ABR0TBP2,Nudix hydrolase domain-containing protein,QM012_002701,205
A0ABR0TC24,Uncharacterized protein,QM012_002821,353
A0ABR0TC58,Choline kinase N-terminal domain-containing protein,QM012_002523,807
A0ABR0TC79,Proteasome subunit alpha type,QM012_002916,253
A0ABR0TC91,peptidylprolyl isomerase,QM012_001696,302
A0ABR0TCL6,leucine--tRNA ligase,QM012_001817,1131
A0ABR0TCN4,Transcription factor domain-containing protein,QM012_001797,353
A0ABR0TCP7,Peroxisomal biogenesis factor 11,QM012_001846,236
A0ABR0TCU7,Large ribosomal subunit protein bL28m,QM012_001750,243
A0ABR0TCW6,tRNA hydrolase-like thioredoxin-like domain-containing protein,QM012_001732,275
A0ABR0TD29,Ribosomal protein L34,QM012_001981,162
A0ABR0TDF5,Sodium/calcium exchanger membrane region domain-containing protein,QM012_001704,1062
A0ABR0TDJ7,DUF7514 domain-containing protein,QM012_001957,596
A0ABR0TDL6,non-specific serine/threonine protein kinase,QM012_001273,1068
A0ABR0TDN1,Ubiquitin-conjugating enzyme E2 Z,QM012_001293,456
A0ABR0TDX9,Large ribosomal subunit protein bL21m,QM012_001282,272
A0ABR0TEA7,Uncharacterized protein,QM012_001479,561
A0ABR0TEI4,"Elongation factor G, mitochondrial",MEF1,800
A0ABR0TEQ8,RRM domain-containing protein,QM012_001660,193
A0ABR0TEX8,14-alpha sterol demethylase Cyp51B,QM012_001657,539
A0ABR0TEY6,C2H2-type domain-containing protein,QM012_001549,544
A0ABR0TF60,NAD(P)-binding protein,QM012_000922,357
A0ABR0TG57,Major facilitator superfamily (MFS) profile domain-containing protein,QM012_009189,631
A0ABR0TGX6,SMP domain-containing protein,QM012_009463,86
A0ABR0THA5,C2H2-type domain-containing protein,QM012_009589,437
A0ABR0THC5,Glutamate carboxypeptidase 2,QM012_009217,887
A0ABR0THI3,Major facilitator superfamily (MFS) profile domain-containing protein,QM012_008743,556
A0ABR0THL2,Thioesterase domain-containing protein,QM012_009307,164
A0ABR0THU2,"Cytochrome c oxidase subunit 4, mitochondrial",QM012_009256,202
A0ABR0THV3,Cytokinesis regulator,QM012_008870,772
A0ABR0TI48,Uncharacterized protein,QM012_009361,95
A0ABR0TI83,Uncharacterized protein,QM012_008819,294
A0ABR0TIL3,Formate dehydrogenase,QM012_009126,417
A0ABR0TJ29,BZIP domain-containing protein,QM012_008295,71
A0ABR0TJG2,Formate/nitrite transporter,QM012_008456,285
A0ABR0TJH0,Transcription factor domain-containing protein,QM012_008424,568
A0ABR0TJS2,Zn(2)-C6 fungal-type domain-containing protein,QM012_008996,640
A0ABR0TKP3,Uncharacterized protein,QM012_007758,640
A0ABR0TKU1,PLU-1-domain-containing protein,QM012_008402,1720
A0ABR0TL08,S-adenosyl-L-methionine-dependent methyltransferase,QM012_007909,259
A0ABR0TLH5,Ubiquitin-like protease family profile domain-containing protein,QM012_008608,1182
A0ABR0TLJ8,Transcription activator GCR1-like domain-containing protein,QM012_008076,309
A0ABR0TLS5,Malic enzyme,QM012_007978,577
A0ABR0TM02,Uncharacterized protein,QM012_007890,376
A0ABR0TMD5,Uncharacterized protein,QM012_008025,78
A0ABR0TN55,Uncharacterized protein,QM012_008144,362
A0ABR0TN88,"Cytochrome c oxidase assembly protein COX20, mitochondrial",QM012_007444,198
A0ABR0TNA7,Peptide transporter,QM012_007565,789
A0ABR0TNE1,FAR-17a/AIG1-like protein,QM012_007097,277
A0ABR0TNR6,Vegetatible incompatibility protein HET-E-1,QM012_007198,318
A0ABR0TP17,CsbD-like domain-containing protein,QM012_006590,133
A0ABR0TPB3,Mob1/phocein,QM012_006680,327
A0ABR0TPD9,Major facilitator superfamily (MFS) profile domain-containing protein,QM012_006714,513
A0ABR0TPF2,BTB domain-containing protein,QM012_007408,233
A0ABR0TPJ6,Calcofluor white hypersensitive protein,QM012_007502,949
A0ABR0TPT7,Microbial-type PARG catalytic domain-containing protein,QM012_006526,525
A0ABR0TPX8,enoyl-[acyl-carrier-protein] reductase,QM012_006405,396
A0ABR0TQJ0,SET domain-containing protein,QM012_006792,621
A0ABR0TRQ8,dihydroxy-acid dehydratase,QM012_006010,614
A0ABR0TSK9,Chitin biosynthesis protein,QM012_004232,458
A0ABR0TSX7,Major facilitator superfamily (MFS) profile domain-containing protein,QM012_006337,548
A0ABR0TTD8,Fatty acid desaturase domain-containing protein,QM012_004527,385
A0ABR0TTH8,Vacuolar calcium ion transporter,QM012_004526,455
A0ABR0TTV7,Ergosterol 28,QM012_004723,151
A0ABR0TU11,RRM domain-containing protein,QM012_004763,399
A0ABR0TUD3,DRBM domain-containing protein,QM012_004309,196
A0ABR0TUE0,HIT domain-containing protein,QM012_004887,194
A0ABR0TUK4,LysM domain-containing protein,QM012_000047,559
A0ABR0TUU5,Argininosuccinate synthase,QM012_004455,413
A0ABR0TVA4,NAD(P)-binding protein,QM012_000251,309
A0ABR0TVH8,Rhodopsin domain-containing protein,QM012_000132,358
A0ABR0TVM6,Signal recognition particle receptor subunit alpha homolog,QM012_004740,661
A0ABR0TVN0,Inactive metallocarboxypeptidase ECM14,QM012_000335,563
A0ABR0TVQ8,Mediator of RNA polymerase II transcription subunit 12,QM012_000164,1475
A0ABR0TWH3,"Probable glucan endo-1,3-beta-glucosidase eglC",QM012_000739,532
A0ABR0TX73,NAD(P)-binding protein,QM012_000762,278
A0ABR0TXS8,tripeptidyl-peptidase II,QM012_000763,653
A0A1A7MCT6,NADH dehydrogenase [ubiquinone] 1 alpha subcomplex subunit 1,QM012_004210,86
A0A4S8VB34,Ubiquitin-conjugating enzyme E2-16 kDa,QM012_005714,147
A0ABR0T4B4,Fungal calcium binding protein domain-containing protein,QM012_005578,99
A0ABR0T4F3,MFS general substrate transporter,QM012_005586,327
A0ABR0T4L3,Concanavalin A-like lectin/glucanase,QM012_005518,258
A0ABR0T4V5,Uncharacterized protein,QM012_005492,336
A0ABR0T578,5-hydroxyisourate hydrolase,QM012_005280,141
A0ABR0T645,Alpha/beta hydrolase fold-3 domain-containing protein,QM012_004955,715
A0ABR0T6G4,Inositolphosphotransferase Aur1/Ipt1 domain-containing protein,QM012_004022,402
A0ABR0T6R0,Eukaryotic translation initiation factor 3 subunit M,QM012_005007,423
A0ABR0T721,Uncharacterized protein,QM012_003874,168
A0ABR0T762,Uncharacterized protein,QM012_003904,173
A0ABR0T8B3,Phospholipid/glycerol acyltransferase domain-containing protein,QM012_004159,316
A0ABR0T948,Thiaminase-2/PQQC domain-containing protein,QM012_003746,235
A0ABR0T979,Exoribonuclease phosphorolytic domain-containing protein,QM012_003077,314
A0ABR0T9F8,MADS-box domain-containing protein,QM012_003146,215
A0ABR0TA80,NCA2-domain-containing protein,QM012_003008,668
A0ABR0TAJ1,F-box domain-containing protein,QM012_002784,299
A0ABR0TAK0,Deacetylase sirtuin-type domain-containing protein,QM012_002805,396
A0ABR0TAM8,Transcription factor CBF/NF-Y/archaeal histone domain-containing protein,QM012_003260,163
A0ABR0TAX2,Mitochondrial integral membrane protein-like protein,QM012_002925,555
A0ABR0TAY4,Uncharacterized protein,QM012_002937,157
A0ABR0TAY9,BHLH domain-containing protein,QM012_003184,281
A0ABR0TB39,Branched-chain-amino-acid aminotransferase,QM012_002828,435
A0ABR0TB44,Glutamine amidotransferase type-2 domain-containing protein,QM012_002158,695
A0ABR0TB86,C2H2-type domain-containing protein,QM012_002203,179
A0ABR0TBG6,Protein kinase domain-containing protein,QM012_002276,864
A0ABR0TBU5,40S ribosomal protein S26,QM012_002209,123
A0ABR0TBY9,Sin3-associated polypeptide Sap18,QM012_002409,256
A0ABR0TCB6,Mitochondrial fission 1 protein,QM012_001708,155
A0ABR0TCB8,Ubiquitin 3 binding protein But2 C-terminal domain-containing protein,QM012_001725,168
A0ABR0TCL9,K Homology domain-containing protein,QM012_001829,573
A0ABR0TCT1,PIN domain-like protein,QM012_001857,1281
A0ABR0TCT8,Alcohol dehydrogenase,QM012_001911,354
A0ABR0TDY6,SWI5-dependent HO expression protein 3,QM012_001398,428
A0ABR0TEZ9,Cytochrome P450,QM012_001260,395
A0ABR0TF00,INSIG-domain-containing protein,QM012_001564,376
A0ABR0TFJ7,DUF7730 domain-containing protein,QM012_001059,379
A0ABR0TFQ9,Uncharacterized protein,QM012_001114,1214
A0ABR0TFS9,FAD dependent oxidoreductase domain-containing protein,QM012_000822,452
A0ABR0TFT0,C2H2-type domain-containing protein,QM012_001565,687
A0ABR0TGM0,DUF7137 domain-containing protein,QM012_009359,318
A0ABR0TGX2,Uncharacterized protein,QM012_009464,328
A0ABR0TH34,Zn(2)-C6 fungal-type domain-containing protein,QM012_009519,914
A0ABR0TH35,"2,5-diamino-6-ribosylamino-4(3H)-pyrimidinone 5'-phosphate reductase",QM012_009523,272
A0ABR0TH79,Inositol hexakisphosphate and diphosphoinositol-pentakisphosphate kinase,QM012_009172,1416
A0ABR0THP2,alpha-glucosidase,QM012_009197,971
A0ABR0THY3,Zn(2)-C6 fungal-type domain-containing protein,QM012_008900,512
A0ABR0TI24,FAD dependent oxidoreductase domain-containing protein,QM012_009487,436
A0ABR0TI25,aromatic-amino-acid transaminase,QM012_008933,539
A0ABR0TI93,HCP-like protein,QM012_008912,624
A0ABR0TIA7,Uncharacterized protein,QM012_008992,313
A0ABR0TII5,Cyclase,QM012_009088,366
A0ABR0TIJ6,AAA+ ATPase domain-containing protein,QM012_009064,350
A0ABR0TIN7,Cytochrome P450,QM012_008167,500
A0ABR0TIR2,amidase,QM012_008821,538
A0ABR0TIR4,FAD/NAD(P)-binding domain-containing protein,QM012_008197,539
A0ABR0TIU3,BTB domain-containing protein,QM012_008227,305
A0ABR0TJH7,Uncharacterized protein,QM012_008445,117
A0ABR0TJI8,glutamate--tRNA ligase,QM012_008486,641
A0ABR0TJJ3,Uncharacterized protein,QM012_008970,390
A0ABR0TK82,Rhodopsin domain-containing protein,QM012_008414,433
A0ABR0TKG4,Csi2 protein,QM012_007686,372
A0ABR0TKZ4,SEC7 domain-containing protein,QM012_008427,1998
A0ABR0TM92,E3 ubiquitin-protein ligase,QM012_007208,777
A0ABR0TMR2,ATP phosphoribosyltransferase,QM012_007360,123
A0ABR0TMT8,RNA helicase,QM012_007124,825
A0ABR0TMY8,SEC7 domain-containing protein,QM012_007419,1323
A0ABR0TN14,Acyl-protein thioesterase 1,QM012_007143,246
A0ABR0TNC6,Uncharacterized protein,QM012_007474,578
A0ABR0TNC8,Nucleolar protein 9,QM012_007554,769
A0ABR0TNW6,RING-type E3 ubiquitin transferase,QM012_007277,1633
A0ABR0TNZ0,RING-type domain-containing protein,QM012_006553,413
A0ABR0TNZ6,FAD dependent oxidoreductase domain-containing protein,QM012_007307,407
A0ABR0TP49,Uncharacterized protein,QM012_007302,193
A0ABR0TPL8,Proline-rich protein RiP-15,QM012_006451,593
A0ABR0TQ31,Uncharacterized protein,QM012_006967,82
A0ABR0TQJ1,Erythromycin esterase,QM012_006630,727
A0ABR0TQJ7,BZIP domain-containing protein,QM012_005730,144
A0ABR0TQK0,Nuf2 DHR10-like domain-containing protein,QM012_005727,139
A0ABR0TRC4,RNA polymerase Rpb6,QM012_006012,157
A0ABR0TS63,60S ribosomal protein L44,QM012_005783,106
A0ABR0TSC5,"Translation initiation factor IF-2, mitochondrial",QM012_006351,1397
A0ABR0TSI4,BRCT domain-containing protein,QM012_004227,503
A0ABR0TSJ3,Nuclease PA3,QM012_004217,319
A0ABR0TT12,FAD-dependent oxidoreductase 2 FAD-binding domain-containing protein,QM012_004397,488
A0ABR0TT35,RTA1 domain protein,QM012_004418,376
A0ABR0TT62,Nucleoporin Nup120/160-domain-containing protein,QM012_004465,1272
A0ABR0TTE5,Zf-UBP-domain-containing protein,QM012_004308,665
A0ABR0TTK3,GCS light chain,QM012_004556,311
A0ABR0TU27,GPI-anchor biosynthesis protein-like protein,QM012_004475,240
A0ABR0TU57,C2H2-type domain-containing protein,QM012_004200,497
A0ABR0TUP2,Uncharacterized protein,QM012_000121,159
A0ABR0TUV8,Ribosomal protein YMR-31,QM012_004911,121
A0ABR0TVZ5,Major facilitator superfamily (MFS) profile domain-containing protein,QM012_000531,553
A0ABR0TWA3,RNA helicase,QM012_000621,589
A0ABR0TWJ0,Amidohydrolase-related domain-containing protein,QM012_000757,744
A0ABR0TWK7,Major facilitator superfamily (MFS) profile domain-containing protein,QM012_000772,548
A0ABR0TWQ4,Myb-like domain-containing protein,QM012_000524,114
A0ABR0TXF6,TM7S3/TM198-like domain-containing protein,QM012_000730,924
A0A4S8WRG9,COX assembly mitochondrial protein,QM012_008924,80
A0A4S9E1S8,Ribosomal protein L15,QM012_003457,203
A0A4T0CQH0,Small nuclear ribonucleoprotein E,QM012_003685,94
A0ABR0T4R3,C2H2-type domain-containing protein,QM012_005512,309
A0ABR0T4X5,Aquaporin-like protein,QM012_005346,582
A0ABR0T594,F-box domain-containing protein,QM012_005355,478
A0ABR0T5B8,FAD/NAD(P)-binding domain-containing protein,QM012_005282,389
A0ABR0T5H7,Clr5 domain-containing protein,QM012_005615,326
A0ABR0T690,R3H domain-containing protein,QM012_004920,1217
A0ABR0T7J2,Cyanovirin-N domain-containing protein,QM012_003914,352
A0ABR0T8D2,J domain-containing protein,QM012_003868,478
A0ABR0T8V6,FolC bifunctional protein,QM012_003656,427
A0ABR0T8W1,DUF455 domain protein,QM012_003472,368
A0ABR0T914,EF-hand domain-containing protein,QM012_003015,691
A0ABR0T927,General transcription and DNA repair factor IIH subunit TFB4,QM012_003029,366
A0ABR0T988,protein-serine/threonine phosphatase,QM012_003088,309
A0ABR0T9G5,BHLH domain-containing protein,QM012_002962,291
A0ABR0T9M8,Aspergillopepsin,QM012_003426,277
A0ABR0T9N2,UspA domain-containing protein,QM012_003216,527
A0ABR0T9P8,aldehyde dehydrogenase (NAD(+)),QM012_003231,599
A0ABR0T9R1,Gfo/Idh/MocA-like oxidoreductase N-terminal domain-containing protein,QM012_003207,544
A0ABR0T9S3,nicotinamidase,QM012_003271,234
A0ABR0TA39,Phosphoglycerate mutase-like protein,QM012_003541,465
A0ABR0TA99,Spermatogenesis-associated protein 20-like TRX domain-containing protein,QM012_002700,785
A0ABR0TAC7,WD40 repeat-like protein,QM012_002729,1100
A0ABR0TB03,Probable cytosolic iron-sulfur protein assembly protein 1,CIA1,425
A0ABR0TB21,Uncharacterized protein,QM012_002935,111
A0ABR0TB67,Uncharacterized protein,QM012_002139,186
A0ABR0TB72,C2H2-type domain-containing protein,QM012_002703,569
A0ABR0TBL7,Flavodoxin-like domain-containing protein,QM012_002853,253
A0ABR0TBV7,Uracil-DNA glycosylase-like domain-containing protein,QM012_002410,296
A0ABR0TC68,Histone deacetylase,QM012_002852,731
A0ABR0TCV4,Alpha N-terminal protein methyltransferase 1,QM012_001905,239
A0ABR0TD87,DUF7918 domain-containing protein,QM012_002386,703
A0ABR0TDA3,Uncharacterized protein,QM012_002435,200
A0ABR0TDJ8,Ribosomal protein L35Ae,QM012_001255,109
A0ABR0TDS4,Metallo-beta-lactamase domain-containing protein,QM012_001839,420
A0ABR0TE15,RNA-binding domain-containing protein,QM012_001818,689
A0ABR0TE73,Acetyl-CoA hydrolase,QM012_001893,528
A0ABR0TEG3,CFEM domain-containing protein,QM012_002079,360
A0ABR0TET9,tRNA(His) guanylyltransferase,QM012_001679,289
A0ABR0TF59,Dynein light chain,QM012_000909,103
A0ABR0TFE8,CAF1B/HIR1 beta-propeller domain-containing protein,QM012_000993,718
A0ABR0TFN1,Alpha-galactosidase,QM012_001581,902
A0ABR0TFV7,Nicotinamide-nucleotide adenylyltransferase,QM012_001656,276
A0ABR0TG54,Peptidase S33 tripeptidyl aminopeptidase-like C-terminal domain-containing protein,QM012_009193,647
A0ABR0TGK6,C4-dicarboxylate/malic acid transporter,QM012_009357,388
A0ABR0TGZ7,ENTH domain-containing protein,QM012_009475,64
A0ABR0TH63,Concanavalin A-like lectin/glucanase,QM012_009552,336
A0ABR0TH92,Secreted protein,QM012_001121,145
A0ABR0THC4,SWIRM domain-containing protein,QM012_008690,1171
A0ABR0THF0,Uncharacterized protein,QM012_008713,353
A0ABR0THG2,Kynureninase,BNA5,489
A0ABR0THT8,p-hydroxylaminobenzoate lyase,QM012_008762,206
A0ABR0TI99,F-box domain-containing protein,QM012_009456,829
A0ABR0TIF0,alcohol O-acetyltransferase,QM012_008894,368
A0ABR0TIQ6,Mso1 N-terminal domain-containing protein,QM012_009124,219
A0ABR0TJJ4,Acyl-CoA dehydrogenase/oxidase C-terminal,QM012_008485,661
A0ABR0TJV2,Rhodanese domain-containing protein,QM012_008223,177
A0ABR0TKE4,Aldolase,QM012_008674,325
A0ABR0TKI0,Major facilitator superfamily (MFS) profile domain-containing protein,QM012_008297,494
A0ABR0TKM6,S-adenosyl-L-methionine-dependent methyltransferase,QM012_008293,364
A0ABR0TKM7,V-type proton ATPase catalytic subunit A,QM012_008508,662
A0ABR0TLC2,Adenosylhomocysteinase,QM012_008017,460
A0ABR0TLK0,CUE domain-containing protein,QM012_008105,427
A0ABR0TLP5,Endopolyphosphatase,QM012_008088,681
A0ABR0TM34,SprT-like domain-containing protein,QM012_007151,623
A0ABR0TM53,non-specific serine/threonine protein kinase,QM012_007749,1157
A0ABR0TM67,thiol oxidase,QM012_007180,586
A0ABR0TNK8,Alkyl transferase,QM012_006439,363
A0ABR0TPG3,Protection of telomeres protein 1,QM012_006758,638
A0ABR0TPI8,Histone H2B,QM012_007438,140
A0ABR0TPK2,Band 7 domain-containing protein,QM012_006756,671
A0ABR0TPT5,DAGKc domain-containing protein,QM012_006873,515
A0ABR0TQ34,Sucrase/ferredoxin-like family protein,QM012_006465,325
A0ABR0TQ44,beta-glucosidase,QM012_006965,808
A0ABR0TQ53,Cell wall proline rich protein,QM012_006657,896
A0ABR0TQ99,Uncharacterized protein,QM012_007011,215
A0ABR0TQN4,Membrane transporter,QM012_006989,429
A0ABR0TQZ3,SRR1-like domain-containing protein,QM012_006765,327
A0ABR0TR29,Phospholipid-transporting ATPase,QM012_005923,1652
A0ABR0TRA4,NAD(P)-binding protein,QM012_006805,346
A0ABR0TRV4,Uncharacterized protein,QM012_006192,429
A0ABR0TRV7,Peptidase A1 domain-containing protein,QM012_006194,420
A0ABR0TS44,Protein SDA1,QM012_006266,751
A0ABR0TSC3,Retinol dehydrogenase 12,QM012_004179,332
A0ABR0TSV2,Uncharacterized protein,QM012_005959,552
A0ABR0TT20,Pyridoxamine 5'-phosphate oxidase Alr4036 family FMN-binding domain-containing protein,QM012_004407,279
A0ABR0TT45,SMODS and SLOG-associating 2TM effector domain-containing protein,QM012_004296,245
A0ABR0TT66,Uncharacterized protein,QM012_004175,630
A0ABR0TTA9,WSC domain-containing protein,QM012_004525,462
A0ABR0TTC1,Zn(2)-C6 fungal-type domain-containing protein,QM012_004509,834
A0ABR0TUE3,Protein ARV,QM012_004862,310
A0ABR0TV71,C6 zinc finger domain-containing protein,QM012_000289,280
A0ABR0TW39,5-aminolevulinate synthase,QM012_000299,619
A0ABR0TWF2,NADH dehydrogenase [ubiquinone] 1 alpha subcomplex subunit,QM012_000310,136
A0ABR0TWH5,F-box domain-containing protein,QM012_000159,453
A0ABR0TWK8,Uncharacterized protein,QM012_000741,96
A0ABR0TWN0,CENP-V/GFA domain-containing protein,QM012_000208,162
A0ABR0TWV2,CDP-diacylglycerol--glycerol-3-phosphate 3-phosphatidyltransferase,QM012_000309,500
A0A4S9H3X9,40S ribosomal protein S27,QM012_001848,82
A0ABR0T577,Transcription factor RfeG,QM012_005238,310
A0ABR0T5L7,Mediator of RNA polymerase II transcription subunit 14,QM012_005149,1001
A0ABR0T5U2,Glycosyltransferase family 31 protein,QM012_005212,339
A0ABR0T5Y1,H+/oligopeptide symporter,QM012_005118,619
A0ABR0T6P3,FAD-binding domain-containing protein,QM012_005323,381
A0ABR0T706,Uncharacterized protein,QM012_003850,239
A0ABR0T7L1,"6,7-dimethyl-8-ribityllumazine synthase",QM012_005004,211
A0ABR0T7Q6,Zn(2)-C6 fungal-type domain-containing protein,QM012_003729,703
A0ABR0T7R8,Uncharacterized protein,QM012_003603,204
A0ABR0T878,Oligosaccharyl transferase subunit,QM012_003363,328
A0ABR0T8S2,BTB domain-containing protein,QM012_003626,183
A0ABR0T8U5,Carboxypeptidase,QM012_003647,590
A0ABR0T960,E3 ubiquitin-protein ligase,QM012_003577,2578
A0ABR0T9A7,acetylglutamate kinase,QM012_003096,897
A0ABR0T9C6,aldehyde dehydrogenase (NAD(+)),QM012_003116,467
A0ABR0T9P6,Ubiquitin-like protease family profile domain-containing protein,QM012_003192,998
A0ABR0T9U7,TPR-like protein,QM012_003252,296
A0ABR0T9Z4,DUF7371 domain-containing protein,QM012_003496,572
A0ABR0TA27,C2H2-type domain-containing protein,QM012_002604,253
A0ABR0TA95,Rab proteins geranylgeranyltransferase,QM012_003247,592
A0ABR0TAE5,Cobalamin-independent methionine synthase MetE C-terminal/archaeal domain-containing protein,QM012_002743,395
A0ABR0TAS0,Stress response protein rds1p,QM012_002862,354
A0ABR0TBC4,"Succinate--CoA ligase [ADP-forming] subunit beta, mitochondrial",QM012_002238,439
A0ABR0TBF9,Uncharacterized protein,QM012_002793,201
A0ABR0TBV8,UDENN domain-containing protein,QM012_002796,903
A0ABR0TC57,Uncharacterized protein,QM012_002519,62
A0ABR0TC89,Rhodopsin domain-containing protein,QM012_001695,469
A0ABR0TCE3,Copper transport protein,QM012_002927,158
A0ABR0TCN8,Uncharacterized protein,QM012_002191,119
A0ABR0TCY3,Fungal lipase-type domain-containing protein,QM012_001933,411
A0ABR0TD10,1-alkyl-2-acetylglycerophosphocholine esterase,QM012_001971,508
A0ABR0TDR1,Uncharacterized protein,QM012_001319,490
A0ABR0TE32,F-box domain-containing protein,QM012_001944,894
A0ABR0TEA0,Coupling of ubiquitin conjugation to ER degradation protein 1,QM012_001909,183
A0ABR0TEB2,Actin-like ATPase domain-containing protein,QM012_001513,972
A0ABR0TEG1,CAAX prenyl protease,QM012_001983,458
A0ABR0TF41,RFX-type winged-helix domain-containing protein,QM012_000890,967
A0ABR0TFE0,Lysophospholipase,QM012_000998,663
A0ABR0TFF8,Integral membrane protein,QM012_000839,320
A0ABR0TFS2,2-nitropropane dioxygenase,QM012_001515,329
A0ABR0TFZ1,Amino acid permease/ SLC12A domain-containing protein,QM012_000781,563
A0ABR0TG43,NTF2-like domain-containing protein,QM012_000841,209
A0ABR0TGJ5,YjgF-like protein,QM012_009324,125
A0ABR0TGJ8,Uncharacterized protein,QM012_001092,146
A0ABR0TGM2,HlyIII-domain-containing protein,QM012_009354,325
A0ABR0TGM4,Homoserine dehydrogenase,QM012_009364,398
A0ABR0TGT3,Phosphoacetylglucosamine mutase,QM012_009230,546
A0ABR0TGV5,Uncharacterized protein,QM012_001197,258
A0ABR0TH08,Acetolactate synthase,QM012_009493,697
A0ABR0TH25,Carboxymethylenebutenolidase,QM012_009198,408
A0ABR0THD6,Meiotically up-regulated protein Msb1/Mug8 domain-containing protein,QM012_008698,1110
A0ABR0THQ9,Uncharacterized protein,QM012_008732,144
A0ABR0TID8,Rhodopsin domain-containing protein,QM012_009048,388
A0ABR0TIQ5,Phosphatidylglycerol/phosphatidylinositol transfer protein,QM012_008185,177
A0ABR0TJ11,protein disulfide-isomerase,QM012_008306,362
A0ABR0TJ20,DUF1688-domain-containing protein,QM012_008256,495
A0ABR0TJ53,Six-hairpin glycosidase,QM012_008786,354
A0ABR0TJZ4,Galactosyl transferase GMA12/MNN10 family protein,QM012_008324,317
A0ABR0TKF9,Xylanolytic transcriptional activator regulatory domain-containing protein,QM012_007606,807
A0ABR0TKS8,FAD dependent oxidoreductase domain-containing protein,QM012_007834,466
A0ABR0TL60,Transcription factor domain-containing protein,QM012_007923,664
A0ABR0TL75,Cleavage and polyadenylation specificity factor subunit 5,QM012_008502,271
A0ABR0TLG7,Uncharacterized protein,QM012_008072,82
A0ABR0TLP9,Alpha-galactosidase,QM012_007599,748
A0ABR0TMH2,Zn(2)-C6 fungal-type domain-containing protein,QM012_007286,700
A0ABR0TMP2,Nucleoside phosphorylase domain-containing protein,QM012_007944,1144
A0ABR0TN51,"1,3-beta-glucanosyltransferase",QM012_007505,545
A0ABR0TNB1,S-adenosyl-L-methionine-dependent methyltransferase,QM012_007568,116
A0ABR0TNJ7,Uncharacterized protein,QM012_007107,250
A0ABR0TNL8,Superoxide dismutase,QM012_006442,232
A0ABR0TNM9,Uncharacterized protein,QM012_006438,519
A0ABR0TNN7,Rhomboid-type serine protease,QM012_006455,502
A0ABR0TNQ8,Alpha-L-rhamnosidase six-hairpin glycosidase domain-containing protein,QM012_007232,681
A0ABR0TNV9,DUF8032 domain-containing protein,QM012_007212,566
A0ABR0TPG5,Inosine/uridine-preferring nucleoside hydrolase domain-containing protein,QM012_006647,393
A0ABR0TQ18,Enoyl reductase (ER) domain-containing protein,QM012_006370,367
A0ABR0TQ25,Hyaluronan/mRNA-binding protein domain-containing protein,QM012_006627,347
A0ABR0TQ69,feruloyl esterase,QM012_007008,549
A0ABR0TQB7,ASST-domain-containing protein,QM012_005655,593
A0ABR0TQQ0,[acyl-carrier-protein] S-malonyltransferase,QM012_007004,393
A0ABR0TR14,Uncharacterized protein,QM012_005908,264
A0ABR0TRI8,Major facilitator superfamily (MFS) profile domain-containing protein,QM012_005720,624
A0ABR0TRK6,NAD(P)-binding protein,QM012_006077,271
A0ABR0TSB5,Uncharacterized protein,QM012_006157,213
A0ABR0TSE9,Ras-GAP domain-containing protein,QM012_005793,783
A0ABR0TSI3,BZIP domain-containing protein,QM012_006202,359
A0ABR0TSS7,C2 domain-containing protein,QM012_006219,1340
A0ABR0TTX6,Uncharacterized protein,QM012_004676,1089
A0ABR0TUM1,Zn(2)-C6 fungal-type domain-containing protein,QM012_004685,365
A0ABR0TV46,NGG1p interacting factor 3,QM012_000259,339
A0ABR0TVG5,VHS domain-containing protein,QM012_000351,406
A0ABR0TVJ6,Eukaryotic translation initiation factor 3 subunit F,QM012_004710,342
A0ABR0TW69,"2,4-dienoyl-CoA reductase [(3E)-enoyl-CoA-producing]",QM012_000566,312
A0ABR0TW91,2-dehydropantoate 2-reductase,QM012_000606,419
A0ABR0TWF4,Chloride channel protein,QM012_000712,918
A0ABR0TWS5,SURP motif domain-containing protein,QM012_000268,513
A0ABR0TWT1,Cercosporin MFS transporter CTB4,QM012_000554,590
A0ABR0TXJ0,phosphoadenylyl-sulfate reductase (thioredoxin),QM012_000609,296
A0ABR0TXS7,Uncharacterized protein,QM012_000683,335
A0ABR0T4J1,2-methylcitrate dehydratase PrpD,QM012_005574,449
A0ABR0T509,Bromo domain-containing protein,QM012_005430,879
A0ABR0T5F6,PRELI/MSF1 domain-containing protein,QM012_005284,255
A0ABR0T5S4,Ubiquitin-like domain-containing protein,QM012_005184,230
A0ABR0T650,Replication factor C subunit 1,QM012_005437,1018
A0ABR0T6A8,SWR1-complex protein 3 domain-containing protein,QM012_005030,631
A0ABR0T6G3,Ammonium transporter AmtB-like domain-containing protein,QM012_004018,454
A0ABR0T6T1,Uncharacterized protein,QM012_004141,239
A0ABR0T6T6,non-specific serine/threonine protein kinase,QM012_004131,829
A0ABR0T714,Methionine aminopeptidase,QM012_003855,400
A0ABR0T769,Enoyl reductase (ER) domain-containing protein,QM012_003920,342
A0ABR0T796,GroES-like protein,QM012_005065,371
A0ABR0T7C6,Protein YOP1,QM012_003970,339
A0ABR0T7D9,J domain-containing protein,QM012_004929,415
A0ABR0T7P1,SWR1-complex protein 4,QM012_003714,532
A0ABR0T824,Flavin reductase like domain-containing protein,QM012_003303,183
A0ABR0T869,BD-FAE-like domain-containing protein,QM012_003817,301
A0ABR0T8A7,DUF7779 domain-containing protein,QM012_003393,514
A0ABR0T932,PA14 domain-containing protein,QM012_003547,653
A0ABR0T9P2,Alpha-L-rhamnosidase six-hairpin glycosidase domain-containing protein,QM012_003441,718
A0ABR0T9R6,non-specific serine/threonine protein kinase,QM012_003471,832
A0ABR0T9T1,Histone-fold-containing protein,QM012_003486,201
A0ABR0T9U6,Arabinanase/levansucrase/invertase,QM012_003284,330
A0ABR0TA22,Serine hydroxymethyltransferase,QM012_003555,518
A0ABR0TAA2,USP domain-containing protein,QM012_002697,511
A0ABR0TAQ0,NAD(P)-binding protein,QM012_003123,276
A0ABR0TAT0,Uncharacterized protein,QM012_002877,275
A0ABR0TB81,arginine--tRNA ligase,QM012_002571,644
A0ABR0TBD2,Electron transfer flavoprotein-ubiquinone oxidoreductase,QM012_002248,635
A0ABR0TBQ2,FMN hydroxy acid dehydrogenase domain-containing protein,QM012_002164,385
A0ABR0TBQ4,Pullulan synthetase,QM012_002369,179
A0ABR0TBT5,Carboxylic ester hydrolase,QM012_002396,306
A0ABR0TC13,"Exo-1,3-beta-glucanase D",QM012_002471,486
A0ABR0TC65,Protein kinase domain-containing protein,QM012_002901,486
A0ABR0TDR9,FHA domain-containing protein,QM012_001714,513
A0ABR0TED0,Apple domain-containing protein,QM012_001533,2263
A0ABR0TEL1,Fe-S cluster assembly protein DRE2,QM012_001616,340
A0ABR0TF79,Uncharacterized protein,QM012_001517,397
A0ABR0TFJ2,Beta-lactamase-related domain-containing protein,QM012_001039,422
A0ABR0TFK1,Aquaporin,QM012_001054,451
A0ABR0TGG6,Rhodopsin domain-containing protein,QM012_009312,361
A0ABR0TGK0,Uncharacterized protein,QM012_009325,205
A0ABR0THA1,alpha-L-rhamnosidase,QM012_009273,999
A0ABR0THU1,Uncharacterized protein,QM012_009306,432
A0ABR0THZ2,ABC transporter permease,QM012_008903,125
A0ABR0TI26,DUF7721 domain-containing protein,QM012_008949,367
A0ABR0TI35,Beach-domain-containing protein,QM012_009558,2573
A0ABR0TJ09,Uncharacterized protein,QM012_008241,399
A0ABR0TJ47,CipC-like antibiotic response protein,QM012_008333,128
A0ABR0TJ49,NAD(P)-binding protein,QM012_009119,310
A0ABR0TJJ1,Aminoglycoside phosphotransferase domain-containing protein,QM012_008921,373
A0ABR0TJP5,cyclin-dependent kinase,QM012_008419,394
A0ABR0TJS9,Ca3427-like PBP 2 domain-containing protein,QM012_008249,296
A0ABR0TK76,Extracellular membrane protein CFEM domain-containing protein,QM012_007639,235
A0ABR0TKK8,PH domain-containing protein,QM012_007731,279
A0ABR0TKP1,Uncharacterized protein,QM012_008308,314
A0ABR0TKR1,Acetyl-CoA synthetase-like protein,QM012_007797,626
A0ABR0TKV1,Cryptic loci regulator 2 N-terminal domain-containing protein,QM012_008639,245
A0ABR0TKW5,DUF1765-domain-containing protein,QM012_008397,863
A0ABR0TKY8,Uncharacterized protein,QM012_008447,518
A0ABR0TL42,Palmitoyltransferase,QM012_007908,570
A0ABR0TLA3,SnoaL-like domain-containing protein,QM012_007813,209
A0ABR0TLI0,DUF7719 domain-containing protein,QM012_007725,238
A0ABR0TLP1,cystathionine gamma-lyase,QM012_007856,402
A0ABR0TLV8,F-box domain-containing protein,QM012_007070,183
A0ABR0TM74,Leucine carboxyl methyltransferase 1,QM012_007965,381
A0ABR0TM83,Glucose-methanol-choline oxidoreductase N-terminal domain-containing protein,QM012_007195,572
A0ABR0TN11,Uncharacterized protein,QM012_008080,249
A0ABR0TND5,Aromatic prenyltransferase,QM012_006363,415
A0ABR0TNP6,Glycoside hydrolase,QM012_007338,930
A0ABR0TNR4,Orc1-like AAA ATPase domain-containing protein,QM012_006471,551
A0ABR0TPC7,Leo1-domain-containing protein,QM012_006681,503
A0ABR0TPE0,IMP-specific 5'-nucleotidase 1,QM012_006402,401
A0ABR0TPH4,Glycoside hydrolase,QM012_006569,475
A0ABR0TPP7,DUF4045 domain-containing protein,QM012_006722,837
A0ABR0TQA2,NAD(P)-binding protein,QM012_006854,465
A0ABR0TQX1,Uncharacterized protein,QM012_006686,404
A0ABR0TR09,DWNN-domain-containing protein,QM012_005867,624
A0ABR0TRB4,COP9 signalosome complex subunit 3,QM012_005860,482
A0ABR0TRC8,CORD and CS domain protein,QM012_006900,312
A0ABR0TRT2,F-box domain-containing protein,QM012_006156,380
A0ABR0TSJ7,RING-type domain-containing protein,QM012_004239,1410
A0ABR0TSS1,HAD superfamily hydrolase,QM012_004313,274
A0ABR0TSS5,VIT-domain-containing protein,QM012_005978,913
A0ABR0TTE0,chitin synthase,QM012_004523,1082
A0ABR0TTF4,NADP-dependent oxidoreductase domain-containing protein,QM012_004570,348
A0ABR0TTL5,Cyclin-domain-containing protein,QM012_004645,314
A0ABR0TU00,Actin/actin-like protein,QM012_004189,389
A0ABR0TUA7,DENN-domain-containing protein,QM012_004897,1099
A0ABR0TUI9,PCI domain-containing protein,QM012_004369,494
A0ABR0TUW1,Pre-rRNA-processing protein,QM012_004833,340
A0ABR0TUZ1,Nucleoporin-domain-containing protein,QM012_004863,1370
A0ABR0TV51,Mitochondrial import receptor subunit TOM20,QM012_004786,172
A0ABR0TVE6,C4-dicarboxylate transporter/malic acid transport protein,QM012_000260,432
A0ABR0TVN5,Uncharacterized protein,QM012_004755,1172
A0ABR0TVQ9,DUF202 domain-containing protein,QM012_000365,148
A0ABR0TVR8,DUF1295-domain-containing protein,QM012_000468,351
A0ABR0TWI6,Phenol 2-monooxygenase,QM012_000174,636
A0ABR0TWW6,Arabinanase/levansucrase/invertase,QM012_000248,745
A0ABR0TXG0,Dihydrodipicolinate synthase,QM012_000583,310
A0A4S9RW46,Histone H3,QM012_008594,136
A0ABR0T4E2,Mediator of RNA polymerase II transcription subunit 13,QM012_005609,1398
A0ABR0T5C2,Uncharacterized protein,QM012_005286,256
A0ABR0T5Y5,Uncharacterized protein,QM012_004923,246
A0ABR0T5Z3,Histone chaperone domain-containing protein,QM012_005133,159
A0ABR0T6B8,Uncharacterized protein,QM012_005071,90
A0ABR0T6H5,Uncharacterized protein,QM012_004037,78
A0ABR0T6U9,ABC transporter domain-containing protein,QM012_004153,871
A0ABR0T715,HD domain-containing protein,QM012_005127,242
A0ABR0T770,NAD(P)-binding domain-containing protein,QM012_005035,231
A0ABR0T7M5,rRNA-processing protein EFG1,QM012_003699,263
A0ABR0T7R2,HMA domain-containing protein,QM012_003727,79
A0ABR0T7T1,Uncharacterized protein,QM012_003742,149
A0ABR0T835,Arabinanase/levansucrase/invertase,QM012_003326,375
A0ABR0T859,Protein EFR3,QM012_003675,1114
A0ABR0T8P0,Elongation factor 1 gamma,QM012_003535,229
A0ABR0T8P7,Exonuclease domain-containing protein,QM012_003938,608
A0ABR0T8Q1,Uncharacterized protein,QM012_003412,158
A0ABR0T9B2,Ribosomal RNA-processing protein 8,QM012_003762,523
A0ABR0T9S6,MARVEL domain-containing protein,QM012_003266,321
A0ABR0TAE6,Enolase-phosphatase E1,UTR4,254
A0ABR0TAW8,NEDD8-conjugating enzyme UBC12,QM012_002922,183
A0ABR0TB56,Major facilitator superfamily (MFS) profile domain-containing protein,QM012_002170,529
A0ABR0TBS0,MYND-type domain-containing protein,QM012_002384,390
A0ABR0TBY5,Gluconate 5-dehydrogenase,QM012_002443,280
A0ABR0TBY8,Galactokinase,QM012_002254,520
A0ABR0TCD9,Uncharacterized protein,QM012_002166,304
A0ABR0TCN0,Riboflavin synthase,QM012_001690,233
A0ABR0TCX0,Nucleolar protein 12,QM012_002315,572
A0ABR0TD66,Uncharacterized protein,QM012_002025,146
A0ABR0TD75,E2 ubiquitin-conjugating enzyme,QM012_002371,279
A0ABR0TE61,Alb1-domain-containing protein,QM012_001450,187
A0ABR0TE76,Nucleoporin Nup54 alpha-helical domain-containing protein,QM012_001879,278
A0ABR0TEB6,RRM domain-containing protein,QM012_001518,417
A0ABR0TEL8,AB hydrolase-1 domain-containing protein,QM012_001614,356
A0ABR0TER1,C2H2-type domain-containing protein,QM012_001649,484
A0ABR0TEW3,MARVEL domain-containing protein,QM012_001230,227
A0ABR0TEW9,Uncharacterized protein,QM012_000818,442
A0ABR0TF05,BTB domain-containing protein,QM012_000863,426
A0ABR0TFA1,Uncharacterized protein,QM012_001684,164
A0ABR0TFB3,Uncharacterized protein,QM012_001461,767
A0ABR0TFG6,Uncharacterized protein,QM012_001026,555
A0ABR0TGH1,beta-galactosidase,QM012_001062,989
A0ABR0TGM5,non-specific serine/threonine protein kinase,QM012_000960,1061
A0ABR0TGZ1,ENTH domain-containing protein,QM012_009474,461
A0ABR0TH95,Expansin-like EG45 domain-containing protein,QM012_009187,242
A0ABR0THK2,Orc1-like AAA ATPase domain-containing protein,QM012_008769,454
A0ABR0THP6,Uncharacterized protein,QM012_008717,101
A0ABR0TIL4,Protein transport protein sec16,QM012_009129,2020
A0ABR0TIU6,N-acetyltransferase domain-containing protein,QM012_008230,165
A0ABR0TJ39,Uncharacterized protein,QM012_008820,180
A0ABR0TJ42,Major facilitator superfamily (MFS) profile domain-containing protein,QM012_008335,456
A0ABR0TJ60,Peptidase S9 prolyl oligopeptidase catalytic domain-containing protein,QM012_008801,874
A0ABR0TJF5,Uncharacterized protein,QM012_009102,136
A0ABR0TJI6,Major facilitator superfamily (MFS) profile domain-containing protein,QM012_009076,497
A0ABR0TJK6,Spindle pole body component,QM012_008498,876
A0ABR0TJP1,Uncharacterized protein,QM012_008499,248
A0ABR0TKC7,Origin recognition complex subunit 4,QM012_008188,748
A0ABR0TKG5,BCS1 N-terminal domain-containing protein,QM012_008233,325
A0ABR0TL50,TAFII28-like protein domain-containing protein,QM012_007753,342
A0ABR0TLN6,Malate/L-lactate dehydrogenase,QM012_008041,356
A0ABR0TLP7,V-type proton ATPase subunit H,QM012_008142,480
A0ABR0TLU5,Protein kinase domain-containing protein,QM012_007060,1951
A0ABR0TM27,Uncharacterized protein,QM012_007734,418
A0ABR0TM56,Probable endonuclease LCL3,QM012_007170,886
A0ABR0TMB4,N-acetyltransferase domain-containing protein,QM012_008158,218
A0ABR0TMC6,MFS general substrate transporter,QM012_007238,535
A0ABR0TMM7,CN hydrolase domain-containing protein,QM012_007945,283
A0ABR0TMY4,Protein SQS1,QM012_007440,777
A0ABR0TN28,General stress protein FMN-binding split barrel domain-containing protein,QM012_007291,209
A0ABR0TNE9,Apple domain-containing protein,QM012_007504,1205
A0ABR0TNK0,ubiquitinyl hydrolase 1,QM012_007364,1185
A0ABR0TNM4,UspA domain-containing protein,QM012_006448,566
A0ABR0TP91,F-box domain-containing protein,QM012_006683,323
A0ABR0TPL1,"Calcium uniporter protein, mitochondrial",QM012_006799,883
A0ABR0TPN1,F-box domain-containing protein,QM012_007532,526
A0ABR0TPN2,Dihydroxy-acid and 6-phosphogluconate dehydratase,QM012_007483,604
A0ABR0TPU1,PIPK domain-containing protein,QM012_006860,356
A0ABR0TPW0,Mandelate racemase/muconate lactonizing enzyme C-terminal domain-containing protein,QM012_006567,448
A0ABR0TQM7,Acireductone dioxygenase,ADI1,176
A0ABR0TR30,Mitochondrial inner membrane protein 1,QM012_006746,338
A0ABR0TRH5,PUA domain-containing protein,QM012_006051,469
A0ABR0TRI6,Major facilitator superfamily (MFS) profile domain-containing protein,QM012_006960,497
A0ABR0TS96,Rhodopsin domain-containing protein,QM012_006329,413
A0ABR0TSJ4,Uncharacterized protein,QM012_006280,523
A0ABR0TSL8,Knr4/Smi1-like domain-containing protein,QM012_006232,1099
A0ABR0TSY7,Mitochondrial thiamine pyrophosphate carrier 1,QM012_004389,368
A0ABR0TSZ1,UNC-50 family protein,QM012_006352,282
A0ABR0TTJ4,Uncharacterized protein,QM012_004612,468
A0ABR0TTQ5,Uncharacterized protein,QM012_004644,325
A0ABR0TTS1,F-box domain-containing protein,QM012_004659,488
A0ABR0TTT3,Uncharacterized protein,QM012_004693,240
A0ABR0TTW3,NodB homology domain-containing protein,QM012_004704,304
A0ABR0TUR4,NodB homology domain-containing protein,QM012_000035,314
A0ABR0TVJ1,Uncharacterized protein,QM012_000409,441
A0ABR0TVK6,BZIP domain-containing protein,QM012_004694,272
A0ABR0TVL3,NAD(P)-binding protein,QM012_000356,253
A0ABR0TVQ4,HTH La-type RNA-binding domain-containing protein,QM012_004789,567
A0ABR0TW49,Nudix hydrolase domain-containing protein,QM012_000616,211
A0ABR0TWK5,Major facilitator superfamily (MFS) profile domain-containing protein,QM012_000178,488
A0A4S9VC37,ATP-dependent RNA helicase eIF4A,QM012_008918,395
A0ABR0T4Q4,GLEYA adhesin domain-containing protein,QM012_005459,109
A0ABR0T5F2,U three protein 23,QM012_005236,319
A0ABR0T610,Uncharacterized protein,QM012_004972,501
A0ABR0T611,Glycosyltransferase 2-like domain-containing protein,QM012_005321,671
A0ABR0T6D6,Peptidase M3A/M3B catalytic domain-containing protein,QM012_005060,711
A0ABR0T7F9,Vacuolar protein sorting/targeting protein 10,QM012_004025,1501
A0ABR0T7I7,Extracellular membrane protein CFEM domain-containing protein,QM012_003651,205
A0ABR0T7U9,Acyl-CoA desaturase,QM012_003695,482
A0ABR0T980,Uncharacterized protein,QM012_003776,95
A0ABR0T9I5,NAD(P)-binding domain-containing protein,QM012_003410,326
A0ABR0T9K6,Uncharacterized protein,QM012_003191,773
A0ABR0T9L7,"ATP synthase subunit d, mitochondrial",QM012_003227,174
A0ABR0T9X1,DNA damage-binding protein 1,QM012_003005,1131
A0ABR0T9Y5,Uncharacterized protein,QM012_002580,280
A0ABR0TA50,Zn(2)-C6 fungal-type domain-containing protein,QM012_002629,390
A0ABR0TA64,SAGA-associated factor 11,QM012_003095,325
A0ABR0TA70,Uncharacterized protein,QM012_003571,382
A0ABR0TAZ8,Glycosyltransferase 2-like domain-containing protein,QM012_002905,890
A0ABR0TC26,Major facilitator superfamily (MFS) profile domain-containing protein,QM012_002177,508
A0ABR0TC63,Kinase-like protein,QM012_002518,807
A0ABR0TCB7,ZIP zinc/iron transport family,QM012_002120,356
A0ABR0TCC4,Inositol oxygenase,QM012_002151,324
A0ABR0TCF8,Pescadillo homolog,NOP7,702
A0ABR0TCM9,Purine-cytosine permease,QM012_001828,523
A0ABR0TCN9,LIM-domain binding protein DD and LCCD domain-containing protein,QM012_001812,866
A0ABR0TCU6,UDENN domain-containing protein,QM012_001901,649
A0ABR0TCY5,Major facilitator superfamily (MFS) profile domain-containing protein,QM012_002492,548
A0ABR0TDA2,RuvB-like helicase,QM012_002055,500
A0ABR0TDA8,Major facilitator superfamily (MFS) profile domain-containing protein,QM012_002066,1054
A0ABR0TDC5,HNH nuclease domain-containing protein,QM012_002526,200
A0ABR0TDE9,Uncharacterized protein,QM012_002111,383
A0ABR0TDG1,Phosphatidate cytidylyltransferase,QM012_001719,465
A0ABR0TDP6,Exonuclease domain-containing protein,QM012_001304,728
A0ABR0TDZ9,Phosphatidylinositol 4-kinase,QM012_001789,748
A0ABR0TEU3,Transcription elongation factor 1 homolog,QM012_001250,135
A0ABR0TF89,VPS28-domain-containing protein,QM012_000933,376
A0ABR0TFB2,tRNA dimethylallyltransferase,QM012_001381,461
A0ABR0TFV0,Cobalamin-independent methionine synthase MetE C-terminal/archaeal domain-containing protein,QM012_001545,406
A0ABR0TFY0,Uncharacterized protein,QM012_001019,213
A0ABR0TGC3,Uncharacterized protein,QM012_009236,718
A0ABR0TGT5,Uncharacterized protein,QM012_009432,431
A0ABR0THX8,TPR-like protein,QM012_008893,945
A0ABR0TI23,AMP-dependent synthetase/ligase domain-containing protein,QM012_008759,704
A0ABR0TI62,P/Homo B domain-containing protein,QM012_008991,849
A0ABR0TIV6,Mitochondrial 2-oxodicarboxylate carrier protein,QM012_008240,301
A0ABR0TJ45,Auxiliary Activity family 9 catalytic domain-containing protein,QM012_008835,265
A0ABR0TJ74,Pre-mRNA-splicing factor CWC24,QM012_008986,323
A0ABR0TJC7,CDC20/Fizzy WD40 domain-containing protein,QM012_008910,629
A0ABR0TJE5,chitinase,QM012_008435,378
A0ABR0TJF8,Proteasome subunit alpha type,QM012_008891,269
A0ABR0TJK1,Major facilitator superfamily (MFS) profile domain-containing protein,QM012_009091,466
A0ABR0TK00,2Fe-2S ferredoxin-type domain-containing protein,QM012_008604,189
A0ABR0TKL5,Major facilitator superfamily (MFS) profile domain-containing protein,QM012_008327,503
A0ABR0TKX6,CID domain-containing protein,QM012_008398,454
A0ABR0TL25,Splicing factor YJU2,QM012_007928,236
A0ABR0TLX5,J domain-containing protein,QM012_007090,355
A0ABR0TLZ0,Dipeptidyl-peptidase V,QM012_007103,748
A0ABR0TMD4,B3/B4 tRNA-binding domain-containing protein,QM012_007839,242
A0ABR0TMK2,t-SNARE coiled-coil homology domain-containing protein,QM012_007313,430
A0ABR0TMK9,non-chaperonin molecular chaperone ATPase,QM012_007312,614
A0ABR0TMN1,Splicing factor U2AF subunit,QM012_007314,561
A0ABR0TMN4,TUG ubiquitin-like domain-containing protein,QM012_008145,389
A0ABR0TMY3,asparagine--tRNA ligase,QM012_007401,529
A0ABR0TN60,ATP-dependent RNA helicase,QM012_008125,565
A0ABR0TN79,HCP-like protein,QM012_007537,729
A0ABR0TNI4,Uncharacterized protein,QM012_006428,543
A0ABR0TNY8,WSC domain-containing protein,QM012_007499,305
A0ABR0TP09,Cullin N-terminal domain-containing protein,QM012_006573,246
A0ABR0TP86,S-adenosyl-L-methionine-dependent methyltransferase,QM012_006479,292
A0ABR0TPG6,Phosphatidate phosphatase APP1 catalytic domain-containing protein,QM012_007472,605
A0ABR0TPH5,Uncharacterized protein,QM012_006406,74
A0ABR0TPT6,Glutathione S-transferase,QM012_006689,247
A0ABR0TPV6,J domain-containing protein,QM012_006782,350
A0ABR0TPW3,Major facilitator superfamily (MFS) profile domain-containing protein,QM012_006719,529
A0ABR0TQ61,Nop domain-containing protein,QM012_006997,602
A0ABR0TQE6,Fe2OG dioxygenase domain-containing protein,QM012_006505,242
A0ABR0TQH3,Trafficking protein particle complex subunit 11 domain-containing protein,QM012_005706,1242
A0ABR0TQK8,Fe2OG dioxygenase domain-containing protein,QM012_005743,440
A0ABR0TQW5,non-specific serine/threonine protein kinase,QM012_005847,902
A0ABR0TQW7,N-acetyltransferase domain-containing protein,QM012_005677,198
A0ABR0TRD1,Class II aldolase/adducin N-terminal domain-containing protein,QM012_005660,300
A0ABR0TRF8,HpcH/HpaI aldolase/citrate lyase domain-containing protein,QM012_006930,286
A0ABR0TS06,LisH domain-containing protein,QM012_006237,702
A0ABR0TTA5,Protein kinase domain-containing protein,QM012_006143,319
A0ABR0TTR0,Inositolphosphotransferase Aur1/Ipt1 domain-containing protein,QM012_004622,401
A0ABR0TTR3,DRBM domain-containing protein,QM012_004616,108
A0ABR0TTR7,NAD(P)-binding protein,QM012_004443,284
A0ABR0TTS2,Major facilitator superfamily (MFS) profile domain-containing protein,QM012_004536,485
A0ABR0TTY5,ATP-dependent DNA helicase,QM012_004596,491
A0ABR0TUM6,Glycosyltransferase family 8 protein,QM012_000094,358
A0ABR0TUR7,SMP domain-containing protein,QM012_004425,80
A0ABR0TUT6,HORMA domain-containing protein,QM012_000122,228
A0ABR0TV05,Uncharacterized protein,QM012_000197,946
A0ABR0TV25,Uncharacterized protein,QM012_004549,224
A0ABR0TVJ5,Cytochrome c oxidase subunit,QM012_000381,131
A0ABR0TVK7,J domain-containing protein,QM012_000408,420
A0ABR0TWC2,HSF-type DNA-binding domain-containing protein,QM012_000510,770
A0ABR0TWK3,Phytoene desaturase,QM012_000464,612
A0ABR0TXE2,SAP domain-containing protein,QM012_000564,552
A0ABR0T4D7,F-box domain-containing protein,QM012_005556,391
A0ABR0T4G9,Apple domain-containing protein,QM012_005601,779
A0ABR0T4N3,Uncharacterized protein,QM012_005533,522
A0ABR0T546,Velvet domain-containing protein,QM012_005230,579
A0ABR0T6K4,Amino-acid transporter arg-13,QM012_004063,328
A0ABR0T6P1,Mitochondrial thiamine pyrophosphate carrier 1,QM012_004096,327
A0ABR0T6R2,Cytidine deaminase,QM012_004110,160
A0ABR0T6T0,Uncharacterized protein,QM012_004138,4331
A0ABR0T7U7,BZIP domain-containing protein,QM012_004160,230
A0ABR0T7Y9,Arabinanase/levansucrase/invertase,QM012_004039,341
A0ABR0T803,Thymocyte nuclear protein 1,QM012_003864,463
A0ABR0T806,MFS general substrate transporter,QM012_003293,261
A0ABR0T8D1,Acid protease,QM012_003419,601
A0ABR0T8F2,Deoxycytidylate deaminase,QM012_003445,343
A0ABR0T8H1,Reticulon-like protein,QM012_003460,476
A0ABR0T8X1,JmjC domain-containing protein,QM012_003549,189
A0ABR0T8Z5,Amino acid transporter,QM012_002987,519
A0ABR0T973,Postreplication repair E3 ubiquitin-protein ligase RAD18,QM012_003074,461
A0ABR0T9C7,Ribose 5-phosphate isomerase B,QM012_003777,172
A0ABR0T9Q8,pyridoxal 5'-phosphate synthase,QM012_003256,245
A0ABR0T9U0,Uncharacterized protein,QM012_003285,171
A0ABR0T9V1,REJ domain-containing protein,QM012_003516,464
A0ABR0TAL9,S-formylglutathione hydrolase,QM012_002817,288
A0ABR0TB60,HXXEE domain-containing protein,QM012_002168,214
A0ABR0TBR9,DUS-like FMN-binding domain-containing protein,QM012_002242,315
A0ABR0TBX6,Uncharacterized protein,QM012_002433,171
A0ABR0TCA3,RNA polymerase II degradation factor 1,QM012_002252,968
A0ABR0TCB4,Pyruvate decarboxylase,QM012_001724,596
A0ABR0TCJ9,Histidine kinase HHK15p,QM012_001801,1176
A0ABR0TCU5,REJ domain-containing protein,QM012_002235,285
A0ABR0TD47,AAA+ ATPase domain-containing protein,QM012_001700,391
A0ABR0TDR0,Uncharacterized protein,QM012_001318,930
A0ABR0TDT0,F1F0 ATP synthase assembly protein-like protein Atp11,QM012_001343,320
A0ABR0TE30,Mitochondrial division protein 1,QM012_001419,720
A0ABR0TEP7,ABC transporter domain-containing protein,QM012_001382,285
A0ABR0TEZ8,TauD/TfdA-like domain-containing protein,QM012_001672,401
A0ABR0TF50,Thiamine phosphate synthase/TenI domain-containing protein,QM012_001416,517
A0ABR0TFB6,MFS general substrate transporter,QM012_000794,1102
A0ABR0TFP3,Cyclin-dependent kinase 1,QM012_001099,327
A0ABR0TFY5,F-box domain-containing protein,QM012_001590,598
A0ABR0TG12,DRBM domain-containing protein,QM012_009162,275
A0ABR0TGS1,Mitochondrial chaperone BCS1,QM012_009400,489
A0ABR0TGU6,Acyl-CoA desaturase,QM012_009429,446
A0ABR0TGZ0,VOC domain-containing protein,QM012_001030,859
A0ABR0TH49,Uncharacterized protein,QM012_001090,114
A0ABR0TH56,AAA+ ATPase domain-containing protein,QM012_009443,778
A0ABR0THM5,Uncharacterized protein,QM012_009196,342
A0ABR0THR3,WW domain-containing protein,QM012_008809,303
A0ABR0THV1,Uncharacterized protein,QM012_009257,253
A0ABR0THX0,beta-glucosidase,QM012_009427,710
A0ABR0THX2,AAR2-domain-containing protein,QM012_009498,463
A0ABR0TI67,Gcp-like domain-containing protein,QM012_008978,329
A0ABR0TJK5,5'-3' exoribonuclease 1,QM012_008495,1390
A0ABR0TK22,PhoD-like phosphatase metallophosphatase domain-containing protein,QM012_008665,532
A0ABR0TKF7,NTF2 domain-containing protein,QM012_007714,172
A0ABR0TKI5,Glycine cleavage system H protein,QM012_007742,167
A0ABR0TKJ5,Major facilitator superfamily (MFS) profile domain-containing protein,QM012_008534,587
A0ABR0TL36,N-acetyltransferase domain-containing protein,QM012_007940,93
A0ABR0TLI1,Fimbrin,QM012_008642,659
A0ABR0TLI6,Squalene/phytoene synthase,QM012_007888,317
A0ABR0TLN2,Alternative oxidase,QM012_008127,345
A0ABR0TLU3,RNB domain-containing protein,QM012_007993,1348
A0ABR0TM78,Extracellular membrane protein CFEM domain-containing protein,QM012_007780,249
A0ABR0TMA8,TOG domain-containing protein,QM012_007810,934
A0ABR0TN49,N-acetyltransferase domain-containing protein,QM012_007507,487
A0ABR0TN87,PLP-dependent transferase,QM012_007555,523
A0ABR0TNX7,2-methylcitrate dehydratase,QM012_006545,550
A0ABR0TP08,F-box domain-containing protein,QM012_006592,358
A0ABR0TP36,Uncharacterized protein,QM012_006598,955
A0ABR0TP95,RNase III domain-containing protein,QM012_006665,151
A0ABR0TPK1,vWA found in TerF C terminus domain-containing protein,QM012_006770,601
A0ABR0TPZ0,Uncharacterized protein,QM012_006749,131
A0ABR0TQH5,Prefoldin,QM012_006535,120
A0ABR0TQI8,General stress protein FMN-binding split barrel domain-containing protein,QM012_005721,250
A0ABR0TQW3,Apple domain-containing protein,QM012_005835,757
A0ABR0TQX3,Defect at low temperature protein 1,DLT1,445
A0ABR0TQZ5,Mitogen-activated protein kinase,QM012_005877,482
A0ABR0TQZ8,Mitochondrial carrier,QM012_006716,333
A0ABR0TSE0,Uncharacterized protein,QM012_006330,101
A0ABR0TSX8,Uncharacterized protein,QM012_004387,148
A0ABR0TSY8,Mitochondrial fission process protein 1,QM012_004373,334
A0ABR0TTF1,C2H2-type domain-containing protein,QM012_004542,373
A0ABR0TTI9,Endoplasmic reticulum-Golgi intermediate compartment protein,QM012_004216,397
A0ABR0TTT4,MICOS complex subunit MIC12,QM012_004717,174
A0ABR0TTX0,25S rRNA (Uridine(2843)-N(3))-methyltransferase,QM012_004581,401
A0ABR0TUC7,"Mannan endo-1,6-alpha-mannosidase",QM012_004275,497
A0ABR0TUF1,DUF2415 domain-containing protein,QM012_004610,760
A0ABR0TUL3,Phosphoglycerate mutase-like protein,QM012_000079,222
A0ABR0TUY7,Uncharacterized protein,QM012_000030,217
A0ABR0TV10,Target of rapamycin complex subunit LST8,QM012_004499,326
A0ABR0TV98,PHF5-like protein,QM012_000319,108
A0ABR0TVL4,5-oxoprolinase,QM012_000396,1353
A0ABR0TVP4,Transcription factor domain-containing protein,QM012_000350,216
A0ABR0TVU1,Methionine aminopeptidase 2,QM012_004769,450
A0ABR0TVV9,Amino acid transporter transmembrane domain-containing protein,QM012_000498,654
A0ABR0TW90,Serine/threonine protein kinase HRR25,QM012_000480,1152
A0ABR0TWG5,Histone acetyltransferase type B catalytic subunit,QM012_000325,520
A0ABR0TWM3,WHIM1 domain-containing protein,QM012_000701,587
A0ABR0TWS0,CP-type G domain-containing protein,QM012_000539,687
A0ABR0TX53,Major facilitator superfamily (MFS) profile domain-containing protein,QM012_000444,524
A0ABR0T4Y2,Phenol 2-monooxygenase,QM012_005361,640
A0ABR0T4Z9,Cytochrome c oxidase assembly protein-like protein cox15,QM012_005376,516
A0ABR0T500,Glycosyl transferase family 1 domain-containing protein,QM012_005478,479
A0ABR0T5I1,Apple domain-containing protein,QM012_005470,490
A0ABR0T5X9,HIG1 domain-containing protein,QM012_004939,191
A0ABR0T6E2,OTU domain-containing protein,QM012_005334,332
A0ABR0T6Q1,J domain-containing protein,QM012_004111,237
A0ABR0T6R3,Sm domain-containing protein,QM012_004032,143
A0ABR0T781,Myb-like domain-containing protein,QM012_003930,377
A0ABR0T7N9,Short chain dehydrogenase/ reductase-like protein,QM012_003984,309
A0ABR0T7R7,Uncharacterized protein,QM012_003911,310
A0ABR0T8A6,Small secreted protein,QM012_003400,147
A0ABR0T8C9,Aromatic amino acid beta-eliminating lyase/threonine aldolase domain-containing protein,QM012_003292,387
A0ABR0T8Y4,DUF2241 domain-containing protein,QM012_002983,152
A0ABR0T978,"Peptidase M49, dipeptidyl-peptidase III",QM012_003392,571
A0ABR0T984,C2H2-type domain-containing protein,QM012_003320,215
A0ABR0T9E7,Uncharacterized protein,QM012_003589,659
A0ABR0T9J9,Uncharacterized protein,QM012_003396,821
A0ABR0T9N3,DASH complex subunit Hsk3 like-domain-containing protein,QM012_003242,108
A0ABR0TA72,Cation/H+ exchanger transmembrane domain-containing protein,QM012_002666,491
A0ABR0TAG1,Major facilitator superfamily (MFS) profile domain-containing protein,QM012_002540,494
A0ABR0TBM4,ABC1 atypical kinase-like domain-containing protein,QM012_002333,695
A0ABR0TBW6,Uncharacterized protein,QM012_002287,3993
A0ABR0TBX3,VHS domain-containing protein,QM012_002425,258
A0ABR0TC72,Zn(2)-C6 fungal-type domain-containing protein,QM012_001686,634
A0ABR0TCC3,Fumarylacetoacetase-like C-terminal domain-containing protein,QM012_001692,289
A0ABR0TCM0,DUF1772-domain-containing protein,QM012_001826,165
A0ABR0TCP3,"endo-1,3(4)-beta-glucanase",QM012_001859,336
A0ABR0TD97,DNA2/NAM7 helicase helicase domain-containing protein,QM012_002057,387
A0ABR0TDI6,Phytanoyl-CoA dioxygenase family protein,QM012_001242,292
A0ABR0TDM0,Uncharacterized protein,QM012_002035,153
A0ABR0TDQ5,DNA-directed RNA polymerase RBP11-like dimerisation domain-containing protein,QM012_001323,149
A0ABR0TDR2,Ubiquitin-like domain-containing protein,QM012_001713,635
A0ABR0TDX0,HCP-like protein,QM012_001267,396
A0ABR0TDX8,RING-type domain-containing protein,QM012_001407,590
A0ABR0TDY2,Tryptophan synthase,QM012_002092,722
A0ABR0TEM7,Carrier domain-containing protein,QM012_001619,1980
A0ABR0TFJ6,RPEL repeat protein,QM012_001063,138
A0ABR0TG88,Peptide-methionine (R)-S-oxide reductase,QM012_000886,197
A0ABR0TGF0,TPR-like protein,QM012_009297,472
A0ABR0TGM6,"galacturonan 1,4-alpha-galacturonidase",QM012_009355,444
A0ABR0TGQ7,peptidyl-tRNA hydrolase,QM012_009388,206
A0ABR0TGW3,TFIID subunit TAF5 NTD2 domain-containing protein,QM012_009448,695
A0ABR0TH55,Protein arginine methyltransferase NDUFAF7,QM012_009350,551
A0ABR0THB9,Uncharacterized protein,QM012_008683,209
A0ABR0THN6,Enoyl reductase (ER) domain-containing protein,QM012_009408,369
A0ABR0THN9,Xylanolytic transcriptional activator regulatory domain-containing protein,QM012_009337,657
A0ABR0TI58,Uncharacterized protein,QM012_008947,124
A0ABR0TIB5,Acetylxylan esterase,QM012_009422,226
A0ABR0TIF6,Inhibitor I9 domain-containing protein,QM012_008772,99
A0ABR0TIN3,NAD(P)-binding protein,QM012_008165,240
A0ABR0TIZ7,Galactose oxidase,QM012_008285,1115
A0ABR0TJL0,Nuclear protein localization protein 4,QM012_008985,593
A0ABR0TJN1,Mitochondrial 15S rRNA processing factor CCM1-like TPR repeats domain-containing protein,QM012_008311,628
A0ABR0TKB4,TLC domain-containing protein,QM012_007647,457
A0ABR0TKF4,Transcription factor SWI6,QM012_008433,863
A0ABR0TKH1,Uncharacterized protein,QM012_007733,572
A0ABR0TKW7,Wax synthase domain-containing protein,QM012_008654,491
A0ABR0TKZ9,PH domain-containing protein,QM012_008628,808
A0ABR0TLA2,Mediator of RNA polymerase II transcription subunit 19,MED19,343
A0ABR0TLF9,Diaminopropionate ammonia-lyase,QM012_008063,765
A0ABR0TLL1,CCAAT-binding factor domain-containing protein,QM012_008011,887
A0ABR0TLM9,Translation initiation factor eIF2B subunit delta,QM012_007770,520
A0ABR0TLT4,Clock-controlled protein 6,QM012_007901,128
A0ABR0TLX0,Uncharacterized protein,QM012_007931,306
A0ABR0TM62,alpha-L-rhamnosidase,QM012_007764,918
A0ABR0TMC5,proline--tRNA ligase,QM012_008010,618
A0ABR0TMW7,Alpha/beta-hydrolase,QM012_007421,394
A0ABR0TNE3,Pyruvate decarboxylase,QM012_007047,581
A0ABR0TNH2,Small ribosomal subunit protein uS10 domain-containing protein,QM012_007127,117
A0ABR0TNN0,histidine kinase,QM012_006454,774
A0ABR0TNS6,Cysteine protease,QM012_007439,434
A0ABR0TP18,Dynactin subunit 6,QM012_006497,197
A0ABR0TP24,Glycoside hydrolase,QM012_007529,435
A0ABR0TQ77,Major facilitator superfamily (MFS) profile domain-containing protein,QM012_007012,499
A0ABR0TQA1,BRCT domain-containing protein,QM012_006702,845
A0ABR0TQF2,peptidylprolyl isomerase,QM012_006521,150
A0ABR0TQR2,U3 small nucleolar ribonucleoprotein protein IMP3,QM012_005806,184
A0ABR0TR13,Peptidase A1 domain-containing protein,QM012_005879,400
A0ABR0TR88,Glucoamylase,QM012_005986,617
A0ABR0TRA6,Uncharacterized protein,QM012_005998,1071
A0ABR0TRM6,Translation initiation factor 5A C-terminal domain-containing protein,QM012_006104,481
A0ABR0TRS6,Pathway-specific nitrogen regulator,QM012_006162,544
A0ABR0TRU4,Uncharacterized protein,QM012_005825,223
A0ABR0TRZ4,DUF1479-domain-containing protein,QM012_006222,480
A0ABR0TSQ3,ribonuclease Z,QM012_006262,982
A0ABR0TSY0,G-patch domain-containing protein,QM012_005988,272
A0ABR0TU38,protein-tyrosine-phosphatase,QM012_004411,318
A0ABR0TU48,REJ domain-containing protein,QM012_004656,429
A0ABR0TUU4,Importin N-terminal domain-containing protein,QM012_000123,1027
A0ABR0TV14,KOW domain-containing protein,QM012_000201,136
A0ABR0TV38,Cyclin N-terminal domain-containing protein,QM012_004564,341
A0ABR0TVA8,Autophagy-related protein 3,QM012_000331,351
A0ABR0TVF0,NAD(P)-binding protein,QM012_000296,366
A0ABR0TVX2,NAD binding Rossmann fold oxidoreductase,QM012_000224,379
A0ABR0TW25,E3 ubiquitin protein ligase,QM012_000521,709
A0ABR0TWH9,PIN domain-containing protein,QM012_000656,226
A0ABR0TWI2,Cyclohexanone monooxygenase,QM012_000723,588
A0ABR0TWN9,Uncharacterized protein,QM012_000537,126
A0ABR0TX58,EXPERA domain-containing protein,QM012_000704,237
A0ABR0T4F6,Cyclase,QM012_005585,319
A0ABR0T4H3,Uncharacterized protein,QM012_005603,304
A0ABR0T651,Vacuolar protein sorting-associated protein 27,QM012_005378,657
A0ABR0T685,Methyltransferase,QM012_005041,301
A0ABR0T6B4,UDP-Glycosyltransferase/glycogen phosphorylase,QM012_005074,843
A0ABR0T6C2,DUF7704 domain-containing protein,QM012_005175,147
A0ABR0T6I9,SAC domain-containing protein,QM012_005057,698
A0ABR0T798,Transcription factor domain-containing protein,QM012_003940,537
A0ABR0T7D5,aldehyde dehydrogenase (NAD(+)),QM012_003854,497
A0ABR0T7Q9,Rhodopsin domain-containing protein,QM012_004043,360
A0ABR0T894,Amidase domain-containing protein,QM012_003388,257
A0ABR0T8C1,Altered inheritance of mitochondria protein 41,AIM41,189
A0ABR0T8F8,SWIB-domain-containing protein,QM012_003848,278
A0ABR0T8J2,PCI domain-containing protein,QM012_003483,564
A0ABR0T8U0,Amidase,QM012_003394,191
A0ABR0T8W7,"Mannan endo-1,6-alpha-mannosidase",QM012_003793,455
A0ABR0T8X2,Uncharacterized protein,QM012_003677,195
A0ABR0TAG0,NodB homology domain-containing protein,QM012_002760,329
A0ABR0TAM6,Kinase,QM012_003159,1327
A0ABR0TB41,NAD(P)-binding protein,QM012_002148,356
A0ABR0TBA6,Anaphase-promoting complex subunit 2,QM012_002219,629
A0ABR0TBD5,NADP-dependent oxidoreductase domain-containing protein,QM012_002249,320
A0ABR0TBH7,LAA1-like C-terminal TPR repeats domain-containing protein,QM012_002707,2025
A0ABR0TBN3,DFDF domain-containing protein,QM012_002752,551
A0ABR0TC30,NADH dehydrogenase [ubiquinone] 1 beta subcomplex subunit 4,QM012_002488,75
A0ABR0TC32,EKC/KEOPS complex subunit BUD32,QM012_002902,441
A0ABR0TC41,Aminopeptidase,QM012_002836,882
A0ABR0TCJ0,CENP-S associating centromere protein X-domain-containing protein,QM012_002342,254
A0ABR0TCT6,ABC transporter domain-containing protein,QM012_001892,1055
A0ABR0TD46,Zn(2)-C6 fungal-type domain-containing protein,QM012_001997,811
A0ABR0TD85,Alpha/beta hydrolase fold-3 domain-containing protein,QM012_002046,320
A0ABR0TDD2,Uncharacterized protein,QM012_002084,252
A0ABR0TDI4,COP9 signalosome complex subunit 2,QM012_001850,486
A0ABR0TDW4,Amino acid permease/ SLC12A domain-containing protein,QM012_001793,542
A0ABR0TE90,NADH-ubiquinone oxidoreductase B12 subunit,QM012_001232,75
A0ABR0TET8,Uncharacterized protein,QM012_001612,383
A0ABR0TF94,Zn(2)-C6 fungal-type domain-containing protein,QM012_000950,1012
A0ABR0TFB8,Uncharacterized protein,QM012_000969,453
A0ABR0TFC8,MFS general substrate transporter,QM012_001476,462
A0ABR0TFF2,Dipeptidase,QM012_001506,448
A0ABR0TGV9,Uncharacterized protein,QM012_001000,194
A0ABR0TH15,Altered inheritance of mitochondria protein 21,QM012_009507,1115
A0ABR0THI5,GDP/GTP exchange factor Sec2 N-terminal domain-containing protein,QM012_009277,323
A0ABR0THS5,Cytochrome P450,QM012_008843,509
A0ABR0TI03,nitric oxide dioxygenase,QM012_009528,410
A0ABR0TI18,Oxysterol binding protein-like protein,QM012_009331,387
A0ABR0TIV0,Small nuclear ribonucleoprotein G,QM012_008922,81
A0ABR0TJD1,lytic cellulose monooxygenase (C4-dehydrogenating),QM012_008423,327
A0ABR0TJD7,L domain-like protein,QM012_008376,252
A0ABR0TJE6,TFIID-18kDa-domain-containing protein,QM012_008415,330
A0ABR0TJI5,U6 small nuclear RNA (adenine-(43)-N(6))-methyltransferase,QM012_008439,434
A0ABR0TJL1,TBP-associated factor 6,QM012_008451,450
A0ABR0TJR1,RNA cytidine acetyltransferase,NAT10,1071
A0ABR0TKN4,Xylanolytic transcriptional activator regulatory domain-containing protein,QM012_007792,629
A0ABR0TKV3,"rRNA methyltransferase 2, mitochondrial",QM012_008583,373
A0ABR0TL18,Glutathione reductase,QM012_008443,464
A0ABR0TL61,(S)-ureidoglycine aminohydrolase cupin domain-containing protein,QM012_007605,159
A0ABR0TLJ0,Nuclear pore complex subunit Nup192,QM012_007740,1644
A0ABR0TM09,AMP-dependent synthetase/ligase domain-containing protein,QM012_007071,483
A0ABR0TM93,Xylanolytic transcriptional activator regulatory domain-containing protein,QM012_007211,669
A0ABR0TMA0,F-actin-capping protein subunit beta,QM012_007194,265
A0ABR0TMM4,DUF3752 domain-containing protein,QM012_007327,313
A0ABR0TMV3,Xaa-Pro dipeptidyl-peptidase-like domain-containing protein,QM012_007371,302
A0ABR0TN29,Mitochondrial intermediate peptidase,QM012_007464,798
A0ABR0TNT0,SH3 domain-containing protein,QM012_006486,1055
A0ABR0TNV3,Phenylalanine ammonia-lyase,QM012_006529,435
A0ABR0TPA3,Ketoacyl-synt-domain-containing protein,QM012_006372,2973
A0ABR0TPE5,Amine oxidase,QM012_006723,811
A0ABR0TPM4,DUF862-domain-containing protein,QM012_006707,671
A0ABR0TPN5,Uncharacterized protein,QM012_006817,181
A0ABR0TPN9,Uncharacterized protein,QM012_007547,301
A0ABR0TQI6,Prohibitin,QM012_005711,310
A0ABR0TR67,NADP-dependent oxidoreductase domain-containing protein,QM012_007002,287
A0ABR0TRA5,Major facilitator superfamily (MFS) profile domain-containing protein,QM012_006001,613
A0ABR0TRF4,D-xylulose reductase,QM012_006046,361
A0ABR0TRJ4,Major facilitator superfamily (MFS) profile domain-containing protein,QM012_005754,442
A0ABR0TRM5,SSD domain-containing protein,QM012_006941,1104
A0ABR0TRV2,FAD-binding FR-type domain-containing protein,QM012_006196,547
A0ABR0TS01,Xylanolytic transcriptional activator regulatory domain-containing protein,QM012_005723,521
A0ABR0TS52,Uncharacterized protein,QM012_005719,361
A0ABR0TSP9,RNI-like protein,QM012_004312,1764
A0ABR0TST4,Bystin-domain-containing protein,QM012_004328,486
A0ABR0TT60,Uncharacterized protein,QM012_004311,928
A0ABR0TT74,Aminomethyltransferase,QM012_004468,461
A0ABR0TTC7,C2H2-type domain-containing protein,QM012_004293,172
A0ABR0TTE3,Uncharacterized protein,QM012_004496,491
A0ABR0TTH9,Pentatricopeptide repeat protein,QM012_004597,614
A0ABR0TTJ8,HTH La-type RNA-binding domain-containing protein,QM012_004461,911
A0ABR0TTK1,Small ribosomal subunit protein mS23,QM012_004598,452
A0ABR0TTM5,Amidase domain-containing protein,QM012_004398,572
A0ABR0TUI4,DH domain-containing protein,QM012_004561,1014
A0ABR0TUP5,J domain-containing protein,QM012_000081,219
A0ABR0TUS6,Methyltransferase domain-containing protein,QM012_004881,275
A0ABR0TUV9,DNA polymerase,QM012_000138,679
A0ABR0TV72,Uncharacterized protein,QM012_000120,205
A0ABR0TV95,CHASE domain-containing protein,QM012_000291,283
A0ABR0TVH1,Uncharacterized protein,QM012_000210,258
A0ABR0TW05,MATE efflux family protein,QM012_004829,648
A0ABR0TX15,Uncharacterized protein,QM012_000687,73
A0ABR0TXA1,Rieske domain-containing protein,QM012_000655,559
A0A1A7MRD3,Large ribosomal subunit protein uL14m,QM012_000552,135
A0ABR0T4F8,Aminoglycoside phosphotransferase domain-containing protein,QM012_005588,293
A0ABR0T4H1,Glucose-methanol-choline oxidoreductase N-terminal domain-containing protein,QM012_005566,589
A0ABR0T4Y3,Uncharacterized protein,QM012_005463,330
A0ABR0T565,Acyltransferase 3 domain-containing protein,QM012_005473,276
A0ABR0T5Q4,Major facilitator superfamily (MFS) profile domain-containing protein,QM012_005324,506
A0ABR0T5S2,J domain-containing protein,QM012_005520,647
A0ABR0T5U7,DUF3433 domain containing protein,QM012_005219,1216
A0ABR0T5Y0,Major facilitator superfamily (MFS) profile domain-containing protein,QM012_005150,487
A0ABR0T5Z4,Importin N-terminal domain-containing protein,QM012_004951,940
A0ABR0T6G2,Uncharacterized protein,QM012_005409,237
A0ABR0T6G8,Fe2OG dioxygenase domain-containing protein,QM012_005027,369
A0ABR0T6I0,Uncharacterized protein,QM012_005010,137
A0ABR0T6U7,DUF7730 domain-containing protein,QM012_004915,469
A0ABR0T744,Ubiquitin ligase complex F-box protein,QM012_005157,693
A0ABR0T778,AhpC-TSA-domain-containing protein,QM012_004943,265
A0ABR0T7M8,Mediator complex subunit 15 KIX domain-containing protein,QM012_003697,1499
A0ABR0T7S3,Autophagy-related protein 11,QM012_003741,189
A0ABR0T7X6,Stress-response A/B barrel domain-containing protein,QM012_003834,253
A0ABR0T7Z4,VWFA domain-containing protein,QM012_003298,674
A0ABR0T888,Uncharacterized protein,QM012_003385,236
A0ABR0T8G2,Sfi1 spindle body domain-containing protein,QM012_003453,1152
A0ABR0T8H7,Queuine tRNA-ribosyltransferase catalytic subunit 1,QM012_003795,403
A0ABR0T8Z7,EamA domain-containing protein,QM012_002999,199
A0ABR0T991,Uncharacterized protein,QM012_003091,111
A0ABR0T9K0,BIR-domain-containing protein,QM012_003425,833
A0ABR0T9N8,FAS1 domain-containing protein,QM012_003100,488
A0ABR0T9X6,NUC153 domain-containing protein,QM012_003190,739
A0ABR0T9X8,Uncharacterized protein,QM012_002577,201
A0ABR0TAF2,Rhodopsin domain-containing protein,QM012_002739,356
A0ABR0TAZ6,Acyltransferase 3 domain-containing protein,QM012_003213,504
A0ABR0TB15,Zn(2)-C6 fungal-type domain-containing protein,QM012_002128,781
A0ABR0TB92,Uncharacterized protein,QM012_002202,652
A0ABR0TBD4,Cytochrome b5 heme-binding domain-containing protein,QM012_002245,174
A0ABR0TBY6,Kinase-like protein,QM012_002302,425
A0ABR0TC51,Uncharacterized protein,QM012_002917,169
A0ABR0TDC8,"Required for respiratory growth protein 7, mitochondrial",QM012_001897,329
A0ABR0TE16,"glucan 1,3-beta-glucosidase",QM012_001804,458
A0ABR0TE34,Glycogen debranching enzyme,QM012_001435,1541
A0ABR0TE38,C2H2-type domain-containing protein,QM012_001834,609
A0ABR0TEB7,DNA-directed RNA polymerase subunit,QM012_001511,308
A0ABR0TEF6,"Alpha-1,2-mannosyltransferase Kre5",QM012_001462,506
A0ABR0TES6,Rpr2-domain-containing protein,QM012_001678,161
A0ABR0TF56,Rab-GAP TBC domain-containing protein,QM012_001321,729
A0ABR0TF62,Uncharacterized protein,QM012_000913,350
A0ABR0TF85,Dienelactone hydrolase domain-containing protein,QM012_001351,280
A0ABR0TFR1,Xylanolytic transcriptional activator regulatory domain-containing protein,QM012_001131,678
A0ABR0TGJ1,Uncharacterized protein,QM012_000930,81
A0ABR0TGK7,GDP-mannose transporter,QM012_009339,368
A0ABR0TGR1,Sm domain-containing protein,QM012_001152,101
A0ABR0TH68,Lactase,QM012_009555,1070
A0ABR0TH99,Fungal N-terminal domain-containing protein,QM012_009395,192
A0ABR0THB4,C3H1-type domain-containing protein,QM012_009288,730
A0ABR0THY9,ACB domain-containing protein,QM012_008807,334
A0ABR0TI08,Spindle pole body-associated protein cut12 domain-containing protein,QM012_008923,455
A0ABR0TIP9,Retinol dehydrogenase 12,QM012_008806,343
A0ABR0TIT5,Malate dehydrogenase,QM012_008215,337
A0ABR0TJ43,LSM complex subunit LSM4,LSM4,126
A0ABR0TJA1,Nucleoside diphosphate kinase,QM012_008396,163
A0ABR0TJC5,Uncharacterized protein,QM012_009072,495
A0ABR0TJG1,SH3 domain-containing protein,QM012_008450,1386
A0ABR0TJJ6,CTLH domain-containing protein,QM012_008460,539
A0ABR0TJR2,Shikimate-5-dehydrogenase,QM012_008178,313
A0ABR0TJT9,Cryptic loci regulator 2 N-terminal domain-containing protein,QM012_008550,157
A0ABR0TJX2,Septin-type G domain-containing protein,QM012_008618,380
A0ABR0TLC9,RTA1 domain protein,QM012_008022,342
A0ABR0TLN7,non-specific serine/threonine protein kinase,QM012_008668,391
A0ABR0TM13,Serine/threonine-protein kinase Tel1,QM012_007739,2929
A0ABR0TM85,"6-phosphogluconate dehydrogenase, decarboxylating",QM012_007179,506
A0ABR0TMM0,Glycerol:H+ symporter-like protein,QM012_007320,634
A0ABR0TMP7,Glucosamine-6-phosphate deaminase,QM012_007342,433
A0ABR0TN21,Ureidoglycolate hydrolase,QM012_007477,281
A0ABR0TNE7,AMP-dependent synthetase/ligase domain-containing protein,QM012_006369,696
A0ABR0TP12,Nucleoporin Nup159/Nup146 N-terminal domain-containing protein,QM012_007322,1498
A0ABR0TP78,Mid2 domain-containing protein,QM012_006650,438
A0ABR0TPB8,Uncharacterized protein,QM012_006688,173
A0ABR0TPG1,Amino acid transporter transmembrane domain-containing protein,QM012_007392,474
A0ABR0TPG8,hydroxyacylglutathione hydrolase,QM012_006757,279
A0ABR0TPY1,T6SS Phospholipase effector Tle1-like catalytic domain-containing protein,QM012_006894,565
A0ABR0TQG0,Concanavalin a-like lectins glucanase,QM012_006914,266
A0ABR0TQL8,Uncharacterized protein,QM012_005751,335
A0ABR0TQN2,Uncharacterized protein,QM012_005766,162
A0ABR0TQQ3,Thioesterase domain-containing protein,QM012_005787,149
A0ABR0TQY1,Zn(2)-C6 fungal-type domain-containing protein,QM012_006685,714
A0ABR0TSA7,Uncharacterized protein,QM012_006342,123
A0ABR0TSJ9,Uncharacterized protein,QM012_004240,180
A0ABR0TSQ4,Xaa-Pro dipeptidyl-peptidase C-terminal domain-containing protein,QM012_006340,593
A0ABR0TSR4,"Signal recognition particle, SRP19 subunit",QM012_006277,278
A0ABR0TTJ5,BHLH domain-containing protein,QM012_006218,110
A0ABR0TTK7,ATP-dependent RNA helicase,QM012_006233,565
A0ABR0TUF3,SGF29 C-terminal domain-containing protein,QM012_004289,350
A0ABR0TUL1,Vegetative cell wall protein gp1,QM012_000033,377
A0ABR0TUM7,DUF8348 domain-containing protein,QM012_004364,1226
A0ABR0TV19,F-box domain-containing protein,QM012_000161,442
A0ABR0TVL0,Major facilitator superfamily (MFS) profile domain-containing protein,QM012_000025,538
A0ABR0TVU4,Uncharacterized protein,QM012_000514,369
A0ABR0TVU7,Major facilitator superfamily (MFS) profile domain-containing protein,QM012_000497,495
A0ABR0TVW2,GYF domain-containing protein,QM012_000512,491
A0ABR0TXA8,Trichothecene 3-O-acetyltransferase,QM012_000764,499
A0ABR0TXR6,STE3-domain-containing protein,QM012_000733,375
A0ABR0T4J2,Major facilitator superfamily (MFS) profile domain-containing protein,QM012_005573,522
A0ABR0T4W7,Major facilitator superfamily (MFS) profile domain-containing protein,QM012_005480,534
A0ABR0T4Y1,Major facilitator superfamily (MFS) profile domain-containing protein,QM012_005347,523
A0ABR0T515,MFS general substrate transporter,QM012_005396,125
A0ABR0T539,Uncharacterized protein,QM012_005460,356
A0ABR0T557,Glutathione degradosome,QM012_005390,952
A0ABR0T5T6,Uncharacterized protein,QM012_005535,332
A0ABR0T5U1,Uncharacterized protein,QM012_005335,644
A0ABR0T680,Uncharacterized protein,QM012_005223,1172
A0ABR0T6D3,Uncharacterized protein,QM012_003986,257
A0ABR0T6I8,Beta-xylanase,QM012_005113,361
A0ABR0T6K6,Uncharacterized protein,QM012_004947,148
A0ABR0T7P2,FAD-binding domain-containing protein,QM012_005034,400
A0ABR0T7W5,Alpha/beta-hydrolase,QM012_004059,267
A0ABR0T801,Uncharacterized protein,QM012_003295,83
A0ABR0T897,histidine kinase,QM012_003847,1255
A0ABR0T8J0,Uncharacterized protein,QM012_003673,487
A0ABR0T9H7,Chaperone/heat shock protein Hsp12,QM012_003182,81
A0ABR0T9P3,ABC transporter domain-containing protein,QM012_003037,686
A0ABR0T9V5,Dolichyl-diphosphooligosaccharide--protein glycosyltransferase subunit 1,QM012_003530,494
A0ABR0T9V8,2-dehydropantoate 2-reductase,QM012_003175,341
A0ABR0TAM9,Uncharacterized protein,QM012_002831,187
A0ABR0TB12,SGNH hydrolase-type esterase domain-containing protein,QM012_002125,479
A0ABR0TB66,GPI ethanolamine phosphate transferase 3,QM012_002810,1070
A0ABR0TB76,Uncharacterized protein,QM012_002187,333
A0ABR0TB80,DUF521-domain-containing protein,QM012_002825,577
A0ABR0TBF4,Trimethyllysine dioxygenase,QM012_002260,888
A0ABR0TBS8,Cellular morphogenesis protein,QM012_002194,1215
A0ABR0TBV1,"alpha-1,2-Mannosidase",QM012_002412,521
A0ABR0TBW8,NUC153 domain-containing protein,QM012_002239,211
A0ABR0TBX9,C2H2-type domain-containing protein,QM012_002442,500
A0ABR0TC50,"Cathecol 1,2-dioxygenase",QM012_002469,329
A0ABR0TCA5,Nucleotide-diphospho-sugar transferase,QM012_002422,453
A0ABR0TCU4,Peptidase C14 caspase domain-containing protein,QM012_001888,242
A0ABR0TDA5,Catalase core domain-containing protein,QM012_002401,324
A0ABR0TDB4,A-kinase anchor protein 7-like phosphoesterase domain-containing protein,QM012_002052,260
A0ABR0TDB9,Signal recognition particle subunit SRP68,QM012_001775,630
A0ABR0TDI7,Ribose-phosphate pyrophosphokinase 1,QM012_001990,583
A0ABR0TDK0,GPR/FUN34 family protein-like protein,QM012_001865,296
A0ABR0TDU0,Peptide hydrolase,QM012_001729,387
A0ABR0TE51,DUF4604 domain-containing protein,QM012_001463,182
A0ABR0TFA2,LUC7-domain-containing protein,QM012_000872,284
A0ABR0TFW5,Alpha/beta-hydrolase,QM012_001158,413
A0ABR0TGE4,Nuclear matrix protein,QM012_009284,626
A0ABR0TGF4,Rab-GAP TBC domain-containing protein,QM012_009203,814
A0ABR0TGY1,Uncharacterized protein,QM012_009465,192
A0ABR0TH40,Glutamate decarboxylase,QM012_001201,517
A0ABR0TH98,Uncharacterized protein,QM012_009585,217
A0ABR0THA9,FACT complex subunit POB3,QM012_008678,673
A0ABR0THF6,Amine oxidase,QM012_009247,477
A0ABR0TID2,amidase,QM012_009022,547
A0ABR0TIF4,Probable aspartic-type endopeptidase OPSB,QM012_009066,469
A0ABR0TIN1,Glutathione peroxidase,QM012_009144,163
A0ABR0TK35,FAD/NAD(P)-binding domain-containing protein,QM012_008476,445
A0ABR0TKN5,Putative glutathione-dependent formaldehyde-activating enzyme,QM012_007793,193
A0ABR0TKS4,CFEM domain-containing protein,QM012_008553,208
A0ABR0TKU4,Uncharacterized protein,QM012_007852,329
A0ABR0TKY0,Spindle assembly checkpoint component MAD1,QM012_008412,713
A0ABR0TL01,NADP-dependent oxidoreductase domain-containing protein,QM012_007907,368
A0ABR0TL15,P-loop containing nucleoside triphosphate hydrolase protein,QM012_007816,389
A0ABR0TL39,Aminoglycoside phosphotransferase domain-containing protein,QM012_007932,231
A0ABR0TL49,Sulfite oxidase-like protein,QM012_008507,363
A0ABR0TLT1,DUF676 domain-containing protein,QM012_007045,1170
A0ABR0TMA5,SNF5-domain-containing protein,QM012_007995,720
A0ABR0TMG9,Superoxide dismutase 1 copper chaperone,QM012_007251,245
A0ABR0TMW5,PH domain-containing protein,QM012_007420,927
A0ABR0TN39,Uncharacterized protein,QM012_007500,313
A0ABR0TND9,Uncharacterized protein,QM012_007569,69
A0ABR0TNR2,SMAD/FHA domain-containing protein,QM012_006468,587
A0ABR0TP71,Solute symporter family transporter,QM012_007382,698
A0ABR0TPM8,Major facilitator superfamily (MFS) profile domain-containing protein,QM012_006818,624
A0ABR0TPQ8,U-box domain-containing protein,QM012_006848,1061
A0ABR0TQC0,Calcium-transporting ATPase,QM012_006932,1403
A0ABR0TQL2,Pro-apoptotic serine protease NMA111,QM012_005741,1012
A0ABR0TR36,Multidrug resistance protein,QM012_005926,1358
A0ABR0TRB9,Amino acid permease/ SLC12A domain-containing protein,QM012_006016,588
A0ABR0TRL2,Zn(2)-C6 fungal-type domain-containing protein,QM012_006075,666
A0ABR0TRV0,FAD-binding PCMH-type domain-containing protein,QM012_005663,571
A0ABR0TT82,Chromatin modification-related protein,QM012_004190,768
A0ABR0TTN2,N-acetyltransferase domain-containing protein,QM012_004629,215
A0ABR0TTP8,Transcription factor domain-containing protein,QM012_004601,440
A0ABR0TTW5,3-phytase,QM012_006304,491
A0ABR0TU20,Mitochondrial outer membrane protein porin,QM012_004767,368
A0ABR0TU50,Histone acetyltransferase ESA1,QM012_004794,507
A0ABR0TUE7,NAD(P)-binding protein,QM012_000019,275
A0ABR0TUJ0,N-acetyltransferase domain-containing protein,QM012_004655,260
A0ABR0TUM0,"NADH dehydrogenase [ubiquinone] iron-sulfur protein 4, mitochondrial",QM012_004380,227
A0ABR0TUY2,Zeta-crystallin,QM012_004790,332
A0ABR0TV48,Uncharacterized protein,QM012_000191,115
A0ABR0TVE9,Uncharacterized protein,QM012_000364,101
A0ABR0TVT3,Uncharacterized protein,QM012_000237,122
A0ABR0TVV7,CCHC-type domain-containing protein,QM012_004830,258
A0ABR0TW21,Isochorismatase-like domain-containing protein,QM012_000577,329
A0ABR0TW23,PPM-type phosphatase domain-containing protein,QM012_004905,592
A0ABR0TW80,ATP-dependent DNA helicase II subunit 1,QM012_000581,658
A0ABR0TW97,NAD-dependent epimerase/dehydratase domain-containing protein,QM012_000359,354
A0ABR0TWL6,Mitochondrial F1F0 ATP synthase subunit Atp18,QM012_000479,61
A0ABR0TWM1,Cupin 2 conserved barrel domain-containing protein,QM012_000756,274
A0ABR0TX32,Uncharacterized protein,QM012_000414,91
A0ABR0TXJ7,Arf-GAP domain-containing protein,QM012_000563,384
A0A4S9C0M7,Uncharacterized protein,QM012_007903,351
A0ABR0T4Y9,DUF1014-domain-containing protein,QM012_005344,213
A0ABR0T5M6,Cytochrome P450,QM012_005616,322
A0ABR0T638,Uncharacterized protein,QM012_005546,384
A0ABR0T6I7,Major facilitator superfamily (MFS) profile domain-containing protein,QM012_005292,567
A0ABR0T6T5,NAD(P)-binding protein,QM012_005102,355
A0ABR0T702,Kinesin motor domain-containing protein,QM012_003861,1174
A0ABR0T754,Actin cytoskeleton-regulatory complex protein PAN1,QM012_005020,1427
A0ABR0T7C9,WLM domain-containing protein,QM012_003977,550
A0ABR0T7D3,Histone H1,QM012_003979,236
A0ABR0T922,Xylanolytic transcriptional activator regulatory domain-containing protein,QM012_003781,634
A0ABR0T936,Ecp2 effector protein domain-containing protein,QM012_003347,165
A0ABR0T9V7,Cupredoxin,QM012_002547,278
A0ABR0TA84,Isocitrate dehydrogenase [NADP],QM012_002620,455
A0ABR0TAN2,Ribonucleases P/MRP subunit Pop8-like domain-containing protein,QM012_002824,147
A0ABR0TB36,Erythromycin biosynthesis protein CIII-like C-terminal domain-containing protein,QM012_002950,478
A0ABR0TB79,N-acetyltransferase domain-containing protein,QM012_002873,195
A0ABR0TBI2,"Ketol-acid reductoisomerase, mitochondrial",QM012_002676,404
A0ABR0TBI6,TPR-like protein,QM012_002612,228
A0ABR0TBM0,Uncharacterized protein,QM012_002328,561
A0ABR0TBZ8,PAC domain-containing protein,QM012_002872,756
A0ABR0TCA2,GYF domain-containing protein,QM012_001710,1516
A0ABR0TCD4,CDC20/Fizzy WD40 domain-containing protein,QM012_001740,603
A0ABR0TD16,Rhodopsin domain-containing protein,QM012_002406,404
A0ABR0TD64,ribose-phosphate diphosphokinase,QM012_001837,1358
A0ABR0TDG0,poly(A)-specific ribonuclease,QM012_001233,466
A0ABR0TDL7,Ribosome biogenesis protein NSA2 homolog,QM012_001283,261
A0ABR0TDU1,Precorrin-2 dehydrogenase,QM012_001854,550
A0ABR0TE92,DSC E3 ubiquitin ligase complex subunit A,QM012_001464,820
A0ABR0TEN5,Uncharacterized protein,QM012_001444,426
A0ABR0TET5,Major facilitator superfamily (MFS) profile domain-containing protein,QM012_000786,504
A0ABR0TFQ6,serine--tRNA ligase,QM012_000944,497
A0ABR0TG16,Ataxin-10 homolog,QM012_001205,1060
A0ABR0TG20,Family A G protein-coupled receptor-like protein,QM012_001064,298
A0ABR0TG45,Major facilitator superfamily (MFS) profile domain-containing protein,QM012_009195,532
A0ABR0TGB9,Ion channel,QM012_009249,174
A0ABR0TGF9,Kinetochore protein NDC80,QM012_009299,759
A0ABR0TGI6,Stress response protein NST1,QM012_009233,1153
A0ABR0TGL2,Uncharacterized protein,QM012_009343,112
A0ABR0TGP4,DNA-directed RNA polymerases I and III subunit RPAC1,QM012_009370,383
A0ABR0TGR5,BZIP domain-containing protein,QM012_000955,394
A0ABR0TH37,Small ribosomal subunit protein uS2,RPS0,305
A0ABR0TH47,Myb-like domain-containing protein,QM012_009529,321
A0ABR0TH58,Apple domain-containing protein,QM012_001091,981
A0ABR0THE4,TPR-like protein,QM012_008709,412
A0ABR0THH6,TOG domain-containing protein,QM012_009470,1180
A0ABR0TI15,SH3 domain-containing protein,QM012_009472,448
A0ABR0TI39,NADH dehydrogenase [ubiquinone] 1 alpha subcomplex subunit,QM012_008929,209
A0ABR0TI65,BAH-domain-containing protein,QM012_008988,1540
A0ABR0TII7,Major facilitator superfamily (MFS) profile domain-containing protein,QM012_009017,540
A0ABR0TIK9,Uncharacterized protein,QM012_009576,183
A0ABR0TIN2,Proteasome subunit alpha type,QM012_009542,278
A0ABR0TIQ8,Inorganic pyrophosphatase,QM012_008999,290
A0ABR0TIX7,NmrA-like domain-containing protein,QM012_008214,310
A0ABR0TJK9,Glycosyltransferase family 15 protein,QM012_008497,407
A0ABR0TJL3,Letm1 RBD domain-containing protein,QM012_008935,538
A0ABR0TJN6,DhaL domain-containing protein,QM012_008204,514
A0ABR0TJU7,Rhodopsin domain-containing protein,QM012_008587,282
A0ABR0TK28,"endo-1,3(4)-beta-glucanase",QM012_009135,501
A0ABR0TKS0,HAD-superfamily phosphatase,QM012_008338,186
A0ABR0TLC1,Uncharacterized protein,QM012_007665,201
A0ABR0TLD1,Uncharacterized protein,QM012_008029,204
A0ABR0TLE4,TOM13-domain-containing protein,QM012_008037,126
A0ABR0TLQ5,DNA 5'-3' helicase,QM012_007963,797
A0ABR0TLV2,Branched-chain-amino-acid aminotransferase,QM012_008148,409
A0ABR0TMU8,Protein-lysine N-methyltransferase EFM5,EFM5,242
A0ABR0TMZ5,NADAR domain-containing protein,QM012_008049,225
A0ABR0TN36,Phosphoglycerate kinase,QM012_008095,417
A0ABR0TNP2,2-nitropropane dioxygenase,QM012_006469,917
A0ABR0TNW2,"Amino-acid acetyltransferase, mitochondrial",QM012_006523,650
A0ABR0TP74,RRM domain-containing protein,QM012_006557,370
A0ABR0TPF8,Sedlin,QM012_006725,180
A0ABR0TPL9,NAD(P)-binding protein,QM012_006789,454
A0ABR0TQ29,Major facilitator superfamily (MFS) profile domain-containing protein,QM012_006958,547
A0ABR0TQ94,Uncharacterized protein,QM012_006461,156
A0ABR0TQC5,HTH myb-type domain-containing protein,QM012_006732,680
A0ABR0TQF7,Small ribosomal subunit protein bS18m,QM012_005683,229
A0ABR0TQP7,Helicase C-terminal domain-containing protein,QM012_005781,2385
A0ABR0TQT0,WD40 repeat-like protein,QM012_005811,613
A0ABR0TQU4,Peptide transport protein PTR2,QM012_005833,604
A0ABR0TRG5,Uncharacterized protein,QM012_006881,199
A0ABR0TRH0,Uncharacterized protein,QM012_006057,116
A0ABR0TRR4,Uncharacterized protein,QM012_006146,175
A0ABR0TSD1,DUF6594 domain-containing protein,QM012_005794,642
A0ABR0TT48,Ribosomal RNA-processing protein 43,QM012_004427,332
A0ABR0TTC3,Uncharacterized protein,QM012_006124,121
A0ABR0TTG6,Uncharacterized protein,QM012_004582,811
A0ABR0TTG8,Fructose-bisphosphate aldolase,QM012_004557,297
A0ABR0TU66,Pyruvate dehydrogenase E1 component subunit beta,QM012_004809,369
A0ABR0TUK7,N-acetyltransferase domain-containing protein,QM012_004384,304
A0ABR0TUK8,Transcription factor domain-containing protein,QM012_000036,224
A0ABR0TUN2,Amidohydrolase-related domain-containing protein,QM012_000005,282
A0ABR0TV42,Major facilitator superfamily (MFS) profile domain-containing protein,QM012_000228,530
A0ABR0TVJ8,Complex 1 LYR protein domain-containing protein,QM012_000393,106
A0ABR0TW52,Major facilitator superfamily (MFS) profile domain-containing protein,QM012_000028,434
A0ABR0TW92,Sorting nexin-3,QM012_000387,158
A0ABR0TWT0,NodB homology domain-containing protein,QM012_000445,701
A0ABR0TWY7,hydroxyacid-oxoacid transhydrogenase,QM012_000354,490
A0ABR0TX06,Aquaglyceroporin like protein,QM012_000672,355
A0ABR0TXB4,tRNA '-O-ribosylphosphate transferase,QM012_000523,469
A0ABR0T537,Cytochrome P450,QM012_005443,544
A0ABR0T5B1,NAD(P)-binding protein,QM012_005370,397
A0ABR0T5E6,NmrA-like domain-containing protein,QM012_005313,299
A0ABR0T5G4,LITAF domain-containing protein,QM012_005331,76
A0ABR0T5K4,Alpha-amylase,QM012_005279,493
A0ABR0T5X0,NAD(P)-binding protein,QM012_004924,239
A0ABR0T6T2,CWF21 domain-containing protein,QM012_005318,174
A0ABR0T747,SMP domain-containing protein,QM012_003903,140
A0ABR0T7B2,Purine nucleoside permease,QM012_005080,407
A0ABR0T7C2,sphingolipid C(9)-methyltransferase,QM012_004914,517
A0ABR0T7C8,Glycoside hydrolase family 32 protein,QM012_003975,546
A0ABR0T808,Rhodopsin domain-containing protein,QM012_003693,394
A0ABR0T832,Translesion synthesis protein REV1,QM012_003323,1173
A0ABR0T847,Phosphoglycerate mutase-like protein,QM012_003343,513
A0ABR0T8C3,P-loop containing nucleoside triphosphate hydrolase protein,QM012_003418,295
A0ABR0T8E4,Major facilitator superfamily (MFS) profile domain-containing protein,QM012_003883,502
A0ABR0T8J7,thioredoxin-dependent peroxiredoxin,QM012_003601,248
A0ABR0T8L2,Galactose oxidase,QM012_003507,773
A0ABR0T926,Uncharacterized protein,QM012_003737,81
A0ABR0T9F6,Rab-GAP TBC domain-containing protein,QM012_003330,765
A0ABR0T9Z5,Uncharacterized protein,QM012_003561,262
A0ABR0TA06,Transcription initiation factor TFIID subunit 8,QM012_002584,305
A0ABR0TA43,Protein arginine methyltransferase NDUFAF7,QM012_002639,501
A0ABR0TAD0,Uncharacterized protein,QM012_002680,138
A0ABR0TAI8,Glycosyltransferase family 15 protein,QM012_003049,407
A0ABR0TAN3,Major facilitator superfamily (MFS) profile domain-containing protein,QM012_002615,523
A0ABR0TAS1,Ribose-5-phosphate isomerase,QM012_003188,294
A0ABR0TB23,Uncharacterized protein,QM012_002765,78
A0ABR0TB49,Glutathione S-transferase,QM012_002673,269
A0ABR0TBC3,ABM domain-containing protein,QM012_002232,267
A0ABR0TBF0,DUF1479-domain-containing protein,QM012_002948,436
A0ABR0TBI5,Major facilitator superfamily (MFS) profile domain-containing protein,QM012_002137,515
A0ABR0TBM3,WD40 repeat-like protein,QM012_002339,565
A0ABR0TD86,ABC1 atypical kinase-like domain-containing protein,QM012_001852,662
A0ABR0TDS0,Ubiquitin 3 binding protein But2 C-terminal domain-containing protein,QM012_001331,629
A0ABR0TEL4,SET domain-containing protein,QM012_001615,184
A0ABR0TEM8,Amino acid transporter,QM012_002029,521
A0ABR0TEX2,Amino acid permease/ SLC12A domain-containing protein,QM012_000823,559
A0ABR0TEX5,Transcription factor domain-containing protein,QM012_000829,633
A0ABR0TFA5,histidine kinase,QM012_000964,1311
A0ABR0TFN9,Vacuolar membrane protein,QM012_001088,768
A0ABR0TG05,Apple domain-containing protein,QM012_001190,758
A0ABR0TG55,AMP-dependent synthetase/ligase domain-containing protein,QM012_001636,590
A0ABR0TG92,Apple domain-containing protein,QM012_009206,528
A0ABR0TGA9,P-loop containing nucleoside triphosphate hydrolase protein,QM012_009158,322
A0ABR0TGB4,Ig-like domain-containing protein,QM012_000805,641
A0ABR0TGE8,Chromosome segregation in meiosis protein,QM012_009285,301
A0ABR0THE5,D-malate dehydrogenase (decarboxylating),QM012_009156,370
A0ABR0TI56,Deoxyuridine 5'-triphosphate nucleotidohydrolase,QM012_008882,238
A0ABR0TI85,Oxidoreductase NAD-binding domain-containing protein 1,QM012_008974,291
A0ABR0TIA1,Uncharacterized protein,QM012_009407,354
A0ABR0TIG2,TauD/TfdA-like domain-containing protein,QM012_008716,369
A0ABR0TIG5,PX domain-containing protein,QM012_008909,637
A0ABR0TIH8,6-phosphofructo-2-kinase domain-containing protein,QM012_009052,738
A0ABR0TJ38,GPI inositol-deacylase,QM012_008209,1107
A0ABR0TJ56,Ubiquitin carboxyl-terminal hydrolase,QM012_008351,327
A0ABR0TJB7,20S-pre-rRNA D-site endonuclease NOB1,QM012_008408,422
A0ABR0TJR3,RNase III domain-containing protein,QM012_008561,259
A0ABR0TKG7,Altered inheritance of mitochondria protein 6,QM012_007683,481
A0ABR0TKM4,Ig-like domain-containing protein,QM012_008307,1051
A0ABR0TL46,Aspartate aminotransferase,QM012_008673,401
A0ABR0TMD8,protein-tyrosine-phosphatase,QM012_007840,806
A0ABR0TME6,Zn(2)-C6 fungal-type domain-containing protein,QM012_007855,380
A0ABR0TN63,CFEM domain-containing protein,QM012_007525,190
A0ABR0TN95,ADP-ribosylation factor-binding protein-like protein GGA1,QM012_007052,621
A0ABR0TNG9,Guanylate kinase,QM012_007334,192
A0ABR0TNT5,S-adenosyl-L-methionine-dependent methyltransferase,QM012_006532,271
A0ABR0TPH0,Rho GDP-dissociation inhibitor,QM012_006726,557
A0ABR0TPQ2,DUF1690-domain-containing protein,QM012_006843,184
A0ABR0TPS3,Clr5 domain-containing protein,QM012_006752,292
A0ABR0TPS9,Glycoside hydrolase family 5 protein,QM012_006853,462
A0ABR0TPX4,Cutinase,QM012_007557,229
A0ABR0TQI0,EF-hand,QM012_006766,195
A0ABR0TQI2,Uncharacterized protein,QM012_006992,334
A0ABR0TQR7,Phospho-2-dehydro-3-deoxyheptonate aldolase,QM012_007019,383
A0ABR0TR78,DUF155 domain-containing protein,QM012_005967,552
A0ABR0TR85,Amino acid permease,QM012_005942,515
A0ABR0TRF1,histidine kinase,QM012_006041,880
A0ABR0TRL4,Het-C-domain-containing protein,QM012_005965,972
A0ABR0TS45,Metallo-hydrolase/oxidoreductase,QM012_006282,836
A0ABR0TSN9,Glycoside hydrolase,QM012_004283,628
A0ABR0TT42,DUF5671 domain-containing protein,QM012_004391,143
A0ABR0TTA6,Heme haloperoxidase family profile domain-containing protein,QM012_006108,331
A0ABR0TTR2,Mitochondrial carrier,QM012_004291,195
A0ABR0TTT6,DUF1770-domain-containing protein,QM012_006258,189
A0ABR0TTV8,non-specific serine/threonine protein kinase,QM012_004735,1237
A0ABR0TTZ4,ATP-dependent protease-like protein,QM012_006334,551
A0ABR0TU03,Clathrin/coatomer adaptor adaptin-like N-terminal domain-containing protein,QM012_004381,821
A0ABR0TU91,Protein PNS1,QM012_004608,540
A0ABR0TUH1,FAD-binding domain-containing protein,QM012_000017,445
A0ABR0TUJ5,Protein arginine N-methyltransferase,QM012_000064,760
A0ABR0TUQ9,Peptidase A1 domain-containing protein,QM012_000124,404
A0ABR0TV37,DUF1687-domain-containing protein,QM012_004771,148
A0ABR0TVA9,Nucleotide-diphospho-sugar transferase,QM012_000302,395
A0ABR0TVM3,RTA1-domain-containing protein,QM012_000134,297
A0ABR0TVS0,Ppx-GppA-domain-containing protein,QM012_000222,611
A0ABR0TVU6,Thioesterase/thiol ester dehydrase-isomerase,QM012_000502,472
A0ABR0TW01,Uncharacterized protein,QM012_000160,241
A0ABR0TW41,Uncharacterized protein,QM012_000588,281
A0ABR0TX72,EGF-like domain-containing protein,QM012_000610,799
A0ABR0T4Z4,F-actin-capping protein subunit alpha,QM012_005358,267
A0ABR0T5I5,NAD(P)-binding protein,QM012_005099,244
A0ABR0T5S5,NAD(P)-binding protein,QM012_005576,230
A0ABR0T5U4,ATP-NAD kinase,QM012_005215,452
A0ABR0T5W4,Uncharacterized protein,QM012_005229,340
A0ABR0T5Z9,CT20-domain-containing protein,QM012_004957,331
A0ABR0T640,Dipeptidyl-peptidase V,QM012_005457,611
A0ABR0T671,Nucleotide-diphospho-sugar transferase,QM012_005339,354
A0ABR0T6C0,Protein SSH4,QM012_004950,482
A0ABR0T7B9,Prenyltransferase alpha-alpha toroid domain-containing protein,QM012_004973,428
A0ABR0T7G2,Peptidase M20 dimerisation domain-containing protein,QM012_003884,584
A0ABR0T866,YetF C-terminal domain-containing protein,QM012_003359,229
A0ABR0T873,FAD-binding PCMH-type domain-containing protein,QM012_003294,497
A0ABR0T8A1,Amidase domain-containing protein,QM012_003389,159
A0ABR0T8G0,Vesicle tethering protein Uso1/P115-like head domain-containing protein,QM012_003322,1143
A0ABR0T8K6,Ubiquitin-like domain-containing protein,QM012_003367,77
A0ABR0T903,O-methyltransferas-like protein family 3,QM012_003701,248
A0ABR0T923,Rhodopsin domain-containing protein,QM012_003687,253
A0ABR0T9P9,BZIP domain-containing protein,QM012_003255,414
A0ABR0T9Y7,D-lactate dehydratase,QM012_003142,209
A0ABR0TAU7,Zn(2)-C6 fungal-type domain-containing protein,QM012_003168,988
A0ABR0TBL2,Got1-domain-containing protein,QM012_002322,143
A0ABR0TBM7,Uncharacterized protein,QM012_002336,413
A0ABR0TBN1,S-adenosyl-L-methionine-dependent methyltransferase,QM012_002335,334
A0ABR0TBP0,Uncharacterized protein,QM012_002212,65
A0ABR0TBY2,cutinase,QM012_002441,221
A0ABR0TCA8,Eukaryotic translation initiation factor 5A,QM012_001712,164
A0ABR0TCR6,SAM and PH domain-containing protein,QM012_001687,802
A0ABR0TD98,Phosphoesterase-domain-containing protein,QM012_002037,398
A0ABR0TDB1,3-hydroxyacyl-CoA dehydrogenase,QM012_002072,605
A0ABR0TDC7,ClpP/crotonase,QM012_002067,277
A0ABR0TDE6,PAS domain-containing protein,QM012_001912,498
A0ABR0TDM8,ATP synthase subunit 4,QM012_001285,240
A0ABR0TDN8,Uncharacterized protein,QM012_002536,82
A0ABR0TDP3,Diphthine--ammonia ligase,QM012_001809,715
A0ABR0TDZ6,Mitochondrial uncoupling protein 2,QM012_001413,322
A0ABR0TE56,RNI-like protein,QM012_001279,415
A0ABR0TEQ0,GPI anchored serine-rich protein,QM012_001459,188
A0ABR0TEV6,Xylanolytic transcriptional activator regulatory domain-containing protein,QM012_000808,460
A0ABR0TEW0,DH domain-containing protein,QM012_001326,1813
A0ABR0TEY5,protein-histidine N-methyltransferase,QM012_000830,348
A0ABR0TEY9,DUF2264 domain-containing protein,QM012_000844,647
A0ABR0TFC9,Uncharacterized protein,QM012_000973,182
A0ABR0TFK9,PHD-type domain-containing protein,QM012_001456,643
A0ABR0TFN5,DUF985 domain-containing protein,QM012_001101,264
A0ABR0TFT1,Asl1-like glycosyl hydrolase catalytic domain-containing protein,QM012_001626,148
A0ABR0TG86,FAD dependent oxidoreductase domain-containing protein,QM012_009224,473
A0ABR0THE8,Uncharacterized protein,QM012_009318,88
A0ABR0THJ8,Uncharacterized protein,QM012_008758,384
A0ABR0THZ5,Vps53 N-terminal domain-containing protein,QM012_008915,839
A0ABR0TI46,Chromatin modification-related protein EAF6,QM012_008953,184
A0ABR0TIJ1,CENP-C homolog,QM012_009108,793
A0ABR0TIN6,CAP-Gly domain-containing protein,QM012_009109,247
A0ABR0TIU0,S-adenosyl-L-methionine-dependent methyltransferase,QM012_009029,335
A0ABR0TJ78,Acyl-coenzyme A oxidase,QM012_008365,697
A0ABR0TJC8,LEA domain-containing protein,QM012_008861,1923
A0ABR0TJD9,DUF292-domain-containing protein,QM012_008422,556
A0ABR0TJV3,NAD(P)-binding protein,QM012_008559,394
A0ABR0TKA9,Zn(2)-C6 fungal-type domain-containing protein,QM012_008173,722
A0ABR0TKC2,NAD(P)-binding protein,QM012_008202,251
A0ABR0TKR2,Protein kinase domain-containing protein,QM012_007823,282
A0ABR0TKY7,ER membrane protein complex subunit 3,QM012_007866,261
A0ABR0TLC5,Ribosome biogenesis protein ERB1,ERB1,772
A0ABR0TLM3,PH domain-containing protein,QM012_008135,733
A0ABR0TLT9,HypA-like protein,QM012_007029,443
A0ABR0TMW3,ATP-dependent Clp protease proteolytic subunit,QM012_007417,256
A0ABR0TNG6,Uncharacterized protein,QM012_007077,325
A0ABR0TNM0,Swiss Army Knife RNA repair protein HAD domain-containing protein,QM012_007471,505
A0ABR0TNY5,Sodium/solute symporter,QM012_007273,688
A0ABR0TP68,Zip-domain-containing protein,QM012_006652,410
A0ABR0TPA8,Peptidase S26 domain-containing protein,QM012_006694,249
A0ABR0TPB1,Uncharacterized protein,QM012_006697,969
A0ABR0TPP1,Ribosomal protein,QM012_006819,217
A0ABR0TPW9,Uncharacterized protein,QM012_006898,269
A0ABR0TQD9,R3H-associated N-terminal domain-containing protein,QM012_006570,340
A0ABR0TQH8,Uncharacterized protein,QM012_006777,1104
A0ABR0TR12,Xylanolytic transcriptional activator regulatory domain-containing protein,QM012_006961,309
A0ABR0TRE9,BZIP domain-containing protein,QM012_006850,252
A0ABR0TRN5,Lysosomal cobalamin transporter,QM012_006111,667
A0ABR0TS49,PNPLA domain-containing protein,QM012_005703,547
A0ABR0TS82,Uncharacterized protein,QM012_006127,574
A0ABR0TSS8,GST C-terminal domain-containing protein,QM012_004330,324
A0ABR0TSV8,Metallothionein-I gene transcription activator,QM012_004359,70
A0ABR0TSW7,Uncharacterized protein,QM012_006023,272
A0ABR0TSY2,Uncharacterized protein,QM012_004378,1379
A0ABR0TT03,Histidine kinase group protein,QM012_004405,735
A0ABR0TTG9,Exoribonuclease phosphorolytic domain-containing protein,QM012_004553,238
A0ABR0TTJ6,Vacuolar protein-sorting-associated protein 36,QM012_004368,649
A0ABR0TU49,RRM domain-containing protein,QM012_004797,251
A0ABR0TU85,DUF202 domain-containing protein,QM012_004781,128
A0ABR0TUJ3,Translation initiation factor eIF2B subunit beta,QM012_004698,481
A0ABR0TUN9,non-specific serine/threonine protein kinase,QM012_004700,1939
A0ABR0TUX3,Enoyl reductase (ER) domain-containing protein,QM012_000015,369
A0ABR0TVD4,DUF4048 domain-containing protein,QM012_000332,371
A0ABR0TVJ2,MFS general substrate transporter,QM012_000010,496
A0ABR0TVU9,Uncharacterized protein,QM012_000446,147
A0ABR0TW95,AB hydrolase-1 domain-containing protein,QM012_000084,272
A0ABR0TWM9,F-box domain-containing protein,QM012_000494,272
A0ABR0TWV5,CBM21 domain-containing protein,QM012_000705,728
A0ABR0TXS0,PQ loop repeat protein,QM012_000759,269
A0ABR0T4Q0,Serine aminopeptidase S33 domain-containing protein,QM012_005543,290
A0ABR0T629,FAD-binding domain-containing protein,QM012_004984,433
A0ABR0T670,Sugar phosphate transporter domain-containing protein,QM012_005016,396
A0ABR0T677,Purple acid phosphatase,QM012_005028,607
A0ABR0T6D9,RING-type domain-containing protein,QM012_005190,272
A0ABR0T6P2,Pyruvate dehydrogenase E1 component subunit alpha,QM012_004086,415
A0ABR0T6Q5,Major facilitator superfamily (MFS) profile domain-containing protein,QM012_005101,460
A0ABR0T7J5,Essential protein Yae1 N-terminal domain-containing protein,QM012_003644,187
A0ABR0T851,Uncharacterized protein,QM012_004158,172
A0ABR0T868,Uncharacterized protein,QM012_004114,155
A0ABR0T872,LSM complex subunit LSM5,LSM5,79
A0ABR0T8F4,Rhamnogalacturonase A/B/Epimerase-like pectate lyase domain-containing protein,QM012_003447,775
A0ABR0T8R3,non-specific serine/threonine protein kinase,QM012_003364,899
A0ABR0T8T7,Metallo-beta-lactamase domain-containing protein,QM012_003641,174
A0ABR0T8U4,DUF3533 domain-containing protein,QM012_003583,120
A0ABR0T8Y1,Zn(2)-C6 fungal-type domain-containing protein,QM012_002985,469
A0ABR0T9A2,assimilatory sulfite reductase (NADPH),QM012_003544,1060
A0ABR0T9H8,Wbp11/ELF5/Saf1 N-terminal domain-containing protein,QM012_003178,257
A0ABR0T9J4,AA9 family lytic polysaccharide monooxygenase,QM012_003195,482
A0ABR0T9L8,JmjC domain-containing protein,QM012_003201,559
A0ABR0T9Q2,Mus7/MMS22 family-domain-containing protein,QM012_003254,2278
A0ABR0T9Z2,Karyogamy protein,QM012_002592,282
A0ABR0T9Z6,Uncharacterized protein,QM012_003282,390
A0ABR0TA17,Nonribosomal peptide synthetase 12,QM012_002608,494
A0ABR0TAH9,Caleosin-domain-containing protein,QM012_003114,290
A0ABR0TAY6,rhamnogalacturonan endolyase,QM012_002939,679
A0ABR0TB18,Poly A polymerase C-terminal region-like protein,QM012_003214,925
A0ABR0TBG4,tRNA(adenine(34)) deaminase,QM012_002277,204
A0ABR0TBJ1,Transcription initiation factor IIA subunit 2,QM012_002298,116
A0ABR0TBJ7,CFEM domain-containing protein,QM012_002305,165
A0ABR0TBN0,Galactosyl transferase GMA12/MNN10 family protein,QM012_002868,613
A0ABR0TC00,L-lactate dehydrogenase (cytochrome),QM012_002458,505
A0ABR0TCY8,Cep57 centrosome microtubule-binding domain-containing protein,QM012_001946,1357
A0ABR0TD04,NAD(P)-binding protein,QM012_002507,460
A0ABR0TD63,K Homology domain-containing protein,QM012_002021,1851
A0ABR0TDA9,Integral membrane protein,QM012_002400,381
A0ABR0TDH3,SAM-dependent MTase RsmB/NOP-type domain-containing protein,QM012_002476,559
A0ABR0TDW9,Diphthamide biosynthesis protein 3,QM012_001884,73
A0ABR0TEB5,DUF1711-domain-containing protein,QM012_001523,269
A0ABR0TEK3,Phosphoglycerate mutase-like protein,QM012_002109,341
A0ABR0TEM0,60S ribosomal protein L36,QM012_001537,106
A0ABR0TEQ4,Actin-related protein 2/3 complex subunit,QM012_001661,363
A0ABR0TES2,phosphoserine transaminase,QM012_001677,428
A0ABR0TEW5,RanBD1 domain-containing protein,QM012_000816,1488
A0ABR0TEZ5,WD40 repeat-like protein,QM012_000847,904
A0ABR0TG09,Mitochondrial import inner membrane translocase subunit TIM17,QM012_000897,196
A0ABR0TG50,NAD(P)-binding protein,QM012_009175,230
A0ABR0TG66,Heme haloperoxidase family profile domain-containing protein,QM012_001187,449
A0ABR0TG82,L domain-like protein,QM012_001666,525
A0ABR0THM4,Rhodopsin domain-containing protein,QM012_009322,592
A0ABR0TIS5,Uncharacterized protein,QM012_009014,290
A0ABR0TJI2,Glucanase,QM012_009132,858
A0ABR0TJM0,PH domain-containing protein,QM012_009000,610
A0ABR0TJN4,BTB domain-containing protein,QM012_008528,276
A0ABR0TJU6,Acetyl-CoA synthetase-like protein,QM012_008590,683
A0ABR0TJV9,Mitochondrial carrier,QM012_008603,502
A0ABR0TK39,Fe2OG dioxygenase domain-containing protein,QM012_007597,326
A0ABR0TKN1,DNA-directed RNA polymerase III RPC4,QM012_008342,674
A0ABR0TL03,DUF1640-domain-containing protein,QM012_007708,261
A0ABR0TL67,AAA+ ATPase domain-containing protein,QM012_007970,653
A0ABR0TL88,Methyltransferase,QM012_007953,286
A0ABR0TL93,Diphosphomevalonate decarboxylase,QM012_007798,391
A0ABR0TLA7,LSM2-LSM8 complex subunit LSM8,LSM8,98
A0ABR0TLP0,NADP-dependent mannitol dehydrogenase,QM012_007619,274
A0ABR0TLV7,Receptor-activated Ca2+-permeable cation channel,QM012_007072,758
A0ABR0TLW3,Rhodopsin domain-containing protein,QM012_007059,357
A0ABR0TM36,"Aconitate hydratase, mitochondrial",QM012_007148,778
A0ABR0TM58,Uncharacterized protein,QM012_008021,227
A0ABR0TML6,Endosomal/vacuolar adapter protein YPT35,QM012_007331,211
A0ABR0TN69,DNA ligase,QM012_007530,901
A0ABR0TNM6,Uncharacterized protein,QM012_007187,181
A0ABR0TNP1,BSD domain-containing protein,QM012_006463,636
A0ABR0TNV2,Uncharacterized protein,QM012_006513,379
A0ABR0TNV6,Protein-S-isoprenylcysteine O-methyltransferase,QM012_006437,219
A0ABR0TPE6,Pru domain-containing protein,QM012_006739,385
A0ABR0TPK6,AGC-kinase C-terminal domain-containing protein,QM012_006778,1173
A0ABR0TPV3,Pathogen-related protein,QM012_006861,437
A0ABR0TPW4,C2H2-type domain-containing protein,QM012_006893,817
A0ABR0TPZ8,Mitochondrial glycine transporter,QM012_006906,292
A0ABR0TR40,RING-type domain-containing protein,QM012_005785,263
A0ABR0TRN1,Delta(14)-sterol reductase,QM012_006116,472
A0ABR0TRW8,DMAP1-binding domain-containing protein,QM012_006197,1817
A0ABR0TSA0,Protein kinase domain-containing protein,QM012_006142,464
A0ABR0TSC7,Dolichol-phosphate mannosyltransferase subunit 3,QM012_006347,92
A0ABR0TSP3,Uncharacterized protein,QM012_004285,167
A0ABR0TSU4,Large ribosomal subunit protein bL32m,QM012_004344,154
A0ABR0TTE2,PAN2-PAN3 deadenylation complex subunit PAN3,PAN3,685
A0ABR0TTF9,Thioredoxin domain-containing protein,QM012_006169,122
A0ABR0TTK9,Uncharacterized protein,QM012_004577,315
A0ABR0TTN6,N-acetyltransferase domain-containing protein,QM012_004632,241
A0ABR0TU13,Uncharacterized protein,QM012_004204,270
A0ABR0TUE4,Phosphatidic acid phosphatase type 2/haloperoxidase domain-containing protein,QM012_004516,352
A0ABR0TUE5,Exonuclease domain-containing protein,QM012_004884,645
A0ABR0TUH2,G-patch domain-containing protein,QM012_004354,685
A0ABR0TV89,Aminoglycoside phosphotransferase domain-containing protein,QM012_000273,360
A0ABR0TVD5,V-type proton ATPase subunit E,QM012_004861,76
A0ABR0TW34,DUF625-domain-containing protein,QM012_000592,873
A0ABR0TW47,Uncharacterized protein,QM012_004874,85
A0ABR0TW48,GroES-like protein,QM012_000342,353
A0ABR0TXU2,Pyruvate decarboxylase,QM012_000778,566
A0A4S9V848,40S ribosomal protein S3,QM012_003951,267
A0ABR0T597,DNA-binding protein RAP1,QM012_005372,980
A0ABR0T6B0,Pre-mRNA-splicing factor SLU7,QM012_005349,492
A0ABR0T6M2,Uncharacterized protein,QM012_003987,116
A0ABR0T725,Bys1 family protein,QM012_004152,146
A0ABR0T749,Major facilitator superfamily (MFS) profile domain-containing protein,QM012_004913,530
A0ABR0T7H7,Uncharacterized protein,QM012_004040,367
A0ABR0T7U3,Uncharacterized protein,QM012_003756,420
A0ABR0T7X8,Uncharacterized protein,QM012_004074,302
A0ABR0T8B6,Uncharacterized protein,QM012_003404,277
A0ABR0T8E6,Apple domain-containing protein,QM012_003438,281
A0ABR0T905,DUF3431 domain containing protein,QM012_003002,220
A0ABR0T939,Lariat debranching enzyme C-terminal domain-containing protein,QM012_003032,612
A0ABR0T9B4,Sister chromatid cohesion protein,QM012_003057,1846
A0ABR0TA02,Ubiquitin-activating enzyme E1 1,QM012_003157,1034
A0ABR0TA73,Uncharacterized protein,QM012_002670,542
A0ABR0TAF0,Zn(2)-C6 fungal-type domain-containing protein,QM012_002588,316
A0ABR0TAL3,DUF1348-domain-containing protein,QM012_003245,149
A0ABR0TAN7,Structural maintenance of chromosomes protein 5,QM012_003094,1109
A0ABR0TAZ1,Uncharacterized protein,QM012_002938,1222
A0ABR0TAZ2,Peptidase M24 domain-containing protein,QM012_002613,481
A0ABR0TB04,Glycosyl transferase family 1 domain-containing protein,QM012_003263,2962
A0ABR0TB83,Uncharacterized protein,QM012_002602,81
A0ABR0TBI9,REJ domain-containing protein,QM012_002293,502
A0ABR0TBT1,DUF833-domain-containing protein,QM012_002388,318
A0ABR0TC18,Replication termination factor 2,QM012_002332,291
A0ABR0TC19,Malate dehydrogenase,QM012_002483,330
A0ABR0TC25,"endo-1,3(4)-beta-glucanase",QM012_002487,378
A0ABR0TC40,Cupin type-2 domain-containing protein,QM012_002192,188
A0ABR0TCH9,Dolichyl-diphosphooligosaccharide--protein glycosyltransferase subunit STT3,QM012_002449,751
A0ABR0TCK5,Folylpolyglutamate synthase,QM012_001798,491
A0ABR0TCL2,DUF7730 domain-containing protein,QM012_002241,291
A0ABR0TCM3,Uncharacterized protein,QM012_002176,76
A0ABR0TD74,3-phytase,QM012_002355,467
A0ABR0TD77,TPR-like protein,QM012_002031,876
A0ABR0TDD4,NUC173-domain-containing protein,QM012_002096,1275
A0ABR0TDK1,Aspartokinase,QM012_001257,523
A0ABR0TDX3,"Mannan endo-1,6-alpha-mannosidase",QM012_001378,463
A0ABR0TDX6,NADP-dependent oxidoreductase domain-containing protein,QM012_001375,322
A0ABR0TE01,anthranilate synthase,QM012_001803,531
A0ABR0TE26,Replication factor C subunit 5,QM012_001833,354
A0ABR0TEI9,Major facilitator superfamily (MFS) profile domain-containing protein,QM012_001574,455
A0ABR0TF36,NADH-ubiquinone oxidoreductase 17.8 kDa subunit,QM012_001401,187
A0ABR0TFG1,Transcriptional repressor Tup1 N-terminal domain-containing protein,QM012_001426,650
A0ABR0TFK8,PHD-type domain-containing protein,QM012_001440,337
A0ABR0TG62,Uncharacterized protein,QM012_009207,354
A0ABR0TGD4,Integral membrane protein,QM012_009264,186
A0ABR0TGL0,Uncharacterized protein,QM012_009349,49
A0ABR0TGT1,"Mannan endo-1,6-alpha-mannosidase",QM012_009418,466
A0ABR0TH53,Ribosomal protein L34e,QM012_009536,235
A0ABR0THB1,WW domain-containing protein,QM012_001136,606
A0ABR0TIB9,FAS1 domain-containing protein,QM012_009004,201
A0ABR0TIG6,Myb-like domain-containing protein,QM012_009531,350
A0ABR0TIM5,Mg-dependent DNase,QM012_009141,330
A0ABR0TIU1,PLAC8-domain-containing protein,QM012_008225,299
A0ABR0TIU2,Uncharacterized protein,QM012_008680,190
A0ABR0TJA7,AAA family ATPase involved in ubiquitin-mediated protein degradation CDC48,QM012_008346,823
A0ABR0TJW2,BZIP domain-containing protein,QM012_008605,650
A0ABR0TJX5,Adenylate cyclase,QM012_008620,2040
A0ABR0TJZ5,NAD(+) diphosphatase,QM012_008268,422
A0ABR0TK36,Uncharacterized protein,QM012_008569,86
A0ABR0TKX1,Knr4/Smi1-like domain-containing protein,QM012_007771,316
A0ABR0TKZ5,6-phosphofructo-2-kinase domain-containing protein,QM012_007897,553
A0ABR0TL37,DUF1308 domain-containing protein,QM012_007646,497
A0ABR0TL66,Concanavalin A-like lectin/glucanase,QM012_007676,626
A0ABR0TLM4,RNA helicase,QM012_008106,674
A0ABR0TLS6,J domain-containing protein,QM012_007815,288
A0ABR0TLW2,Replication factor A protein 3,QM012_007660,106
A0ABR0TLW6,Enoyl reductase (ER) domain-containing protein,QM012_007674,342
A0ABR0TM87,acylphosphatase,QM012_008128,90
A0ABR0TMZ3,Ankyrin,QM012_007450,532
A0ABR0TNA3,Major facilitator superfamily (MFS) profile domain-containing protein,QM012_007567,488
A0ABR0TNB2,NAD(P)-binding protein,QM012_007575,82
A0ABR0TNN8,S-adenosyl-L-methionine-dependent methyltransferase,QM012_006456,355
A0ABR0TNV0,Ribosomal protein bL31m N-terminal domain-containing protein,QM012_007262,162
A0ABR0TNV1,"N-terminal acetyltransferase A, auxiliary subunit",QM012_006548,724
A0ABR0TPJ1,"Histone-lysine N-methyltransferase, H3 lysine-79 specific",QM012_006763,496
A0ABR0TPU5,Receptor/non-receptor type protein-tyrosine phosphatase,QM012_007543,361
A0ABR0TPW8,HMG box domain-containing protein,QM012_006876,288
A0ABR0TQR5,DUF4470 domain-containing protein,QM012_005803,322
A0ABR0TR53,Arylsulfotransferase,QM012_005800,630
A0ABR0TRB1,Golgi SNAP receptor complex member 1,QM012_006885,225
A0ABR0TRX9,HIG1 domain-containing protein,QM012_005904,195
A0ABR0TRY6,Uncharacterized protein,QM012_006226,588
A0ABR0TSK5,Cation efflux protein,QM012_006095,559
A0ABR0TSN0,Transmembrane 9 superfamily member,QM012_006310,714
A0ABR0TTI8,BRCT domain-containing protein,QM012_004584,745
A0ABR0TTJ9,BRO domain-containing protein 1,QM012_004603,965
A0ABR0TTS3,PD-(D/E)XK nuclease-like domain-containing protein,QM012_004705,334
A0ABR0TTS5,Uncharacterized protein,QM012_004637,64
A0ABR0TTT8,Concanavalin A-like lectin/glucanase,QM012_004652,193
A0ABR0TTZ8,Ribosome biogenesis protein NOP53,QM012_004445,442
A0ABR0TU19,Uncharacterized protein,QM012_006348,570
A0ABR0TUJ8,Dimethylaniline monooxygenase (N-oxide forming),QM012_000018,564
A0ABR0TUP4,BTB domain-containing protein,QM012_004758,254
A0ABR0TVS4,Isochorismatase-like domain-containing protein,QM012_000456,203
A0ABR0TWD6,Histone H1,QM012_000525,132
A0ABR0TWU8,Fork-head domain-containing protein,QM012_000298,728
A0ABR0TX29,WSC domain-containing protein,QM012_000565,442
A0ABR0TXR3,Carboxylesterase type B domain-containing protein,QM012_000718,563
A0ABR0T4N8,Uncharacterized protein,QM012_005526,386
A0ABR0T502,Vacuolar ATPase assembly protein VMA22,QM012_005401,228
A0ABR0T5G6,Uncharacterized protein,QM012_005234,319
A0ABR0T5N6,Uncharacterized protein,QM012_005485,52
A0ABR0T6M5,t-SNARE coiled-coil homology domain-containing protein,QM012_005055,150
A0ABR0T6R8,Siderophore iron transporter-like protein mirB,QM012_004126,598
A0ABR0T722,N-acetyltransferase domain-containing protein,QM012_005201,200
A0ABR0T774,Peptidyl-prolyl cis-trans isomerase-like 1,QM012_004919,642
A0ABR0T7U4,Nucleosome assembly protein-like protein,QM012_004053,396
A0ABR0T7Z3,Carboxylic ester hydrolase,QM012_003678,620
A0ABR0T837,Major facilitator superfamily (MFS) profile domain-containing protein,QM012_003723,594
A0ABR0T8G8,N-acetyltransferase domain-containing protein,QM012_003399,187
A0ABR0T8J4,Uncharacterized protein,QM012_003937,499
A0ABR0T9D6,FMN hydroxy acid dehydrogenase domain-containing protein,QM012_003126,419
A0ABR0T9P4,HIG1 domain-containing protein,QM012_003241,105
A0ABR0T9P5,Class E vacuolar protein-sorting machinery protein HSE1,QM012_003470,631
A0ABR0T9U1,Uncharacterized protein,QM012_003436,164
A0ABR0TA07,Protein kinase domain-containing protein,QM012_003540,764
A0ABR0TA42,Aquaporin-like protein,QM012_002636,511
A0ABR0TAB1,UDP-glucose 4-epimerase,QM012_003262,597
A0ABR0TAL2,Uncharacterized protein,QM012_003144,819
A0ABR0TAZ3,Serine hydrolase domain-containing protein,QM012_002951,243
A0ABR0TB59,PH domain-containing protein,QM012_002171,1286
A0ABR0TBX7,Xylanolytic transcriptional activator regulatory domain-containing protein,QM012_002438,594
A0ABR0TC52,HTH CENPB-type domain-containing protein,QM012_002886,616
A0ABR0TCE7,Potassium channel domain-containing protein,QM012_001722,760
A0ABR0TCG0,DUF1446-domain-containing protein,QM012_002115,563
A0ABR0TCH0,Core Histone H2A/H2B/H3 domain-containing protein,QM012_002482,321
A0ABR0TCK1,Glycine zipper 2TM domain-containing protein,QM012_001811,248
A0ABR0TCW3,PWI domain-containing protein,QM012_001919,808
A0ABR0TCZ2,SprT-like domain-containing protein,QM012_001952,345
A0ABR0TD49,Uncharacterized protein,QM012_002390,373
A0ABR0TDF4,Cytochrome c,QM012_002098,111
A0ABR0TE06,Large ribosomal subunit protein mL44,QM012_002015,416
A0ABR0TEI8,Inosine monophosphate dehydrogenase,QM012_001322,357
A0ABR0TEJ3,Zn(2)-C6 fungal-type domain-containing protein,QM012_001602,879
A0ABR0TFD8,Major facilitator superfamily (MFS) profile domain-containing protein,QM012_000994,562
A0ABR0TFI4,CDC20/Fizzy WD40 domain-containing protein,QM012_001048,600
A0ABR0TFL7,Ribosomal protein S15,QM012_001074,342
A0ABR0TFT4,HPt domain-containing protein,QM012_001134,176
A0ABR0TH05,3-hydroxybutyryl-CoA dehydrogenase,QM012_009305,322
A0ABR0TH33,Uncharacterized protein,QM012_009524,180
A0ABR0THE6,HET-domain-containing protein,QM012_009440,240
A0ABR0THI6,Alternative oxidase,QM012_008734,468
A0ABR0THT5,CBM1 domain-containing protein,QM012_009291,874
A0ABR0TI74,PhoD-like phosphatase domain-containing protein,QM012_008990,1513
A0ABR0TIL7,GTPase-activating protein GYP7,QM012_009125,806
A0ABR0TJ03,OPA3-domain-containing protein,QM012_008967,248
A0ABR0TJE4,Vacuolar protein sorting-associated protein 1,QM012_008394,703
A0ABR0TJG3,DNA 3'-5' helicase,QM012_008453,844
A0ABR0TJN5,F-box domain-containing protein,QM012_009136,367
A0ABR0TK64,Uncharacterized protein,QM012_008399,212
A0ABR0TKH7,PhoD-like phosphatase metallophosphatase domain-containing protein,QM012_008611,641
A0ABR0TKR3,Phosphoglycerate mutase-like protein,QM012_007820,479
A0ABR0TKT7,Xylanolytic transcriptional activator regulatory domain-containing protein,QM012_007803,790
A0ABR0TL16,O-acyltransferase,QM012_008643,692
A0ABR0TLB1,F-box domain-containing protein,QM012_008018,486
A0ABR0TLD9,Transcription factor domain-containing protein,QM012_008042,351
A0ABR0TLV4,CCD97-like C-terminal domain-containing protein,QM012_007065,203
A0ABR0TM00,AB hydrolase-1 domain-containing protein,QM012_007121,460
A0ABR0TM04,SEP-domain-containing protein,QM012_008053,399
A0ABR0TM25,NADH-cytochrome b5 reductase 2,QM012_007039,459
A0ABR0TM70,GST N-terminal domain-containing protein,QM012_007175,343
A0ABR0TN02,Peptidase S54 rhomboid domain-containing protein,QM012_007455,309
A0ABR0TNA4,Uncharacterized protein,QM012_007067,340
A0ABR0TNC0,non-specific serine/threonine protein kinase,QM012_007590,415
A0ABR0TNH0,Non-structural maintenance of chromosomes element 1 homolog,QM012_006413,320
A0ABR0TNK1,Protein HRI1,QM012_006412,371
A0ABR0TNU3,PWWP domain-containing protein,QM012_007197,549
A0ABR0TP97,Uncharacterized protein,QM012_007563,268
A0ABR0TPM5,RRM domain-containing protein,QM012_006808,428
A0ABR0TPT4,EF-hand domain-containing protein,QM012_006874,208
A0ABR0TPY4,Mitochondrial import inner membrane translocase subunit TIM44,QM012_006905,585
A0ABR0TQA7,Uncharacterized protein,QM012_005631,378
A0ABR0TQP1,TATA-binding protein-associated factor mot1,QM012_006611,1896
A0ABR0TQQ7,Aquaporin-like protein,QM012_005665,370
A0ABR0TQV1,Uncharacterized protein,QM012_005710,540
A0ABR0TRK0,Nudix hydrolase domain-containing protein,QM012_006091,854
A0ABR0TRL9,Amino acid transporter transmembrane domain-containing protein,QM012_006101,492
A0ABR0TRS7,Pre-rRNA-processing protein TSR2,QM012_005844,183
A0ABR0TRX5,ribonuclease T1,QM012_006022,131
A0ABR0TSV7,Iron transport multicopper oxidase FET3,QM012_006185,581
A0ABR0TT06,Large ribosomal subunit protein uL6 alpha-beta domain-containing protein,QM012_004404,193
A0ABR0TT26,Lysyl-tRNA synthetase,QM012_006033,570
A0ABR0TTK5,Uncharacterized protein,QM012_004231,901
A0ABR0TTY0,DEAD/DEAH box helicase,QM012_004719,1146
A0ABR0TTY8,Small EDRK-rich factor-like N-terminal domain-containing protein,QM012_004765,60
A0ABR0TU04,"Dynein light chain, cytosolic",QM012_004780,134
A0ABR0TU25,Protein YIP,QM012_004721,300
A0ABR0TUD2,Major facilitator superfamily (MFS) profile domain-containing protein,QM012_004869,521
A0ABR0TUT0,Uncharacterized protein,QM012_000050,52
A0ABR0TUX6,Shugoshin C-terminal domain-containing protein,QM012_000167,330
A0ABR0TUY1,Pre-mRNA-splicing factor 38,QM012_000095,263
A0ABR0TUZ3,DUF1754-domain-containing protein,QM012_004484,136
A0ABR0TV08,Glucose-methanol-choline oxidoreductase N-terminal domain-containing protein,QM012_000125,647
A0ABR0TV40,Uncharacterized protein,QM012_004850,639
A0ABR0TVN8,Cyanovirin-N domain-containing protein,QM012_000386,66
A0ABR0TW15,Exosome complex protein,QM012_000470,235
A0ABR0TWE7,F-box domain-containing protein,QM012_000736,344
A0ABR0TWH6,Peptidase A1 domain-containing protein,QM012_000570,310
A0ABR0T4N9,C6 transcription factor,QM012_005444,402
A0ABR0T553,Stealth protein CR2 conserved region 2 domain-containing protein,QM012_005475,790
A0ABR0T555,F-box domain-containing protein,QM012_005567,425
A0ABR0T5I9,Isochorismatase-like domain-containing protein,QM012_005109,196
A0ABR0T5V9,Ribosomal protein L10e/L16 domain-containing protein,QM012_005436,238
A0ABR0T666,Anaphase-promoting complex subunit 11,QM012_004922,100
A0ABR0T6J9,MFS general substrate transporter,QM012_004041,521
A0ABR0T6V1,Holocytochrome c-type synthase,QM012_005146,331
A0ABR0T6W8,dihydroneopterin aldolase,QM012_003814,257
A0ABR0T771,NAD-dependent epimerase/dehydratase domain-containing protein,QM012_003915,338
A0ABR0T7Q1,Uncharacterized protein,QM012_003896,609
A0ABR0T7X5,Major facilitator superfamily (MFS) profile domain-containing protein,QM012_003784,540
A0ABR0T8Z4,Uncharacterized protein,QM012_003657,278
A0ABR0T931,Ammonium transporter,QM012_003332,522
A0ABR0TA76,DNA replication checkpoint mediator MRC1 domain-containing protein,QM012_002659,1311
A0ABR0TAD3,Zn(2)-C6 fungal-type domain-containing protein,QM012_002573,591
A0ABR0TAE7,Mitochondrial aspartate-glutamate transporter AGC1,QM012_002745,698
A0ABR0TAK5,Eukaryotic translation initiation factor 3 subunit A,TIF32,1059
A0ABR0TAL7,Uncharacterized protein,QM012_003093,116
A0ABR0TAN9,Tryptophan synthase beta chain-like PALP domain-containing protein,QM012_002678,388
A0ABR0TAV8,Short-chain dehydrogenase/reductase family protein,QM012_003218,281
A0ABR0TB16,Xaa-Pro dipeptidyl-peptidase-like domain-containing protein,QM012_002129,215
A0ABR0TBI0,Amino acid permease,QM012_002292,521
A0ABR0TBJ9,Oxidoreductase-like domain-containing protein,QM012_002307,250
A0ABR0TBN2,Uncharacterized protein,QM012_002197,327
A0ABR0TBQ5,Exonuclease 1,QM012_002227,690
A0ABR0TC28,Glutathione S-transferase,QM012_002489,259
A0ABR0TC39,DUF1479-domain-containing protein,QM012_002502,506
A0ABR0TC45,Protein kinase domain-containing protein,QM012_002513,297
A0ABR0TC61,DUF8383 domain-containing protein,QM012_002484,542
A0ABR0TC99,General negative regulator of transcription subunit,QM012_002896,641
A0ABR0TCU9,Hydroxyacyl-CoA dehydrogenase,QM012_001717,322
A0ABR0TCV7,Uncharacterized protein,QM012_001887,366
A0ABR0TD84,PTR2-domain-containing protein,QM012_002039,614
A0ABR0TDC0,Cytochrome P450 monooxygenase,QM012_002070,554
A0ABR0TDP4,NmrA-like family domain-containing protein 1,QM012_001718,302
A0ABR0TDW3,F-box domain-containing protein,QM012_001392,301
A0ABR0TEA3,Nucleotide-diphospho-sugar transferase,QM012_001498,345
A0ABR0TF77,DUF218 domain-containing protein,QM012_000918,267
A0ABR0TF88,YjgF-like protein,QM012_000949,127
A0ABR0TFA0,Cytochrome c oxidase assembly factor 3,QM012_001400,87
A0ABR0TG39,Uncharacterized protein,QM012_009178,103
A0ABR0TGE2,Carboxylesterase type B domain-containing protein,QM012_000835,583
A0ABR0TGH4,Brix domain-containing protein,QM012_009309,482
A0ABR0TH59,Uncharacterized protein,QM012_009535,984
A0ABR0THA0,Dimethylglycine oxidase,QM012_009488,833
A0ABR0THQ3,DNA-directed RNA polymerase III subunit,QM012_009352,265
A0ABR0THS0,Eukaryotic translation initiation factor 3 subunit L,QM012_009276,476
A0ABR0THT0,ABC transporter domain-containing protein,QM012_008844,1582
A0ABR0THT6,Glycoside hydrolase,QM012_009242,602
A0ABR0THT9,acetyl-CoA C-acetyltransferase,QM012_008855,394
A0ABR0THW4,Ribosomal protein S16,QM012_008878,108
A0ABR0TIF9,"alpha-1,2-Mannosidase",QM012_009065,590
A0ABR0TJ79,Amino acid permease/ SLC12A domain-containing protein,QM012_008362,553
A0ABR0TJ87,Conserved oligomeric Golgi complex subunit 2,QM012_008269,313
A0ABR0TJP3,BZIP domain-containing protein,QM012_008530,155
A0ABR0TJZ3,Adenosine deaminase domain-containing protein,QM012_008610,410
A0ABR0TK56,Uncharacterized protein,QM012_008670,178
A0ABR0TK77,Apple domain-containing protein,QM012_007640,369
A0ABR0TKF5,Ceramide glucosyltransferase,QM012_008489,534
A0ABR0TKI2,Uncharacterized protein,QM012_008262,322
A0ABR0TKZ0,RING-type domain-containing protein,QM012_008413,259
A0ABR0TL38,WD40 repeat-like protein,QM012_008472,1013
A0ABR0TL51,AdoMet-dependent rRNA methyltransferase SPB1,QM012_007661,865
A0ABR0TLB2,M-phase inducer phosphatase,QM012_007968,549
A0ABR0TLF8,Uncharacterized protein,QM012_008013,441
A0ABR0TLP2,ubiquitinyl hydrolase 1,QM012_008153,1182
A0ABR0TLW0,Protein kinase domain-containing protein,QM012_007073,380
A0ABR0TM10,alcohol dehydrogenase (NADP(+)),QM012_008161,361
A0ABR0TMK0,Carboxypeptidase,QM012_007034,553
A0ABR0TMQ8,CCR4-Not complex 3'-5'-exoribonuclease subunit Ccr4,QM012_007358,753
A0ABR0TMS6,Eukaryotic translation initiation factor 2A,QM012_007344,666
A0ABR0TNC3,Stress response protein ish1,QM012_007082,568
A0ABR0TNG3,FAD-binding PCMH-type domain-containing protein,QM012_006367,524
A0ABR0TNH9,Major facilitator superfamily (MFS) profile domain-containing protein,QM012_006396,530
A0ABR0TNI2,Chaperonin GroL,QM012_006409,583
A0ABR0TNR3,Uncharacterized protein,QM012_006478,344
A0ABR0TNZ4,Large ribosomal subunit protein mL43,QM012_006558,137
A0ABR0TNZ9,VOC domain-containing protein,QM012_007288,808
A0ABR0TP33,PHD-type domain-containing protein,QM012_006623,856
A0ABR0TPP6,Uncharacterized protein,QM012_006833,587
A0ABR0TPS2,C2H2-type domain-containing protein,QM012_006845,434
A0ABR0TRA7,Uncharacterized protein,QM012_005996,124
A0ABR0TRJ5,F-box domain-containing protein,QM012_006911,724
A0ABR0TRW5,tRNA-dihydrouridine(16/17) synthase [NAD(P)(+)],QM012_006182,560
A0ABR0TS53,Cns1/TTC4 wheel domain-containing protein,QM012_005768,450
A0ABR0TSJ6,Nucleoporin NUP49/NSP49,QM012_004242,443
A0ABR0TSQ0,"Small ribosomal subunit protein bS22, mitochondrial",QM012_004299,363
A0ABR0TTI3,Actin-crosslinking protein,QM012_006203,263
A0ABR0TUC1,M protein repeat protein,QM012_004580,570
A0ABR0TUC9,Uncharacterized protein,QM012_004826,944
A0ABR0TUJ4,"1,3-beta-glucanosyltransferase",QM012_004791,469
A0ABR0TUV1,Major facilitator superfamily (MFS) profile domain-containing protein,QM012_000181,530
A0ABR0TV00,Heterokaryon incompatibility Het-C,QM012_000045,736
A0ABR0TV94,Amino acid transporter,QM012_000287,540
A0ABR0TVE0,FMN hydroxy acid dehydrogenase domain-containing protein,QM012_004650,404
A0ABR0TVQ7,DUF866-domain-containing protein,QM012_000401,160
A0ABR0TW81,DUF300-domain-containing protein,QM012_000250,539
A0ABR0TWA7,3-phytase,QM012_000023,582
A0ABR0TX38,Uncharacterized protein,QM012_000338,371
A0ABR0T4W0,Xylanolytic transcriptional activator regulatory domain-containing protein,QM012_005461,506
A0ABR0T5Z8,Ubiquitin carboxyl-terminal hydrolase,QM012_005471,233
A0ABR0T698,C2H2-type domain-containing protein,QM012_005413,213
A0ABR0T6A1,Uncharacterized protein,QM012_005046,216
A0ABR0T7T4,Orotate phosphoribosyltransferase,QM012_003680,242
A0ABR0T821,Uncharacterized protein,QM012_003708,405
A0ABR0T828,Glutathione hydrolase,QM012_003894,587
A0ABR0T8L8,Thiamine thiazole synthase,QM012_003506,332
A0ABR0T8N8,Transaldolase,QM012_003982,1509
A0ABR0T9N6,Extradiol ring-cleavage dioxygenase class III enzyme subunit B domain-containing protein,QM012_003221,276
A0ABR0T9Z8,Protein HRI1,QM012_002574,216
A0ABR0TA87,ER lumen protein-retaining receptor,QM012_002681,215
A0ABR0TAM0,Uncharacterized protein,QM012_002819,423
A0ABR0TAS8,WD40 repeat-like protein,QM012_002874,1042
A0ABR0TAX4,Sulfate transporter,QM012_002924,460
A0ABR0TAY1,Exportin-T,QM012_002934,1026
A0ABR0TB19,ASST-domain-containing protein,QM012_002643,599
A0ABR0TB55,Allergen,QM012_002163,253
A0ABR0TB85,Major facilitator superfamily (MFS) profile domain-containing protein,QM012_003288,529
A0ABR0TBF3,Mitochondrial glyco protein,QM012_002229,306
A0ABR0TBS2,Uncharacterized protein,QM012_002382,769
A0ABR0TC12,GH16 domain-containing protein,QM012_002806,1074
A0ABR0TC49,Cytochrome P450,QM012_002508,240
A0ABR0TC54,Uncharacterized protein,QM012_002517,160
A0ABR0TC92,Small ribosomal subunit protein uS13m,QM012_001697,119
A0ABR0TCC8,"5-demethoxyubiquinone hydroxylase, mitochondrial",COQ7,235
A0ABR0TCE5,Arginyl-tRNA--protein transferase 1,QM012_001738,411
A0ABR0TCI2,Protein transport protein SEC31,QM012_001786,1294
A0ABR0TCN1,ATP-dependent RNA helicase,QM012_001844,643
A0ABR0TD48,C2H2-type domain-containing protein,QM012_002451,872
A0ABR0TE72,SNF7 family protein,QM012_001466,220
A0ABR0TE89,S-adenosyl-L-methionine-dependent methyltransferase,QM012_001480,177
A0ABR0TED7,Major facilitator superfamily (MFS) profile domain-containing protein,QM012_001369,543
A0ABR0TEG0,Cytochrome b5 heme-binding domain-containing protein,QM012_001556,241
A0ABR0TEM2,"xylan 1,4-beta-xylosidase",QM012_001632,805
A0ABR0TER5,Uncharacterized protein,QM012_001397,948
A0ABR0TEX9,Zn(2)-C6 fungal-type domain-containing protein,QM012_000831,1024
A0ABR0TFD9,Cep57 centrosome microtubule-binding domain-containing protein,QM012_000999,938
A0ABR0TFY3,RING-type domain-containing protein,QM012_001194,207
A0ABR0TG68,Cytosolic Fe-S cluster assembly factor NBP35,NBP35,445
A0ABR0TG85,TBP-domain-containing protein,QM012_009225,274
A0ABR0TGK8,Uncharacterized protein,QM012_009326,265
A0ABR0TGL6,2-(3-amino-3-carboxypropyl)histidine synthase subunit 2,QM012_000896,542
A0ABR0TGR6,Uncharacterized protein,QM012_009215,378
A0ABR0TGR8,Glycoside hydrolase,QM012_009417,413
A0ABR0TGT9,uracil phosphoribosyltransferase,QM012_009338,244
A0ABR0TH21,MYND-type domain-containing protein,QM012_009320,112
A0ABR0TH97,Inosine-5'-monophosphate dehydrogenase,QM012_009581,545
A0ABR0THD5,GOLD domain-containing protein,QM012_008703,219
A0ABR0THK4,Myb-like domain-containing protein,QM012_009593,335
A0ABR0THM0,Cytochrome P450,QM012_008780,493
A0ABR0TI40,Sialidase,QM012_009502,589
A0ABR0TIE2,Heterokaryon incompatibility domain-containing protein,QM012_009034,96
A0ABR0TII2,beta-glucosidase,QM012_009096,893
A0ABR0TJ34,CID domain-containing protein,QM012_008771,666
A0ABR0TJR5,Major facilitator superfamily (MFS) profile domain-containing protein,QM012_008555,432
A0ABR0TK61,Transcription factor domain-containing protein,QM012_007624,524
A0ABR0TK74,Xylanolytic transcriptional activator regulatory domain-containing protein,QM012_007596,365
A0ABR0TKH8,Zn(2)-C6 fungal-type domain-containing protein,QM012_007701,714
A0ABR0TKY3,Borealin N-terminal domain-containing protein,QM012_007872,342
A0ABR0TL06,Translation initiation factor eIF4e,QM012_007910,256
A0ABR0TL20,DUF336-domain-containing protein,QM012_007723,177
A0ABR0TLA6,Myb-like domain-containing protein,QM012_007986,363
A0ABR0TLM7,Uncharacterized protein,QM012_007841,579
A0ABR0TLQ6,PAS domain-containing protein,QM012_008157,265
A0ABR0TLW4,NAD(P)-binding protein,QM012_007080,255
A0ABR0TM16,Pentatricopeptide repeat domain-containing protein,QM012_007136,872
A0ABR0TM41,GH16 domain-containing protein,QM012_007155,344
A0ABR0TMT3,Succinate dehydrogenase assembly factor 3,QM012_007390,145
A0ABR0TMV6,Serine hydrolase domain-containing protein,QM012_008039,279
A0ABR0TMW8,RNA-binding protein VTS1,QM012_007154,597
A0ABR0TNL1,Haloacid dehalogenase,QM012_006426,241
A0ABR0TNP9,Uncharacterized protein,QM012_006474,355
A0ABR0TPS4,Uncharacterized protein,QM012_006537,276
A0ABR0TQ15,C2H2-type domain-containing protein,QM012_006943,601
A0ABR0TQ89,Uncharacterized protein,QM012_007010,252
A0ABR0TQP3,Cleavage and polyadenylation specificity factor subunit 2,QM012_005650,952
A0ABR0TQQ9,Methyltransferase type 11 domain-containing protein,QM012_005777,307
A0ABR0TRB3,Uncharacterized protein,QM012_005664,123
A0ABR0TRC6,alpha-amylase,QM012_005987,602
A0ABR0TRX3,DNA mismatch repair protein S5 domain-containing protein,QM012_006070,850
A0ABR0TRZ9,Chromo domain-containing protein,QM012_006241,439
A0ABR0TS00,E2 ubiquitin-conjugating enzyme,QM012_005658,184
A0ABR0TSI7,Glutathione S-transferase,QM012_006080,216
A0ABR0TSQ6,3-hydroxyisobutyryl-CoA hydrolase,QM012_005913,492
A0ABR0TT64,ACB domain-containing protein,QM012_006079,95
A0ABR0TTD3,Casein kinase substrate phosphoprotein PP28 domain-containing protein,QM012_006350,241
A0ABR0TTH5,Orotidine 5'-phosphate decarboxylase,QM012_006184,392
A0ABR0TTM3,Voltage-gated hydrogen channel 1,QM012_004491,190
A0ABR0TU74,CobW-domain-containing protein,QM012_004867,402
A0ABR0TVE2,RNA helicase,QM012_000044,760
A0ABR0TVG2,Enoyl reductase (ER) domain-containing protein,QM012_000379,349
A0ABR0TVI9,Exocyst complex component SEC15,QM012_000305,792
A0ABR0TVV6,Uncharacterized protein,QM012_004834,362
A0ABR0TVY9,Amino acid permease/ SLC12A domain-containing protein,QM012_000440,549
A0ABR0TW54,RING-type domain-containing protein,QM012_000515,116
A0ABR0TW89,GH16 domain-containing protein,QM012_000637,339
A0ABR0TX23,peptidyl-tRNA hydrolase,QM012_000659,274
A0ABR0TXD8,RRM domain-containing protein,QM012_000473,294
A0ABR0TXS3,Uncharacterized protein,QM012_000748,261
A0ABR0T5A1,C4-dicarboxylate transporter/malic acid transport protein,QM012_005267,461
A0ABR0T5B6,Ribosome biogenesis protein SLX9,QM012_005534,197
A0ABR0T5K3,"Multicopper oxidase, type 1",QM012_005110,596
A0ABR0T693,Thiamine pyrophosphokinase,QM012_004952,263
A0ABR0T6D1,DUF642 domain-containing protein,QM012_003992,155
A0ABR0T6U8,Anaphase-promoting complex subunit 4,QM012_004030,705
A0ABR0T755,Spc7 kinetochore protein domain-containing protein,QM012_003905,1565
A0ABR0T7A1,DUF221-domain-containing protein,QM012_003966,833
A0ABR0T7I6,Uncharacterized protein,QM012_003649,267
A0ABR0T7V3,Uncharacterized protein,QM012_004088,240
A0ABR0T7V5,Nudix hydrolase domain-containing protein,QM012_003775,244
A0ABR0T852,DNA polymerase epsilon subunit B,QM012_003342,742
A0ABR0T8F0,NAD(P)-binding protein,QM012_003434,291
A0ABR0T8M9,ATP-dependent RNA helicase,QM012_003522,710
A0ABR0T8U3,Cytochrome P450,QM012_003763,527
A0ABR0T8Z3,Serine/threonine-protein phosphatase,QM012_002991,413
A0ABR0T961,Carboxylic ester hydrolase,QM012_003290,531
A0ABR0T9B5,FAD/NAD(P)-binding domain-containing protein,QM012_003122,420
A0ABR0T9S2,Aldehyde dehydrogenase domain-containing protein,QM012_003269,476
A0ABR0TA08,Proteasome subunit beta,QM012_003576,284
A0ABR0TA31,Trehalase,QM012_002621,789
A0ABR0TA98,GDPD-domain-containing protein,QM012_003024,1173
A0ABR0TAA7,Protein kinase domain-containing protein,QM012_002694,706
A0ABR0TAY2,Armadillo repeat-containing protein 8,QM012_002720,972
A0ABR0TBB9,Mitochondrial carrier,QM012_002230,296
A0ABR0TBK4,Cyclase,QM012_002308,319
A0ABR0TBS1,"Mannan endo-1,6-alpha-mannosidase",QM012_002702,385
A0ABR0TBV2,ASST-domain-containing protein,QM012_002732,580
A0ABR0TCD0,Amino acid transporter,QM012_001723,540
A0ABR0TCN2,P-loop containing nucleoside triphosphate hydrolase protein,QM012_001830,250
A0ABR0TCS8,SSD domain-containing protein,QM012_002432,100
A0ABR0TD40,CobW C-terminal domain-containing protein,QM012_002436,628
A0ABR0TD58,Uncharacterized protein,QM012_002356,153
A0ABR0TD99,Plasma membrane fusion protein PRM1,QM012_002061,801
A0ABR0TDB8,TspO/MBR-related protein,QM012_002450,200
A0ABR0TE11,MYND-type domain-containing protein,QM012_001433,292
A0ABR0TEN1,Uncharacterized protein,QM012_002078,368
A0ABR0TEN9,Large ribosomal subunit protein uL3,QM012_002044,392
A0ABR0TEQ7,Uncharacterized protein,QM012_001474,215
A0ABR0TEV5,Scytalone dehydratase-like domain-containing protein,QM012_001519,175
A0ABR0TF76,Catabolic 3-dehydroquinase,qutE,155
A0ABR0TFR9,Uncharacterized protein,QM012_001123,128
A0ABR0TFX9,"alpha-1,3-glucan synthase",QM012_001576,2407
A0ABR0TG52,DUF1989 domain-containing protein,QM012_001172,297
A0ABR0TGF6,Uncharacterized protein,QM012_009280,233
A0ABR0THI7,Transmembrane BAX inhibitor motif-containing protein,QM012_008753,272
A0ABR0THN5,Uncharacterized protein,QM012_008793,142
A0ABR0THS3,Nucleotide exchange factor Fes1 domain-containing protein,QM012_008838,208
A0ABR0THW3,WLM domain-containing protein,QM012_008873,343
A0ABR0THY0,DNA double-strand break repair and VJ recombination XRCC4,QM012_008869,400
A0ABR0TI09,Gylcosyl hydrolase 115 C-terminal domain-containing protein,QM012_009317,1041
A0ABR0TI41,Autophagy-related protein 14,QM012_008948,358
A0ABR0TI44,NADP-dependent oxidoreductase domain-containing protein,QM012_008867,294
A0ABR0TI97,UV excision repair protein RAD23,QM012_009008,375
A0ABR0TIG0,"Cytochrome b-c1 complex subunit 2, mitochondrial",QM012_009069,455
A0ABR0TJL9,Uncharacterized protein,QM012_008516,341
A0ABR0TJU9,Mannosyl-oligosaccharide glucosidase,QM012_009026,811
A0ABR0TJZ2,Uncharacterized protein,QM012_008524,89
A0ABR0TKD0,Uncharacterized protein,QM012_007687,176
A0ABR0TKI1,tRNA (adenine(58)-N(1))-methyltransferase catalytic subunit TRM61,QM012_008519,500
A0ABR0TKI9,HIT-like protein,QM012_007744,278
A0ABR0TKJ8,GPI-anchored cell wall organization protein Ecm33,QM012_008277,400
A0ABR0TKS2,WD40 repeat-like protein,QM012_007788,679
A0ABR0TL12,Allophanate hydrolase C-terminal domain-containing protein,QM012_007616,141
A0ABR0TL95,Uncharacterized protein,QM012_007997,166
A0ABR0TLD2,Large ribosomal subunit protein bL27m,QM012_008562,275
A0ABR0TLG3,Transcription factor domain-containing protein,QM012_008062,488
A0ABR0TLH3,DUF7603 domain-containing protein,QM012_008078,818
A0ABR0TM30,Golgi apparatus membrane protein TVP38,QM012_007101,385
A0ABR0TM73,Uncharacterized protein,QM012_008036,265
A0ABR0TMI7,Multicopper oxidase,QM012_007300,679
A0ABR0TMI9,Uncharacterized protein,QM012_007900,104
A0ABR0TMQ7,RNA-dependent RNA polymerase,QM012_007350,756
A0ABR0TNH3,Pre-mRNA-splicing factor,QM012_006395,473
A0ABR0TNL2,YjgF-like protein,QM012_007379,156
A0ABR0TNN4,Clustered mitochondria protein homolog,CLU1,1252
A0ABR0TNR5,C2H2-type domain-containing protein,QM012_006503,510
A0ABR0TNS8,DUF8035 domain-containing protein,QM012_007213,877
A0ABR0TP53,Ribosomal protein L13,QM012_006613,202
A0ABR0TP57,Alpha/beta hydrolase fold-3 domain-containing protein,QM012_007518,319
A0ABR0TP67,BZIP domain-containing protein,QM012_006628,427
A0ABR0TP70,TPR-like protein,QM012_007533,1615
A0ABR0TQ28,DUF7923 domain-containing protein,QM012_006616,241
A0ABR0TQ92,Apple domain-containing protein,QM012_007027,904
A0ABR0TQE1,"Cysteine proteinase 1, mitochondrial",QM012_005657,516
A0ABR0TQP0,DUF336-domain-containing protein,QM012_005773,156
A0ABR0TR10,Succinyl-CoA:3-ketoacid-coenzyme A transferase,QM012_005886,517
A0ABR0TR17,"Dol-P-Glc:Glc(2)Man(9)GlcNAc(2)-PP-Dol alpha-1,2-glucosyltransferase",QM012_006731,620
A0ABR0TRW9,Protein Zds1 C-terminal domain-containing protein,QM012_005855,1013
A0ABR0TST3,LysM domain-containing protein,QM012_006292,256
A0ABR0TSW1,F-box domain-containing protein,QM012_004206,622
A0ABR0TT18,Uncharacterized protein,QM012_004419,168
A0ABR0TT56,ATP synthase subunit gamma,QM012_006063,298
A0ABR0TTQ4,Copper acquisition factor BIM1-like domain-containing protein,QM012_004428,233
A0ABR0TU58,"2,3-diketo-5-methylthio-1-phosphopentane phosphatase",QM012_004249,318
A0ABR0TUI2,Uncharacterized protein,QM012_004319,313
A0ABR0TUQ2,DUF3824 domain-containing protein,QM012_004715,260
A0ABR0TVI4,Pinin/SDK/MemA protein domain-containing protein,QM012_000378,317
A0ABR0TW60,Thioredoxin domain-containing protein,QM012_000357,257
A0ABR0TXH7,Uncharacterized protein,QM012_000594,280
A0ABR0T4J8,Fe2OG dioxygenase domain-containing protein,QM012_005602,485
A0ABR0T5V2,Phosphoglycerate mutase-like protein,QM012_005261,234
A0ABR0T5X7,Plant basic secretory protein,QM012_004936,302
A0ABR0T5Z2,Lysine-specific metallo-endopeptidase domain-containing protein,QM012_005536,500
A0ABR0T621,Zinc transporter,QM012_005195,497
A0ABR0T647,Thioesterase domain-containing protein,QM012_005193,207
A0ABR0T6T3,pH-response regulator protein palC,QM012_004015,476
A0ABR0T704,Uncharacterized protein,QM012_004012,282
A0ABR0T7D6,Aldolase,QM012_003607,669
A0ABR0T7N0,Uncharacterized protein,QM012_005019,79
A0ABR0T7T8,Aminoglycoside phosphotransferase domain-containing protein,QM012_005079,336
A0ABR0T7T9,Cupin 2 conserved barrel domain-containing protein,QM012_004073,94
A0ABR0T7Z7,CRIB domain-containing protein,QM012_004133,761
A0ABR0T831,Uncharacterized protein,QM012_003328,173
A0ABR0T862,Ubiquitin carboxyl-terminal hydrolase,QM012_003358,801
A0ABR0T8J1,Uncharacterized protein,QM012_003289,218
A0ABR0T9Z9,NAD(P)-binding protein,QM012_002591,344
A0ABR0TB11,Hydrophobic surface binding protein,QM012_002126,177
A0ABR0TB46,Cytochrome b5 heme-binding domain-containing protein,QM012_002156,516
A0ABR0TBC0,Vacuolar protein sorting-associated protein 35,QM012_002234,877
A0ABR0TBF6,FAD-binding FR-type domain-containing protein,QM012_002263,605
A0ABR0TC74,NADH:ubiquinone oxidoreductase-like 20kDa subunit domain-containing protein,QM012_002344,216
A0ABR0TCA6,Uncharacterized protein,QM012_002529,266
A0ABR0TCD7,PX domain-containing protein,QM012_002452,975
A0ABR0TCI6,Probable electron transfer flavoprotein subunit alpha,QM012_001791,349
A0ABR0TCT3,DUF6594 domain-containing protein,QM012_001891,479
A0ABR0TDW8,HbrB-like protein,QM012_002077,882
A0ABR0TE20,Fatty acid hydroxylase domain-containing protein,QM012_001421,357
A0ABR0TE24,Carboxylesterase type B domain-containing protein,QM012_001853,421
A0ABR0TE55,chitin synthase,QM012_001898,881
A0ABR0TEM9,Wings apart-like protein C-terminal domain-containing protein,QM012_001630,439
A0ABR0TF51,Uncharacterized protein,QM012_001305,469
A0ABR0TF74,tripeptidyl-peptidase II,QM012_000936,615
A0ABR0TFT5,PAS domain-containing protein,QM012_001133,216
A0ABR0TFU2,GPI mannosyltransferase 1,QM012_001143,191
A0ABR0TFU5,Thioredoxin domain-containing protein,QM012_001144,272
A0ABR0TFW4,Ribosome biogenesis protein YTM1,YTM1,456
A0ABR0TFZ9,Large ribosomal subunit protein uL6 alpha-beta domain-containing protein,QM012_001208,252
A0ABR0TG79,Mating-type alpha-pheromone receptor PreB,QM012_001680,392
A0ABR0TGE7,RRM domain-containing protein,QM012_009279,360
A0ABR0TGM3,Ribosomal RNA-processing protein 41,QM012_009372,252
A0ABR0TGU9,Apple domain-containing protein,QM012_009430,787
A0ABR0TGW8,Importin-95,QM012_001050,873
A0ABR0TH23,NAD-dependent epimerase/dehydratase domain-containing protein,QM012_009504,339
A0ABR0THD9,"Arabinan endo-1,5-alpha-L-arabinosidase",QM012_008706,368
A0ABR0THG3,WD domain-containing protein,QM012_009171,1067
A0ABR0TI38,Spindle pole body component,QM012_008774,839
A0ABR0TI47,DUS-like FMN-binding domain-containing protein,QM012_008976,437
A0ABR0TI76,Eukaryotic translation initiation factor 6,TIF6,246
A0ABR0TI77,Major facilitator superfamily (MFS) profile domain-containing protein,QM012_009532,508
A0ABR0TI92,IQ calmodulin-binding motif protein,QM012_008977,537
A0ABR0TIC3,Zn(2)-C6 fungal-type domain-containing protein,QM012_008727,594
A0ABR0TIH3,P-loop containing nucleoside triphosphate hydrolase protein,QM012_009080,875
A0ABR0TIL9,"alpha-1,2-Mannosidase",QM012_009527,1084
A0ABR0TIN0,Vacuolar protein sorting-associated protein 62,QM012_009140,335
A0ABR0TIQ0,Uncharacterized protein,QM012_008182,124
A0ABR0TIV7,60S ribosomal protein L31,QM012_008242,125
A0ABR0TJN0,Thymidylate kinase,QM012_008404,215
A0ABR0TK16,DNA-directed RNA polymerase III subunit RPC3,QM012_009070,627
A0ABR0TKU6,non-specific serine/threonine protein kinase,QM012_007849,454
A0ABR0TL14,Bromodomain associated domain-containing protein,QM012_007878,243
A0ABR0TL28,Six-hairpin glycosidase,QM012_007893,424
A0ABR0TLK2,Inclusion body clearance protein IML2,QM012_008097,688
A0ABR0TLL3,Survival protein SurE-like phosphatase/nucleotidase domain-containing protein,QM012_007826,315
A0ABR0TMA9,Fatty acid synthase subunit alpha,QM012_007191,1853
A0ABR0TMC8,DASH complex subunit DAM1,QM012_007235,232
A0ABR0TMD0,NADP-dependent oxidoreductase domain-containing protein,QM012_007224,353
A0ABR0TMD7,Nucleotide-diphospho-sugar transferase,QM012_008111,553
A0ABR0TMJ8,Uncharacterized protein,QM012_007310,200
A0ABR0TMN3,"DNA-directed RNA polymerases I, II, and III subunit RPABC1",QM012_007964,227
A0ABR0TMT1,CBD9-like protein,QM012_008024,348
A0ABR0TMU1,NCT transcriptional regulatory complex subunit B,QM012_007309,149
A0ABR0TN00,26S proteasome regulatory subunit 6B homolog,QM012_007128,421
A0ABR0TNH8,Phosphoglycerate mutase-like protein,QM012_007108,189
A0ABR0TNT3,HRDC domain-containing protein,QM012_007368,800
A0ABR0TNW7,Protein kinase domain-containing protein,QM012_007576,357
A0ABR0TP27,DNA topoisomerase,QM012_006604,1818
A0ABR0TP28,Delta(24)-sterol reductase,QM012_006512,513
A0ABR0TPX0,BHLH domain-containing protein,QM012_006890,45
A0ABR0TPX7,Cytochrome P450,QM012_006571,537
A0ABR0TQ96,Cell cycle control protein,QM012_006691,706
A0ABR0TQY8,Uncharacterized protein,QM012_005740,566
A0ABR0TRQ1,Protoporphyrinogen oxidase,QM012_005814,580
A0ABR0TSB8,Oxysterol-binding protein,QM012_006005,395
A0ABR0TSF3,BAR-domain-containing protein,QM012_004183,421
A0ABR0TT68,Double-strand break repair protein,QM012_004448,748
A0ABR0TTZ0,Cystathionine beta-lyase,QM012_004366,439
A0ABR0TUA6,Mob1/phocein,QM012_004868,540
A0ABR0TUD5,FMN-dependent dehydrogenase domain-containing protein,QM012_000004,92
A0ABR0TUD9,Beta-galactosidase,QM012_004324,1019
A0ABR0TUN6,SnoaL-like domain-containing protein,QM012_004395,185
A0ABR0TUS0,Citrate synthase,QM012_004730,472
A0ABR0TUW5,DUF1279 domain-containing protein,QM012_004489,252
A0ABR0TV02,Uncharacterized protein,QM012_000214,522
A0ABR0TV13,SET domain-containing protein,QM012_000060,491
A0ABR0TVN7,Carotenoid oxygenase,QM012_000466,708
A0ABR0TVY1,Uncharacterized protein,QM012_004860,63
A0ABR0TW16,G-protein coupled receptors family 1 profile domain-containing protein,QM012_000506,307
A0ABR0TWX9,Transcription factor CBF/NF-Y/archaeal histone domain-containing protein,QM012_000263,330
A0ABR0TX88,Uncharacterized protein,QM012_000489,389
A0ABR0T4C5,Isochorismatase-like domain-containing protein,QM012_005598,209
A0ABR0T561,Xylanolytic transcriptional activator regulatory domain-containing protein,QM012_005418,296
A0ABR0T5L6,Zn(2)-C6 fungal-type domain-containing protein,QM012_005532,257
A0ABR0T639,WSC domain-containing protein,QM012_005002,1709
A0ABR0T649,Pyruvate kinase,QM012_004998,528
A0ABR0T6N4,DUF453-domain-containing protein,QM012_004977,408
A0ABR0T6N6,Clavaminate synthase-like protein,QM012_004097,637
A0ABR0T6V8,Cupin type-2 domain-containing protein,QM012_003816,355
A0ABR0T705,Ribosomal protein,QM012_003859,104
A0ABR0T752,Brix domain-containing protein,QM012_004135,412
A0ABR0T786,peptidylprolyl isomerase,QM012_005050,136
A0ABR0T7G1,Uncharacterized protein,QM012_004162,330
A0ABR0T7M3,NAD(P)-binding protein,QM012_003944,328
A0ABR0T823,PEBP-like protein,QM012_004069,212
A0ABR0T877,MutL C-terminal dimerisation domain-containing protein,QM012_003768,1007
A0ABR0T8H2,Acyl-CoA dehydrogenase,QM012_003462,399
A0ABR0T8Q3,Major facilitator superfamily (MFS) profile domain-containing protein,QM012_003611,578
A0ABR0T8V7,Uncharacterized protein,QM012_003778,438
A0ABR0T9A5,ASTRA-associated protein 1,QM012_003105,379
A0ABR0T9D8,Nucleoside diphosphatase,QM012_003010,733
A0ABR0T9H5,C3H1-type domain-containing protein,QM012_003497,524
A0ABR0T9N5,Zn(2)-C6 fungal-type domain-containing protein,QM012_003238,498
A0ABR0T9P0,Uncharacterized protein,QM012_003420,636
A0ABR0T9X0,Secreted protein,QM012_003127,403
A0ABR0T9Y0,"C-1-tetrahydrofolate synthase, cytoplasmic",QM012_002554,992
A0ABR0TAD4,Pre-mRNA-splicing factor CWC22,QM012_002727,888
A0ABR0TAE9,Early meiotic induction protein 1,QM012_002741,223
A0ABR0TAH1,non-specific serine/threonine protein kinase,QM012_002775,617
A0ABR0TAK9,GATA-type domain-containing protein,QM012_003128,868
A0ABR0TBE6,Thioesterase/thiol ester dehydrase-isomerase,QM012_002258,312
A0ABR0TBG7,DUF7820 domain-containing protein,QM012_002278,743
A0ABR0TBJ5,Actin-like protein ARP6,QM012_002303,424
A0ABR0TCC9,homocitrate synthase,QM012_001739,487
A0ABR0TCJ6,"Alpha 1,4-glycosyltransferase domain-containing protein",QM012_002512,245
A0ABR0TCR0,"Genetic interactor of prohibitins 3, mitochondrial",QM012_001881,705
A0ABR0TCT9,"DNA-directed RNA polymerases I, II, and III subunit RPABC5",QM012_002285,74
A0ABR0TD51,Alkaline phosphatase,QM012_001822,576
A0ABR0TD62,FAD/NAD(P)-binding domain-containing protein,QM012_001715,515
A0ABR0TD68,Cytochrome c oxidase assembly protein CtaG/Cox11,QM012_002024,257
A0ABR0TDB3,WD40 repeat-like protein,QM012_001915,380
A0ABR0TDB6,ClpP/crotonase,QM012_002068,245
A0ABR0TDN0,NAD-dependent epimerase/dehydratase domain-containing protein,QM012_001298,354
A0ABR0TE81,WD repeat protein,QM012_001493,577
A0ABR0TEY4,PH domain-containing protein,QM012_000833,1215
A0ABR0TF42,Nitroreductase domain-containing protein,QM012_000812,204
A0ABR0TFA9,3-isopropylmalate dehydrogenase,QM012_000958,366
A0ABR0TGN3,DUF125-domain-containing protein,QM012_009185,240
A0ABR0TGQ8,Uncharacterized protein,QM012_009385,94
A0ABR0TGT7,GH16 domain-containing protein,QM012_000971,269
A0ABR0TGX1,Stress response protein Rds1,QM012_009462,573
A0ABR0TGY0,Carboxylic ester hydrolase,QM012_009460,523
A0ABR0TH20,Uncharacterized protein,QM012_009413,372
A0ABR0TH45,Aquaporin,QM012_001125,427
A0ABR0TH54,Actin-like ATPase domain-containing protein,QM012_009538,609
A0ABR0THF1,trans-L-3-hydroxyproline dehydratase,QM012_008704,346
A0ABR0THM7,EthD domain-containing protein,QM012_008788,256
A0ABR0THU3,Peroxisomal membrane protein PEX13,QM012_009468,445
A0ABR0THV5,Tryptophan synthase beta chain-like PALP domain-containing protein,QM012_009271,339
A0ABR0THY6,ABM domain-containing protein,QM012_009442,288
A0ABR0TIA9,Interferon-related developmental regulator N-terminal domain-containing protein,QM012_008927,445
A0ABR0TIC5,Uncharacterized protein,QM012_009038,225
A0ABR0TIM2,P-loop containing nucleoside triphosphate hydrolase protein,QM012_009094,604
A0ABR0TIV5,EF-hand domain-containing protein,QM012_008695,349
A0ABR0TJ06,Uncharacterized protein,QM012_008288,340
A0ABR0TJ85,Myb-like domain-containing protein,QM012_008375,563
A0ABR0TK90,F-box domain-containing protein,QM012_007652,560
A0ABR0TKD8,RhoGAP-domain-containing protein,QM012_007699,1301
A0ABR0TKJ1,Major facilitator superfamily (MFS) profile domain-containing protein,QM012_007722,539
A0ABR0TKZ7,Large ribosomal subunit protein uL4m,QM012_007601,316
A0ABR0TLA1,Uncharacterized protein,QM012_008533,1347
A0ABR0TLC6,DNA-directed DNA polymerase,QM012_007736,1172
A0ABR0TLI8,superoxide dismutase,QM012_008082,271
A0ABR0TLM2,F-box domain-containing protein,QM012_008119,466
A0ABR0TMY9,NDT80 domain-containing protein,QM012_007339,543
A0ABR0TN64,Actin/actin-like protein,QM012_007321,478
A0ABR0TN70,BAG domain-containing protein,QM012_008159,689
A0ABR0TNN9,Phenylalanine ammonia-lyase,QM012_006362,698
A0ABR0TQ46,TPX2 C-terminal domain-containing protein,QM012_006983,751
A0ABR0TQ80,Piwi-domain-containing protein,QM012_006446,624
A0ABR0TQ81,Transcription regulator Rua1 C-terminal domain-containing protein,QM012_006510,447
A0ABR0TQA3,AP complex subunit beta,QM012_005640,743
A0ABR0TQE0,PHD-type domain-containing protein,QM012_005671,961
A0ABR0TQV2,Pcc1-domain-containing protein,QM012_006655,158
A0ABR0TRB5,non-specific serine/threonine protein kinase,QM012_006836,720
A0ABR0TS41,Major facilitator superfamily (MFS) profile domain-containing protein,QM012_006082,522
A0ABR0TS91,Xylanolytic transcriptional activator regulatory domain-containing protein,QM012_006326,605
A0ABR0TSF6,glutamate-5-semialdehyde dehydrogenase,QM012_005824,455
A0ABR0TST0,Uncharacterized protein,QM012_004329,226
A0ABR0TTK4,Yeast cell wall synthesis Kre9/Knh1 C-terminal domain-containing protein,QM012_004627,159
A0ABR0TTQ2,Amidohydrolase-related domain-containing protein,QM012_006244,389
A0ABR0TTT7,RanBD1 domain-containing protein,QM012_004720,512
A0ABR0TUQ3,Copper transport protein,QM012_004429,211
A0ABR0TUW8,Uncharacterized protein,QM012_004775,1155
A0ABR0TVB4,5'-3' DNA helicase ZGRF1-like N-terminal domain-containing protein,QM012_000334,610
A0ABR0TVD8,Cwf15/Cwc15 cell cycle control protein,QM012_000321,252
A0ABR0TW53,Membrane-associated proteins in eicosanoid and glutathione metabolism,QM012_000591,153
A0ABR0TWC0,MYND-type zinc finger protein samB,QM012_000596,320
A0ABR0TWC1,Pyridoxamine phosphate oxidase family protein,QM012_000038,247
A0ABR0TWI9,Major facilitator superfamily (MFS) profile domain-containing protein,QM012_000449,506
A0ABR0TX10,Chitin-binding type-1 domain-containing protein,QM012_000644,843
A0ABR0T507,Nucleolar protein 10,QM012_005614,752
A0ABR0T5R5,Derlin,QM012_005182,245
A0ABR0T5T9,Flavin-nucleotide-binding protein,QM012_005246,258
A0ABR0T622,WD40 repeat-like protein,QM012_004971,577
A0ABR0T652,Xylanolytic transcriptional activator regulatory domain-containing protein,QM012_005100,671
A0ABR0T678,Cytochrome P450 family protein,QM012_005130,384
A0ABR0T6I4,Xylanolytic transcriptional activator regulatory domain-containing protein,QM012_005424,399
A0ABR0T795,MICOS complex subunit MIC60,QM012_003945,671
A0ABR0T7T6,Alcohol oxidase,QM012_003759,659
A0ABR0T7U0,Methylenetetrahydrofolate reductase,QM012_003760,670
A0ABR0T845,Uncharacterized protein,QM012_003660,186
A0ABR0T8E5,"Aconitate hydratase, mitochondrial",QM012_003765,819
A0ABR0T8M8,N-acetyltransferase domain-containing protein,QM012_003523,205
A0ABR0T8P2,Delta-aminolevulinic acid dehydratase,QM012_003718,379
A0ABR0T8V9,NTF2-like domain-containing protein,QM012_002956,206
A0ABR0T942,SGNH hydrolase,QM012_003045,253
A0ABR0T955,Fe-containing alcohol dehydrogenase,QM012_003767,405
A0ABR0T9G9,Uncharacterized protein,QM012_003156,99
A0ABR0T9S0,DNA (cytosine-5-)-methyltransferase,QM012_003130,656
A0ABR0TA67,Snf7-domain-containing protein,QM012_002994,454
A0ABR0TAA8,CENP-V/GFA domain-containing protein,QM012_002650,140
A0ABR0TAC0,Enoyl-CoA hydratase,QM012_003003,272
A0ABR0TAC6,Cyclin-domain-containing protein,QM012_002719,320
A0ABR0TBC8,PHD-type domain-containing protein,QM012_002870,1154
A0ABR0TBQ9,Phosphatidylinositol transfer protein SFH5,QM012_002367,331
A0ABR0TBZ4,Prolyl 4-hydroxylase alpha subunit domain-containing protein,QM012_002459,265
A0ABR0TCA0,Kinetochore protein Spc24,QM012_001709,197
A0ABR0TCG5,Nudix hydrolase domain-containing protein,QM012_001737,163
A0ABR0TCG9,Uncharacterized protein,QM012_001772,250
A0ABR0TCW5,Integral membrane protein,QM012_002266,441
A0ABR0TDE2,Transcription initiation factor IIF subunit alpha,QM012_002446,633
A0ABR0TE42,AMP deaminase,QM012_001357,1083
A0ABR0TEI0,Uncharacterized protein,QM012_001585,193
A0ABR0TEK5,adenosine deaminase,QM012_001598,577
A0ABR0TEP5,Uncharacterized protein,QM012_002058,219
A0ABR0TF91,Elongator complex protein 5,QM012_000939,358
A0ABR0TF98,Checkpoint protein RAD24-like helical bundle domain-containing protein,QM012_001366,841
A0ABR0TFE3,F-box domain-containing protein,QM012_000995,662
A0ABR0TFK5,P-type Cu(+) transporter,QM012_001055,1224
A0ABR0TFR0,SPRY domain-containing protein,QM012_001611,351
A0ABR0TG06,DNA repair and recombination protein RAD54B,QM012_001605,953
A0ABR0TG99,mRNA export factor MEX67,QM012_009238,636
A0ABR0TGC8,Nucleolar complex protein 2,QM012_000931,744
A0ABR0TH69,tRNA (guanine(26)-N(2))-dimethyltransferase,QM012_009243,670
A0ABR0THF8,SRR1-like domain-containing protein,QM012_008724,277
A0ABR0THJ9,Heat shock 70 kDa protein,QM012_008765,645
A0ABR0TI33,Uncharacterized protein,QM012_008961,265
A0ABR0TIR6,Uncharacterized protein,QM012_009142,324
A0ABR0TIX6,Elongation of fatty acids protein,QM012_008258,343
A0ABR0TJL7,Chromo domain-containing protein,QM012_008510,1512
A0ABR0TK37,tRNA/rRNA methyltransferase SpoU type domain-containing protein,QM012_008313,1264
A0ABR0TK84,amidase,QM012_007617,548
A0ABR0TKB5,Arginine N-methyltransferase 2,QM012_008644,442
A0ABR0TKP7,"Alpha,alpha-trehalose phosphate synthase-like protein subunit",QM012_007696,933
A0ABR0TL63,Methyltransferase domain-containing protein,QM012_008522,637
A0ABR0TLC3,AAA+ ATPase domain-containing protein,QM012_007828,407
A0ABR0TLI7,SNF2 family DNA-dependent chromodomain-containing ATPase,QM012_008093,1512
A0ABR0TLJ1,Stress-response A/B barrel domain-containing protein,QM012_008043,139
A0ABR0TLJ5,Translation initiation factor RLI1,QM012_008092,608
A0ABR0TLK8,Uncharacterized protein,QM012_008638,157
A0ABR0TLU6,Jacalin-type lectin domain-containing protein,QM012_007058,800
A0ABR0TLZ7,EXS domain-containing protein,QM012_007704,411
A0ABR0TM39,Grh/CP2 DB domain-containing protein,QM012_007145,788
A0ABR0TMJ4,Ubiquitin thioesterase OTU,QM012_007297,358
A0ABR0TML0,DNA-directed RNA polymerase III subunit RPC9,QM012_007914,157
A0ABR0TML3,HD domain-containing protein,QM012_008115,235
A0ABR0TMN9,Uncharacterized protein,QM012_007264,293
A0ABR0TMQ1,Cytochrome P450,QM012_007038,557
A0ABR0TNK5,Aminotransferase class I/classII large domain-containing protein,QM012_006427,487
A0ABR0TNS9,Arsenical-resistance protein ACR3,QM012_006483,371
A0ABR0TNU9,Aquaporin-like protein,QM012_006547,502
A0ABR0TPI0,F-box domain-containing protein,QM012_007487,266
A0ABR0TPU9,Transcription factor domain-containing protein,QM012_006889,576
A0ABR0TQ16,GTP binding protein-like protein,QM012_006386,367
A0ABR0TQF8,DUF6314 domain-containing protein,QM012_005691,173
A0ABR0TR08,NmrA-like domain-containing protein,QM012_005896,326
A0ABR0TRF0,Protein kinase domain-containing protein,QM012_006015,912
A0ABR0TRI5,Hsp90 chaperone protein kinase-targeting subunit,QM012_005935,512
A0ABR0TRY0,D-lactate dehydrogenase (cytochrome),QM012_006201,599
A0ABR0TS34,Rhodopsin domain-containing protein,QM012_005964,364
A0ABR0TSE1,UBX domain-containing protein,QM012_006187,515
A0ABR0TSU2,Alcohol dehydrogenase-like C-terminal domain-containing protein,QM012_006234,61
A0ABR0TT65,DNA repair protein RAD51 homolog,QM012_004464,351
A0ABR0TT70,Phosphoglycerate mutase-like protein,QM012_004421,397
A0ABR0TTB3,Putative phospholipase,QM012_006158,497
A0ABR0TTC9,Uncharacterized protein,QM012_006173,308
A0ABR0TTP1,DUF1742-domain-containing protein,QM012_004413,188
A0ABR0TTU8,"Aminotransferase, class III",QM012_006289,455
A0ABR0TU35,Exocyst complex component Sec3 PIP2-binding N-terminal domain-containing protein,QM012_004548,1609
A0ABR0TUB4,FAD/NAD(P)-binding domain-containing protein,QM012_004244,641
A0ABR0TUL2,FAD-binding domain-containing protein,QM012_000011,1094
A0ABR0TV49,t-SNARE coiled-coil homology domain-containing protein,QM012_000242,341
A0ABR0TV90,Mannitol-1-phosphate 5-dehydrogenase,QM012_004609,386
A0ABR0TVI7,Tyrosine--tRNA ligase,QM012_000089,421
A0ABR0TVN6,ATP citrate synthase,QM012_000426,487
A0ABR0TWE1,Alpha-acetolactate decarboxylase,QM012_000697,244
A0ABR0TWG9,Annexin,QM012_000462,656
A0ABR0TWR0,DFP-domain-containing protein,QM012_000645,360
A0ABR0TX08,Mating-type protein MAT-1,QM012_000384,584
A0ABR0TX24,Uncharacterized protein,QM012_000403,489
A0A4S8ZPW6,Uncharacterized protein,QM012_006847,195
A0A4T0BF95,Uncharacterized protein,QM012_000694,254
A0ABR0T545,Carboxylic ester hydrolase,QM012_005407,582
A0ABR0T5M3,Uncharacterized protein,QM012_005563,39
A0ABR0T5P3,Protein-lysine N-methyltransferase EFM4,EFM4,226
A0ABR0T5S0,RING-type domain-containing protein,QM012_005189,880
A0ABR0T628,Uncharacterized protein,QM012_004987,386
A0ABR0T6S2,Drebrin-like protein,QM012_004116,820
A0ABR0T6U0,Phospholipid/glycerol acyltransferase domain-containing protein,QM012_004136,436
A0ABR0T763,Uncharacterized protein,QM012_004928,147
A0ABR0T768,MIF4G domain-containing protein,QM012_004948,1291
A0ABR0T7B6,Vacuolar import and degradation protein 21,QM012_003964,1418
A0ABR0T7C4,T-complex protein 1 subunit eta,QM012_003980,557
A0ABR0T7E6,Uncharacterized protein,QM012_005003,300
A0ABR0T8A8,PSP1 C-terminal domain-containing protein,QM012_003403,833
A0ABR0T8B7,Secretory component protein-like protein shr3,QM012_003853,211
A0ABR0T8E0,Uncharacterized protein,QM012_003927,636
A0ABR0T8Q4,Dehydroquinate synthase-like protein,QM012_003661,378
A0ABR0T8Q7,Nucleolar protein 58,QM012_003539,539
A0ABR0T8Z6,Kinase-like protein,QM012_003751,240
A0ABR0T9B1,Amino acid permease/ SLC12A domain-containing protein,QM012_002980,546
A0ABR0T9D0,WH1-domain-containing protein,QM012_003133,587
A0ABR0T9N7,TRIP4/RQT4 C2HC5-type zinc finger domain-containing protein,QM012_003239,556
A0ABR0T9V2,"Isoleucine--tRNA ligase, cytoplasmic",QM012_003451,1072
A0ABR0TA92,DUF1688-domain-containing protein,QM012_002679,400
A0ABR0TAK6,SET domain-containing protein,QM012_002799,661
A0ABR0TAN1,Cation efflux protein transmembrane domain-containing protein,QM012_002835,460
A0ABR0TAQ3,N-acetyltransferase domain-containing protein,QM012_002693,234
A0ABR0TAV6,HSF-type DNA-binding domain-containing protein,QM012_003154,605
A0ABR0TBM8,Small ribosomal subunit protein uS7 domain-containing protein,QM012_002337,214
A0ABR0TBW2,Uncharacterized protein,QM012_002423,506
A0ABR0TBZ9,Gag1-like clamp domain-containing protein,QM012_002147,552
A0ABR0TDC6,Major facilitator superfamily (MFS) profile domain-containing protein,QM012_002086,516
A0ABR0TDF6,"ATP synthase subunit 5, mitochondrial",QM012_001820,227
A0ABR0TDH6,Vps72/YL1 C-terminal domain-containing protein,QM012_002510,182
A0ABR0TDQ6,3-oxoacyl-reductase,QM012_002017,302
A0ABR0TE70,Decapping nuclease,QM012_001482,392
A0ABR0TET1,Cysteine-rich transmembrane CYSTM domain-containing protein,QM012_001296,101
A0ABR0TEW8,F-box domain-containing protein,QM012_000817,342
A0ABR0TF29,Spen paralogue and orthologue SPOC C-terminal domain-containing protein,QM012_000891,535
A0ABR0TF80,Large ribosomal subunit protein mL67,QM012_001385,386
A0ABR0TG76,Xylanolytic transcriptional activator regulatory domain-containing protein,QM012_001109,432
A0ABR0TGB2,NAD(P)-binding protein,QM012_000791,344
A0ABR0TGV0,2-deoxy-D-gluconate 3-dehydrogenase,QM012_001111,258
A0ABR0TGX4,Methylated-DNA-[protein]-cysteine S-methyltransferase DNA binding domain-containing protein,QM012_009446,139
A0ABR0THS2,Uncharacterized protein,QM012_008827,113
A0ABR0THV0,Uncharacterized protein,QM012_008858,236
A0ABR0THY5,Up-regulated during septation protein 1 domain-containing protein,QM012_009513,224
A0ABR0TI36,Uncharacterized protein,QM012_008958,721
A0ABR0TI79,Ribonuclease H,QM012_008897,465
A0ABR0TIC9,L-serine ammonia-lyase,QM012_009486,359
A0ABR0TIR8,Uncharacterized protein,QM012_009572,207
A0ABR0TIR9,Importin N-terminal domain-containing protein,QM012_009139,963
A0ABR0TIZ9,aspartyl aminopeptidase,QM012_008911,516
A0ABR0TJB9,Xylanolytic transcriptional activator regulatory domain-containing protein,QM012_008364,1158
A0ABR0TK12,histidine kinase,QM012_008539,963
A0ABR0TK38,AAA+ ATPase domain-containing protein,QM012_008369,1030
A0ABR0TK57,YAG7-like dimerisation domain-containing protein,QM012_009115,469
A0ABR0TKN9,Uncharacterized protein,QM012_008322,146
A0ABR0TKV2,Small ribosomal subunit protein uS7m,QM012_007818,350
A0ABR0TKZ2,NAD(P)-binding protein,QM012_007894,348
A0ABR0TL07,Phosphatidic acid phosphatase type 2/haloperoxidase domain-containing protein,QM012_007912,458
A0ABR0TL17,Helicase C-terminal domain-containing protein,QM012_008477,677
A0ABR0TLB8,Terpene cyclase/mutase family member,QM012_008582,719
A0ABR0TLZ2,Uncharacterized protein,QM012_007095,148
A0ABR0TM15,Ribokinase,QM012_007720,326
A0ABR0TMP3,Phosphate transporter,QM012_008160,624
A0ABR0TMR0,Methyltransferase domain-containing protein,QM012_007357,503
A0ABR0TN18,Sugar phosphate transporter domain-containing protein,QM012_007449,356
A0ABR0TNA9,RINT-1 family protein,QM012_007459,815
A0ABR0TNN5,Arylamine N-acetyltransferase,QM012_007202,330
A0ABR0TNS3,Activator of Hsp90 ATPase AHSA1-like N-terminal domain-containing protein,QM012_006499,329
A0ABR0TP63,AB hydrolase-1 domain-containing protein,QM012_006621,343
A0ABR0TPC9,Mitochondrial carrier,QM012_006524,318
A0ABR0TPH1,NADP-dependent oxidoreductase domain-containing protein,QM012_006744,356
A0ABR0TPR8,Major facilitator superfamily (MFS) profile domain-containing protein,QM012_006859,511
A0ABR0TQ95,WD repeat-containing protein-like protein,QM012_006525,358
A0ABR0TQE7,Uncharacterized protein,QM012_005685,296
A0ABR0TR95,GH64 domain-containing protein,QM012_005630,449
A0ABR0TRP0,tRNA-splicing endonuclease subunit Sen15 domain-containing protein,QM012_006119,191
A0ABR0TSH5,T6SS Phospholipase effector Tle1-like catalytic domain-containing protein,QM012_006265,569
A0ABR0TSS3,26S proteasome regulatory subunit RPN1,QM012_004317,904
A0ABR0TSX0,Prefoldin subunit 4,QM012_006264,136
A0ABR0TT51,Proteasome maturation factor UMP1,QM012_004450,152
A0ABR0TTF8,Uncharacterized protein,QM012_004186,1109
A0ABR0TU39,Peptidyl-prolyl cis-trans isomerase,QM012_004736,160
A0ABR0TU82,Copper-fist domain-containing protein,QM012_004264,511
A0ABR0TUB1,RGS-domain-containing protein,QM012_004857,657
A0ABR0TUE2,Ceramide-binding protein SVF1,QM012_004653,377
A0ABR0TUI0,NADP-dependent oxidoreductase domain-containing protein,QM012_000037,335
A0ABR0TUP0,MOSC domain-containing protein,QM012_004621,448
A0ABR0TUR1,Cercosporin MFS transporter CTB4,QM012_000056,618
A0ABR0TUR2,Proline dehydrogenase,QM012_000127,492
A0ABR0TV20,Uncharacterized protein,QM012_000212,206
A0ABR0TVC9,DUF92-domain-containing protein,QM012_000087,303
A0ABR0TVS1,t-SNARE coiled-coil homology domain-containing protein,QM012_000085,265
A0ABR0TVV5,Phosphoribosylaminoimidazole-succinocarboxamide synthase,QM012_000252,317
A0ABR0TW50,Glycosyl transferase CAP10 domain-containing protein,QM012_000024,630
A0ABR0TWH7,NADH:flavin oxidoreductase/NADH oxidase N-terminal domain-containing protein,QM012_000742,346
A0ABR0TWR4,Apple domain-containing protein,QM012_000746,699
A0ABR0T4M4,Chromo domain-containing protein,QM012_005511,740
A0ABR0T593,dihydroorotase,QM012_005270,358
A0ABR0T5B2,P-loop containing nucleoside triphosphate hydrolase protein,QM012_005387,423
A0ABR0T5E2,NAD(P)-binding protein,QM012_005089,291
A0ABR0T5J7,Amidase domain-containing protein,QM012_005107,503
A0ABR0T608,F-box domain-containing protein,QM012_004956,477
A0ABR0T6A7,PLD phosphodiesterase domain-containing protein,QM012_004967,643
A0ABR0T6H3,1-phosphatidylinositol-3-phosphate 5-kinase,QM012_004917,2462
A0ABR0T6L7,Uncharacterized protein,QM012_004061,320
A0ABR0T6L9,Apple domain-containing protein,QM012_004962,326
A0ABR0T6Y3,BZIP domain-containing protein,QM012_003825,189
A0ABR0T6Z5,Exocyst complex protein EXO70,QM012_004960,633
A0ABR0T718,Kinesin family protein,QM012_004105,1640
A0ABR0T791,Uncharacterized protein,QM012_003948,153
A0ABR0T7B8,Cep57 centrosome microtubule-binding domain-containing protein,QM012_004993,531
A0ABR0T7N6,NodB homology domain-containing protein,QM012_003993,257
A0ABR0T810,Xylanolytic transcriptional activator regulatory domain-containing protein,QM012_004148,795
A0ABR0T8E7,Beta-lactamase-related domain-containing protein,QM012_003307,101
A0ABR0T8S8,Uncharacterized protein,QM012_003379,370
A0ABR0T946,Ketoreductase domain-containing protein,QM012_002982,280
A0ABR0T9E8,Vacuolar ATP synthase subunit E,QM012_003148,231
A0ABR0TAD5,Auxiliary Activity family 9 catalytic domain-containing protein,QM012_002726,429
A0ABR0TAF7,Uncharacterized protein,QM012_003019,277
A0ABR0TB82,Lanthionine synthetase C-like protein,QM012_002193,371
A0ABR0TBC6,Shikimate dehydrogenase substrate binding N-terminal domain-containing protein,QM012_002647,282
A0ABR0TBE1,ABC transporter domain-containing protein,QM012_002567,1436
A0ABR0TBX8,DUF803-domain-containing protein,QM012_002444,409
A0ABR0TC04,"1,4-alpha-glucan-branching enzyme",QM012_002841,701
A0ABR0TC29,NADP-dependent oxidoreductase domain-containing protein,QM012_002299,426
A0ABR0TCX2,Vacuolar-sorting protein SNF8,QM012_002265,262
A0ABR0TDM2,Nudix hydrolase domain-containing protein,QM012_001895,131
A0ABR0TDY4,Eukaryotic translation initiation factor 5B,QM012_001774,1102
A0ABR0TE10,Disintegrin and metalloproteinase domain-containing protein B,QM012_001838,811
A0ABR0TE98,Kinesin-like protein KIP2,QM012_001339,1113
A0ABR0TER9,Uncharacterized protein,QM012_001673,383
A0ABR0TEW6,aldehyde dehydrogenase (NAD(+)),QM012_000813,483
A0ABR0TF47,H/ACA ribonucleoprotein complex subunit CBF5,QM012_001487,499
A0ABR0TF64,Zn(2)-C6 fungal-type domain-containing protein,QM012_001370,576
A0ABR0TGE0,FAD dependent oxidoreductase domain-containing protein,QM012_000821,310
A0ABR0TGF5,Siderophore biosynthesis,QM012_000961,321
A0ABR0TGL7,Nucleoporin NSP1,QM012_001021,688
A0ABR0TH89,Uncharacterized protein,QM012_009574,145
A0ABR0TI52,NAD(P)-binding protein,QM012_009573,339
A0ABR0TIS1,CFEM domain-containing protein,QM012_008200,436
A0ABR0TIS9,"phosphatidylinositol-3,4,5-trisphosphate 3-phosphatase",QM012_008213,513
A0ABR0TJ50,RmlC-like cupin,QM012_008286,327
A0ABR0TJD6,Uncharacterized protein,QM012_008314,345
A0ABR0TJL6,Aminoglycoside phosphotransferase domain-containing protein,QM012_008296,519
A0ABR0TJS3,BZIP domain-containing protein,QM012_008356,279
A0ABR0TK27,Multifunctional fusion protein,QM012_008675,572
A0ABR0TL87,GOLD domain-containing protein,QM012_007987,655
A0ABR0TL99,mRNA export factor GLE1,QM012_007992,572
A0ABR0TLA9,Transcription factor domain-containing protein,QM012_007721,389
A0ABR0TLD7,OPT family small oligopeptide transporter,QM012_008032,752
A0ABR0TM98,Ras GEF,QM012_007205,1190
A0ABR0TMA7,Nuclear distribution protein PAC1,PAC1,458
A0ABR0TMH9,Serine carboxypeptidase,QM012_007269,550
A0ABR0TNR7,Glycoside hydrolase family 78 protein,QM012_007424,812
A0ABR0TNU4,Branchpoint-bridging protein,QM012_006508,579
A0ABR0TP38,UDP-galactose transporter homolog 1,QM012_006591,392
A0ABR0TP58,Major facilitator superfamily (MFS) profile domain-containing protein,QM012_006635,531
A0ABR0TQ02,Uncharacterized protein,QM012_006827,258
A0ABR0TQB1,Protein transport protein SEC24,QM012_005627,927
A0ABR0TQJ9,ABC transporter domain-containing protein,QM012_006550,623
A0ABR0TQM0,POT family-domain-containing protein,QM012_005761,534
A0ABR0TQT1,Cytochrome P450,QM012_005789,630
A0ABR0TQU0,NADP-dependent oxidoreductase domain-containing protein,QM012_006720,317
A0ABR0TR54,Elongation factor Tu,QM012_005912,440
A0ABR0TRA9,Uncharacterized protein,QM012_005997,204
A0ABR0TRE6,DNA-directed DNA polymerase,QM012_006029,494
A0ABR0TRR0,Uncharacterized protein,QM012_005829,68
A0ABR0TS05,Coatomer subunit beta',QM012_006052,880
A0ABR0TS09,Uncharacterized protein,QM012_006231,558
A0ABR0TSY9,Uncharacterized protein,QM012_004367,989
A0ABR0TTG3,OBG-type G domain-containing protein,QM012_004532,425
A0ABR0TTM2,Uncharacterized protein,QM012_004617,236
A0ABR0TTM6,Uncharacterized protein,QM012_004592,522
A0ABR0TTM8,Mitochondrial distribution and morphology protein 12,MDM12,403
A0ABR0TTP2,Protein phosphatase 2C homolog 2,QM012_004506,433
A0ABR0TTU3,"Monothiol glutaredoxin-5, mitochondrial",QM012_004708,151
A0ABR0TUB3,Mannose-6-phosphate isomerase,QM012_004260,448
A0ABR0TUF8,RING-type domain-containing protein,QM012_000034,411
A0ABR0TUM5,chitinase,QM012_000048,1059
A0ABR0TV06,BHLH domain-containing protein,QM012_004534,965
A0ABR0TV21,FAM192A/Fyv6 N-terminal domain-containing protein,QM012_004514,247
A0ABR0TV57,DUF917-domain-containing protein,QM012_000012,992
A0ABR0TVA2,Uncharacterized protein,QM012_000288,228
A0ABR0TVF5,Dynactin subunit 5,QM012_004665,235
A0ABR0TVM4,Uncharacterized protein,QM012_000270,474
A0ABR0TVR1,Uncharacterized protein,QM012_000207,221
A0ABR0TVT9,Uncharacterized protein,QM012_000194,102
A0ABR0TVV0,WD-like domain-containing protein,QM012_000209,263
A0ABR0TW17,Ferrochelatase,QM012_000558,418
A0ABR0TWL9,ZN622/Rei1/Reh1 zinc finger C2H2-type domain-containing protein,QM012_000204,305
A0ABR0TWQ7,Carbamoyl phosphate synthase arginine-specific small chain,QM012_000249,461
A0ABR0TWS4,NAD(P)-binding domain-containing protein,QM012_000660,280
A0ABR0TWV7,PCI domain-containing protein,QM012_000233,491
A0ABR0TXC8,t-SNARE coiled-coil homology domain-containing protein,QM012_000458,342
A0ABR0TXR4,Exocyst complex component Sec8,QM012_000744,1057
A0ABR0TXU7,AMP-activated protein kinase glycogen-binding domain-containing protein,QM012_000728,577
A0A1A7MT36,Uncharacterized protein,QM012_002833,213
A0ABR0T4G5,P-loop containing nucleoside triphosphate hydrolase protein,QM012_005600,1392
A0ABR0T4H4,Uncharacterized protein,QM012_005604,285
A0ABR0T4X6,T-complex protein 1 subunit gamma,QM012_005351,541
A0ABR0T5I8,Major facilitator superfamily (MFS) profile domain-containing protein,QM012_005580,519
A0ABR0T5R4,CPAF-like PDZ domain-containing protein,QM012_005185,803
A0ABR0T5V8,Autophagy protein,QM012_004912,332
A0ABR0T641,Pre-rRNA-processing protein RIX1,QM012_005210,746
A0ABR0T6L8,"alpha-1,2-Mannosidase",QM012_005143,543
A0ABR0T6S1,Large ribosomal subunit protein uL29m,QM012_005022,256
A0ABR0T6S6,DNA repair metallo-beta-lactamase domain-containing protein,QM012_004125,778
A0ABR0T6V6,Aromatic amino acid beta-eliminating lyase/threonine aldolase domain-containing protein,QM012_004151,389
A0ABR0T777,Translocation protein SEC62,QM012_003933,429
A0ABR0T7B7,Major royal jelly protein,QM012_004964,428
A0ABR0T7D0,feruloyl esterase,QM012_003610,929
A0ABR0T7P0,Heme-dependent catalase,QM012_003635,383
A0ABR0T8F3,Ubiquitin-like modifier-activating enzyme ATG7,QM012_003446,732
A0ABR0T8J6,UBR-type domain-containing protein,QM012_003479,487
A0ABR0T962,UNC-45/Cro1/She4 central domain-containing protein,QM012_003061,1410
A0ABR0T9H2,F-box domain-containing protein,QM012_003345,269
A0ABR0T9I1,non-specific serine/threonine protein kinase,QM012_003055,2235
A0ABR0TA97,NAD(P)-binding protein,QM012_002959,440
A0ABR0TAD1,Negative regulator of the PHO system,QM012_002730,319
A0ABR0TC01,DUF1793-domain-containing protein,QM012_002317,858
A0ABR0TC16,Bet v1-like protein,QM012_002473,152
A0ABR0TCC5,"Phenylalanine--tRNA ligase, mitochondrial",QM012_001736,468
A0ABR0TCE2,Phenol acid carboxylase,QM012_001746,180
A0ABR0TD00,AB hydrolase-1 domain-containing protein,QM012_001950,534
A0ABR0TD69,Exocyst complex component Sec6,QM012_002007,765
A0ABR0TDC3,Uncharacterized protein,QM012_002081,304
A0ABR0TDG6,Uncharacterized protein,QM012_001960,192
A0ABR0TDS6,Dehydrogenase (DH) domain-containing protein,QM012_001347,478
A0ABR0TE31,uracil phosphoribosyltransferase,QM012_001249,242
A0ABR0TEM4,SH3 domain-containing protein,QM012_002043,2190
A0ABR0TEP8,Enoyl reductase (ER) domain-containing protein,QM012_001648,367
A0ABR0TF18,GPI2-domain-containing protein,QM012_000876,463
A0ABR0TFZ2,Nuclear fusion protein KAR5,QM012_001207,524
A0ABR0TG48,FAD/NAD(P)-binding domain-containing protein,QM012_009184,367
A0ABR0TGV1,Uncharacterized protein,QM012_009447,182
A0ABR0TGV7,CSN8/PSMD8/EIF3K domain-containing protein,QM012_009353,303
A0ABR0TH12,Arabinanase/levansucrase/invertase,QM012_009183,531
A0ABR0TH38,NADH-cytochrome b5 reductase,QM012_009428,306
A0ABR0THI1,DUF8035 domain-containing protein,QM012_008751,649
A0ABR0TI45,Major facilitator superfamily (MFS) profile domain-containing protein,QM012_008964,539
A0ABR0TIX8,Major facilitator superfamily (MFS) profile domain-containing protein,QM012_009137,734
A0ABR0TJ35,DUF1996 domain-containing protein,QM012_008274,506
A0ABR0TK93,AMP-dependent synthetase/ligase domain-containing protein,QM012_009146,665
A0ABR0TKH3,Uncharacterized protein,QM012_007727,259
A0ABR0TKL7,NADH-ubiquinone oxidoreductase 14 kDa subunit,QM012_007777,109
A0ABR0TKW0,Xylanolytic transcriptional activator regulatory domain-containing protein,QM012_007868,556
A0ABR0TL02,Mitochondrial import inner membrane translocase subunit Tim21,QM012_007801,231
A0ABR0TL11,Phosducin domain-containing protein,QM012_007902,270
A0ABR0TL31,Dihydrolipoyl dehydrogenase,QM012_008658,511
A0ABR0TL53,Proteasome regulatory particle subunit,QM012_007947,240
A0ABR0TLA4,Uncharacterized protein,QM012_008567,422
A0ABR0TLK7,Arginase/deacetylase,QM012_008104,374
A0ABR0TM46,RING-type domain-containing protein,QM012_007750,599
A0ABR0TMB0,Extracellular membrane protein CFEM domain-containing protein,QM012_007226,188
A0ABR0TML1,CUE domain-containing protein,QM012_007126,464
A0ABR0TMR5,Pre-mRNA-splicing factor ATP-dependent RNA helicase PRP16,QM012_007186,973
A0ABR0TMW0,Zinc metallopeptidase,QM012_007098,476
A0ABR0TMZ8,Pal1-domain-containing protein,QM012_007184,380
A0ABR0TN27,NADP-dependent oxidoreductase domain-containing protein,QM012_008079,349
A0ABR0TNG0,Mitochondrial protein,QM012_006380,276
A0ABR0TNH4,C2H2-type domain-containing protein,QM012_006399,430
A0ABR0TNI5,F-box domain-containing protein,QM012_007349,279
A0ABR0TNV8,Uncharacterized protein,QM012_006534,523
A0ABR0TP41,Uncharacterized protein,QM012_007544,137
A0ABR0TP48,WD40 repeat-like protein,QM012_006624,958
A0ABR0TP60,DUF1295-domain-containing protein,QM012_006449,331
A0ABR0TP81,J domain-containing protein,QM012_006636,621
A0ABR0TP90,Purple acid phosphatase,QM012_007589,592
A0ABR0TPH3,Threonine/serine exporter-like N-terminal domain-containing protein,QM012_006753,971
A0ABR0TPQ9,Cora-domain-containing protein,QM012_006816,589
A0ABR0TQ58,BRCT domain-containing protein,QM012_006969,910
A0ABR0TQW4,DUF7907 domain-containing protein,QM012_005841,189
A0ABR0TRB8,VWFA domain-containing protein,QM012_005985,311
A0ABR0TRQ0,TPR domain protein,QM012_007020,555
A0ABR0TS37,"Osmotin, thaumatin-like protein",QM012_006261,383
A0ABR0TS66,Integral membrane protein,QM012_006255,691
A0ABR0TSG1,DUF1740-domain-containing protein,QM012_006250,1085
A0ABR0TT24,Pex19-domain-containing protein,QM012_004432,308
A0ABR0TTA1,Short-chain dehydrogenase,QM012_004522,261
A0ABR0TTB5,FAD-binding domain-containing protein,QM012_006335,715
A0ABR0TTC2,Gem-associated protein 5 TPR domain-containing protein,QM012_004386,1590
A0ABR0TTF6,Major facilitator superfamily (MFS) profile domain-containing protein,QM012_004323,530
A0ABR0TTM4,Yeast cell wall synthesis Kre9/Knh1-like N-terminal domain-containing protein,QM012_004628,104
A0ABR0TU05,Peptidase C45 hydrolase domain-containing protein,QM012_004706,199
A0ABR0TUI3,Tetratricopeptide repeat protein 1,QM012_004335,271
A0ABR0TUS2,Kinase,QM012_004788,366
A0ABR0TV62,Protein kinase domain-containing protein,QM012_000206,286
A0ABR0TV88,C2H2-type domain-containing protein,QM012_000200,1441
A0ABR0TVI5,L-lactate dehydrogenase (cytochrome),QM012_004695,420
A0ABR0TVN1,Flavoprotein domain-containing protein,QM012_004709,123
A0ABR0TW51,DNA-directed RNA polymerase II subunit RPB9,QM012_000551,220
A0ABR0TW84,NADP-dependent oxidoreductase domain-containing protein,QM012_000618,328
A0ABR0TWA8,phosphoribosylamine--glycine ligase,QM012_000691,431
A0ABR0TWF3,BAR domain-containing protein,QM012_000693,430
A0ABR0TWR2,DUF1772-domain-containing protein,QM012_000567,153
A0ABR0TXV8,C2H2-type domain-containing protein,QM012_000743,694
A0A1A7MQK9,Splicing factor subunit,QM012_001454,87
A0ABR0T4S9,Uncharacterized protein,QM012_005527,64
A0ABR0T4U1,D-malate dehydrogenase (decarboxylating),QM012_005447,359
A0ABR0T5Q8,Phosphoesterase,QM012_005611,482
A0ABR0T6Y5,Altered inheritance of mitochondria protein 6,QM012_005082,370
A0ABR0T6Z6,Meiotic expression up-regulated protein 14,QM012_003835,348
A0ABR0T731,hydroxymethylglutaryl-CoA lyase,QM012_003891,325
A0ABR0T757,1-phosphatidylinositol 4-kinase,QM012_003902,1931
A0ABR0T7B3,FAD-binding domain-containing protein,QM012_003960,422
A0ABR0T7E9,Uncharacterized protein,QM012_003869,424
A0ABR0T7Q5,RRM domain-containing protein,QM012_003650,434
A0ABR0T7W6,RING-type domain-containing protein,QM012_004009,302
A0ABR0T7Z1,Beta-xylosidase C-terminal Concanavalin A-like domain-containing protein,QM012_003802,505
A0ABR0T8C6,Major facilitator superfamily (MFS) profile domain-containing protein,QM012_003912,537
A0ABR0T8H0,Inner centromere protein ARK-binding domain-containing protein,QM012_003461,1201
A0ABR0T8J8,Large ribosomal subunit protein uL15/eL18 domain-containing protein,QM012_003488,189
A0ABR0T9I3,K Homology domain-containing protein,QM012_003381,1307
A0ABR0T9L5,Uncharacterized protein,QM012_003411,56
A0ABR0T9L6,"Membrane-associated, eicosanoid/glutathione metabolism (MAPEG) protein",QM012_003440,177
A0ABR0T9Q9,AB hydrolase-1 domain-containing protein,QM012_003052,326
A0ABR0T9S5,Acyl-protein thioesterase 1,QM012_003222,232
A0ABR0T9Z0,L-asparaginase II,QM012_003205,356
A0ABR0TA33,Alpha-glucuronidase,aguA,836
A0ABR0TA47,Uridine kinase,QM012_003202,453
A0ABR0TA51,alpha-galactosidase,QM012_003265,361
A0ABR0TA85,Uncharacterized protein,QM012_002973,482
A0ABR0TAH3,Peptidase A1 domain-containing protein,QM012_002771,636
A0ABR0TAI9,Glycosyl transferase CAP10 domain-containing protein,QM012_002570,601
A0ABR0TBN6,YDG domain-containing protein,QM012_002338,531
A0ABR0TBP3,HIG1 domain-containing protein,QM012_002736,261
A0ABR0TBQ0,rRNA 2'-O-methyltransferase fibrillarin,QM012_002350,320
A0ABR0TC34,Uncharacterized protein,QM012_002498,481
A0ABR0TCG3,RBR-type E3 ubiquitin transferase,QM012_001770,433
A0ABR0TCW4,3-isopropylmalate dehydratase,QM012_001916,772
A0ABR0TD19,Zn(2)-C6 fungal-type domain-containing protein,QM012_001976,778
A0ABR0TDP0,NAD(P)-binding protein,QM012_002002,244
A0ABR0TDV8,Amino acid permease/ SLC12A domain-containing protein,QM012_001744,567
A0ABR0TED5,Rad60/SUMO-like domain-containing protein,QM012_001542,441
A0ABR0TEK6,Autophagy-related protein 2,QM012_001599,2053
A0ABR0TEN8,Sm protein B,QM012_001646,219
A0ABR0TEQ6,Uncharacterized protein,QM012_001659,140
A0ABR0TF90,NAD(P)-binding protein,QM012_001532,373
A0ABR0TFL6,Transcription elongation factor Eaf N-terminal domain-containing protein,QM012_001073,462
A0ABR0TG24,C2H2-domain containing protein first zinc finger domain-containing protein,QM012_009165,164
A0ABR0TGB3,Uncharacterized protein,QM012_009235,74
A0ABR0TGQ6,Uncharacterized protein,QM012_000941,1083
A0ABR0TH10,14-3-3 domain-containing protein,QM012_001046,262
A0ABR0TH14,F-box domain-containing protein,QM012_009491,260
A0ABR0TH66,PARP-type domain-containing protein,QM012_009549,363
A0ABR0THV2,Uncharacterized protein,QM012_008868,286
A0ABR0TIZ4,Uncharacterized protein,QM012_008226,377
A0ABR0TJS5,Uncharacterized protein,QM012_008193,241
A0ABR0TK06,Methyltransferase type 11 domain-containing protein,QM012_008650,250
A0ABR0TK15,Uncharacterized protein,QM012_008662,164
A0ABR0TK54,Spindle pole body component,QM012_008328,860
A0ABR0TKE1,Ubiquitin-related modifier 1,URM1,105
A0ABR0TKH0,Integral membrane protein,QM012_007730,550
A0ABR0TKJ2,C3H1-type domain-containing protein,QM012_007745,499
A0ABR0TKT0,MHP1/GIP3/HER1 C-terminal domain-containing protein,QM012_007837,1219
A0ABR0TKY4,Thiolase-like protein type 1 additional C-terminal domain-containing protein,QM012_008613,439
A0ABR0TL29,C2H2-type domain-containing protein,QM012_007924,111
A0ABR0TL73,Ribosomal protein L10e,QM012_007938,219
A0ABR0TL79,Uncharacterized protein,QM012_007876,674
A0ABR0TLJ3,Chitinase,QM012_008089,349
A0ABR0TMR1,Thioesterase/thiol ester dehydrase-isomerase,QM012_007355,166
A0ABR0TMY0,Nuclear cap-binding protein subunit 2,QM012_007246,178
A0ABR0TMY7,DNA polymerase epsilon catalytic subunit,QM012_007445,2233
A0ABR0TNJ8,BPL/LPL catalytic domain-containing protein,QM012_007441,706
A0ABR0TNN3,Probable vacuolar protein sorting-associated protein 16 homolog,QM012_006459,822
A0ABR0TNQ4,Trafficking protein particle complex subunit,QM012_006377,169
A0ABR0TP55,Peptide hydrolase,QM012_006637,1010
A0ABR0TP92,"1,3-beta-glucanosyltransferase",QM012_006658,466
A0ABR0TPF6,Enhancer of polycomb-like protein,QM012_006391,589
A0ABR0TPK8,N-acetyltransferase domain-containing protein,QM012_006803,169
A0ABR0TQG4,Geranylgeranyl diphosphate synthase 1,QM012_006751,379
A0ABR0TQS8,Vacuolar import and degradation protein 27,QM012_005632,822
A0ABR0TQY2,Heme oxygenase-like protein,QM012_006701,343
A0ABR0TR37,Dihydroxyacetone kinase,QM012_005916,598
A0ABR0TR43,glycerol kinase,QM012_006745,574
A0ABR0TS38,C3H1-type domain-containing protein,QM012_006225,542
A0ABR0TS74,Peptidase M48 domain-containing protein,QM012_006296,349
A0ABR0TT04,MT-A70-domain-containing protein,QM012_004388,364
A0ABR0TT94,HotDog ACOT-type domain-containing protein,QM012_004497,458
A0ABR0TTF5,ATP-dependent DNA helicase II subunit 2,QM012_004538,723
A0ABR0TTN5,Stress-response A/B barrel domain-containing protein,QM012_004586,118
A0ABR0TTY9,Sister chromatid cohesion protein Dcc1,QM012_004753,339
A0ABR0TU81,Mid2 domain-containing protein,QM012_004855,338
A0ABR0TUL8,Sugar phosphate transporter domain-containing protein,QM012_000082,378
A0ABR0TVB0,RecA family profile 1 domain-containing protein,QM012_004620,397
A0ABR0TVC1,Major facilitator superfamily (MFS) profile domain-containing protein,QM012_000266,545
A0ABR0TVK1,RRM domain-containing protein,QM012_000147,423
A0ABR0TVU3,Ubiquitin fusion degradation protein,QM012_000511,351
A0ABR0TVY4,Uncharacterized protein,QM012_000282,1221
A0ABR0TW64,4-hydroxy-3-methoxy-5-polyprenylbenzoate decarboxylase,COQ4,273
A0ABR0TWE0,SNF2-family ATP dependent chromatin remodeling factor snf21,QM012_000692,1373
A0ABR0TWG7,Uncharacterized protein,QM012_000083,420
A0ABR0TWL1,Multifunctional fusion protein,QM012_000128,555
A0ABR0TWT5,ARM repeat-containing protein,QM012_000283,1001
A0ABR0TWX1,MFS general substrate transporter,QM012_000490,136
A0ABR0TX42,Agglutinin-like protein N-terminal domain-containing protein,QM012_000429,389
A0A4S9L2F9,SUI1 domain-containing protein,QM012_000150,118
A0ABR0T4E9,RTA1 like protein,QM012_005607,278
A0ABR0T5B4,Chromatin remodelling complex ATPase chain ISW1,QM012_005283,1106
A0ABR0T5E3,Major facilitator superfamily (MFS) profile domain-containing protein,QM012_005550,540
A0ABR0T5E4,C3H1-type domain-containing protein,QM012_005269,475
A0ABR0T5G8,Xylanolytic transcriptional activator regulatory domain-containing protein,QM012_005251,606
A0ABR0T5L9,Mitochondrial carrier,QM012_005311,317
A0ABR0T5Q7,Major facilitator superfamily (MFS) profile domain-containing protein,QM012_005169,477
A0ABR0T5V7,Pet127-domain-containing protein,QM012_005227,885
A0ABR0T618,PIN domain-containing protein,QM012_004925,454
A0ABR0T661,Mitochondrial large ribosomal subunit,QM012_005259,330
A0ABR0T6E0,V-type proton ATPase subunit,QM012_005379,364
A0ABR0T6U4,Thioredoxin domain-containing protein,QM012_004156,285
A0ABR0T7I2,Beta-galactosidase,QM012_003961,513
A0ABR0T8E9,Nucleotide-diphospho-sugar transferase,QM012_003892,486
A0ABR0T8K3,Vacuolar protein sorting-associated protein 62,QM012_003491,533
A0ABR0T8M6,Rad4-domain-containing protein,QM012_003509,1068
A0ABR0T8Q0,Rho GTPase activation protein,QM012_003602,764
A0ABR0T9A8,Uncharacterized protein,QM012_003806,502
A0ABR0T9E5,Rho-GAP domain-containing protein,QM012_003149,750
A0ABR0T9L0,Fatty acid hydroxylase domain-containing protein,QM012_003007,306
A0ABR0T9M1,Uncharacterized protein,QM012_003223,892
A0ABR0T9N4,F-box domain-containing protein,QM012_003557,388
A0ABR0TB08,ARS binding protein 2,QM012_002750,734
A0ABR0TB10,RRM domain-containing protein,QM012_002798,294
A0ABR0TB22,Uncharacterized protein,QM012_002813,681
A0ABR0TBK9,Sugar phosphate phosphatase,QM012_002318,479
A0ABR0TBS5,Uncharacterized protein,QM012_002349,552
A0ABR0TBW9,Cytochrome P450,QM012_002426,535
A0ABR0TC43,Uncharacterized protein,QM012_002504,351
A0ABR0TC71,RNA-dependent RNA polymerase,QM012_002531,386
A0ABR0TCJ3,Purine and uridine phosphorylase,QM012_002145,754
A0ABR0TCZ1,Uncharacterized protein,QM012_002296,219
A0ABR0TD15,Uncharacterized protein,QM012_001965,187
A0ABR0TD26,Uncharacterized protein,QM012_001982,202
A0ABR0TD72,GH16 domain-containing protein,QM012_002023,677
A0ABR0TDA6,Pre-mRNA-splicing factor SYF2,QM012_002056,307
A0ABR0TDP8,Protein yippee-like,QM012_001910,110
A0ABR0TDR7,C2 domain protein,QM012_002095,1224
A0ABR0TE08,Plectin/eS10 N-terminal domain-containing protein,QM012_002107,162
A0ABR0TE96,Transmembrane protein,QM012_001496,399
A0ABR0TEE6,Peptidase A1 domain-containing protein,QM012_001384,623
A0ABR0TEL3,RRM domain-containing protein,QM012_001608,309
A0ABR0TF06,BTB domain-containing protein,QM012_000861,327
A0ABR0TF11,Peptide hydrolase,QM012_001579,373
A0ABR0TFC3,Swi5-dependent recombination DNA repair protein 1,QM012_000981,262
A0ABR0TFH0,HPt domain-containing protein,QM012_001029,185
A0ABR0TG41,Uncharacterized protein,QM012_001079,206
A0ABR0TG77,CoA-transferase family III,QM012_009191,498
A0ABR0TH44,Pentafunctional AROM polypeptide,QM012_001076,1597
A0ABR0TI49,Uncharacterized protein,QM012_009347,334
A0ABR0TI73,BZIP domain-containing protein,QM012_009377,306
A0ABR0TIF8,HTH CENPB-type domain-containing protein,QM012_008987,630
A0ABR0TIG4,Small-subunit processome Utp12 domain-containing protein,QM012_009481,970
A0ABR0TJY1,"Multicopper oxidase, type 1",QM012_008636,646
A0ABR0TJY7,Rhodopsin domain-containing protein,QM012_008632,437
A0ABR0TL56,Phosphoglycerate mutase-like protein,QM012_007954,555
A0ABR0TL59,Phosphoribosylformylglycinamidine synthase,QM012_008488,1370
A0ABR0TL81,dolichol kinase,QM012_007691,881
A0ABR0TM82,Fatty acid synthase subunit beta,QM012_007192,2085
A0ABR0TMB8,G-protein coupled receptors family 2 profile 2 domain-containing protein,QM012_007222,641
A0ABR0TME4,40S ribosomal protein S15,QM012_007859,153
A0ABR0TML8,Sec1-like protein,QM012_007328,671
A0ABR0TN73,Amine oxidase domain-containing protein,QM012_007526,688
A0ABR0TN99,Amino acid transporter transmembrane domain-containing protein,QM012_007218,589
A0ABR0TNB5,ABC transporter,QM012_007351,1290
A0ABR0TNL6,ABC1 atypical kinase-like domain-containing protein,QM012_006423,877
A0ABR0TNW1,Nucleoporin Pom152,QM012_007469,1266
A0ABR0TNX4,Xylanolytic transcriptional activator regulatory domain-containing protein,QM012_006549,421
A0ABR0TP72,Sodium/calcium exchanger membrane region domain-containing protein,QM012_007574,367
A0ABR0TPX9,CAP-Gly domain-containing protein,QM012_006918,577
A0ABR0TQ39,Glutathione S-transferase,QM012_006642,270
A0ABR0TQ55,Uncharacterized protein,QM012_006994,260
A0ABR0TQF9,Cytosine-specific methyltransferase,QM012_005697,1103
A0ABR0TQG2,gamma-glutamylcyclotransferase,QM012_006520,194
A0ABR0TQG5,Uncharacterized protein,QM012_005701,142
A0ABR0TQJ3,Uncharacterized protein,QM012_005731,169
A0ABR0TQZ1,Band 7 domain-containing protein,QM012_005871,513
A0ABR0TQZ2,BTB domain transcription factor,QM012_005876,476
A0ABR0TR33,Uncharacterized protein,QM012_005897,503
A0ABR0TR74,Thioredoxin-like protein,QM012_005940,223
A0ABR0TRG6,Rhamnogalacturonase A/B/Epimerase-like pectate lyase domain-containing protein,QM012_006030,799
A0ABR0TRH4,Transcriptional regulatory protein RXT2 N-terminal domain-containing protein,QM012_005705,413
A0ABR0TRJ6,Ras-related protein-like protein,QM012_006074,205
A0ABR0TRK4,Benzoate 4-monooxygenase cytochrome-like protein P450,QM012_006081,527
A0ABR0TRU1,SET domain-containing protein,QM012_006150,567
A0ABR0TS36,Shwachman-Bodian-diamond syndrome protein,QM012_006271,318
A0ABR0TSH4,Serine-threonine kinase receptor-associated protein,QM012_006065,336
A0ABR0TSQ8,Cercosporin MFS transporter CTB4,QM012_005914,489
A0ABR0TST2,Transmembrane protein 107,QM012_004176,223
A0ABR0TTM9,non-specific serine/threonine protein kinase,QM012_004325,642
A0ABR0TTS6,Uncharacterized protein,QM012_004673,190
A0ABR0TU52,NAD(P)-binding protein,QM012_004426,262
A0ABR0TUG5,C2 NT-type domain-containing protein,QM012_004625,381
A0ABR0TV35,Xylanolytic transcriptional activator regulatory domain-containing protein,QM012_000227,427
A0ABR0TVY6,Uncharacterized protein,QM012_000528,212
A0ABR0TW44,histidine kinase,QM012_000205,986
A0ABR0TWQ3,Cytochrome P450,QM012_000173,501
A0ABR0TWZ3,beta-glucosidase,QM012_000750,765
A0ABR0TX25,Phospholipid-transporting ATPase,QM012_000702,1350
A0A1A7MGC9,60S ribosome subunit biogenesis protein NIP7,QM012_006313,189
A0ABR0T4F0,Short chain dehydrogenase,QM012_005551,270
A0ABR0T4J7,Developmental regulatory protein wetA,QM012_005503,538
A0ABR0T5D8,Major facilitator superfamily (MFS) profile domain-containing protein,QM012_005400,464
A0ABR0T5E1,ferric-chelate reductase (NADPH),QM012_005320,643
A0ABR0T5U9,TPR-like protein,QM012_005211,1108
A0ABR0T694,"Mannan endo-1,6-alpha-mannosidase",QM012_005036,466
A0ABR0T728,Small ribosomal subunit protein uS5,QM012_003865,261
A0ABR0T7H8,HAD-like protein,QM012_004974,322
A0ABR0T7N1,L-lactate dehydrogenase,QM012_003694,386
A0ABR0T7P3,Uncharacterized protein,QM012_003711,454
A0ABR0T7R0,BRO1 domain-containing protein,QM012_003728,841
A0ABR0T7V2,Zn(2)-C6 fungal-type domain-containing protein,QM012_003774,525
A0ABR0T7X0,PhyH-domain-containing protein,QM012_003786,338
A0ABR0T7Y3,Transmembrane protein,QM012_004118,487
A0ABR0T809,Glucose-methanol-choline oxidoreductase N-terminal domain-containing protein,QM012_003809,701
A0ABR0T8A3,NADH:ubiquinone oxidoreductase 30kDa subunit domain-containing protein,QM012_003398,284
A0ABR0T8M2,Ankyrin,QM012_003382,367
A0ABR0T8M3,AD domain-containing protein,QM012_003513,225
A0ABR0T933,Major facilitator superfamily (MFS) profile domain-containing protein,QM012_002967,516
A0ABR0T9B8,NAD(P)-binding domain-containing protein,QM012_003559,254
A0ABR0T9E6,Inositol-1-monophosphatase,QM012_003152,292
A0ABR0TAQ4,tripeptidyl-peptidase II,QM012_003173,812
A0ABR0TAY3,ASST-domain-containing protein,QM012_002936,590
A0ABR0TB26,Xylanolytic transcriptional activator regulatory domain-containing protein,QM012_002542,207
A0ABR0TB37,Uncharacterized protein,QM012_002780,63
A0ABR0TBW3,Major facilitator superfamily (MFS) profile domain-containing protein,QM012_002429,294
A0ABR0TC38,4-aminobutyrate aminotransferase,QM012_002822,519
A0ABR0TC55,intramembrane prenyl-peptidase Rce1,QM012_002851,333
A0ABR0TCU8,Uncharacterized protein,QM012_002251,413
A0ABR0TD93,R3H domain-containing protein,QM012_002051,274
A0ABR0TDV5,AP-3 complex subunit delta,QM012_001869,1032
A0ABR0TE50,ubiquitinyl hydrolase 1,QM012_001849,471
A0ABR0TEU0,Apple domain-containing protein,QM012_000788,541
A0ABR0TF21,Autophagy-related protein 14,QM012_001386,589
A0ABR0TG28,E2 ubiquitin-conjugating enzyme,QM012_009177,152
A0ABR0TG73,Cupin type-1 domain-containing protein,QM012_009204,432
A0ABR0TGL1,L-lactate dehydrogenase (cytochrome),QM012_001107,471
A0ABR0TGW6,Programmed cell death protein 2 C-terminal domain-containing protein,QM012_009450,437
A0ABR0TH04,DBF4-type domain-containing protein,QM012_001045,659
A0ABR0TH09,Rhodopsin domain-containing protein,QM012_001171,318
A0ABR0THA7,Protein DOM34 homolog,QM012_009594,411
A0ABR0THB5,Uncharacterized protein,QM012_009503,316
A0ABR0THD1,Altered inheritance of mitochondria protein 21,QM012_001215,891
A0ABR0THE7,Ubiquitin-like protein,QM012_001181,465
A0ABR0THL5,histidine kinase,QM012_008783,1378
A0ABR0TI11,Prokaryotic-type class I peptide chain release factors domain-containing protein,QM012_008902,188
A0ABR0TI42,Peptidase S53 domain-containing protein,QM012_008960,561
A0ABR0TID6,Rhodopsin domain-containing protein,QM012_008686,359
A0ABR0TIE4,Arabinanase/levansucrase/invertase,QM012_009050,319
A0ABR0TII0,Uncharacterized protein,QM012_009496,122
A0ABR0TII1,Non-histone chromosomal protein 6,QM012_009546,106
A0ABR0TIU7,NAD(P)-binding domain-containing protein,QM012_008181,300
A0ABR0TJ52,EXS-domain-containing protein,QM012_008332,1074
A0ABR0TJD2,chitin synthase,QM012_008379,1765
A0ABR0TJH6,Uncharacterized protein,QM012_008955,295
A0ABR0TK49,NCS1 allantoate transporter,QM012_007613,572
A0ABR0TK89,Acetyl-CoA synthetase-like protein,QM012_008207,512
A0ABR0TKV9,Integral membrane bound transporter domain-containing protein,QM012_008417,1033
A0ABR0TLQ3,Ubiquitin-like domain-containing protein,QM012_008136,275
A0ABR0TLS9,Aminotransferase class I/classII large domain-containing protein,QM012_007046,516
A0ABR0TMD9,Rhodopsin domain-containing protein,QM012_007159,263
A0ABR0TMG1,PH domain-containing protein,QM012_007870,562
A0ABR0TMK6,methylcrotonoyl-CoA carboxylase,QM012_007284,577
A0ABR0TML7,Major facilitator superfamily (MFS) profile domain-containing protein,QM012_007299,587
A0ABR0TMN0,CDP-alcohol phosphatidyltransferase,QM012_007311,442
A0ABR0TMW9,Uncharacterized protein,QM012_007386,317
A0ABR0TN25,Sugar phosphate transporter domain-containing protein,QM012_008114,363
A0ABR0TN34,THUMP domain-containing protein,QM012_007493,335
A0ABR0TN90,CDP-diacylglycerol--serine O-phosphatidyltransferase,QM012_007524,239
A0ABR0TNK6,Rhodopsin domain-containing protein,QM012_006429,369
A0ABR0TNN2,Ubiquitin carboxyl-terminal hydrolase,QM012_007137,507
A0ABR0TP00,Mitochondrial genome maintenance protein MGM101,QM012_007443,288
A0ABR0TP21,Thioredoxin-like protein,QM012_006576,211
A0ABR0TPJ0,Alpha/beta-hydrolase,QM012_006447,404
A0ABR0TPN7,tRNA (uracil(54)-C(5))-methyltransferase,QM012_006828,563
A0ABR0TQF6,Creatinase/aminopeptidase,QM012_005672,408
A0ABR0TQJ4,Serine hydrolase domain-containing protein,QM012_006781,276
A0ABR0TRS1,Type 1 phosphatases regulator,QM012_006986,153
A0ABR0TRT0,DASH complex subunit DAD2,QM012_006985,139
A0ABR0TRT1,Uncharacterized protein,QM012_006152,112
A0ABR0TRZ5,RRM domain-containing protein,QM012_006216,195
A0ABR0TS85,NmrA-like domain-containing protein,QM012_006328,315
A0ABR0TSG6,mitogen-activated protein kinase,QM012_006114,509
A0ABR0TSL0,Uncharacterized protein,QM012_004257,138
A0ABR0TT33,Aurora kinase,QM012_006049,396
A0ABR0TTI7,F-box domain-containing protein,QM012_004583,497
A0ABR0TTJ0,Purine permease,QM012_004615,591
A0ABR0TTN1,DNA replication ATP-dependent helicase/nuclease,QM012_004660,1650
A0ABR0TTW1,Uncharacterized protein,QM012_004707,283
A0ABR0TTW2,Xylanolytic transcriptional activator regulatory domain-containing protein,QM012_004661,559
A0ABR0TU40,Uncharacterized protein,QM012_004793,123
A0ABR0TUH5,Cell division cycle protein 123,QM012_000049,289
A0ABR0TV01,RING-type domain-containing protein,QM012_000217,835
A0ABR0TVF4,SIMPL domain-containing protein,QM012_000376,234
A0ABR0TVG6,NADH-ubiquinone oxidoreductase 299 kDa subunit,QM012_004891,240
A0ABR0TWN5,Squalene monooxygenase,QM012_000615,491
A0ABR0TWV1,Ketosynthase family 3 (KS3) domain-containing protein,QM012_000597,346
A0ABR0TWZ1,Origin recognition complex subunit 2,QM012_000278,582
A0ABR0TX84,60S ribosomal export protein NMD3,QM012_000398,516
A0ABR0T571,Homeobox domain-containing protein,QM012_005241,372
A0ABR0T5P8,Uncharacterized protein,QM012_005490,421
A0ABR0T5S3,Histone H3-like centromeric protein CSE4,QM012_005181,143
A0ABR0T5T0,Large ribosomal subunit protein mL54,QM012_005200,228
A0ABR0T642,DUF1748-domain-containing protein,QM012_004999,76
A0ABR0T6C7,Cell division cycle protein 123,QM012_005319,423
A0ABR0T6F8,Uncharacterized protein,QM012_003990,677
A0ABR0T6S7,RRM domain-containing protein,QM012_004142,371
A0ABR0T726,Serine/threonine-protein phosphatase,QM012_005221,562
A0ABR0T7H4,GRIP domain-containing protein,QM012_003636,755
A0ABR0T8F9,HMG box domain-containing protein,QM012_003898,581
A0ABR0T8L3,BZIP domain-containing protein,QM012_003908,535
A0ABR0T8U7,Cytochrome b5 heme-binding domain-containing protein,QM012_003593,84
A0ABR0T954,Protein BCP1,QM012_003051,289
A0ABR0T965,Protein transport protein SEC23,QM012_003717,789
A0ABR0T970,BZIP domain-containing protein,QM012_003066,169
A0ABR0T9D7,IMS import disulfide relay-system CHCH-CHCH-like Cx9C domain-containing protein,QM012_003452,61
A0ABR0T9F9,"galacturonan 1,4-alpha-galacturonidase",QM012_003102,439
A0ABR0T9R3,Thioredoxin domain-containing protein,QM012_003246,170
A0ABR0TA20,mRNA decay factor PAT1 domain-containing protein,QM012_003050,789
A0ABR0TA35,alpha-L-fucosidase,QM012_003250,784
A0ABR0TAD2,Dolichol phosphate-mannose biosynthesis regulatory protein,QM012_002728,87
A0ABR0TAE4,UDENN domain-containing protein,QM012_003004,953
A0ABR0TAF5,Peroxisomal membrane protein PMP47A,QM012_002749,333
A0ABR0TAH2,Uncharacterized protein,QM012_002555,297
A0ABR0TAI1,ER-golgi trafficking TRAPP I complex 85 kDa subunit-domain-containing protein,QM012_003215,768
A0ABR0TAJ9,Uncharacterized protein,QM012_002794,381
A0ABR0TAZ9,Enoyl reductase (ER) domain-containing protein,QM012_002944,363
A0ABR0TBS9,DNA-directed RNA polymerase subunit,QM012_002383,121
A0ABR0TCA4,Uncharacterized protein,QM012_002946,479
A0ABR0TCG4,P-type Cu(+) transporter,QM012_001771,1074
A0ABR0TCI8,AB hydrolase-1 domain-containing protein,QM012_001799,272
A0ABR0TCZ0,TOM core complex subunit Tom6,QM012_002376,52
A0ABR0TCZ5,aldehyde dehydrogenase (NAD(+)),QM012_002330,496
A0ABR0TD02,Histidine kinase,QM012_001777,635
A0ABR0TDK8,Cytochrome P450,QM012_001270,492
A0ABR0TDK9,Cation-transporting ATPase,QM012_001254,1316
A0ABR0TDL2,DUF962 domain-containing protein,QM012_001271,200
A0ABR0TDN2,Major facilitator superfamily (MFS) profile domain-containing protein,QM012_001288,550
A0ABR0TDQ0,Methyltransferase domain-containing protein,QM012_002065,223
A0ABR0TDR8,hydroxymethylglutaryl-CoA lyase,QM012_002032,393
A0ABR0TDW2,non-reducing end alpha-L-arabinofuranosidase,QM012_001368,699
A0ABR0TEH5,Xylanolytic transcriptional activator regulatory domain-containing protein,QM012_001571,462
A0ABR0TEL7,UDP-Glycosyltransferase/glycogen phosphorylase,QM012_001618,878
A0ABR0TEN4,F-box domain-containing protein,QM012_001552,134
A0ABR0TES1,Uncharacterized protein,QM012_001674,204
A0ABR0TEU6,amidase,QM012_001311,538
A0ABR0TF40,RTA1-domain-containing protein,QM012_001306,301
A0ABR0TFB4,W2 domain-containing protein,QM012_001415,429
A0ABR0TFG4,F-box domain-containing protein,QM012_001445,53
A0ABR0TG97,"1,3-beta-glucanosyltransferase",QM012_001217,445
A0ABR0TGC4,CsbD-like domain-containing protein,QM012_000806,164
A0ABR0TGD2,"Probable enoyl-CoA hydratase, mitochondrial",QM012_009268,291
A0ABR0TGD9,Alpha/beta-hydrolase,QM012_009265,306
A0ABR0TGG3,Peroxisomal membrane protein PEX14,QM012_009300,342
A0ABR0TGH5,Nitroreductase domain-containing protein,QM012_009314,210
A0ABR0TGP3,alpha-glucosidase,QM012_000926,1036
A0ABR0THD7,Ubiquitin carboxyl-terminal hydrolase,QM012_008689,727
A0ABR0THH2,Uncharacterized protein,QM012_008738,152
A0ABR0THQ0,Major facilitator superfamily (MFS) profile domain-containing protein,QM012_008808,525
A0ABR0THY2,NmrA-like domain-containing protein,QM012_008888,310
A0ABR0THZ0,cyclin-dependent kinase,QM012_009351,450
A0ABR0TIE6,Rhamnogalacturonase A/B/Epimerase-like pectate lyase domain-containing protein,QM012_008972,730
A0ABR0TIJ0,HAD-like protein,QM012_008746,277
A0ABR0TJG4,Uncharacterized protein,QM012_008344,304
A0ABR0TJW3,Major facilitator superfamily (MFS) profile domain-containing protein,QM012_008556,619
A0ABR0TJY0,Uncharacterized protein,QM012_008309,530
A0ABR0TK65,alpha-D-xyloside xylohydrolase,QM012_008506,760
A0ABR0TKC9,YMC020W-like alpha/beta hydrolase domain-containing protein,QM012_007662,932
A0ABR0TKT9,Small ribosomal subunit protein bS6m,QM012_007741,120
A0ABR0TLA8,PXA domain-containing protein,QM012_008012,1196
A0ABR0TLR5,P-loop containing nucleoside triphosphate hydrolase protein,QM012_008164,144
A0ABR0TLW5,Nuclear pore complex protein,QM012_008116,970
A0ABR0TM55,protein disulfide-isomerase,QM012_007069,518
A0ABR0TM91,Translation initiation factor IF2/IF5 domain-containing protein,QM012_007114,333
A0ABR0TMH8,Apple domain-containing protein,QM012_007266,500
A0ABR0TN38,T-complex protein 1 subunit zeta,QM012_007495,541
A0ABR0TP42,Uncharacterized protein,QM012_007318,315
A0ABR0TPD8,Replication factor C subunit 3,QM012_006376,396
A0ABR0TQ32,14-3-3 protein,QM012_006968,503
A0ABR0TQ84,F-box domain-containing protein,QM012_007024,222
A0ABR0TQL6,Uncharacterized protein,QM012_006796,530
A0ABR0TQQ8,C2H2-type domain-containing protein,QM012_006690,376
A0ABR0TR60,Small oligopeptide transporter,QM012_005951,840
A0ABR0TR71,N-acetyltransferase domain-containing protein,QM012_007021,160
A0ABR0TRE4,histidine kinase,QM012_005675,2328
A0ABR0TRN8,Conserved oligomeric Golgi complex subunit 8,QM012_005799,516
A0ABR0TS10,MRH domain-containing protein,QM012_006115,360
A0ABR0TSM5,TFIIA-domain-containing protein,QM012_006174,408
A0ABR0TT16,4'-phosphopantetheinyl transferase domain-containing protein,QM012_004376,340
A0ABR0TT52,Rhodopsin domain-containing protein,QM012_004218,361
A0ABR0TT76,Zn(2)-C6 fungal-type domain-containing protein,QM012_004492,678
A0ABR0TUG2,NAD(P)-binding protein,QM012_000031,404
A0ABR0TUQ4,Efficient mitochondria targeting-associated protein 19,QM012_004636,169
A0ABR0TUT2,Cell division control protein 42 homolog,QM012_000108,204
A0ABR0TVC2,Uncharacterized protein,QM012_000346,2474
A0ABR0TVL9,PNPLA domain-containing protein,QM012_000439,652
A0ABR0TVW3,Uncharacterized protein,QM012_000541,409
A0ABR0TW46,Nucleoside transporter family,QM012_000576,449
A0ABR0TW68,Pep3/Vps18/deep orange domain-containing protein,QM012_000530,960
A0ABR0T4S1,C3H1-type domain-containing protein,QM012_005431,441
A0ABR0T5A3,ASX DEUBAD domain-containing protein,QM012_005519,324
A0ABR0T5V4,Carboxypeptidase,QM012_005426,575
A0ABR0T6Z7,Protein-serine/threonine kinase,QM012_003842,435
A0ABR0T701,Aminotransferase class I/classII large domain-containing protein,QM012_003858,415
A0ABR0T710,ATP-NAD kinase,QM012_004137,435
A0ABR0T784,Heme haloperoxidase family profile domain-containing protein,QM012_003925,421
A0ABR0T7F1,FYVE-type domain-containing protein,QM012_003625,365
A0ABR0T7M0,Uncharacterized protein,QM012_004085,399
A0ABR0T7U2,Uncharacterized protein,QM012_003754,272
A0ABR0T7Y7,Zn(2)-C6 fungal-type domain-containing protein,QM012_003805,469
A0ABR0T844,isoleucine--tRNA ligase,QM012_003909,1087
A0ABR0T8B2,Cytochrome P450 52A1,QM012_003401,500
A0ABR0T8B9,Uncharacterized protein,QM012_003413,130
A0ABR0T8I7,Uncharacterized protein,QM012_003878,201
A0ABR0T900,Uncharacterized protein,QM012_003302,189
A0ABR0T956,Mannitol 2-dehydrogenase,QM012_003060,505
A0ABR0T958,Bromo domain-containing protein,QM012_003056,389
A0ABR0T9J6,Histone H4,QM012_003196,123
A0ABR0T9V0,Mitochondrial import inner membrane translocase subunit TIM16,QM012_003281,134
A0ABR0TA54,NAD(P)-binding protein,QM012_002979,261
A0ABR0TA68,Major facilitator superfamily (MFS) profile domain-containing protein,QM012_002958,1119
A0ABR0TA79,GPN-loop GTPase 2,QM012_003110,392
A0ABR0TAA4,Uncharacterized protein,QM012_002988,815
A0ABR0TAD8,Uncharacterized protein,QM012_003170,91
A0ABR0TAP7,ATP synthase subunit beta,QM012_002839,598
A0ABR0TBH8,REJ domain-containing protein,QM012_002288,815
A0ABR0TBK2,Calcofluor white hypersensitive protein,QM012_002627,154
A0ABR0TC69,Bis-tetraphosphatase,QM012_002866,336
A0ABR0TCF0,Pre-rRNA-processing protein PNO1,QM012_002297,254
A0ABR0TCM5,ABC transporter,QM012_002256,851
A0ABR0TDH7,"fructose-2,6-bisphosphate 2-phosphatase",QM012_002112,478
A0ABR0TDL1,"Succinate dehydrogenase assembly factor 4, mitochondrial",QM012_001880,151
A0ABR0TEU9,Poly(A) polymerase,QM012_000799,603
A0ABR0TFA7,UDP-Glycosyltransferase/glycogen phosphorylase,QM012_000968,1300
A0ABR0TFH6,Uncharacterized protein,QM012_001033,1140
A0ABR0TFK4,amidase,QM012_000884,554
A0ABR0TFL8,Chromo domain-containing protein,QM012_001086,258
A0ABR0TFY1,Uncharacterized protein,QM012_001097,332
A0ABR0TGF1,Uncharacterized protein,QM012_009289,194
A0ABR0TGH3,OPT family small oligopeptide transporter,QM012_000976,789
A0ABR0TGL8,Extracellular membrane protein CFEM domain-containing protein,QM012_009263,342
A0ABR0TH42,EKC/KEOPS complex subunit CGI121,QM012_009520,194
A0ABR0TH91,Ras GTPase activating protein,QM012_009582,1687
A0ABR0THA6,IPT/TIG domain-containing protein,QM012_008676,944
A0ABR0THP1,Uncharacterized protein,QM012_008797,324
A0ABR0TIS3,Rap-GAP domain-containing protein,QM012_009077,1407
A0ABR0TIX2,Ankyrin,QM012_008260,191
A0ABR0TIX4,"Delta(3,5)-Delta(2,4)-dienoyl-CoA isomerase",QM012_008710,280
A0ABR0TJG0,N-acetyltransferase domain-containing protein,QM012_008430,183
A0ABR0TJN8,D-malate dehydrogenase (decarboxylating),QM012_008481,366
A0ABR0TJP0,SnoaL-like domain-containing protein,QM012_008505,193
A0ABR0TKB8,Glycoside hydrolase family 5 domain-containing protein,QM012_007641,497
A0ABR0TKD7,DhaK domain-containing protein,QM012_008203,383
A0ABR0TKN7,EH domain-containing protein,QM012_007761,549
A0ABR0TKS5,laccase,QM012_007812,629
A0ABR0TKZ3,Translocase of outer membrane 40 kDa subunit,QM012_007898,375
A0ABR0TL72,E2 ubiquitin-conjugating enzyme,QM012_007956,1150
A0ABR0TLA5,DUF1275 domain protein,QM012_007906,282
A0ABR0TLD0,Rhodopsin domain-containing protein,QM012_008563,417
A0ABR0TLS1,Zn(2)-C6 fungal-type domain-containing protein,QM012_007615,636
A0ABR0TLX8,Uncharacterized protein,QM012_007074,658
A0ABR0TM21,NmrA-like domain-containing protein,QM012_007130,385
A0ABR0TM40,Mediator of RNA polymerase II transcription subunit 9,MED9,150
A0ABR0TM96,Importin N-terminal domain-containing protein,QM012_007176,1051
A0ABR0TMA1,Uncharacterized protein,QM012_008143,214
A0ABR0TMC4,Kelch repeat protein,QM012_007240,348
A0ABR0TME2,Large ribosomal subunit protein uL13m,QM012_007250,165
A0ABR0TMN8,Vacuolar protein sorting-associated protein 8 central domain-containing protein,QM012_007326,1548
A0ABR0TN45,Lethal giant larvae (Lgl)-like C-terminal domain-containing protein,QM012_007508,986
A0ABR0TNE6,NAD-dependent epimerase/dehydratase domain-containing protein,QM012_006366,333
A0ABR0TNP7,C2H2-type domain-containing protein,QM012_007152,251
A0ABR0TP98,CFEM domain-containing protein,QM012_007348,1067
A0ABR0TPA9,Uncharacterized protein,QM012_006666,988
A0ABR0TPS6,protein-L-isoaspartate(D-aspartate) O-methyltransferase,QM012_007528,226
A0ABR0TPU6,diphosphoinositol-polyphosphate diphosphatase,QM012_006846,273
A0ABR0TQU5,F1F0 ATP synthase assembly protein Atp10,QM012_006886,341
A0ABR0TR01,Utp8 beta-propeller domain-containing protein,QM012_005893,916
A0ABR0TR83,Major facilitator superfamily (MFS) profile domain-containing protein,QM012_005634,496
A0ABR0TR94,LNS2/PITP domain-containing protein,QM012_005969,802
A0ABR0TRK2,Centrosomin N-terminal motif 1 domain-containing protein,QM012_006088,707
A0ABR0TRY7,COPII-coated vesicle protein SurF4/Erv29,QM012_005708,303
A0ABR0TSE3,Uncharacterized protein,QM012_005858,154
A0ABR0TSW5,FMN hydroxy acid dehydrogenase domain-containing protein,QM012_005974,337
A0ABR0TT09,Uncharacterized protein,QM012_004417,589
A0ABR0TT81,Peptidase A1 domain-containing protein,QM012_004482,610
A0ABR0TTD2,Circadian oscillator component FRH,QM012_004502,1076
A0ABR0TTG4,Cercosporin MFS transporter CTB4,QM012_006168,512
A0ABR0TTI5,Protein kinase domain-containing protein,QM012_004353,788
A0ABR0TTQ3,GATA-type domain-containing protein,QM012_004663,510
A0ABR0TUH4,Zn(2)-C6 fungal-type domain-containing protein,QM012_000003,618
A0ABR0TUN0,Ribonucleoside-diphosphate reductase,QM012_004743,902
A0ABR0TUN7,argininosuccinate lyase,QM012_004414,466
A0ABR0TUU3,DUF974 domain-containing protein,QM012_004896,301
A0ABR0TVC8,C2H2-type domain-containing protein,QM012_004619,460
A0ABR0TVJ4,SET domain-containing protein,QM012_000392,790
A0ABR0TVT0,F-box domain-containing protein,QM012_004800,1100
A0ABR0TVT4,Large ribosomal subunit protein uL23m,QM012_000431,183
A0ABR0TW22,Spherulation-specific family 4,QM012_000312,256
A0ABR0TXK8,Transcription factor Iwr1 domain-containing protein,QM012_000578,379
A0ABR0T4U0,Pyruvate decarboxylase,QM012_005570,571
A0ABR0T504,mRNA cap guanine-N(7) methyltransferase,QM012_005359,573
A0ABR0T550,Glycosyl hydrolase family 13 catalytic domain-containing protein,QM012_005421,522
A0ABR0T5J3,Zn(2)-C6 fungal-type domain-containing protein,QM012_005337,831
A0ABR0T5V1,Uncharacterized protein,QM012_005103,157
A0ABR0T624,Sugar phosphate phosphatase,QM012_005085,449
A0ABR0T6E9,GAT domain-containing protein,QM012_003996,453
A0ABR0T6S8,Uncharacterized protein,QM012_004139,802
A0ABR0T779,Kynurenine 3-monooxygenase,BNA4,507
A0ABR0T7C7,F-box domain-containing protein,QM012_003995,507
A0ABR0T7N7,Eukaryotic translation initiation factor 4E,QM012_003959,246
A0ABR0T8G7,Nucleotide-diphospho-sugar transferase,QM012_003449,385
A0ABR0T8N3,Peptidase S33 tripeptidyl aminopeptidase-like C-terminal domain-containing protein,QM012_003521,631
A0ABR0T943,TSEN34 N-terminal domain-containing protein,QM012_003041,174
A0ABR0T950,Protein kinase domain-containing protein,QM012_003046,405
A0ABR0T969,"6-phosphogluconate dehydrogenase, decarboxylating",QM012_003514,494
A0ABR0T976,Uncharacterized protein,QM012_003076,262
A0ABR0T997,Xaa-Pro dipeptidyl-peptidase C-terminal domain-containing protein,QM012_002965,172
A0ABR0T9G2,Knr4/Smi1-like domain-containing protein,QM012_003167,561
A0ABR0TA18,NAD-dependent epimerase/dehydratase domain-containing protein,QM012_002545,329
A0ABR0TAC3,DUF7053 domain-containing protein,QM012_002665,299
A0ABR0TAE2,Peptide hydrolase,QM012_003277,521
A0ABR0TAH5,Magnesium transporter,QM012_003098,445
A0ABR0TAS3,Uncharacterized protein,QM012_002876,350
A0ABR0TBP5,Nucleotide-diphospho-sugar transferase,QM012_002358,466
A0ABR0TBP9,Non-classical export protein 1,QM012_002883,61
A0ABR0TC23,Acyltransferase 3 domain-containing protein,QM012_002807,437
A0ABR0TC67,Uncharacterized protein,QM012_002377,309
A0ABR0TCL3,Glucose-methanol-choline oxidoreductase N-terminal domain-containing protein,QM012_002160,778
A0ABR0TCR9,RRM domain-containing protein,QM012_001842,278
A0ABR0TDL9,Alkaline phosphatase,QM012_002520,624
A0ABR0TDP1,CCAAT-binding factor domain-containing protein,QM012_001284,543
A0ABR0TEB9,Uncharacterized protein,QM012_001527,107
A0ABR0TEC4,CAP-Gly domain-containing protein,QM012_002034,1287
A0ABR0TEK8,Pyruvate carboxylase,QM012_001617,1195
A0ABR0TF39,RING-type domain-containing protein,QM012_000879,197
A0ABR0TFC6,GPI-anchored wall transfer protein,QM012_000982,514
A0ABR0TG02,Peptidase M20 domain-containing protein 2,QM012_001222,393
A0ABR0TG67,Tautomerase cis-CaaD-like domain-containing protein,QM012_000957,137
A0ABR0TG70,Major facilitator superfamily (MFS) profile domain-containing protein,QM012_001651,495
A0ABR0TG90,DUF7918 domain-containing protein,QM012_009237,600
A0ABR0TGD0,Impact N-terminal domain-containing protein,QM012_009270,375
A0ABR0TGQ0,Uncharacterized protein,QM012_009389,317
A0ABR0TGQ1,BTB domain-containing protein,QM012_009384,790
A0ABR0THB6,Transcription factor domain-containing protein,QM012_008677,655
A0ABR0THJ1,"Choline monooxygenase, chloroplastic",QM012_009485,415
A0ABR0THN2,Major facilitator superfamily (MFS) profile domain-containing protein,QM012_008798,529
A0ABR0THS6,Uncharacterized protein,QM012_009575,161
A0ABR0THV9,MARVEL domain-containing protein,QM012_008874,147
A0ABR0TI68,DUF336-domain-containing protein,QM012_009426,152
A0ABR0TIU9,Uncharacterized protein,QM012_008184,535
A0ABR0TJ40,Uncharacterized protein,QM012_008770,353
A0ABR0TJA4,DNA replication licensing factor MCM5,QM012_008393,733
A0ABR0TJF0,Zip-domain-containing protein,QM012_008329,581
A0ABR0TJI0,CBF1-interacting co-repressor CIR N-terminal domain-containing protein,QM012_008421,355
A0ABR0TJM5,CHY-type domain-containing protein,QM012_008513,125
A0ABR0TJS8,Clock-controlled protein 6,QM012_008570,147
A0ABR0TJU0,Choline/carnitine acyltransferase domain-containing protein,QM012_009010,818
A0ABR0TJW7,Nitrogen permease regulator 3,QM012_008238,853
A0ABR0TKN8,FAD dependent oxidoreductase domain-containing protein,QM012_008671,440
A0ABR0TKS9,Bms1-type G domain-containing protein,QM012_008387,1158
A0ABR0TKW4,C2H2-type domain-containing protein,QM012_007663,540
A0ABR0TL96,cysteine--tRNA ligase,QM012_008518,797
A0ABR0TLF7,NAD(P)-binding protein,QM012_008052,260
A0ABR0TLH7,non-specific serine/threonine protein kinase,QM012_008077,638
A0ABR0TLJ9,PPPDE domain-containing protein,QM012_007996,246
A0ABR0TLU0,NADH-cytochrome b5 reductase,QM012_007830,321
A0ABR0TMF2,Dolichyl-diphosphooligosaccharide--protein glycosyltransferase subunit WBP1,QM012_007174,467
A0ABR0TMI1,Glucosidase 2 subunit beta,QM012_007295,559
A0ABR0TMU0,LYR motif-containing protein 5A,QM012_007356,84
A0ABR0TMX2,RecQ-mediated genome instability protein 1,QM012_007389,228
A0ABR0TN84,NADH dehydrogenase [ubiquinone] 1 alpha subcomplex subunit 13,QM012_007540,119
A0ABR0TNZ7,Uncharacterized protein,QM012_006568,301
A0ABR0TP51,Uncharacterized protein,QM012_006606,522
A0ABR0TPI7,J domain-containing protein,QM012_006584,644
A0ABR0TPK9,Uncharacterized protein,QM012_006614,221
A0ABR0TQ86,Phosphorylase,QM012_006687,260
A0ABR0TQS3,EB1 C-terminal domain-containing protein,QM012_006625,247
A0ABR0TQU2,DNA-directed RNA polymerase subunit,QM012_005836,1736
A0ABR0TQY5,ABC transmembrane type-1 domain-containing protein,QM012_005849,375
A0ABR0TRW3,"Altered inheritance of mitochondria protein 24, mitochondrial",QM012_005678,364
A0ABR0TRZ7,Nuclear distribution protein RO10,QM012_006100,205
A0ABR0TSC4,Protein kinase domain-containing protein,QM012_004177,375
A0ABR0TSF0,HECT-type E3 ubiquitin transferase,QM012_004193,1125
A0ABR0TSG7,Amine oxidase domain-containing protein,QM012_004198,557
A0ABR0TSZ6,Uncharacterized protein,QM012_004361,250
A0ABR0TT55,SH3 domain-containing protein,QM012_006098,303
A0ABR0TT67,DUF1753-domain-containing protein,QM012_004442,322
A0ABR0TTA8,Arrestin-like N-terminal domain-containing protein,QM012_004371,420
A0ABR0TTG2,RNA helicase,QM012_004265,500
A0ABR0TTN4,Uncharacterized protein,QM012_004261,360
A0ABR0TTP5,Uncharacterized protein,QM012_004675,462
A0ABR0TTT2,Uncharacterized protein,QM012_006274,1701
A0ABR0TTU6,Steroid 5-alpha reductase C-terminal domain-containing protein,QM012_004646,268
A0ABR0TU53,Uncharacterized protein,QM012_004813,407
A0ABR0TUF0,MFS general substrate transporter,QM012_000007,329
A0ABR0TUN8,Mitochondrial F1F0 ATP synthase subunit F,QM012_004379,95
A0ABR0TVA3,Uncharacterized protein,QM012_000307,153
A0ABR0TVJ9,Integral membrane protein,QM012_000341,472
A0ABR0TW73,Bifunctional lycopene cyclase/phytoene synthase,QM012_000465,607
A0A4V4L0A3,Uncharacterized protein,QM012_003788,146
A0ABR0T4V4,Uncharacterized protein,QM012_005494,424
A0ABR0T543,BTB domain-containing protein,QM012_005375,899
A0ABR0T5R1,Alpha/beta hydrolase fold-3 domain-containing protein,QM012_005453,383
A0ABR0T5X3,Major facilitator superfamily (MFS) profile domain-containing protein,QM012_005451,465
A0ABR0T634,HAD superfamily hydrolase-like protein,QM012_005178,445
A0ABR0T6L4,RRM domain-containing protein,QM012_005293,459
A0ABR0T743,Histidine kinase HHK15p,QM012_003885,1111
A0ABR0T7M9,Uncharacterized protein,QM012_003698,534
A0ABR0T7S9,Peptidase A1 domain-containing protein,QM012_003618,522
A0ABR0T7U5,Uncharacterized protein,QM012_003749,104
A0ABR0T7Y1,Leukotriene A(4) hydrolase,QM012_003779,637
A0ABR0T7Y8,Ribosome production factor 2 homolog,QM012_004098,329
A0ABR0T889,Uncharacterized protein,QM012_003954,423
A0ABR0T890,C2H2-type domain-containing protein,QM012_003383,643
A0ABR0T8I2,3-methyl-2-oxobutanoate hydroxymethyltransferase,QM012_003414,336
A0ABR0T8I6,NGG1p interacting factor 3,QM012_003477,383
A0ABR0T8V8,Phospholipid/glycerol acyltransferase domain-containing protein,QM012_003596,659
A0ABR0T8Z2,Amine oxidase,QM012_002986,488
A0ABR0T916,Chitobiosyldiphosphodolichol beta-mannosyltransferase,QM012_003317,516
A0ABR0T919,Uncharacterized protein,QM012_003594,263
A0ABR0T9Y6,Cutinase,QM012_003560,405
A0ABR0TA29,Uncharacterized protein,QM012_002624,334
A0ABR0TAE1,BTB domain-containing protein,QM012_002734,271
A0ABR0TAR7,Major facilitator superfamily (MFS) profile domain-containing protein,QM012_003204,525
A0ABR0TB25,Uncharacterized protein,QM012_002133,138
A0ABR0TBP8,Uncharacterized protein,QM012_002319,150
A0ABR0TC22,Uncharacterized protein,QM012_002470,759
A0ABR0TCL1,Uncharacterized protein,QM012_001816,129
A0ABR0TD13,Enolase,QM012_001966,438
A0ABR0TD61,UTP--glucose-1-phosphate uridylyltransferase,QM012_002008,516
A0ABR0TD94,ATPase AAA-type core domain-containing protein,QM012_001867,449
A0ABR0TEC5,Ornithine aminotransferase,QM012_001973,475
A0ABR0TEG7,MFS general substrate transporter,QM012_001573,611
A0ABR0TEJ6,catechol O-methyltransferase,QM012_001337,286
A0ABR0TEJ9,Amino acid transporter,QM012_001593,524
A0ABR0TEK4,Maf-domain-containing protein,QM012_001589,267
A0ABR0TET2,Autophagy-related protein 101,QM012_001683,193
A0ABR0TF86,Apple domain-containing protein,QM012_000857,298
A0ABR0TFE1,non-specific serine/threonine protein kinase,QM012_001395,1933
A0ABR0TG75,GDS1 winged helix domain-containing protein,QM012_009222,417
A0ABR0TGG0,BTB domain-containing protein,QM012_001047,720
A0ABR0TGQ5,Ribonuclease H2 subunit B,QM012_009394,415
A0ABR0TIB8,NAD(P)-binding protein,QM012_009035,322
A0ABR0TIG3,Mitochondrial ATP synthase epsilon chain domain-containing protein,QM012_009068,73
A0ABR0TIJ4,DNA mismatch repair proteins mutS family domain-containing protein,QM012_008939,948
A0ABR0TIR0,L-lactate dehydrogenase (cytochrome),QM012_009062,502
A0ABR0TIU5,Major facilitator superfamily (MFS) profile domain-containing protein,QM012_008228,491
A0ABR0TIW7,TFIIS N-terminal domain-containing protein,QM012_009044,456
A0ABR0TJB0,FAD dependent oxidoreductase domain-containing protein,QM012_008845,426
A0ABR0TJY9,NAD-dependent epimerase/dehydratase domain-containing protein,QM012_009040,304
A0ABR0TK11,Small secreted protein,QM012_008339,177
A0ABR0TKH2,Small GTPase,QM012_007729,305
A0ABR0TKM0,Translocon-associated protein subunit alpha,QM012_007746,271
A0ABR0TKS3,N-acetylglucosaminylphosphatidylinositol deacetylase,QM012_007726,281
A0ABR0TKW8,SPT2-domain-containing protein,QM012_007857,358
A0ABR0TL44,Iron-sulfur cluster assembly protein,QM012_007943,198
A0ABR0TLF5,"Alpha-1,3-mannosyltransferase",QM012_007766,715
A0ABR0TLQ9,Uncharacterized protein,QM012_007028,585
A0ABR0TM24,RPAP1-like protein,QM012_007133,444
A0ABR0TME8,Six-hairpin glycosidase,QM012_007265,680
A0ABR0TMI8,Bromodomain-containing protein,QM012_007298,883
A0ABR0TMM2,BZIP domain-containing protein,QM012_007325,209
A0ABR0TMP5,Uncharacterized protein,QM012_007335,273
A0ABR0TMU6,Ras-related protein RSR1,QM012_007216,216
A0ABR0TN62,H/ACA ribonucleoprotein complex subunit,QM012_007522,204
A0ABR0TNG7,Glycoside hydrolase,QM012_007293,756
A0ABR0TNI7,Cofilin,QM012_006410,150
A0ABR0TPD4,C-CAP/cofactor C-like domain-containing protein,QM012_007362,374
A0ABR0TPZ3,Uncharacterized protein,QM012_006597,580
A0ABR0TQ47,Life-span regulatory factor domain-containing protein,QM012_006982,137
A0ABR0TQ54,Prolyl 4-hydroxylase alpha subunit domain-containing protein,QM012_006646,290
A0ABR0TQK6,40S ribosomal protein S7,QM012_006645,200
A0ABR0TQQ4,NmrA-like domain-containing protein,QM012_006841,307
A0ABR0TQZ6,XPG N-terminal domain-containing protein,QM012_006700,728
A0ABR0TR45,BTB domain-containing protein,QM012_005938,611
A0ABR0TRH9,Retrotransposon gag domain-containing protein,QM012_006896,57
A0ABR0TRI3,Thioredoxin-like fold domain-containing protein,QM012_006071,206
A0ABR0TRP5,Uncharacterized protein,QM012_005995,86
A0ABR0TRQ3,Uncharacterized protein,QM012_005780,578
A0ABR0TSA3,Zinc-ribbon 15 domain-containing protein,QM012_005990,113
A0ABR0TSE7,WD40 repeat-like protein,QM012_006235,351
A0ABR0TSH9,Class E vacuolar protein-sorting machinery protein HSE1,QM012_005888,1129
A0ABR0TSI0,Serine/threonine-protein kinase SSN3,QM012_006129,478
A0ABR0TSM9,RRM domain-containing protein,QM012_005884,515
A0ABR0TTL2,Uncharacterized protein,QM012_004618,213
A0ABR0TTM0,Ras guanyl-nucleotide exchange factor RasGEF,QM012_004571,139
A0ABR0TTZ7,HTH CENPB-type domain-containing protein,QM012_004518,288
A0ABR0TU92,ACT domain-containing protein,QM012_004701,329
A0ABR0TUG1,non-specific serine/threonine protein kinase,QM012_004856,542
A0ABR0TUW0,"Hydrolase, TatD family protein",QM012_004696,334
A0ABR0TV16,Coatomer subunit gamma,QM012_000241,924
A0ABR0TVG3,Major facilitator superfamily (MFS) profile domain-containing protein,QM012_000362,522
A0ABR0TVS8,HPP transmembrane region domain-containing protein,QM012_000496,218
A0ABR0TVY2,POPLD-domain-containing protein,QM012_004814,836
A0ABR0TW78,Velvet domain-containing protein,QM012_000617,458
A0ABR0TW83,Uncharacterized protein,QM012_000661,518
A0ABR0TWI7,Uncharacterized protein,QM012_000737,233
A0ABR0TX35,"Alpha-1,3-glucosyltransferase",QM012_000418,501
A0ABR0TXN7,Sulfate adenylyltransferase,MET3,576
A0ABR0T4V1,Uncharacterized protein,QM012_005336,108
A0ABR0T542,Effector 5,QM012_005403,226
A0ABR0T5L8,Uncharacterized protein,QM012_005121,260
A0ABR0T614,Uncharacterized protein,QM012_005410,260
A0ABR0T683,Aldolase,QM012_005398,293
A0ABR0T6H7,Catalase core domain-containing protein,QM012_005042,591
A0ABR0T6J2,UFSP1/2/DUB catalytic domain-containing protein,QM012_004052,357
A0ABR0T797,ZIP zinc/iron transport family,QM012_003947,374
A0ABR0T7P5,Dystroglycan-type cadherin-like domain-containing protein,QM012_003709,1064
A0ABR0T7Q2,Rad4-domain-containing protein,QM012_003704,1143
A0ABR0T811,TIM-barrel domain-containing protein,QM012_003755,280
A0ABR0T819,NADP-dependent oxidoreductase domain-containing protein,QM012_003308,383
A0ABR0T8G3,RAD52 homolog,QM012_003643,551
A0ABR0T8R5,Dipeptidyl peptidase 3,QM012_003551,701
A0ABR0T8U8,Fungal N-terminal domain-containing protein,QM012_003612,716
A0ABR0T908,Uncharacterized protein,QM012_003011,169
A0ABR0T967,Rhodopsin domain-containing protein,QM012_003062,452
A0ABR0T9D1,Uncharacterized protein,QM012_003137,504
A0ABR0T9D5,"Mannan endo-1,6-alpha-mannosidase",QM012_003135,457
A0ABR0T9E0,Yippee domain-containing protein,QM012_003365,230
A0ABR0T9P7,Major facilitator superfamily (MFS) profile domain-containing protein,QM012_003257,560
A0ABR0TAF6,Aromatic compound dioxygenase,QM012_003083,322
A0ABR0TAN8,Kinesin motor domain-containing protein,QM012_003158,1775
A0ABR0TAV1,Histone chaperone domain-containing protein,QM012_002690,117
A0ABR0TB58,Chloride channel protein,QM012_003259,841
A0ABR0TBI8,Pentatricopeptide repeat protein,QM012_002641,988
A0ABR0TBL0,Phospho-2-dehydro-3-deoxyheptonate aldolase,QM012_002321,373
A0ABR0TBM1,PLP-dependent transferase,QM012_002182,455
A0ABR0TBR7,"Pyruvate dehydrogenase complex protein X, dihydrolipoamide acetyltransferase comp",QM012_002716,449
A0ABR0TC75,GPI anchored protein,QM012_002222,201
A0ABR0TCA9,OPT-domain-containing protein,QM012_002136,928
A0ABR0TCS5,Translocon Sec61/SecY plug domain-containing protein,QM012_001735,690
A0ABR0TCS9,SigF-like NTF2-like domain-containing protein,QM012_001886,197
A0ABR0TCU0,BZIP domain-containing protein,QM012_002447,337
A0ABR0TCY1,Uncharacterized protein,QM012_001936,193
A0ABR0TD76,pectinesterase,QM012_001730,1941
A0ABR0TE17,Ras modification protein ERF4,QM012_001424,268
A0ABR0TEK9,Mate family transporter,QM012_002028,527
A0ABR0TEY2,ATP12-domain-containing protein,QM012_000832,368
A0ABR0TF25,RING-type domain-containing protein,QM012_000875,603
A0ABR0TFA6,Major facilitator superfamily (MFS) profile domain-containing protein,QM012_000948,549
A0ABR0TFV6,DUF21-domain-containing protein,QM012_001082,803
A0ABR0TG36,Ubiquitin-like modifier HUB1,QM012_001220,216
A0ABR0TGD6,Uncharacterized protein,QM012_009274,443
A0ABR0TGH0,triacylglycerol lipase,QM012_009295,608
A0ABR0TGK1,Carboxypeptidase,QM012_009248,558
A0ABR0TGU8,Aquaporin-like protein,QM012_009433,616
A0ABR0THG0,SRR1-like domain-containing protein,QM012_008722,206
A0ABR0THG8,Myb-like domain-containing protein,QM012_008736,902
A0ABR0THU4,Uncharacterized protein,QM012_008871,456
A0ABR0THZ8,RNA polymerase II transcription factor B subunit 2,QM012_009302,490
A0ABR0TI04,Major facilitator superfamily (MFS) profile domain-containing protein,QM012_008822,541
A0ABR0TI61,MFS general substrate transporter,QM012_009517,580
A0ABR0TIK5,Flavin-containing monooxygenase YUCCA3,QM012_009123,615
A0ABR0TJ51,F-box domain-containing protein,QM012_009012,487
A0ABR0TJ88,Asl1-like glycosyl hydrolase catalytic domain-containing protein,QM012_008355,550
A0ABR0TJL2,Uncharacterized protein,QM012_009106,267
A0ABR0TJW1,Arylsulfatase,QM012_008602,604
A0ABR0TK47,Cutinase,QM012_007610,233
A0ABR0TK68,Uncharacterized protein,QM012_009130,715
A0ABR0TKL6,RRM domain-containing protein,QM012_007772,494
A0ABR0TKW2,Signal peptidase complex subunit 2,QM012_007867,219
A0ABR0TL94,"Glutamate--tRNA ligase, mitochondrial",QM012_007635,605
A0ABR0TLM5,NCS1 nucleoside transporter family,QM012_007604,592
A0ABR0TLP8,Protein kinase domain-containing protein,QM012_008147,922
A0ABR0TLY5,Transcription initiation factor TFIID subunit 1 histone acetyltransferase domain-containing protein,QM012_007875,1196
A0ABR0TMD6,glutaminase,QM012_007245,271
A0ABR0TMS3,SNF5-domain-containing protein,QM012_007974,833
A0ABR0TMZ9,Extracellular membrane protein CFEM domain-containing protein,QM012_007434,502
A0ABR0TNB0,Uncharacterized protein,QM012_007033,116
A0ABR0TNI3,RTA1-domain-containing protein,QM012_007426,288
A0ABR0TNV7,Stc1 domain-containing protein,QM012_006530,171
A0ABR0TP03,Centrosomin N-terminal motif 1 domain-containing protein,QM012_007514,1537
A0ABR0TPR6,Vacuolar membrane-associated protein IML1,QM012_006838,1808
A0ABR0TPY2,Uncharacterized protein,QM012_006907,87
A0ABR0TQ48,RNA helicase,QM012_006400,574
A0ABR0TQB3,Carboxypeptidase,QM012_007026,656
A0ABR0TQE4,Uncharacterized protein,QM012_005682,729
A0ABR0TQK9,Glycosyltransferase 61 catalytic domain-containing protein,QM012_005742,395
A0ABR0TR68,3-hydroxyacyl-CoA dehydrogenase,QM012_005927,309
A0ABR0TRP8,3-ketoacyl-CoA thiolase-like protein,QM012_006132,429
A0ABR0TS97,DNA/RNA-binding domain-containing protein,QM012_006285,795
A0ABR0TSC8,5'-Nucleotidase C-terminal domain-containing protein,QM012_005843,325
A0ABR0TSU5,Uncharacterized protein,QM012_004333,293
A0ABR0TSX5,Phospholipid/glycerol acyltransferase domain-containing protein,QM012_004221,764
A0ABR0TT19,Mannose-1-phosphate guanyltransferase,QM012_004188,364
A0ABR0TU88,Proteasome inhibitor PI31 subunit,QM012_004802,387
A0ABR0TUB9,Rhodopsin domain-containing protein,QM012_004888,406
A0ABR0TUH0,MFS general substrate transporter,QM012_000006,115
A0ABR0TUP1,Ankyrin,QM012_000063,273
A0ABR0TUP9,SnoaL-like domain-containing protein,QM012_000020,406
A0ABR0TUQ8,CREG-like beta-barrel domain-containing protein,QM012_004773,250
A0ABR0TUW9,"Choline monooxygenase, chloroplastic",QM012_000184,411
A0ABR0TV41,Octanoyltransferase,QM012_000155,230
A0ABR0TV84,Uncharacterized protein,QM012_000276,249
A0ABR0TV91,Enoyl reductase (ER) domain-containing protein,QM012_000236,2279
A0ABR0TVA0,Mediator of RNA polymerase II transcription subunit 18,MED18,246
A0ABR0TVD1,Dienelactone hydrolase domain-containing protein,QM012_000245,269
A0ABR0TW93,Major facilitator superfamily (MFS) profile domain-containing protein,QM012_000008,496
A0ABR0TWB1,FUN14-domain-containing protein,QM012_000280,154
A0A1A7MNZ9,Histone H4,QM012_008593,103
A0ABR0T4G2,Biotin-protein ligase N-terminal domain-containing protein,QM012_005493,289
A0ABR0T4L8,HMG box domain-containing protein,QM012_005495,394
A0ABR0T4N4,Cytochrome P450,QM012_005617,439
A0ABR0T4S5,L domain-like protein,QM012_005555,234
A0ABR0T5B5,Rhodopsin domain-containing protein,QM012_005290,346
A0ABR0T5C5,Phosphotyrosine protein phosphatase I domain-containing protein,QM012_005254,180
A0ABR0T5D6,GDSL lipase/acylhydrolase family protein,QM012_005297,327
A0ABR0T5I7,Collagen-like protein,QM012_005502,421
A0ABR0T5M1,Uncharacterized protein,QM012_005367,180
A0ABR0T5U8,Xylanolytic transcriptional activator regulatory domain-containing protein,QM012_005168,603
A0ABR0T606,acetylornithine transaminase,QM012_005427,480
A0ABR0T6P0,Translation machinery-associated protein 22,QM012_004094,197
A0ABR0T6Q2,Peroxisomal trans-2-enoyl-CoA reductase,QM012_004109,305
A0ABR0T6Z0,MFS general substrate transporter,QM012_003845,531
A0ABR0T724,DUF967 domain protein,QM012_004027,180
A0ABR0T753,Pre-mRNA-processing factor 39,QM012_003895,544
A0ABR0T7Z9,Amino acid permease/ SLC12A domain-containing protein,QM012_003615,564
A0ABR0T812,tRNA (guanine(37)-N1)-methyltransferase,TRM5,479
A0ABR0T855,Fibronectin type III-like domain-containing protein,QM012_003837,168
A0ABR0T896,Maleylacetoacetate isomerase,QM012_003386,215
A0ABR0T8S0,Rad21/Rec8-like protein N-terminal domain-containing protein,QM012_003567,598
A0ABR0T9F3,Apple domain-containing protein,QM012_003807,790
A0ABR0TA24,Sec23/Sec24 family protein,QM012_003591,993
A0ABR0TA58,General transcription and DNA repair factor IIH subunit TFB5,QM012_002655,72
A0ABR0TAC4,PRTase-like protein,QM012_003155,204
A0ABR0TAK2,Sterol 24-C-methyltransferase,QM012_003078,379
A0ABR0TAN5,Uncharacterized protein,QM012_002834,217
A0ABR0TAQ7,GTP-binding protein ypt1,QM012_002861,201
A0ABR0TAW0,Btz domain-containing protein,QM012_002909,649
A0ABR0TB68,2EXR domain-containing protein,QM012_002178,252
A0ABR0TBN9,Large ribosomal subunit protein uL22,QM012_002348,187
A0ABR0TC87,acetyl-CoA C-acyltransferase,QM012_002237,414
A0ABR0TCK2,Uncharacterized protein,QM012_001802,665
A0ABR0TCS2,Hypervirulence associated protein TUDOR domain-containing protein,QM012_002270,229
A0ABR0TCV1,Uncharacterized protein,QM012_001906,79
A0ABR0TCV8,Chromatin modification-related protein EAF3,QM012_001765,321
A0ABR0TD17,RBR-type E3 ubiquitin transferase,QM012_002360,542
A0ABR0TD24,Aminotransferase class I/classII large domain-containing protein,QM012_001986,423
A0ABR0TD44,Brl1/Brr6 domain-containing protein,QM012_002325,479
A0ABR0TE23,Amine oxidase,QM012_001234,696
A0ABR0TE65,40S ribosomal protein S12,QM012_001478,150
A0ABR0TE77,Amidase,QM012_002105,408
A0ABR0TE91,Mediator of RNA polymerase II transcription subunit 31,QM012_001469,107
A0ABR0TF22,Nuclear movement protein nudC,QM012_000864,191
A0ABR0TFD6,Uncharacterized protein,QM012_001491,573
A0ABR0TFP6,Uncharacterized protein,QM012_001022,523
A0ABR0TFY7,Uncharacterized protein,QM012_001188,700
A0ABR0TG49,Carboxylic ester hydrolase,QM012_000780,452
A0ABR0TGE9,Homeobox domain-containing protein,QM012_009283,587
A0ABR0TGS6,3-methyl-2-oxobutanoate dehydrogenase (2-methylpropanoyl-transferring),QM012_001081,294
A0ABR0TH18,NIC-domain-containing protein,QM012_009499,1112
A0ABR0THE0,AB hydrolase-1 domain-containing protein,QM012_001180,289
A0ABR0THJ0,"galacturonan 1,4-alpha-galacturonidase",QM012_009578,459
A0ABR0TI91,Pali-domain-containing protein,QM012_009009,457
A0ABR0TIW4,Glucose-methanol-choline oxidoreductase N-terminal domain-containing protein,QM012_008199,678
A0ABR0TJ00,Acetoacetate-CoA ligase,QM012_008287,682
A0ABR0TJ23,Nucleotide-diphospho-sugar transferase,QM012_008805,491
A0ABR0TJ72,HhH-GPD domain-containing protein,QM012_008366,395
A0ABR0TJP9,FAD dependent oxidoreductase domain-containing protein,QM012_008543,467
A0ABR0TJR7,histone acetyltransferase,QM012_008560,545
A0ABR0TK94,P450 monooxygenase,QM012_007608,453
A0ABR0TKD2,Acetyl-CoA synthetase-like protein,QM012_008566,607
A0ABR0TKF2,MARVEL domain-containing protein,QM012_007712,308
A0ABR0TKK3,Uncharacterized protein,QM012_007762,140
A0ABR0TKW9,60S ribosomal protein L27,QM012_008598,135
A0ABR0TL82,CRIB domain-containing protein,QM012_007985,1089
A0ABR0TL98,BZIP domain-containing protein,QM012_008003,470
A0ABR0TLB9,Mitochondrial import inner membrane translocase subunit TIM54,QM012_008014,471
A0ABR0TLH4,Carboxylic ester hydrolase,QM012_008028,537
A0ABR0TM45,Peptidyl-prolyl cis-trans isomerase-like 2,QM012_007769,551
A0ABR0TM72,Uncharacterized protein,QM012_007181,274
A0ABR0TMG3,Protein kinase domain-containing protein,QM012_007066,1290
A0ABR0TMX1,UDP-Glycosyltransferase/glycogen phosphorylase,QM012_007425,845
A0ABR0TNJ1,Ketoreductase domain-containing protein,QM012_007308,252
A0ABR0TQ83,Dak1-domain-containing protein,QM012_007023,592
A0ABR0TQA8,Signaling mucin MSB2,QM012_006476,1448
A0ABR0TQM8,Decaprenyl-diphosphate synthase subunit 1,QM012_005756,440
A0ABR0TR47,Uncharacterized protein,QM012_005941,165
A0ABR0TR50,GPI anchored protein,QM012_005937,174
A0ABR0TR64,Pleckstrin homology domain-containing protein,QM012_005767,1195
A0ABR0TRP7,Xylanolytic transcriptional activator regulatory domain-containing protein,QM012_006126,575
A0ABR0TRP9,Adenosine kinase,QM012_006136,342
A0ABR0TRW7,GH16 domain-containing protein,QM012_005889,407
A0ABR0TS28,Mitochondrial carrier,QM012_006254,328
A0ABR0TT41,Peptidase A1 domain-containing protein,QM012_004438,532
A0ABR0TTL9,Glycosyltransferase family 2 protein,QM012_006248,433
A0ABR0TTN7,Catalase,QM012_006213,740
A0ABR0TU46,tRNA-binding domain-containing protein,QM012_004234,458
A0ABR0TUA0,Major facilitator superfamily (MFS) profile domain-containing protein,QM012_004796,489
A0ABR0TV22,Uncharacterized protein,QM012_004530,91
A0ABR0TV26,"3-carboxy-cis,cis-mucoante lactonizing enzyme",QM012_000140,400
A0ABR0TV79,DUF7907 domain-containing protein,QM012_000292,204
A0ABR0TVR0,SET domain-containing protein,QM012_000481,369
A0ABR0TVZ1,dolichyl-phosphate beta-glucosyltransferase,QM012_000542,405
A0ABR0TW26,FACT complex subunit,QM012_000485,1023
A0ABR0TWB4,Arabinanase/levansucrase/invertase,QM012_000575,238
A0ABR0TWH0,1-(5-phosphoribosyl)-5-[(5-phosphoribosylamino)methylideneamino] imidazole-4-carboxamide isomerase,QM012_000696,240
A0ABR0TX02,Uncharacterized protein,QM012_000629,350
A0ABR0TX05,Uncharacterized protein,QM012_000293,92
A0ABR0T4S7,CASP-like protein,QM012_005454,130
A0ABR0T4X4,Uncharacterized protein,QM012_005507,625
A0ABR0T5V0,Uncharacterized protein,QM012_005214,353
A0ABR0T6F6,Major facilitator superfamily (MFS) profile domain-containing protein,QM012_004006,508
A0ABR0T759,Mmc1 C-terminal domain-containing protein,QM012_005222,742
A0ABR0T7L7,Protein kinase domain-containing protein,QM012_003681,911
A0ABR0T7S8,Nucleolar GTP-binding protein 1,QM012_003745,660
A0ABR0T7T5,Coatomer subunit delta,QM012_004029,513
A0ABR0T7W1,Protein-lysine N-methyltransferase EFM6,EFM6,233
A0ABR0T8G6,HTH APSES-type domain-containing protein,QM012_003463,529
A0ABR0T945,C2H2-type domain-containing protein,QM012_003702,1070
A0ABR0T9A4,Enoyl reductase (ER) domain-containing protein,QM012_003107,305
A0ABR0T9C5,aldehyde dehydrogenase (NAD(+)),QM012_003300,532
A0ABR0TAP6,Transcription elongation factor SPT4,QM012_002847,119
A0ABR0TAV0,Protein kinase domain-containing protein,QM012_002899,395
A0ABR0TB74,Yeast cell wall synthesis Kre9/Knh1-like N-terminal domain-containing protein,QM012_002185,268
A0ABR0TBB2,Uncharacterized protein,QM012_002223,321
A0ABR0TBD1,RNA polymerase II holoenzyme cyclin-like subunit,QM012_002243,381
A0ABR0TBN7,NAD(P)-binding protein,QM012_002149,261
A0ABR0TCD8,non-reducing end alpha-L-arabinofuranosidase,QM012_001742,507
A0ABR0TCE0,Uncharacterized protein,QM012_001751,623
A0ABR0TCX9,AB hydrolase-1 domain-containing protein,QM012_001934,336
A0ABR0TCY4,UDP-N-acetylglucosamine--dolichyl-phosphate N-acetylglucosaminephosphotransferase,QM012_001917,391
A0ABR0TD81,Bacterial surface antigen (D15) domain-containing protein,QM012_002370,509
A0ABR0TDF3,Ubiquitin-like protease family profile domain-containing protein,QM012_001945,214
A0ABR0TDI2,Major facilitator superfamily (MFS) profile domain-containing protein,QM012_001253,458
A0ABR0TDU8,Large ribosomal subunit protein uL15/eL18 domain-containing protein,QM012_001377,324
A0ABR0TDV2,Beta ketoadipyl CoA thiolase,QM012_001778,418
A0ABR0TE85,F-box domain-containing protein,QM012_001488,174
A0ABR0TEA1,PA14 domain-containing protein,QM012_001484,415
A0ABR0TEF3,SWI/SNF chromatin remodeling complex component,QM012_002003,889
A0ABR0TEL0,HCP-like protein,QM012_001613,845
A0ABR0TF14,FAD-binding PCMH-type domain-containing protein,QM012_000782,513
A0ABR0TF37,Zn(2)-C6 fungal-type domain-containing protein,QM012_000892,805
A0ABR0TFC5,SCP2 domain-containing protein,QM012_000980,128
A0ABR0TFG5,"Short/branched chain specific acyl-CoA dehydrogenase, mitochondrial",QM012_001607,440
A0ABR0TFI2,SH3 domain-containing protein,QM012_000869,400
A0ABR0TFN3,Major facilitator superfamily (MFS) profile domain-containing protein,QM012_001085,199
A0ABR0TFS4,Enoyl reductase (ER) domain-containing protein,QM012_001052,350
A0ABR0TFW8,Uncharacterized protein,QM012_001179,542
A0ABR0TG08,ABM domain-containing protein,QM012_000796,123
A0ABR0TG29,Uncharacterized protein,QM012_001670,448
A0ABR0TGA5,Importin N-terminal domain-containing protein,QM012_009244,1049
A0ABR0TGA8,Uncharacterized protein,QM012_009221,241
A0ABR0TGS3,NAD-dependent epimerase/dehydratase domain-containing protein,QM012_000956,336
A0ABR0TGV3,Lysophospholipase NTE1,QM012_009435,1527
A0ABR0TGV4,Mediator of RNA polymerase II transcription subunit 11,MED11,187
A0ABR0TGX0,Mitochondrial carrier,QM012_009454,336
A0ABR0TH70,DNA repair protein Rhp26/Rad26,QM012_009365,1266
A0ABR0THF5,Apple domain-containing protein,QM012_008723,679
A0ABR0THK6,Uncharacterized protein,QM012_009500,172
A0ABR0THT2,Uncharacterized protein,QM012_008848,184
A0ABR0TI54,BTB domain-containing protein,QM012_008963,301
A0ABR0TI81,Uncharacterized protein,QM012_008682,224
A0ABR0TIP0,"homogentisate 1,2-dioxygenase",QM012_008168,411
A0ABR0TIX3,SAP domain-containing protein,QM012_008760,292
A0ABR0TJ19,Translation machinery-associated protein 22,QM012_009089,649
A0ABR0TJA5,CXC domain-containing protein,QM012_009016,283
A0ABR0TJE1,Uncharacterized protein,QM012_008875,203
A0ABR0TJS7,Restriction of telomere capping protein 4,QM012_008995,499
A0ABR0TJV4,HTH La-type RNA-binding domain-containing protein,QM012_008479,379
A0ABR0TK23,LCCL domain-containing protein,QM012_008298,635
A0ABR0TK45,Xylanolytic transcriptional activator regulatory domain-containing protein,QM012_009150,486
A0ABR0TKA6,NAD binding Rossmann fold oxidoreductase,QM012_007669,523
A0ABR0TKG6,Signal recognition particle 54 kDa protein,QM012_008247,535
A0ABR0TL05,non-specific serine/threonine protein kinase,QM012_008462,652
A0ABR0TM50,Class V myosin,QM012_007166,2395
A0ABR0TMC0,Partial AB-hydrolase lipase domain-containing protein,QM012_007241,704
A0ABR0TN03,Acriflavine resistance protein B,QM012_007354,913
A0ABR0TN04,Knr4/Smi1-like domain-containing protein,QM012_007460,467
A0ABR0TN54,Uncharacterized protein,QM012_007515,632
A0ABR0TN75,Histone chaperone,QM012_007509,282
A0ABR0TNB3,Polynucleotide 5'-hydroxyl-kinase GRC3,QM012_007539,705
A0ABR0TNS1,Mitochondrial carrier,QM012_007531,430
A0ABR0TNX6,Spindle pole body component,QM012_006538,707
A0ABR0TPM0,Uncharacterized protein,QM012_006793,257
A0ABR0TPS8,Clavaminate synthase-like protein,QM012_006863,346
A0ABR0TQ87,Folliculin-interacting protein N-terminal domain-containing protein,QM012_006839,1308
A0ABR0TQ90,Translation machinery-associated protein 20,QM012_006902,194
A0ABR0TQL1,COP9 signalosome complex subunit 12,QM012_005745,542
A0ABR0TQV4,KOW domain-containing protein,QM012_006735,354
A0ABR0TQY3,"ATPase inhibitor, mitochondrial",QM012_005692,96
A0ABR0TRQ4,Fe2OG dioxygenase domain-containing protein,QM012_006955,681
A0ABR0TRR2,Pre-mRNA-splicing factor 18,QM012_006147,368
A0ABR0TRU3,Mediator of RNA polymerase II transcription subunit 5,MED5,1023
A0ABR0TS31,Transcription factor,QM012_005688,652
A0ABR0TS51,3-hydroxyacyl-CoA dehydrogenase type-2,QM012_006240,263
A0ABR0TS65,Acyltransferase 3 domain-containing protein,QM012_005960,520
A0ABR0TSV3,Uncharacterized protein,QM012_004316,189
A0ABR0TSW4,Deacetylase sirtuin-type domain-containing protein,QM012_004331,563
A0ABR0TT58,Piwi-domain-containing protein,QM012_006354,924
A0ABR0TTI0,DUF431-domain-containing protein,QM012_004600,205
A0ABR0TU30,V-type proton ATPase subunit D,QM012_004798,258
A0ABR0TUI7,G-patch domain-containing protein,QM012_000032,225
A0ABR0TUR0,Uncharacterized protein,QM012_000096,503
A0ABR0TUS8,Uncharacterized protein,QM012_004459,339
A0ABR0TVF7,WD40 repeat-like protein,QM012_004649,342
A0ABR0TVL6,Glycerate dehydrogenase,QM012_000119,330
A0ABR0TWU7,FAD-binding PCMH-type domain-containing protein,QM012_000755,513
A0ABR0TX60,DUF914-domain-containing protein,QM012_000595,418
A0A1A7MJ80,ADP-ribosylation factor,QM012_006679,183
A0A4S9W8N5,Uncharacterized protein,QM012_002663,316
A0ABR0T4Q8,Terpene synthase,QM012_005597,375
A0ABR0T521,NAD(P)-binding protein,QM012_005579,247
A0ABR0T5H8,Isopropylmalate dehydrogenase-like domain-containing protein,QM012_005095,127
A0ABR0T626,NADP-dependent oxidoreductase domain-containing protein,QM012_005442,326
A0ABR0T667,Major facilitator superfamily (MFS) profile domain-containing protein,QM012_004985,490
A0ABR0T6M4,Chromatin-remodeling ATPase INO80,QM012_004065,1612
A0ABR0T6N9,NTF2-like protein,QM012_004093,513
A0ABR0T6P4,ATP-dependent RNA helicase-like protein dbp8,QM012_005173,537
A0ABR0T6S4,Endonuclease/exonuclease/phosphatase domain-containing protein,QM012_004047,609
A0ABR0T6S5,Uncharacterized protein,QM012_004121,131
A0ABR0T6V7,GrpE protein homolog,QM012_003813,229
A0ABR0T6Y1,F-box domain-containing protein,QM012_005176,767
A0ABR0T760,3-hydroxyacyl-CoA dehydrogenase,QM012_003921,625
A0ABR0T7A3,Glycoside hydrolase,QM012_003949,535
A0ABR0T7E5,Uncharacterized protein,QM012_003608,336
A0ABR0T7V4,Transcription factor domain-containing protein,QM012_003773,399
A0ABR0T9I6,Carboxylic ester hydrolase,QM012_003360,595
A0ABR0T9I8,Eukaryotic translation initiation factor 1A,QM012_003132,148
A0ABR0T9Q7,Glutathione S-transferase,QM012_003456,255
A0ABR0TA19,Major facilitator superfamily (MFS) profile domain-containing protein,QM012_003235,599
A0ABR0TA26,Uncharacterized protein,QM012_002625,147
A0ABR0TAH0,Amidase signature enzyme,QM012_002764,643
A0ABR0TAM1,Exosome complex component N-terminal domain-containing protein,QM012_002770,339
A0ABR0TB42,Roadblock/LAMTOR2 domain-containing protein,QM012_003244,132
A0ABR0TBB6,ARF/SAR superfamily,QM012_002233,182
A0ABR0TBC9,Peptidase A1 domain-containing protein,QM012_002763,556
A0ABR0TBK3,DUF7605 domain-containing protein,QM012_002838,978
A0ABR0TBM9,CN hydrolase domain-containing protein,QM012_002686,356
A0ABR0TC81,Uncharacterized protein,QM012_002392,253
A0ABR0TCA1,"D-xylose 1-dehydrogenase (NADP(+), D-xylono-1,5-lactone-forming)",QM012_002374,397
A0ABR0TD12,Integral membrane protein,QM012_001964,119
A0ABR0TDH1,Apple domain-containing protein,QM012_001835,360
A0ABR0TDI1,Alpha/beta-hydrolase,QM012_002475,957
A0ABR0TDK5,CFEM domain-containing protein,QM012_001972,209
A0ABR0TDP2,DUF3445 domain-containing protein,QM012_001303,361
A0ABR0TDT6,Glycerol-3-phosphate dehydrogenase [NAD(+)],QM012_001329,414
A0ABR0TDU3,Mannose-6-phosphate isomerase,QM012_002047,413
A0ABR0TDW0,serine--tRNA ligase,QM012_001252,478
A0ABR0TDX4,Zn(2)-C6 fungal-type domain-containing protein,QM012_001379,729
A0ABR0TEU4,HNH nuclease domain-containing protein,QM012_000785,308
A0ABR0TF27,Major facilitator superfamily (MFS) profile domain-containing protein,QM012_000889,561
A0ABR0TFN2,Uncharacterized protein,QM012_001470,234
A0ABR0TFS1,Urease,QM012_000959,837
A0ABR0TGN0,Phytase A,QM012_001036,463
A0ABR0TGX8,CN hydrolase domain-containing protein,QM012_009275,308
A0ABR0TGY5,Sodium/calcium exchanger membrane region domain-containing protein,QM012_009461,812
A0ABR0THQ6,E2 ubiquitin-conjugating enzyme,QM012_009212,151
A0ABR0THS4,Apple domain-containing protein,QM012_008747,367
A0ABR0THX3,Uncharacterized protein,QM012_008889,194
A0ABR0TI01,Heavy metal tolerance protein,QM012_009316,984
A0ABR0TI37,Uncharacterized protein,QM012_009396,337
A0ABR0TIT1,Enoyl-CoA hydratase,QM012_008205,277
A0ABR0TIY2,Meiotically up-regulated gene 190 protein,QM012_008275,1294
A0ABR0TJ59,Cryptic loci regulator 2 N-terminal domain-containing protein,QM012_008350,78
A0ABR0TKJ3,STE24 endopeptidase,QM012_007716,86
A0ABR0TKV0,GTP cyclohydrolase 1,QM012_008382,321
A0ABR0TKY9,Peroxin 11C,QM012_007895,284
A0ABR0TL97,DNA repair protein RAD10,QM012_008000,369
A0ABR0TLB6,Response regulatory domain-containing protein,QM012_007921,1308
A0ABR0TLP6,Uncharacterized protein,QM012_007785,372
A0ABR0TLS3,Hydrophobin,QM012_007629,179
A0ABR0TLS7,3-hydroxyacyl-CoA dehydrogenase-like protein,QM012_007040,616
A0ABR0TM11,Anaphase-promoting complex subunit 13,QM012_007905,103
A0ABR0TMM5,Major facilitator superfamily (MFS) profile domain-containing protein,QM012_008130,568
A0ABR0TN82,PRISE-like Rossmann-fold domain-containing protein,QM012_007545,408
A0ABR0TN97,VPS37 C-terminal domain-containing protein,QM012_008139,250
A0ABR0TNF0,"Alpha-1,6-mannosyltransferase subunit",QM012_007062,390
A0ABR0TNH1,F-box domain-containing protein,QM012_006394,321
A0ABR0TNQ1,RRM domain-containing protein,QM012_007501,869
A0ABR0TNU1,Zn(2)-C6 fungal-type domain-containing protein,QM012_006515,718
A0ABR0TPD5,UDP-N-acetylglucosamine transferase subunit ALG14,ALG14,237
A0ABR0TPI5,Uncharacterized protein,QM012_006755,716
A0ABR0TPQ3,Sas10 C-terminal domain-containing protein,QM012_006844,622
A0ABR0TPZ4,DNA/RNA-binding protein Kin17 WH-like domain-containing protein,QM012_006420,341
A0ABR0TQH7,Flap endonuclease 1,QM012_005716,393
A0ABR0TR52,MYND-type zinc finger protein samB,QM012_005924,647
A0ABR0TR90,MAP kinase kinase kinase,QM012_006806,1394
A0ABR0TRJ7,BAH domain-containing protein,QM012_006060,350
A0ABR0TRT6,Rhodopsin domain-containing protein,QM012_006161,420
A0ABR0TS26,F-box domain-containing protein,QM012_005915,486
A0ABR0TSB0,Uncharacterized protein,QM012_005828,754
A0ABR0TSC1,Oxidation resistance protein 1,QM012_006357,353
A0ABR0TSH1,EngB-type G domain-containing protein,QM012_004202,370
A0ABR0TSX4,AP complex subunit beta,QM012_004375,711
A0ABR0TT36,Hypercellular protein-like protein HypA,QM012_004203,470
A0ABR0TT40,ABC1 atypical kinase-like domain-containing protein,QM012_004437,581
A0ABR0TTC0,Peptidase S59 domain-containing protein,QM012_004537,1952
A0ABR0TTE7,Cation-transporting P-type ATPase N-terminal domain-containing protein,QM012_004517,1130
A0ABR0TTH2,EamA domain-containing protein,QM012_004569,526
A0ABR0TTZ3,Protein transport protein Sec61 subunit beta,QM012_006318,128
A0ABR0TUZ2,DNA 3'-5' helicase,QM012_004519,907
A0ABR0TV17,Uncharacterized protein,QM012_000229,440
A0ABR0TW35,"Ribosome-releasing factor 2, mitochondrial",MEF2,821
A0ABR0TWA9,PXA domain-containing protein,QM012_000088,1066
A0ABR0TWJ2,F-box domain-containing protein,QM012_000163,234
A0ABR0TWJ3,F-box domain-containing protein,QM012_000738,458
A0ABR0TX21,Membrane-associated proteins in eicosanoid and glutathione metabolism,QM012_000399,149
A0ABR0TXB9,Imidazoleglycerol-phosphate dehydratase,QM012_000534,128
A0ABR0T479,P-loop containing nucleoside triphosphate hydrolase protein,QM012_005618,739
A0ABR0T4G7,WSC domain-containing protein,QM012_005622,2063
A0ABR0T4P9,XPG N-terminal domain-containing protein,QM012_005548,701
A0ABR0T5W8,F-box domain-containing protein,QM012_005135,510
A0ABR0T6H4,Cyclase,QM012_005098,337
A0ABR0T720,Mif2 N-terminal domain-containing protein,QM012_003875,391
A0ABR0T738,Glucanase,QM012_003811,461
A0ABR0T7Y0,Uncharacterized protein,QM012_003663,313
A0ABR0T7Z6,USP domain-containing protein,QM012_004089,2436
A0ABR0T867,Zn(2)-C6 fungal-type domain-containing protein,QM012_003356,624
A0ABR0T8M1,DUF917-domain-containing protein,QM012_003631,952
A0ABR0T904,DNA primase,QM012_003579,502
A0ABR0T9W7,W2 domain-containing protein,QM012_002562,367
A0ABR0T9X2,Helicase ATP-binding domain-containing protein,QM012_003545,1098
A0ABR0TAF3,Uncharacterized protein,QM012_003084,203
A0ABR0TAU2,Apc15p protein-domain-containing protein,QM012_002892,350
A0ABR0TBL1,Uncharacterized protein,QM012_002737,285
A0ABR0TCF3,Uridine permease,QM012_002467,560
A0ABR0TCQ7,vesicle-fusing ATPase,QM012_002205,435
A0ABR0TD53,Exocyst complex component SEC5,QM012_001992,1035
A0ABR0TDG4,ATP-binding cassette glutathione S-conjugate transporter,QM012_001228,1540
A0ABR0TDP9,Uncharacterized protein,QM012_001313,467
A0ABR0TE48,Uncharacterized protein,QM012_001863,139
A0ABR0TED3,"Alpha-1,3-glucosyltransferase",QM012_001277,589
A0ABR0TEJ2,Increased loss of mitochondrial DNA protein 1,QM012_001507,182
A0ABR0TEY7,Zn(2)-C6 fungal-type domain-containing protein,QM012_000838,282
A0ABR0TF68,Transcription factor domain-containing protein,QM012_000923,583
A0ABR0TFF1,PNPLA domain-containing protein,QM012_001013,523
A0ABR0TFG9,Aminoacyl-transfer RNA synthetases class-II family profile domain-containing protein,QM012_000854,624
A0ABR0TG64,Xanthine/uracil permease family protein-like protein,QM012_009199,587
A0ABR0TGB0,HECT-type E3 ubiquitin transferase,QM012_001002,938
A0ABR0TGC9,SURP motif domain-containing protein,QM012_009269,825
A0ABR0TGD1,NAD(P)-binding protein,QM012_001017,206
A0ABR0TGD3,t-SNARE coiled-coil homology domain-containing protein,QM012_000870,103
A0ABR0TGG4,Protein RER1,QM012_009298,172
A0ABR0TGH8,Nudix hydrolase domain-containing protein,QM012_009315,345
A0ABR0TGW2,Betaine lipid synthase,QM012_009260,822
A0ABR0TGX5,Major facilitator superfamily (MFS) profile domain-containing protein,QM012_001015,531
A0ABR0TGY7,Protein PBDC1 homolog,QM012_001065,148
A0ABR0THI0,NADH-cytochrome b5 reductase,QM012_001225,347
A0ABR0THI2,RRM domain-containing protein,QM012_008748,315
A0ABR0THQ7,F-box domain-containing protein,QM012_008812,129
A0ABR0THR7,Mitochondrial adapter protein MCP1 transmembrane domain-containing protein,QM012_009438,313
A0ABR0TI59,Phosphogluconate dehydrogenase NAD-binding putative C-terminal domain-containing protein,QM012_008975,256
A0ABR0TI66,Uncharacterized protein,QM012_009588,81
A0ABR0TIA5,Major facilitator superfamily (MFS) profile domain-containing protein,QM012_008989,541
A0ABR0TIL2,Mitochondrial import inner membrane translocase subunit TIM50,QM012_009526,609
A0ABR0TIS0,C2 domain-containing protein,QM012_008715,1120
A0ABR0TJ41,Spindle assembly checkpoint component MAD1,QM012_008336,870
A0ABR0TJ57,Uncharacterized protein,QM012_008345,337
A0ABR0TJU8,Macro domain-containing protein,QM012_008541,307
A0ABR0TJY8,Uncharacterized protein,QM012_009041,301
A0ABR0TK63,Enoyl reductase (ER) domain-containing protein,QM012_007625,339
A0ABR0TKC8,Structure-specific endonuclease subunit SLX1 C-terminal domain-containing protein,QM012_008403,252
A0ABR0TKD1,Condensin complex subunit 1,QM012_008659,1237
A0ABR0TKE9,Matrin-type domain-containing protein,QM012_008267,499
A0ABR0TKL4,Uncharacterized protein,QM012_007778,476
A0ABR0TL30,Cation transporting ATPase,QM012_008458,1312
A0ABR0TLT7,Fumarylacetoacetase,QM012_008086,431
A0ABR0TLZ5,CIP1 helical domain-containing protein,QM012_007961,660
A0ABR0TM68,WD40 repeat-like protein,QM012_007185,561
A0ABR0TM94,Uncharacterized protein,QM012_007795,492
A0ABR0TN93,DUF1275 domain protein,QM012_007560,202
A0ABR0TND6,Cytochrome P450,QM012_006373,521
A0ABR0TNF5,Uncharacterized protein,QM012_006388,279
A0ABR0TP13,RING-type domain-containing protein,QM012_006589,765
A0ABR0TPA7,NADH-ubiquinone oxidoreductase 21.3 kDa subunit C-terminal domain-containing protein,QM012_007363,194
A0ABR0TPD7,Calponin-homology (CH) domain-containing protein,QM012_007393,1031
A0ABR0TPP9,Aldolase,QM012_006644,319
A0ABR0TPT9,Phosphatidylinositol-specific phospholipase C X domain-containing protein,QM012_006878,481
A0ABR0TPW6,SGTA homodimerisation domain-containing protein,QM012_006903,362
A0ABR0TPY9,Glycosyltransferase 2-like domain-containing protein,QM012_007588,811
A0ABR0TQD7,Cora-domain-containing protein,QM012_005653,829
A0ABR0TQX2,HAUS augmin-like complex subunit 6 N-terminal domain-containing protein,QM012_005863,483
A0ABR0TQX5,H/ACA ribonucleoprotein complex subunit 2,QM012_006750,221
A0ABR0TR21,Carboxypeptidase,QM012_005770,629
A0ABR0TR38,Coatomer subunit epsilon,QM012_006972,304
A0ABR0TRI9,Cora-domain-containing protein,QM012_006073,627
A0ABR0TRK5,DSC E3 ubiquitin ligase complex subunit 2,QM012_006087,266
A0ABR0TRM4,Ams2/SPT21 N-terminal domain-containing protein,QM012_005917,1091
A0ABR0TS98,DUF1750-domain-containing protein,QM012_005813,674
A0ABR0TSK7,Pre-mRNA polyadenylation factor Fip1 domain-containing protein,QM012_004243,373
A0ABR0TSN7,Uncharacterized protein,QM012_005899,230
A0ABR0TSZ2,Conidiation protein 6,QM012_006200,139
A0ABR0TT79,Phosphatidylserine decarboxylase proenzyme 2,PSD2,1114
A0ABR0TTA2,YEATS domain-containing protein,QM012_006109,230
A0ABR0TTH7,Srp40 C-terminal domain-containing protein,QM012_004547,373
A0ABR0TTI2,protein-tyrosine-phosphatase,QM012_004572,637
A0ABR0TU75,Zn(2)-C6 fungal-type domain-containing protein,QM012_004686,377
A0ABR0TUR6,Ammonium transporter,QM012_004409,481
A0ABR0TUX5,Ion transport domain-containing protein,QM012_004848,1185
A0ABR0TV12,Nephrocystin 3-like N-terminal domain-containing protein,QM012_004878,2073
A0ABR0TV34,NIPSNAP domain-containing protein,QM012_000256,330
A0ABR0TVF3,SMP-30/Gluconolactonase/LRE-like region domain-containing protein,QM012_000195,424
A0ABR0TVH4,RTA1-domain-containing protein,QM012_000290,313
A0ABR0TVY7,BZIP domain-containing protein,QM012_000239,233
A0ABR0TW67,Uncharacterized protein,QM012_000235,114
A0ABR0TWV6,Major facilitator superfamily (MFS) profile domain-containing protein,QM012_000770,569
A0ABR0TWZ4,RFX-type winged-helix domain-containing protein,QM012_000657,838
A0ABR0TXC6,tRNA uridine 5-carboxymethylaminomethyl modification enzyme C-terminal subdomain domain-containing protein,QM012_000538,677
A0A1A7MSJ1,Small ribosomal subunit protein eS1,RPS1,255
A0ABR0T4E3,Thioredoxin-like fold domain-containing protein,QM012_005623,258
A0ABR0T4H7,FAR1 domain-containing protein,QM012_005558,369
A0ABR0T4T3,Transcription factor domain-containing protein,QM012_005341,398
A0ABR0T625,Enoyl reductase (ER) domain-containing protein,QM012_004976,344
A0ABR0T657,S-adenosyl-L-methionine-dependent methyltransferase,QM012_005014,287
A0ABR0T681,DUF7514 domain-containing protein,QM012_005467,498
A0ABR0T6R1,ABC transporter,QM012_004106,1412
A0ABR0T6V3,Cytochrome b5 heme-binding domain-containing protein,QM012_005052,325
A0ABR0T719,pH-response transcription factor pacC/RIM101,QM012_003872,729
A0ABR0T772,Enoyl reductase (ER) domain-containing protein,QM012_004150,311
A0ABR0T8Y6,Ras small GTPase,QM012_003502,183
A0ABR0T9Q5,Uncharacterized protein,QM012_003253,126
A0ABR0T9T7,Uncharacterized protein,QM012_002975,143
A0ABR0TA05,Ribosomal protein/NADH dehydrogenase domain-containing protein,QM012_003220,94
A0ABR0TA55,mitogen-activated protein kinase,QM012_002652,485
A0ABR0TAV3,Peptidase A1 domain-containing protein,QM012_002906,436
A0ABR0TB99,BTB domain-containing protein,QM012_002733,79
A0ABR0TBG9,Transcription initiation factor IIB,QM012_002273,362
A0ABR0TBL5,mitogen-activated protein kinase kinase,QM012_002289,647
A0ABR0TC46,DUF7871 domain-containing protein,QM012_002362,113
A0ABR0TCE4,mitochondrial processing peptidase,QM012_002419,487
A0ABR0TCG1,histidine kinase,QM012_002165,1336
A0ABR0TCH8,MFS general substrate transporter,QM012_002180,380
A0ABR0TCR4,Aminotransferase class V domain-containing protein,QM012_001874,445
A0ABR0TCX7,ABC multidrug transporter-like protein,QM012_001941,1504
A0ABR0TE74,C2H2-type domain-containing protein,QM012_001387,1146
A0ABR0TEC3,NADH dehydrogenase [ubiquinone] 1 beta subcomplex subunit 2,QM012_001262,60
A0ABR0TEF9,Zn(2)-C6 fungal-type domain-containing protein,QM012_001544,701
A0ABR0TEK7,chitinase,QM012_001522,558
A0ABR0TEU5,Zn(2)-C6 fungal-type domain-containing protein,QM012_001427,879
A0ABR0TEY1,Amino acid permease,QM012_000819,564
A0ABR0TF43,Thioredoxin domain-containing protein,QM012_000888,228
A0ABR0TF81,Ribosomal RNA-processing protein 40,QM012_000938,241
A0ABR0TFA4,TUG ubiquitin-like domain-containing protein,QM012_001547,521
A0ABR0TFG8,DUF8383 domain-containing protein,QM012_001521,222
A0ABR0TFP1,Alpha-galactosidase,QM012_000929,452
A0ABR0TFW3,P-loop containing nucleoside triphosphate hydrolase protein,QM012_001160,852
A0ABR0TGC5,Glucose-methanol-choline oxidoreductase N-terminal domain-containing protein,QM012_009173,571
A0ABR0TGE3,DUF6606 domain-containing protein,QM012_001032,336
A0ABR0TGN7,NUDE domain-containing protein,QM012_009369,591
A0ABR0TH60,Smr domain-containing protein,QM012_001140,527
A0ABR0THA2,WD40 repeat-like protein,QM012_009583,1354
A0ABR0THC9,Calcineurin-like phosphoesterase domain-containing protein,QM012_009425,485
A0ABR0THL6,Mannosyltransferase,QM012_008687,555
A0ABR0THX6,Glutathione S-transferase-like protein,QM012_008898,231
A0ABR0THY8,Glycoside hydrolase protein,QM012_009301,471
A0ABR0TIK7,NAD(P)-binding domain-containing protein,QM012_009079,336
A0ABR0TIY5,Uncharacterized protein,QM012_008896,173
A0ABR0TIZ3,ER transporter 6TM N-terminal domain-containing protein,QM012_009152,1004
A0ABR0TJ44,adenosylmethionine decarboxylase,QM012_008289,495
A0ABR0TJB6,Queuine tRNA-ribosyltransferase accessory subunit 2,QM012_008405,461
A0ABR0TK73,Autophagy-related protein 16 domain-containing protein,QM012_007637,181
A0ABR0TK75,Uncharacterized protein,QM012_008192,236
A0ABR0TKA7,Uncharacterized protein,QM012_007623,102
A0ABR0TKK0,Uncharacterized protein,QM012_008478,654
A0ABR0TLR4,Amidase signature enzyme,QM012_007614,712
A0ABR0TLR8,PHD-type domain-containing protein,QM012_008118,472
A0ABR0TLT0,C2 domain-containing protein,QM012_007043,644
A0ABR0TM86,Malic enzyme,QM012_007200,599
A0ABR0TMX0,Protein kinase domain-containing protein,QM012_007418,580
A0ABR0TNK4,Altered inheritance of mitochondria protein 6,QM012_007564,414
A0ABR0TP06,Prefoldin subunit 3,QM012_007257,202
A0ABR0TP14,Rab-GAP TBC domain-containing protein,QM012_006607,609
A0ABR0TPA5,Chromosome condensation protein,QM012_006698,490
A0ABR0TPC1,DNA repair protein,QM012_007378,1144
A0ABR0TPN8,Small ribosomal subunit protein uS5m,QM012_006829,452
A0ABR0TPS1,Mid2 domain-containing protein,QM012_006674,277
A0ABR0TPV7,TPR-like protein,QM012_006883,390
A0ABR0TPZ5,NAD(P)-binding protein,QM012_006586,328
A0ABR0TQ11,Alpha-glucosidase,QM012_006949,593
A0ABR0TQC3,Transposase Tc1-like domain-containing protein,QM012_006491,233
A0ABR0TQD2,NADH:flavin oxidoreductase/NADH oxidase N-terminal domain-containing protein,QM012_005661,350
A0ABR0TQF3,Major facilitator superfamily (MFS) profile domain-containing protein,QM012_005654,697
A0ABR0TQM1,Uncharacterized protein,QM012_005729,135
A0ABR0TQW9,Ankyrin,QM012_005834,294
A0ABR0TQX6,Mitochondrial division protein 1,QM012_005861,398
A0ABR0TQX7,Uncharacterized protein,QM012_005856,367
A0ABR0TRG2,Uncharacterized protein,QM012_005857,300
A0ABR0TRI4,Cyclin N-terminal domain-containing protein,QM012_006076,570
A0ABR0TRX0,Uncharacterized protein,QM012_005628,213
A0ABR0TS13,Trafficking protein particle complex subunit BET3,QM012_006236,190
A0ABR0TSD4,Proteasome subunit beta,QM012_006020,266
A0ABR0TSN6,DUF7702 domain-containing protein,QM012_005948,272
A0ABR0TSR7,Glycosyl transferase,QM012_004292,314
A0ABR0TSZ4,Potassium transporter,QM012_004402,814
A0ABR0TT38,C2H2-type domain-containing protein,QM012_004412,684
A0ABR0TTV3,Amino acid transporter transmembrane domain-containing protein,QM012_004400,558
A0ABR0TTW6,TAZ-type domain-containing protein,QM012_004682,319
A0ABR0TTY3,S-adenosyl-L-methionine-dependent methyltransferase,QM012_004733,378
A0ABR0TU07,DH domain-containing protein,QM012_004752,1600
A0ABR0TUA1,Cell morphogenesis protein,QM012_004839,3601
A0ABR0TUQ0,NmrA-like domain-containing protein,QM012_004394,306
A0ABR0TV83,Glycoside hydrolase family 125 protein,QM012_004816,543
A0ABR0TV97,Histone deacetylase complex subunit SAP30 Sin3 binding domain-containing protein,QM012_004605,165
A0ABR0TVL7,RNA polymerase II holoenzyme cyclin-like subunit,QM012_000436,289
A0ABR0TWB5,NADH:ubiquinone oxidoreductase intermediate-associated protein 30 domain-containing protein,QM012_000374,251
A0ABR0TWQ0,DUF171-domain-containing protein,QM012_000238,378
A0ABR0TX39,Phosphatidylinositol 3-kinase VPS34,QM012_000580,916
A0ABR0TX92,Uncharacterized protein,QM012_000640,604
A0ABR0T4K4,Low affinity iron permease,QM012_005484,478
A0ABR0T525,Ran-binding-domain-containing protein,QM012_005392,703
A0ABR0T570,Protein kinase domain-containing protein,QM012_005489,370
A0ABR0T5F1,Heterokaryon incompatibility domain-containing protein,QM012_005316,177
A0ABR0T5F7,Amino acid transporter transmembrane domain-containing protein,QM012_005440,478
A0ABR0T655,Major facilitator superfamily (MFS) profile domain-containing protein,QM012_005472,522
A0ABR0T6E3,COMPASS complex Set1 subunit N-SET domain-containing protein,QM012_005414,148
A0ABR0T6I6,Malate dehydrogenase,QM012_005287,201
A0ABR0T6Y7,FAD-binding domain-containing protein,QM012_003846,412
A0ABR0T7E0,NodB homology domain-containing protein,QM012_004147,287
A0ABR0T7G0,histidine kinase,QM012_003619,1285
A0ABR0T7G3,3-phytase,QM012_005009,428
A0ABR0T7G5,"D-arabinono-1,4-lactone oxidase",QM012_003637,460
A0ABR0T7K7,DUF1761-domain-containing protein,QM012_003659,151
A0ABR0T7K9,Uncharacterized protein,QM012_005054,452
A0ABR0T7W0,Peptidase M3A/M3B catalytic domain-containing protein,QM012_003769,718
A0ABR0T7X3,Monopolin complex subunit Csm1/Pcs1 C-terminal domain-containing protein,QM012_003790,523
A0ABR0T8S6,Enoyl reductase (ER) domain-containing protein,QM012_003504,345
A0ABR0T915,Uncharacterized protein,QM012_003532,96
A0ABR0T968,Dioxygenase,QM012_003782,301
A0ABR0T994,Proline dehydrogenase,QM012_003090,472
A0ABR0T9M5,NAD(P)-binding protein,QM012_003405,299
A0ABR0T9T4,Aminoglycoside phosphotransferase domain-containing protein,QM012_003465,419
A0ABR0TA66,Rhodopsin domain-containing protein,QM012_002993,308
A0ABR0TA83,Ras-domain-containing protein,QM012_003009,213
A0ABR0TAJ2,Tyrosine specific protein phosphatases domain-containing protein,QM012_002789,294
A0ABR0TC93,Serine hydrolase domain-containing protein,QM012_002121,248
A0ABR0TC96,Arylsulfotransferase,QM012_002407,578
A0ABR0TCJ8,t-SNARE coiled-coil homology domain-containing protein,QM012_001767,225
A0ABR0TCP2,Dolichol-phosphate mannosyltransferase subunit 1,QM012_002240,242
A0ABR0TDA1,Ribosomal protein/NADH dehydrogenase domain-containing protein,QM012_002054,217
A0ABR0TDI0,RING-type E3 ubiquitin transferase,QM012_001942,383
A0ABR0TDQ2,V-SNARE coiled-coil homology domain-containing protein,QM012_001316,203
A0ABR0TDW1,"N-acetylgalactosaminide beta-1,3-galactosyltransferase",QM012_001360,497
A0ABR0TDW6,N-acetylglucosamine-induced protein 1,QM012_001759,225
A0ABR0TE80,Uncharacterized protein,QM012_001481,167
A0ABR0TEB4,Crh-like protein,QM012_001499,410
A0ABR0TES5,60S ribosomal protein L20,QM012_001597,174
A0ABR0TF23,Rhodopsin domain-containing protein,QM012_001594,403
A0ABR0TF45,Putative tRNA (cytidine(32)/guanosine(34)-2'-O)-methyltransferase,QM012_000906,372
A0ABR0TFV8,Uncharacterized protein,QM012_001595,301
A0ABR0TG15,F-box domain-containing protein,QM012_001223,642
A0ABR0TGE6,NcaA domain-containing protein,QM012_000885,605
A0ABR0TGF3,Ubiquitin fusion degradation protein,QM012_009266,739
A0ABR0TGZ2,U2 auxiliary factor small subunit,QM012_009383,209
A0ABR0TH19,Uncharacterized protein,QM012_001060,308
A0ABR0THW2,NADP-dependent oxidoreductase domain-containing protein,QM012_009321,318
A0ABR0TIB0,Multiprotein-bridging factor 1,QM012_008712,159
A0ABR0TIF7,RraA-like protein,QM012_009058,228
A0ABR0TII8,Sphingomyelin phosphodiesterase,QM012_009098,689
A0ABR0TJ48,Uncharacterized protein,QM012_008956,94
A0ABR0TJ98,Mediator of RNA polymerase II transcription subunit 6,MED6,352
A0ABR0TKS7,Acetyl-CoA synthetase-like protein,QM012_007835,562
A0ABR0TL52,Elongation factor 1 alpha-like protein,QM012_007955,822
A0ABR0TL76,Uncharacterized protein,QM012_007783,219
A0ABR0TLS2,Endosomal peripheral membrane protein,QM012_008071,1652
A0ABR0TLU2,Uncharacterized protein,QM012_007057,368
A0ABR0TM84,fumarate reductase (NADH),QM012_007190,636
A0ABR0TM97,Glyoxylate reductase,QM012_007210,329
A0ABR0TMI6,Ribosomal protein S14,QM012_007904,56
A0ABR0TMQ5,HEAT repeat protein,QM012_007959,2644
A0ABR0TN59,MIP18 family-like domain-containing protein,QM012_007188,204
A0ABR0TPE9,DnaJ-domain-containing protein,QM012_007377,564
A0ABR0TQ23,Uncharacterized protein,QM012_006963,352
A0ABR0TQ78,NADP-dependent oxidoreductase domain-containing protein,QM012_006430,349
A0ABR0TQM4,Uncharacterized protein,QM012_005747,41
A0ABR0TQP2,Glucose-methanol-choline oxidoreductase N-terminal domain-containing protein,QM012_006675,118
A0ABR0TQS9,Imidazole glycerol phosphate synthase hisHF,QM012_005805,551
A0ABR0TQY7,Alpha/beta hydrolase fold-3 domain-containing protein,QM012_006927,349
A0ABR0TR51,Importin N-terminal domain-containing protein,QM012_006987,1102
A0ABR0TRK1,MI domain-containing protein,QM012_005735,882
A0ABR0TRQ5,Phenylacetyl-CoA ligase-like protein,QM012_006134,584
A0ABR0TRR7,ESCRT-II complex subunit VPS25,QM012_006970,190
A0ABR0TRV8,DNA-directed RNA polymerase subunit beta,QM012_006165,1256
A0ABR0TRW1,Uncharacterized protein,QM012_005840,150
A0ABR0TRX7,Phosphatidylinositol N-acetylglucosaminyltransferase GPI3 subunit,QM012_006207,519
A0ABR0TS07,beta-glucosidase,QM012_006221,480
A0ABR0TS46,carnosine N-methyltransferase,QM012_006286,418
A0ABR0TSH8,Catalase core domain-containing protein,QM012_004224,504
A0ABR0TT25,Major facilitator superfamily (MFS) profile domain-containing protein,QM012_006034,503
A0ABR0TT46,Casein kinase II beta 2 subunit,QM012_004462,440
A0ABR0TU60,Zn(2)-C6 fungal-type domain-containing protein,QM012_004852,632
A0ABR0TUB8,Uncharacterized protein,QM012_004854,143
A0ABR0TUS4,Outer spore wall protein RRT8,QM012_000139,281
A0ABR0TV03,Lung carbonyl reductase,QM012_000183,253
A0ABR0TVE8,Succinate dehydrogenase subunit C,QM012_004876,185
A0ABR0TVF2,SEC7 domain-containing protein,QM012_000336,1454
A0ABR0TVG0,Zn(2)-C6 fungal-type domain-containing protein,QM012_004684,413
A0ABR0TVR6,Ras-related C3 botulinum toxin substrate 1,QM012_000472,199
A0ABR0TVW5,Nascent polypeptide-associated complex subunit beta,QM012_004845,141
A0ABR0TW38,NCS1 nucleoside transporter family,QM012_000013,527
A0ABR0TW76,WD40 repeat-like protein,QM012_000372,698
A0ABR0TWG3,RING-type domain-containing protein,QM012_000708,615
A0ABR0TWP9,Uncharacterized protein,QM012_000695,117
A0ABR0TWT4,Enoyl reductase (ER) domain-containing protein,QM012_000740,348
A0ABR0TWW9,RING-type domain-containing protein,QM012_000720,687
A0ABR0TX17,peptidylprolyl isomerase,QM012_000550,1502
A0ABR0TXB6,L-lactate dehydrogenase (cytochrome),QM012_000779,397
A0ABR0TXN9,Protein kinase domain-containing protein,QM012_000688,228
A0ABR0TXU3,SGNH hydrolase-type esterase domain-containing protein,QM012_000713,250
A0A1A7MRT4,AP complex subunit sigma,QM012_005739,145
A0A4S9NQN6,Tubulin beta chain,QM012_004357,447
A0ABR0T4Z5,Histidine-specific methyltransferase SAM-dependent domain-containing protein,QM012_005362,342
A0ABR0T5L5,Uncharacterized protein,QM012_005125,234
A0ABR0T5R8,Beta-lactamase/transpeptidase-like protein,QM012_005088,549
A0ABR0T659,Calcium-transporting ATPase,QM012_005006,999
A0ABR0T6F2,Fe2OG dioxygenase domain-containing protein,QM012_004004,367
A0ABR0T6X0,Cation efflux protein cytoplasmic domain-containing protein,QM012_005067,438
A0ABR0T8D6,Short-chain dehydrogenase/reductase 3,QM012_003428,347
A0ABR0T8K9,glycogenin glucosyltransferase,QM012_003952,637
A0ABR0T8L6,Lipocalin-like domain-containing protein,QM012_003505,313
A0ABR0T8T0,U3 small nucleolar ribonucleoprotein protein MPP10,QM012_003632,702
A0ABR0T957,Deoxyhypusine hydroxylase,LIA1,336
A0ABR0T9A9,Glycosyl transferase CAP10 domain-containing protein,QM012_003422,419
A0ABR0T9B3,Ferulic acid decarboxylase 1,FDC1,517
A0ABR0T9M2,Pectate lyase,QM012_003206,253
A0ABR0T9S8,D-mandelate dehydrogenase,QM012_002960,347
A0ABR0TA04,DUF3533 domain-containing protein,QM012_003035,483
A0ABR0TAB5,Uncharacterized protein,QM012_002714,341
A0ABR0TAW3,Sec1-like protein,QM012_002908,703
A0ABR0TAW5,BZIP domain-containing protein,QM012_002914,1443
A0ABR0TB07,DNA replication factor Cdt1 C-terminal domain-containing protein,QM012_002628,482
A0ABR0TB94,SWIRM domain-containing protein,QM012_002888,499
A0ABR0TBF2,Peptidase M20 dimerisation domain-containing protein,QM012_002677,478
A0ABR0TBR5,EF-hand domain-containing protein,QM012_002365,900
A0ABR0TBW4,Transcription factor domain-containing protein,QM012_002761,520
A0ABR0TCY2,Uncharacterized protein,QM012_001747,521
A0ABR0TD07,MYND-type domain-containing protein,QM012_002391,231
A0ABR0TDE3,NAD(P)-binding protein,QM012_002099,225
A0ABR0TDF1,ABC transmembrane type-1 domain-containing protein,QM012_002101,710
A0ABR0TDR4,U6 snRNA-associated Sm-like protein LSm1,LSM1,162
A0ABR0TDS5,Uncharacterized protein,QM012_001333,169
A0ABR0TE05,Fe2OG dioxygenase domain-containing protein,QM012_001406,342
A0ABR0TER4,Secreted protein,QM012_002108,160
A0ABR0TET7,Major facilitator superfamily (MFS) profile domain-containing protein,QM012_000787,510
A0ABR0TF28,Uncharacterized protein,QM012_000797,288
A0ABR0TF92,BTB domain-containing protein,QM012_000943,514
A0ABR0TFG0,F-box domain-containing protein,QM012_001010,572
A0ABR0TFJ5,Lysine--tRNA ligase,QM012_001057,626
A0ABR0TFJ9,Exocyst complex component Sec10,QM012_001490,851
A0ABR0TFL5,Integral membrane protein,QM012_001505,136
A0ABR0TFV2,Ricin B lectin domain-containing protein,QM012_001641,480
A0ABR0TG22,Major facilitator superfamily (MFS) profile domain-containing protein,QM012_009154,481
A0ABR0TG26,Histidine kinase HHK15p,QM012_000912,1013
A0ABR0TGK9,Uncharacterized protein,QM012_000945,454
A0ABR0TGX9,HECT-type E3 ubiquitin transferase,QM012_001141,1824
A0ABR0TH46,MPN domain-containing protein,QM012_009537,2363
A0ABR0THJ4,Polyketide synthase,QM012_009166,1494
A0ABR0THK1,Uncharacterized protein,QM012_009378,250
A0ABR0THP3,SprT-like domain-containing protein,QM012_009211,347
A0ABR0THQ5,Peroxin/Ferlin domain-containing protein,QM012_009261,570
A0ABR0TI84,Pre-mRNA-splicing factor,QM012_009441,1411
A0ABR0TIC2,Chaperone protein dnaJ,QM012_008942,421
A0ABR0TIE5,Conserved oligomeric Golgi complex subunit 1,QM012_009037,783
A0ABR0TJ08,Dolichyl-phosphate-mannose--protein mannosyltransferase,QM012_009074,740
A0ABR0TJG8,Endothelin-converting enzyme,QM012_009117,795
A0ABR0TK20,CCHC-type domain-containing protein,QM012_009071,248
A0ABR0TK44,EKC/KEOPS complex subunit BUD32,QM012_008649,296
A0ABR0TKM3,Vacuolar protein 14 C-terminal Fig4-binding domain-containing protein,QM012_008656,917
A0ABR0TKQ8,Uncharacterized protein,QM012_008538,465
A0ABR0TL90,Ornithine decarboxylase,QM012_007706,445
A0ABR0TLD5,Amidoligase enzyme,QM012_007998,506
A0ABR0TM17,"Endo-1,4-beta-xylanase",QM012_007119,231
A0ABR0TMT7,RNA helicase,QM012_007201,632
A0ABR0TN17,3-dehydrosphinganine reductase,QM012_008064,350
A0ABR0TN52,PLC-like phosphodiesterase,QM012_007229,488
A0ABR0TND3,Acetyl-CoA synthetase-like protein,QM012_006368,551
A0ABR0TNM1,50S ribosomal protein-like protein YmL27,QM012_006444,101
A0ABR0TP56,FAD/NAD(P)-binding domain-containing protein,QM012_007559,446
A0ABR0TPD3,Arrestin C-terminal-like domain-containing protein,QM012_006703,799
A0ABR0TQ38,"GDP-Man:Man(3)GlcNAc(2)-PP-Dol alpha-1,2-mannosyltransferase",QM012_006857,535
A0ABR0TQD0,Exonuclease V,QM012_005667,610
A0ABR0TQQ6,DDHD domain-containing protein,QM012_005786,929
A0ABR0TQY0,Endonuclease/exonuclease/phosphatase domain-containing protein,QM012_005862,459
A0ABR0TQY6,Major facilitator superfamily (MFS) profile domain-containing protein,QM012_005881,451
A0ABR0TR25,SCD domain-containing protein,QM012_005901,1182
A0ABR0TRA2,Redoxin domain-containing protein,QM012_005970,200
A0ABR0TRH1,DNA replication checkpoint mediator MRC1 domain-containing protein,QM012_006945,589
A0ABR0TRI7,Major facilitator superfamily (MFS) profile domain-containing protein,QM012_006072,537
A0ABR0TRN3,ADP/ATP translocase,QM012_006118,315
A0ABR0TRW0,Plasma membrane iron permease,QM012_006186,363
A0ABR0TS12,DUF4484 domain-containing protein,QM012_006253,556
A0ABR0TS93,NAD-dependent epimerase/dehydratase domain-containing protein,QM012_006321,825
A0ABR0TT90,Carboxymuconolactone decarboxylase-like domain-containing protein,QM012_004436,199
A0ABR0TTE6,G-protein alpha subunit,QM012_004250,344
A0ABR0TU29,Uncharacterized protein,QM012_004219,576
A0ABR0TV60,F-box domain-containing protein,QM012_004560,805
A0ABR0TV92,Major facilitator superfamily (MFS) profile domain-containing protein,QM012_004590,551
A0ABR0TVB5,Apple domain-containing protein,QM012_004846,344
A0ABR0TVI6,F-box domain-containing protein,QM012_000406,253
A0ABR0TVZ0,Zn(2)-C6 fungal-type domain-containing protein,QM012_000547,684
A0ABR0TW08,DNA-directed RNA polymerases I and III subunit RPAC2,QM012_000586,129
A0ABR0TW24,FAD dependent oxidoreductase domain-containing protein,QM012_004909,405
A0ABR0TW56,GPI ethanolamine phosphate transferase 2,QM012_000450,955
A0ABR0TWF8,Zn(2)-C6 fungal-type domain-containing protein,QM012_000751,811
A0ABR0TWH2,cAMP-dependent protein kinase,QM012_000722,514
A0ABR0TWP2,Serine hydrolase domain-containing protein,QM012_000234,330
A0ABR0TWW5,non-specific serine/threonine protein kinase,QM012_000324,511
A0ABR0TX36,Large ribosomal subunit protein mL46,QM012_000717,344
A0ABR0TXD7,Histone-lysine N-methyltransferase SET9,QM012_000553,610
A0A4S9WKR7,Uncharacterized protein,QM012_006272,154
A0ABR0T4F7,Aminotransferase class I/classII large domain-containing protein,QM012_005624,447
A0ABR0T4H8,FAD-binding domain-containing protein,QM012_005559,778
A0ABR0T4K1,C2H2-type domain-containing protein,QM012_005523,374
A0ABR0T4M1,Cysteine-rich transmembrane CYSTM domain-containing protein,QM012_005510,186
A0ABR0T573,Copper acquisition factor BIM1-like domain-containing protein,QM012_005237,228
A0ABR0T5K9,Luciferase-like domain-containing protein,QM012_005122,467
A0ABR0T5Q0,beta-glucosidase,QM012_005167,985
A0ABR0T5R2,FAD dependent oxidoreductase domain-containing protein,QM012_005412,423
A0ABR0T5T8,DUF1760-domain-containing protein,QM012_005196,644
A0ABR0T6C8,Glyceraldehyde-3-phosphate dehydrogenase,QM012_005247,337
A0ABR0T6D8,histidine kinase,QM012_005081,1075
A0ABR0T6E6,Mitochondrial carrier,QM012_004980,302
A0ABR0T6L5,U4/U6 snRNA-associated-splicing factor PRP24,QM012_005258,1337
A0ABR0T6P5,TPR-like protein,QM012_004992,947
A0ABR0T7J9,Amino acid transporter,QM012_003670,534
A0ABR0T7R6,Eukaryotic translation initiation factor 3 subunit D,QM012_004130,574
A0ABR0T841,Uncharacterized protein,QM012_003785,160
A0ABR0T8C4,PAN2-PAN3 deadenylation complex catalytic subunit PAN2,PAN2,1144
A0ABR0T8G1,Carrier domain-containing protein,QM012_003780,1423
A0ABR0T8R1,Amine oxidase,QM012_003552,697
A0ABR0T8T4,Uncharacterized protein,QM012_003578,128
A0ABR0T913,SNARE-complex protein Syntaxin-18 N-terminal domain-containing protein,QM012_003722,348
A0ABR0T995,RNA polymerase II subunit B1 CTD phosphatase RPAP2 homolog,QM012_003791,288
A0ABR0T9B0,"Alpha-1,3-mannosyltransferase",QM012_003101,123
A0ABR0T9Y3,AB hydrolase-1 domain-containing protein,QM012_002579,333
A0ABR0T9Y4,4-oxalocrotonate tautomerase,QM012_002576,130
A0ABR0TA57,Velvet domain-containing protein,QM012_002651,184
A0ABR0TAS2,Ras-GAP domain-containing protein,QM012_002660,1374
A0ABR0TB05,Glycoside hydrolase family 5 domain-containing protein,QM012_003279,412
A0ABR0TBK6,WSC domain-containing protein,QM012_002119,1331
A0ABR0TC27,F-box domain-containing protein,QM012_002486,1198
A0ABR0TD60,MARVEL domain-containing protein,QM012_002009,351
A0ABR0TDJ1,S-adenosyl-L-methionine-dependent methyltransferase,QM012_001263,855
A0ABR0TDT2,WD40 repeat-like protein,QM012_002110,843
A0ABR0TDV9,FAD-binding FR-type domain-containing protein,QM012_001361,578
A0ABR0TER7,Ankyrin,QM012_001281,774
A0ABR0TEU1,AB hydrolase-1 domain-containing protein,QM012_001504,343
A0ABR0TF69,Uncharacterized protein,QM012_001502,528
A0ABR0TFC1,Uncharacterized protein,QM012_000983,995
A0ABR0TFC4,Alcohol dehydrogenase-like N-terminal domain-containing protein,QM012_000984,448
A0ABR0TFL2,MARVEL domain-containing protein,QM012_001069,212
A0ABR0TFP7,Protein CSN12 homolog,QM012_001596,451
A0ABR0TFT3,Bola-like protein,QM012_001147,106
A0ABR0TG46,Apple domain-containing protein,QM012_009192,482
A0ABR0TG74,Arf-GAP domain-containing protein,QM012_000871,561
A0ABR0TGC7,Rhodopsin domain-containing protein,QM012_009250,447
A0ABR0TGN2,TEA domain-containing protein,QM012_000911,948
A0ABR0TGN8,Choline-sulfatase,QM012_009387,553
A0ABR0TGR7,Post-GPI attachment to proteins factor 3,QM012_009399,325
A0ABR0TH61,F-box domain-containing protein,QM012_009544,272
A0ABR0TH62,Major facilitator superfamily (MFS) profile domain-containing protein,QM012_009554,535
A0ABR0TH76,Uncharacterized protein,QM012_009550,1058
A0ABR0THU6,Patatin-like phospholipase domain-containing protein,QM012_008863,832
A0ABR0TID0,Uncharacterized protein,QM012_009019,385
A0ABR0TIZ0,Cytochrome P450 6A1,QM012_008273,502
A0ABR0TIZ2,Cercosporin MFS transporter CTB4,QM012_009059,509
A0ABR0TJ75,Late sexual development protein,QM012_008254,387
A0ABR0TJ99,DNA mismatch repair protein PMS1,QM012_008390,945
A0ABR0TJF1,tRNA ligase,QM012_008236,815
A0ABR0TJQ7,Glycosyl transferase CAP10 domain-containing protein,QM012_008981,1003
A0ABR0TK69,Integral membrane protein,QM012_008599,130
A0ABR0TKB2,Major facilitator superfamily (MFS) profile domain-containing protein,QM012_008444,467
A0ABR0TKR8,Phosphoribulokinase/uridine kinase domain-containing protein,QM012_007618,271
A0ABR0TKW6,WD40 repeat-like protein,QM012_007833,508
A0ABR0TLF4,Uncharacterized protein,QM012_008060,81
A0ABR0TLG2,Haloacid dehalogenase,QM012_008592,268
A0ABR0TM59,Actin-related protein 2/3 complex subunit 5,QM012_007084,187
A0ABR0TMF8,Enoyl reductase (ER) domain-containing protein,QM012_007270,406
A0ABR0TMR4,DUF7905 domain-containing protein,QM012_007990,586
A0ABR0TMW6,Uncharacterized protein,QM012_007231,612
A0ABR0TMX7,Actin-like ATPase domain-containing protein,QM012_007432,532
A0ABR0TN81,C2H2-type domain-containing protein,QM012_007037,278
A0ABR0TNE4,Flavin reductase like domain-containing protein,QM012_007263,533
A0ABR0TNH5,Polyprenal reductase,QM012_006382,293
A0ABR0TNK3,Alpha-mannosidase,QM012_007157,1084
A0ABR0TNQ6,DUF1760-domain-containing protein,QM012_006489,680
A0ABR0TP19,TPX2 central domain-containing protein,QM012_007303,692
A0ABR0TP37,Uncharacterized protein,QM012_006603,69
A0ABR0TPB6,CBS domain-containing protein,QM012_007347,501
A0ABR0TPD6,NADH:ubiquinone oxidoreductase-like 20kDa subunit domain-containing protein,QM012_006724,232
A0ABR0TQ65,Magnesium-dependent phosphatase-1,QM012_006495,214
A0ABR0TQH0,Acetamidase/Formamidase,QM012_005696,412
A0ABR0TQZ7,PhoD-like phosphatase domain-containing protein,QM012_006946,807
A0ABR0TRY8,Glucose-methanol-choline oxidoreductase N-terminal domain-containing protein,QM012_005919,221
A0ABR0TSH3,acetyl-CoA C-acetyltransferase,QM012_005839,435
A0ABR0TSH7,F-box domain-containing protein,QM012_005823,419
A0ABR0TSL7,NADH dehydrogenase [ubiquinone] 1 beta subcomplex subunit 7,QM012_004226,95
A0ABR0TSM4,G-patch domain-containing protein,QM012_004269,730
A0ABR0TTU2,Fe2OG dioxygenase domain-containing protein,QM012_006323,310
A0ABR0TUJ7,Uncharacterized protein,QM012_004886,567
A0ABR0TUU7,Sec1-like protein,QM012_004818,699
A0ABR0TUW7,Glutamine amidotransferase domain-containing protein,QM012_004454,250
A0ABR0TV27,Beta-glucuronidase C-terminal domain-containing protein,QM012_000216,538
A0ABR0TVG8,RNA helicase,QM012_000367,596
A0ABR0TVH0,Amino acid transporter transmembrane domain-containing protein,QM012_000363,1037
A0ABR0TVJ7,Phosducin domain-containing protein,QM012_000240,260
A0ABR0TVQ5,Protein YIF1,QM012_004739,314
A0ABR0TVU0,Dilute domain-containing protein,QM012_000395,819
A0ABR0TW00,polynucleotide adenylyltransferase,QM012_000455,1094
A0ABR0T4M5,Uncharacterized protein,QM012_005514,590
A0ABR0T512,Carbohydrate-binding-like protein,QM012_005345,506
A0ABR0T5J1,Uncharacterized protein,QM012_005281,127
A0ABR0T5K0,"Endo-1,4-beta-xylanase",QM012_005106,218
A0ABR0T6T7,Cupin type-2 domain-containing protein,QM012_005037,173
A0ABR0T6V2,Formyl-coenzyme A transferase,QM012_005117,417
A0ABR0T7Y2,SMP-30/Gluconolactonase/LRE-like region domain-containing protein,QM012_003725,371
A0ABR0T8D0,Uncharacterized protein,QM012_003877,149
A0ABR0T8J5,Uncharacterized protein,QM012_003352,243
A0ABR0T8W5,Major facilitator superfamily (MFS) profile domain-containing protein,QM012_002961,494
A0ABR0T8W8,Malic acid transporter,QM012_002968,420
A0ABR0T8Y7,Importin N-terminal domain-containing protein,QM012_003686,970
A0ABR0T906,3-hydroxyisobutyrate dehydrogenase,QM012_003001,331
A0ABR0T9E3,Uncharacterized protein,QM012_003336,368
A0ABR0T9J8,SP-RING-type domain-containing protein,QM012_003375,446
A0ABR0T9Z7,ATP-dependent RNA helicase,QM012_002595,605
A0ABR0TA10,Man(5)GlcNAc(2)-PP-dolichol translocation protein RFT1,QM012_003511,481
A0ABR0TAC9,Uncharacterized protein,QM012_002989,82
A0ABR0TAI7,DNA polymerase eta,QM012_002786,669
A0ABR0TAK4,Transcription factor domain-containing protein,QM012_003064,513
A0ABR0TAT1,Actin-like ATPase domain-containing protein,QM012_003153,627
A0ABR0TAT7,CTLH domain-containing protein,QM012_003203,249
A0ABR0TAW7,Uncharacterized protein,QM012_002583,401
A0ABR0TBI1,BED-type domain-containing protein,QM012_002290,288
A0ABR0TBT0,Uncharacterized protein,QM012_002913,204
A0ABR0TBT8,Expansin-like EG45 domain-containing protein,QM012_002397,241
A0ABR0TC10,CN hydrolase domain-containing protein,QM012_002474,394
A0ABR0TCG6,Mfs allantoate protein,QM012_002312,1441
A0ABR0TCS3,F-box domain-containing protein,QM012_001702,513
A0ABR0TCW0,Long-chain-alcohol oxidase,QM012_002346,770
A0ABR0TCZ9,Uncharacterized protein,QM012_001932,374
A0ABR0TD36,Auxin efflux carrier,QM012_002341,578
A0ABR0TDK6,Nitrite reductase [NAD(P)H],QM012_002020,1112
A0ABR0TDM1,F-box domain-containing protein,QM012_001287,425
A0ABR0TEU8,Mannosyl-oligosaccharide glucosidase,QM012_002104,1038
A0ABR0TEZ2,Major facilitator superfamily (MFS) profile domain-containing protein,QM012_000846,532
A0ABR0TFE7,Very long-chain fatty acid transport protein,QM012_000917,641
A0ABR0TFI0,AB hydrolase-1 domain-containing protein,QM012_001041,285
A0ABR0TFQ4,Mandelate racemase/muconate lactonizing enzyme C-terminal domain-containing protein,QM012_001108,384
A0ABR0TFV4,Conidiation-specific protein 8,QM012_001560,76
A0ABR0TFZ3,Uncharacterized protein,QM012_001034,138
A0ABR0TG21,Ribonuclease H1 N-terminal domain-containing protein,QM012_009163,101
A0ABR0TH17,BTB domain-containing protein,QM012_009509,481
A0ABR0TH77,Splicing factor Cactin,QM012_009567,928
A0ABR0TH88,Non-homologous end-joining factor 1,QM012_009568,519
A0ABR0THG4,RING-type domain-containing protein,QM012_001196,288
A0ABR0THQ4,DNA primase large subunit,QM012_008818,507
A0ABR0THS1,N-acetyltransferase domain-containing protein,QM012_009227,235
A0ABR0THU9,Sterol 24-C-methyltransferase,QM012_008842,368
A0ABR0THV7,Arylsulfotransferase,QM012_009412,612
A0ABR0TIH0,FH2-domain-containing protein,QM012_009073,1830
A0ABR0TIN8,Sulfite efflux pump SSU1,QM012_009112,267
A0ABR0TJ89,RRM domain-containing protein,QM012_009001,161
A0ABR0TJJ7,NAD(P)-binding protein,QM012_008436,351
A0ABR0TK92,Elongator complex protein 2,QM012_007654,804
A0ABR0TKI6,DUF427 domain-containing protein,QM012_007748,287
A0ABR0TL23,glutamine--tRNA ligase,QM012_008457,698
A0ABR0TL32,Zn(2)-C6 fungal-type domain-containing protein,QM012_007937,538
A0ABR0TL33,DUF788-domain-containing protein,QM012_007831,173
A0ABR0TLJ2,Band 7 domain-containing protein,QM012_008623,355
A0ABR0TLL2,histidine kinase,QM012_007918,1102
A0ABR0TLZ9,DUF4110 domain-containing protein,QM012_007120,678
A0ABR0TM54,Golgi apparatus membrane protein TVP23,QM012_007160,188
A0ABR0TMF4,18S rRNA aminocarboxypropyltransferase,TSR3,392
A0ABR0TN07,"alpha-1,2-Mannosidase",QM012_007431,587
A0ABR0TP93,Uncharacterized protein,QM012_006682,75
A0ABR0TPI3,Sulphur transport domain-containing protein,QM012_006772,333
A0ABR0TPM6,Xylanolytic transcriptional activator regulatory domain-containing protein,QM012_007452,463
A0ABR0TQ60,FAD/NAD(P)-binding domain-containing protein,QM012_006980,580
A0ABR0TQ68,YjgH family protein,QM012_007009,155
A0ABR0TQB4,guanosine-diphosphatase,QM012_006706,573
A0ABR0TQE8,Phosphatidate phosphatase APP1 catalytic domain-containing protein,QM012_005676,542
A0ABR0TQQ5,Sm protein F,QM012_006626,87
A0ABR0TRU6,Arrestin-like N-terminal domain-containing protein,QM012_006176,495
A0ABR0TRY4,Nucleic acid-binding protein,QM012_005643,282
A0ABR0TSA8,Potassium transport protein,QM012_006300,748
A0ABR0TSC0,DUF1168-domain-containing protein,QM012_005763,194
A0ABR0TSC9,Alpha/beta-hydrolase,QM012_006172,349
A0ABR0TSE8,MFS general substrate transporter,QM012_004192,480
A0ABR0TSL1,"NADH dehydrogenase [ubiquinone] flavoprotein 1, mitochondrial",QM012_004211,498
A0ABR0TSP0,Aminoglycoside phosphotransferase domain-containing protein,QM012_004284,550
A0ABR0TT10,Holocytochrome c-type synthase,QM012_006019,274
A0ABR0TT31,Small ribosomal subunit protein uS19m,QM012_004447,94
A0ABR0TTA3,Upf1 domain-containing protein,QM012_004472,1103
A0ABR0TTW8,Peptide-N4-(N-acetyl-beta-glucosaminyl)asparagine amidase A,QM012_004488,134
A0ABR0TU42,Trehalose synthase,QM012_004185,685
A0ABR0TUB2,60S ribosomal protein L13,QM012_004811,213
A0ABR0TUL6,Uncharacterized protein,QM012_004728,56
A0ABR0TUR3,Uridine/cytidine kinase,QM012_004866,310
A0ABR0TUS9,Pyrroline-5-carboxylate reductase,QM012_000071,295
A0ABR0TUY4,Oligosaccaryltransferase-domain-containing protein,QM012_000199,90
A0ABR0TVB8,LsmAD domain-containing protein,QM012_004639,1051
A0ABR0TVB9,FHA domain-containing protein,QM012_000165,718
A0ABR0TVM5,Gamma-glutamylcyclotransferase AIG2-like domain-containing protein,QM012_000371,262
A0ABR0TVW4,Glyoxylate reductase,QM012_004849,335
A0ABR0TVX0,Major facilitator superfamily (MFS) profile domain-containing protein,QM012_000501,515
A0ABR0TVX8,ARM repeat-containing protein,QM012_000556,1159
A0ABR0TW28,Imidazoleglycerol-phosphate dehydratase,QM012_000587,225
A0ABR0TWE6,Ketoreductase domain-containing protein,QM012_000118,297
A0ABR0TWR9,Zn(2)-C6 fungal-type domain-containing protein,QM012_000430,678
A0A4S9GRT3,Ribosomal protein L37ae,QM012_001408,92
A0A4S9SLX0,Uncharacterized protein,QM012_000254,192
A0ABR0T5A5,GST N-terminal domain-containing protein,QM012_005239,330
A0ABR0T5M9,S-adenosyl-L-methionine-dependent methyltransferase,QM012_005140,294
A0ABR0T658,mRNA-capping enzyme subunit beta,QM012_005001,831
A0ABR0T6M8,Uncharacterized protein,QM012_005086,467
A0ABR0T6T4,Mitochondrial ribosomal protein-like protein,QM012_005218,228
A0ABR0T6Y8,Small ribosomal subunit protein mS33,QM012_004075,107
A0ABR0T703,Uncharacterized protein,QM012_004090,383
A0ABR0T7H3,CENP-V/GFA domain-containing protein,QM012_005053,155
A0ABR0T7J7,Trimethylguanosine synthase,QM012_003976,238
A0ABR0T7K8,Maintenance of telomere capping protein 6,QM012_003929,666
A0ABR0T7U8,Uncharacterized protein,QM012_003757,261
A0ABR0T9C1,OTU domain-containing protein,QM012_003121,423
A0ABR0T9G6,Elongator complex protein 4,QM012_003040,399
A0ABR0T9I7,Palmitoyltransferase,QM012_003171,316
A0ABR0T9T2,Helicase ATP-binding domain-containing protein,QM012_003145,1974
A0ABR0T9U8,Ubiquinone biosynthesis protein,QM012_003480,250
A0ABR0TAW9,MHD domain-containing protein,QM012_002919,590
A0ABR0TB43,U three protein 7,QM012_002155,550
A0ABR0TBD6,DUF8369 domain-containing protein,QM012_002253,349
A0ABR0TBD9,Uncharacterized protein,QM012_002214,454
A0ABR0TBX4,Wax synthase domain-containing protein,QM012_002428,497
A0ABR0TC86,Extracellular membrane protein CFEM domain-containing protein,QM012_002359,124
A0ABR0TCF5,Amine oxidase domain-containing protein,QM012_001766,519
A0ABR0TCH3,AB hydrolase-1 domain-containing protein,QM012_001768,306
A0ABR0TCJ5,Translation machinery-associated protein 16,QM012_002226,178
A0ABR0TCK8,VanZ-LLP1 domain-containing protein,QM012_002210,198
A0ABR0TD50,TOG domain-containing protein,QM012_002016,1229
A0ABR0TD56,WD40 repeat-like protein,QM012_001855,1039
A0ABR0TDD8,RTA1-domain-containing protein,QM012_002085,300
A0ABR0TDH4,RNase III domain-containing protein,QM012_001244,403
A0ABR0TEB3,NAD(P)-binding protein,QM012_001494,247
A0ABR0TEC0,Autophagy protein 5,QM012_001938,310
A0ABR0TEC8,DNA mismatch repair protein,QM012_001509,1118
A0ABR0TEJ5,Adenine deaminase,AAH1,355
A0ABR0TEM3,Helix-turn-helix domain-containing protein,QM012_001631,218
A0ABR0TEX6,non-specific serine/threonine protein kinase,QM012_001341,720
A0ABR0TFU0,Cupredoxin,QM012_001067,601
A0ABR0TG23,Pseudouridine synthase I TruA alpha/beta domain-containing protein,QM012_001219,560
A0ABR0TG60,GH16 domain-containing protein,QM012_000795,309
A0ABR0TG94,Carrier domain-containing protein,QM012_009220,4901
A0ABR0TGA4,L-fucose:H+ symporter permease-like protein,QM012_001139,472
A0ABR0TGY8,Major facilitator superfamily (MFS) profile domain-containing protein,QM012_009479,494
A0ABR0TH00,NAD dependent epimerase/dehydratase family protein-like protein,QM012_001080,231
A0ABR0THV8,Glutamine synthetase,QM012_008684,391
A0ABR0TIQ3,V-type proton ATPase subunit F,QM012_008186,124
A0ABR0TIR7,Vacuolar protein sorting 55,QM012_008892,127
A0ABR0TIX9,Uncharacterized protein,QM012_008211,57
A0ABR0TJK4,Rhamnogalacturonase A,QM012_008501,446
A0ABR0TJX4,BTB domain-containing protein,QM012_008617,167
A0ABR0TJX8,CoA-transferase family III,QM012_008509,404
A0ABR0TK04,DUF300-domain-containing protein,QM012_009056,361
A0ABR0TK32,Amidohydrolase-related domain-containing protein,QM012_007598,362
A0ABR0TKD6,Uncharacterized protein,QM012_007697,378
A0ABR0TKE0,non-specific serine/threonine protein kinase,QM012_007700,749
A0ABR0TKM2,Bet v1-like protein,QM012_007752,202
A0ABR0TKP6,5'-deoxynucleotidase,QM012_007804,267
A0ABR0TL27,C2H2-type domain-containing protein,QM012_007911,809
A0ABR0TLP4,"Required for respiratory growth protein 1, mitochondrial",QM012_008137,290
A0ABR0TLT5,Uncharacterized protein,QM012_007664,178
A0ABR0TMA4,GATA-type domain-containing protein,QM012_007129,1062
A0ABR0TMB1,Amino acid transporter,QM012_007223,537
A0ABR0TMI3,Palmitoyltransferase,QM012_007301,412
A0ABR0TMP0,"Histidine--tRNA ligase, mitochondrial",QM012_007329,526
A0ABR0TN68,holo-[acyl-carrier-protein] synthase,QM012_007244,338
A0ABR0TNJ3,MBOAT family protein-like protein,QM012_006411,552
A0ABR0TPW5,Homeobox domain-containing protein,QM012_006879,623
A0ABR0TQD3,60S ribosomal protein L35,QM012_006884,126
A0ABR0TQL3,Uncharacterized protein,QM012_005732,132
A0ABR0TRE5,Rhodopsin domain-containing protein,QM012_006021,416
A0ABR0TRI1,PH domain-containing protein,QM012_006059,1339
A0ABR0TRK8,"alpha-1,3-glucan synthase",QM012_006089,2405
A0ABR0TRS8,Glutathione S-transferase GstA,QM012_005810,256
A0ABR0TRV1,C2H2-type domain-containing protein,QM012_005992,279
A0ABR0TSD8,non-specific serine/threonine protein kinase,QM012_004180,317
A0ABR0TSK0,inositol-3-phosphate synthase,QM012_004252,530
A0ABR0TSM0,RanBD1 domain-containing protein,QM012_006110,235
A0ABR0TSP6,"Endo-1,3(4)-beta-glucanase 1 carbohydrate binding domain-containing protein",QM012_005898,390
A0ABR0TSS6,P-type Na(+) transporter,QM012_006155,1073
A0ABR0TTH1,SET domain-containing protein,QM012_004573,483
A0ABR0TTQ0,Uncharacterized protein,QM012_006228,662
A0ABR0TU98,Cytochrome b-c1 complex subunit 8,QM012_004550,97
A0ABR0TUE8,Cytokinesis protein sepH,QM012_004898,1471
A0ABR0TUV5,Uncharacterized protein,QM012_000172,158
A0ABR0TV58,FAD-binding domain-containing protein,QM012_000274,421
A0ABR0TVH7,Uncharacterized protein,QM012_000377,304
A0ABR0TVP2,Queuosine 5'-phosphate N-glycosylase/hydrolase,QM012_000055,366
A0ABR0TW13,Major facilitator superfamily (MFS) profile domain-containing protein,QM012_000572,439
A0ABR0TW75,PH domain-containing protein,QM012_000622,1502
A0ABR0TW77,Rhodopsin domain-containing protein,QM012_004904,361
A0ABR0TW79,protein-ribulosamine 3-kinase,QM012_000344,331
A0ABR0TWC8,Vps72/YL1 C-terminal domain-containing protein,QM012_000677,724
A0ABR0TXD0,T-complex protein 1,QM012_000549,552
A0ABR0TXN8,DUF4045 domain-containing protein,QM012_000699,656
