accession,organism,pdb_count,pdb_ids
A0ABR0TT58,Aureobasidium pullulans,0,
A0ABR0TPA1,Aureobasidium pullulans,0,
A0ABR0TNP4,Aureobasidium pullulans,0,
A0ABR0T4B1,Aureobasidium pullulans,0,
A0ABR0TK68,Aureobasidium pullulans,0,
A0ABR0TSR0,Aureobasidium pullulans,0,
A0ABR0TWH1,Aureobasidium pullulans,0,
A0ABR0TX04,Aureobasidium pullulans,0,
A0ABR0TWK7,Aureobasidium pullulans,0,
A0ABR0T9G5,Aureobasidium pullulans,0,
A0ABR0T7Y5,Aureobasidium pullulans,0,
A0ABR0TBM8,Aureobasidium pullulans,0,
A0ABR0TVD3,Aureobasidium pullulans,0,
A0ABR0TEM7,Aureobasidium pullulans,0,
A0ABR0TUR2,Aureobasidium pullulans,0,
A0ABR0TUY5,Aureobasidium pullulans,0,
A0ABR0TVH8,Aureobasidium pullulans,0,
A0ABR0TVM3,Aureobasidium pullulans,0,
A0ABR0TNF4,Aureobasidium pullulans,0,
A0ABR0TAL6,Aureobasidium pullulans,0,
A0ABR0TIZ3,Aureobasidium pullulans,0,
A0ABR0THX3,Aureobasidium pullulans,0,
A0ABR0TWJ0,Aureobasidium pullulans,0,
A0ABR0T9V9,Aureobasidium pullulans,0,
A0ABR0TV80,Aureobasidium pullulans,0,
A0ABR0TG48,Aureobasidium pullulans,0,
A0ABR0TPZ7,Aureobasidium pullulans,0,
A0ABR0TQ14,Aureobasidium pullulans,0,
A0ABR0TRN9,Aureobasidium pullulans,0,
A0ABR0TRM6,Aureobasidium pullulans,0,
A0ABR0TT55,Aureobasidium pullulans,0,
A0ABR0TRM1,Aureobasidium pullulans,0,
A0ABR0TSK5,Aureobasidium pullulans,0,
A0ABR0TSW5,Aureobasidium pullulans,0,
A0ABR0T7Z1,Aureobasidium pullulans,0,
A0ABR0TLK5,Aureobasidium pullulans,0,
A0ABR0T7Y7,Aureobasidium pullulans,0,
A0ABR0T8H7,Aureobasidium pullulans,0,
A0ABR0T995,Aureobasidium pullulans,0,
A0ABR0TR61,Aureobasidium pullulans,0,
A0ABR0TR85,Aureobasidium pullulans,0,
A0ABR0TCD3,Aureobasidium pullulans,0,
A0ABR0TL88,Aureobasidium pullulans,0,
A0ABR0TE16,Aureobasidium pullulans,0,
A0ABR0TUL1,Aureobasidium pullulans,0,
A0ABR0TAZ6,Aureobasidium pullulans,0,
A0ABR0TMI7,Aureobasidium pullulans,0,
A0ABR0TGY9,Aureobasidium pullulans,0,
A0ABR0TGF1,Aureobasidium pullulans,0,
A0ABR0THQ6,Aureobasidium pullulans,0,
A0ABR0TG62,Aureobasidium pullulans,0,
A0ABR0TCL3,Aureobasidium pullulans,0,
A0ABR0TB11,Aureobasidium pullulans,0,
A0ABR0THC0,Aureobasidium pullulans,0,
A0ABR0TUX1,Aureobasidium pullulans,0,
A0ABR0THF7,Aureobasidium pullulans,0,
A0ABR0TV62,Aureobasidium pullulans,0,
A0ABR0TWL9,Aureobasidium pullulans,0,
A0ABR0TUY6,Aureobasidium pullulans,0,
A0ABR0TVM9,Aureobasidium pullulans,0,
A0ABR0TXA7,Aureobasidium pullulans,0,
A0ABR0THK0,Aureobasidium pullulans,0,
A0ABR0TV17,Aureobasidium pullulans,0,
A0ABR0TV76,Aureobasidium pullulans,0,
A0ABR0TP20,Aureobasidium pullulans,0,
A0ABR0T6W6,Aureobasidium pullulans,0,
A0ABR0T946,Aureobasidium pullulans,0,
A0ABR0TJK7,Aureobasidium pullulans,0,
A0ABR0TJJ2,Aureobasidium pullulans,0,
A0ABR0T6I4,Aureobasidium pullulans,0,
A0ABR0T5H2,Aureobasidium pullulans,0,
A0ABR0T5E0,Aureobasidium pullulans,0,
A0ABR0T600,Aureobasidium pullulans,0,
A0ABR0T662,Aureobasidium pullulans,0,
A0ABR0T5E8,Aureobasidium pullulans,0,
A0ABR0T5I6,Aureobasidium pullulans,0,
A0ABR0T6L3,Aureobasidium pullulans,0,
A0ABR0T5E1,Aureobasidium pullulans,0,
A0ABR0TAL5,Aureobasidium pullulans,0,
A0A1A7MT36,Aureobasidium pullulans,0,
A0ABR0TC53,Aureobasidium pullulans,0,
A0ABR0TAR4,Aureobasidium pullulans,0,
A0ABR0TBL7,Aureobasidium pullulans,0,
A0ABR0TC68,Aureobasidium pullulans,0,
A0ABR0TB51,Aureobasidium pullulans,0,
A0ABR0TBX2,Aureobasidium pullulans,0,
A0ABR0TTV9,Aureobasidium pullulans,0,
A0ABR0T4L5,Aureobasidium pullulans,0,
A0ABR0TID2,Aureobasidium pullulans,0,
A0ABR0TIB1,Aureobasidium pullulans,0,
A0ABR0TBI8,Aureobasidium pullulans,0,
A0ABR0TBK2,Aureobasidium pullulans,0,
A0ABR0TB07,Aureobasidium pullulans,0,
A0ABR0TA12,Aureobasidium pullulans,0,
A0ABR0TA45,Aureobasidium pullulans,0,
A0ABR0T9Y4,Aureobasidium pullulans,0,
A0ABR0TA06,Aureobasidium pullulans,0,
A0ABR0T7Z2,Aureobasidium pullulans,0,
A0ABR0T552,Aureobasidium pullulans,0,
A0ABR0T5Y3,Aureobasidium pullulans,0,
A0ABR0T4S7,Aureobasidium pullulans,0,
A0ABR0TW97,Aureobasidium pullulans,0,
A0ABR0T5W7,Aureobasidium pullulans,0,
A0ABR0T798,Aureobasidium pullulans,0,
A0ABR0TPW3,Aureobasidium pullulans,0,
A0ABR0TPC0,Aureobasidium pullulans,0,
A0ABR0TDN8,Aureobasidium pullulans,0,
A0A4S9R3Y4,Aureobasidium pullulans,0,
A0ABR0TUE6,Aureobasidium pullulans,0,
A0ABR0TDM5,Aureobasidium pullulans,0,
A0ABR0TDH6,Aureobasidium pullulans,0,
A0ABR0TD75,Aureobasidium pullulans,0,
A0ABR0TCF3,Aureobasidium pullulans,0,
A0ABR0TDG7,Aureobasidium pullulans,0,
A0ABR0TCX3,Aureobasidium pullulans,0,
A0ABR0TU94,Aureobasidium pullulans,0,
A0ABR0TVD5,Aureobasidium pullulans,0,
A0ABR0TXA8,Aureobasidium pullulans,0,
A0ABR0TUG1,Aureobasidium pullulans,0,
A0ABR0TV32,Aureobasidium pullulans,0,
A0ABR0TUC0,Aureobasidium pullulans,0,
A0ABR0TW77,Aureobasidium pullulans,0,
A0ABR0TVH9,Aureobasidium pullulans,0,
A0ABR0TKK9,Aureobasidium pullulans,0,
A0ABR0TSR9,Aureobasidium pullulans,0,
A0ABR0TTC9,Aureobasidium pullulans,0,
A0ABR0TTH5,Aureobasidium pullulans,0,
A0ABR0TSV7,Aureobasidium pullulans,0,
A0ABR0TSK2,Aureobasidium pullulans,0,
A0ABR0TTJ5,Aureobasidium pullulans,0,
A0ABR0TSG1,Aureobasidium pullulans,0,
A0ABR0TS14,Aureobasidium pullulans,0,
A0ABR0TS66,Aureobasidium pullulans,0,
A0ABR0TME6,Aureobasidium pullulans,0,
A0ABR0TIK1,Aureobasidium pullulans,0,
A0ABR0TJY5,Aureobasidium pullulans,0,
A0ABR0THY3,Aureobasidium pullulans,0,
A0ABR0TID0,Aureobasidium pullulans,0,
A0ABR0TJU0,Aureobasidium pullulans,0,
A0ABR0TIH3,Aureobasidium pullulans,0,
A0ABR0TX58,Aureobasidium pullulans,0,
A0ABR0TWG3,Aureobasidium pullulans,0,
A0ABR0TQI5,Aureobasidium pullulans,0,
A0ABR0TQZ9,Aureobasidium pullulans,0,
A0ABR0TS35,Aureobasidium pullulans,0,
A0ABR0TS49,Aureobasidium pullulans,0,
A0ABR0TQF8,Aureobasidium pullulans,0,
A0ABR0TMR4,Aureobasidium pullulans,0,
A0A1A7MRT4,Aureobasidium pullulans,0,
A0ABR0TXD2,Aureobasidium pullulans,0,
A0ABR0TSQ4,Aureobasidium pullulans,0,
A0ABR0TI04,Aureobasidium pullulans,0,
A0ABR0TX81,Aureobasidium pullulans,0,
A0ABR0TWT4,Aureobasidium pullulans,0,
A0ABR0T4B4,Aureobasidium pullulans,0,
A0ABR0TRL0,Aureobasidium pullulans,0,
A0ABR0TRM2,Aureobasidium pullulans,0,
A0ABR0TPZ9,Aureobasidium pullulans,0,
A0ABR0TRQ4,Aureobasidium pullulans,0,
A0ABR0TR51,Aureobasidium pullulans,0,
A0ABR0TI98,Aureobasidium pullulans,0,
A0ABR0TQ61,Aureobasidium pullulans,0,
A0ABR0TQ32,Aureobasidium pullulans,0,
A0ABR0TE62,Aureobasidium pullulans,0,
A0ABR0T4V5,Aureobasidium pullulans,0,
A0ABR0TQ99,Aureobasidium pullulans,0,
A0ABR0T6B8,Aureobasidium pullulans,0,
A0ABR0TLJ6,Aureobasidium pullulans,0,
A0ABR0TA60,Aureobasidium pullulans,0,
A0ABR0TJR3,Aureobasidium pullulans,0,
A0ABR0TJP7,Aureobasidium pullulans,0,
A0ABR0TJT6,Aureobasidium pullulans,0,
A0ABR0TKB5,Aureobasidium pullulans,0,
A0ABR0TB69,Aureobasidium pullulans,0,
A0ABR0T7W4,Aureobasidium pullulans,0,
A0ABR0T531,Aureobasidium pullulans,0,
A0ABR0T5N1,Aureobasidium pullulans,0,
A0ABR0T5Y4,Aureobasidium pullulans,0,
A0ABR0T510,Aureobasidium pullulans,0,
A0ABR0TFS6,Aureobasidium pullulans,0,
A0ABR0T594,Aureobasidium pullulans,0,
A0ABR0TFQ5,Aureobasidium pullulans,0,
A0ABR0T822,Aureobasidium pullulans,0,
A0ABR0TCQ5,Aureobasidium pullulans,0,
A0ABR0TCP3,Aureobasidium pullulans,0,
A0ABR0TCR9,Aureobasidium pullulans,0,
A0ABR0T617,Aureobasidium pullulans,0,
A0ABR0TNS8,Aureobasidium pullulans,0,
A0ABR0TMJ9,Aureobasidium pullulans,0,
A0ABR0TM83,Aureobasidium pullulans,0,
A0ABR0TM72,Aureobasidium pullulans,0,
A0ABR0TM69,Aureobasidium pullulans,0,
A0ABR0TN48,Aureobasidium pullulans,0,
A0ABR0TMQ3,Aureobasidium pullulans,0,
A0ABR0TM75,Aureobasidium pullulans,0,
A0ABR0TMC1,Aureobasidium pullulans,0,
A0ABR0TM57,Aureobasidium pullulans,0,
A0ABR0TM18,Aureobasidium pullulans,0,
A0ABR0TLV8,Aureobasidium pullulans,0,
A0ABR0TCI9,Aureobasidium pullulans,0,
A0ABR0TCI7,Aureobasidium pullulans,0,
A0ABR0TCN4,Aureobasidium pullulans,0,
A0ABR0T7X8,Aureobasidium pullulans,0,
A0ABR0T7Q9,Aureobasidium pullulans,0,
A0ABR0TF34,Aureobasidium pullulans,0,
A0ABR0TDM1,Aureobasidium pullulans,0,
A0ABR0TDM8,Aureobasidium pullulans,0,
A0ABR0TDX9,Aureobasidium pullulans,0,
A0ABR0TDL4,Aureobasidium pullulans,0,
A0ABR0TR44,Aureobasidium pullulans,0,
A0ABR0TDJ9,Aureobasidium pullulans,0,
A0ABR0TDX0,Aureobasidium pullulans,0,
A0ABR0TEQ1,Aureobasidium pullulans,0,
A0ABR0TDJ8,Aureobasidium pullulans,0,
A0ABR0TEN6,Aureobasidium pullulans,0,
A0ABR0TEU3,Aureobasidium pullulans,0,
A0ABR0TEM1,Aureobasidium pullulans,0,
A0ABR0TE23,Aureobasidium pullulans,0,
A0ABR0TEW3,Aureobasidium pullulans,0,
A0ABR0T772,Aureobasidium pullulans,0,
A0ABR0T7E0,Aureobasidium pullulans,0,
A0ABR0T6T1,Aureobasidium pullulans,0,
A0ABR0T9S6,Aureobasidium pullulans,0,
A0ABR0TGN5,Aureobasidium pullulans,0,
A0ABR0TH42,Aureobasidium pullulans,0,
A0ABR0THL7,Aureobasidium pullulans,0,
A0ABR0TB88,Aureobasidium pullulans,0,
A0ABR0TCJ3,Aureobasidium pullulans,0,
A0ABR0TB47,Aureobasidium pullulans,0,
A0ABR0TB68,Aureobasidium pullulans,0,
A0ABR0TTU8,Aureobasidium pullulans,0,
A0ABR0TPG9,Aureobasidium pullulans,0,
A0ABR0TQ78,Aureobasidium pullulans,0,
A0ABR0TNJ3,Aureobasidium pullulans,0,
A0ABR0TNJ4,Aureobasidium pullulans,0,
A0ABR0TQ51,Aureobasidium pullulans,0,
A0ABR0TPF4,Aureobasidium pullulans,0,
A0A4S8XUZ1,Aureobasidium pullulans,0,
A0ABR0T603,Aureobasidium pullulans,0,
A0ABR0TPX8,Aureobasidium pullulans,0,
A0ABR0T6F0,Aureobasidium pullulans,0,
A0ABR0T6R9,Aureobasidium pullulans,0,
A0ABR0T5T7,Aureobasidium pullulans,0,
A0ABR0TNQ3,Aureobasidium pullulans,0,
A0ABR0TPL3,Aureobasidium pullulans,0,
A0ABR0TP86,Aureobasidium pullulans,0,
A0ABR0TNQ9,Aureobasidium pullulans,0,
A0ABR0TNT0,Aureobasidium pullulans,0,
A0ABR0TQ22,Aureobasidium pullulans,0,
A0ABR0TNU4,Aureobasidium pullulans,0,
A0ABR0TNS2,Aureobasidium pullulans,0,
A0ABR0TPC9,Aureobasidium pullulans,0,
A0ABR0TNZ5,Aureobasidium pullulans,0,
A0ABR0T5Y0,Aureobasidium pullulans,0,
A0ABR0T8U5,Aureobasidium pullulans,0,
A0ABR0TXS8,Aureobasidium pullulans,0,
A0ABR0TR59,Aureobasidium pullulans,0,
A0ABR0TET4,Aureobasidium pullulans,0,
A0ABR0T664,Aureobasidium pullulans,0,
A0ABR0T6V2,Aureobasidium pullulans,0,
A0ABR0TMX1,Aureobasidium pullulans,0,
A0ABR0T7G4,Aureobasidium pullulans,0,
A0ABR0T678,Aureobasidium pullulans,0,
A0ABR0TCL5,Aureobasidium pullulans,0,
A0ABR0TCY7,Aureobasidium pullulans,0,
A0ABR0T5P6,Aureobasidium pullulans,0,
A0ABR0TTP3,Aureobasidium pullulans,0,
A0ABR0TNH6,Aureobasidium pullulans,0,
A0ABR0TNG0,Aureobasidium pullulans,0,
A0ABR0TNE8,Aureobasidium pullulans,0,
A0ABR0TNG1,Aureobasidium pullulans,0,
A0ABR0TQV2,Aureobasidium pullulans,0,
A0ABR0TP78,Aureobasidium pullulans,0,
A0ABR0TP79,Aureobasidium pullulans,0,
A0ABR0TQ54,Aureobasidium pullulans,0,
A0ABR0TQ80,Aureobasidium pullulans,0,
A0ABR0TQ67,Aureobasidium pullulans,0,
A0ABR0T7W6,Aureobasidium pullulans,0,
A0ABR0T6G1,Aureobasidium pullulans,0,
A0ABR0T7Q0,Aureobasidium pullulans,0,
A0ABR0T6R8,Aureobasidium pullulans,0,
A0ABR0T6Q0,Aureobasidium pullulans,0,
A0ABR0TE79,Aureobasidium pullulans,0,
A0ABR0T6P9,Aureobasidium pullulans,0,
A0ABR0T6H9,Aureobasidium pullulans,0,
A0ABR0T4F8,Aureobasidium pullulans,0,
A0ABR0T6H8,Aureobasidium pullulans,0,
A0ABR0T6W1,Aureobasidium pullulans,0,
A0ABR0T6N5,Aureobasidium pullulans,0,
A0ABR0T7Q4,Aureobasidium pullulans,0,
A0ABR0TB55,Aureobasidium pullulans,0,
A0ABR0T6D3,Aureobasidium pullulans,0,
A0ABR0T6Q4,Aureobasidium pullulans,0,
A0ABR0TN26,Aureobasidium pullulans,0,
A0ABR0TX24,Aureobasidium pullulans,0,
A0ABR0TP85,Aureobasidium pullulans,0,
A0ABR0TMT3,Aureobasidium pullulans,0,
A0ABR0TMS8,Aureobasidium pullulans,0,
A0ABR0TNL2,Aureobasidium pullulans,0,
A0ABR0TMS2,Aureobasidium pullulans,0,
A0ABR0TMX7,Aureobasidium pullulans,0,
A0ABR0T6L8,Aureobasidium pullulans,0,
A0ABR0T5M7,Aureobasidium pullulans,0,
A0ABR0TN06,Aureobasidium pullulans,0,
A0ABR0TN05,Aureobasidium pullulans,0,
A0ABR0TN04,Aureobasidium pullulans,0,
A0ABR0TN43,Aureobasidium pullulans,0,
A0A1A7MPC9,Aureobasidium pullulans,0,
A0ABR0TN45,Aureobasidium pullulans,0,
A0ABR0TN75,Aureobasidium pullulans,0,
A0ABR0TN57,Aureobasidium pullulans,0,
A0ABR0TN89,Aureobasidium pullulans,0,
A0ABR0TN84,Aureobasidium pullulans,0,
A0ABR0TP41,Aureobasidium pullulans,0,
A0ABR0TP84,Aureobasidium pullulans,0,
A0ABR0TNA1,Aureobasidium pullulans,0,
A0ABR0TKE6,Aureobasidium pullulans,0,
A0ABR0T784,Aureobasidium pullulans,0,
A0ABR0T781,Aureobasidium pullulans,0,
A0ABR0T775,Aureobasidium pullulans,0,
A0ABR0T8J4,Aureobasidium pullulans,0,
A0ABR0TDX1,Aureobasidium pullulans,0,
A0ABR0T7J4,Aureobasidium pullulans,0,
A0ABR0T6T7,Aureobasidium pullulans,0,
A0ABR0T899,Aureobasidium pullulans,0,
A0ABR0T747,Aureobasidium pullulans,0,
A0ABR0T753,Aureobasidium pullulans,0,
A0ABR0TMD2,Aureobasidium pullulans,0,
A0ABR0T7R7,Aureobasidium pullulans,0,
A0ABR0T6A1,Aureobasidium pullulans,0,
A0ABR0TKC5,Aureobasidium pullulans,0,
A0ABR0TV81,Aureobasidium pullulans,0,
A0ABR0T4X4,Aureobasidium pullulans,0,
A0ABR0T5R3,Aureobasidium pullulans,0,
A0ABR0T4M5,Aureobasidium pullulans,0,
A0ABR0T5K1,Aureobasidium pullulans,0,
A0ABR0T4N3,Aureobasidium pullulans,0,
A0ABR0T4N5,Aureobasidium pullulans,0,
A0ABR0T4P9,Aureobasidium pullulans,0,
A0ABR0TA38,Aureobasidium pullulans,0,
A0ABR0TV27,Aureobasidium pullulans,0,
A0ABR0TPS0,Aureobasidium pullulans,0,
A0ABR0TGT4,Aureobasidium pullulans,0,
A0ABR0T4I8,Aureobasidium pullulans,0,
A0ABR0TS90,Aureobasidium pullulans,0,
A0ABR0TSG5,Aureobasidium pullulans,0,
A0ABR0TRH0,Aureobasidium pullulans,0,
A0ABR0TRH3,Aureobasidium pullulans,0,
A0ABR0TT56,Aureobasidium pullulans,0,
A0ABR0TT54,Aureobasidium pullulans,0,
A0ABR0TRI9,Aureobasidium pullulans,0,
A0ABR0TRI4,Aureobasidium pullulans,0,
A0ABR0TRK6,Aureobasidium pullulans,0,
A0ABR0TSD7,Aureobasidium pullulans,0,
A0ABR0TRK3,Aureobasidium pullulans,0,
A0ABR0TRT2,Aureobasidium pullulans,0,
A0ABR0TS54,Aureobasidium pullulans,0,
A0ABR0TRS2,Aureobasidium pullulans,0,
A0ABR0TRT3,Aureobasidium pullulans,0,
A0ABR0TRU5,Aureobasidium pullulans,0,
A0ABR0TSU0,Aureobasidium pullulans,0,
A0ABR0TSX9,Aureobasidium pullulans,0,
A0ABR0TSA3,Aureobasidium pullulans,0,
A0ABR0TS75,Aureobasidium pullulans,0,
A0ABR0TRC1,Aureobasidium pullulans,0,
A0ABR0TTA5,Aureobasidium pullulans,0,
A0ABR0TET9,Aureobasidium pullulans,0,
A0ABR0TRP9,Aureobasidium pullulans,0,
A0ABR0TIM4,Aureobasidium pullulans,0,
A0ABR0TRE5,Aureobasidium pullulans,0,
A0ABR0TPQ4,Aureobasidium pullulans,0,
A0ABR0T7S7,Aureobasidium pullulans,0,
A0ABR0T922,Aureobasidium pullulans,0,
A0ABR0T9B2,Aureobasidium pullulans,0,
A0ABR0T7T6,Aureobasidium pullulans,0,
A0ABR0T7U8,Aureobasidium pullulans,0,
A0ABR0T937,Aureobasidium pullulans,0,
A0ABR0T7X4,Aureobasidium pullulans,0,
A0ABR0T7G9,Aureobasidium pullulans,0,
A0ABR0T7G5,Aureobasidium pullulans,0,
A0ABR0T7M6,Aureobasidium pullulans,0,
A0ABR0T7F5,Aureobasidium pullulans,0,
A0ABR0TPF2,Aureobasidium pullulans,0,
A0ABR0T8J0,Aureobasidium pullulans,0,
A0ABR0T907,Aureobasidium pullulans,0,
A0ABR0T8Q4,Aureobasidium pullulans,0,
A0ABR0T7L3,Aureobasidium pullulans,0,
A0ABR0T7I1,Aureobasidium pullulans,0,
A0ABR0T923,Aureobasidium pullulans,0,
A0ABR0T8M4,Aureobasidium pullulans,0,
A0ABR0T8U9,Aureobasidium pullulans,0,
A0ABR0T6D9,Aureobasidium pullulans,0,
A0ABR0TQY6,Aureobasidium pullulans,0,
A0ABR0TLM0,Aureobasidium pullulans,0,
A0ABR0T9N1,Aureobasidium pullulans,0,
A0ABR0T836,Aureobasidium pullulans,0,
A0ABR0T4D4,Aureobasidium pullulans,0,
A0ABR0TNB5,Aureobasidium pullulans,0,
A0ABR0T8N0,Aureobasidium pullulans,0,
A0ABR0T850,Aureobasidium pullulans,0,
A0ABR0T8N5,Aureobasidium pullulans,0,
A0ABR0T8B5,Aureobasidium pullulans,0,
A0ABR0T9F7,Aureobasidium pullulans,0,
A0ABR0T8C7,Aureobasidium pullulans,0,
A0ABR0T9E0,Aureobasidium pullulans,0,
A0ABR0T9H0,Aureobasidium pullulans,0,
A0ABR0T8K6,Aureobasidium pullulans,0,
A0ABR0T874,Aureobasidium pullulans,0,
A0ABR0T870,Aureobasidium pullulans,0,
A0ABR0T882,Aureobasidium pullulans,0,
A0ABR0TEE6,Aureobasidium pullulans,0,
A0ABR0T8I4,Aureobasidium pullulans,0,
A0ABR0T8L4,Aureobasidium pullulans,0,
A0ABR0T9V1,Aureobasidium pullulans,0,
A0ABR0T901,Aureobasidium pullulans,0,
A0ABR0T8C0,Aureobasidium pullulans,0,
A0ABR0T8B2,Aureobasidium pullulans,0,
A0ABR0T8N6,Aureobasidium pullulans,0,
A0ABR0TFK4,Aureobasidium pullulans,0,
A0ABR0TB95,Aureobasidium pullulans,0,
A0ABR0THN3,Aureobasidium pullulans,0,
A0ABR0THM6,Aureobasidium pullulans,0,
A0ABR0TJ55,Aureobasidium pullulans,0,
A0ABR0THM7,Aureobasidium pullulans,0,
A0ABR0THP8,Aureobasidium pullulans,0,
A0ABR0THP1,Aureobasidium pullulans,0,
A0ABR0THP9,Aureobasidium pullulans,0,
A0ABR0THS2,Aureobasidium pullulans,0,
A0ABR0THR8,Aureobasidium pullulans,0,
A0ABR0THU9,Aureobasidium pullulans,0,
A0ABR0TJ66,Aureobasidium pullulans,0,
A0ABR0THY1,Aureobasidium pullulans,0,
A0ABR0TJE2,Aureobasidium pullulans,0,
A0ABR0TI56,Aureobasidium pullulans,0,
A0ABR0TIX5,Aureobasidium pullulans,0,
A0ABR0TI39,Aureobasidium pullulans,0,
A0ABR0TI75,Aureobasidium pullulans,0,
A0ABR0TIM6,Aureobasidium pullulans,0,
A0ABR0TI50,Aureobasidium pullulans,0,
A0ABR0TJ18,Aureobasidium pullulans,0,
A0ABR0TIF8,Aureobasidium pullulans,0,
A0ABR0TI65,Aureobasidium pullulans,0,
A0ABR0TI62,Aureobasidium pullulans,0,
A0ABR0TIA7,Aureobasidium pullulans,0,
A0ABR0TIH1,Aureobasidium pullulans,0,
A0ABR0THY2,Aureobasidium pullulans,0,
A0ABR0TI16,Aureobasidium pullulans,0,
A0ABR0TJL3,Aureobasidium pullulans,0,
A0ABR0TI32,Aureobasidium pullulans,0,
A0ABR0TI58,Aureobasidium pullulans,0,
A0ABR0TI41,Aureobasidium pullulans,0,
A0ABR0TIY8,Aureobasidium pullulans,0,
A0ABR0TIK8,Aureobasidium pullulans,0,
A0ABR0TJ17,Aureobasidium pullulans,0,
A0A4S8WRG9,Aureobasidium pullulans,0,
A0ABR0TJK0,Aureobasidium pullulans,0,
A0ABR0TI27,Aureobasidium pullulans,0,
A0ABR0TIG5,Aureobasidium pullulans,0,
A0ABR0TIZ2,Aureobasidium pullulans,0,
A0ABR0TIF7,Aureobasidium pullulans,0,
A0ABR0TK04,Aureobasidium pullulans,0,
A0ABR0TJB2,Aureobasidium pullulans,0,
A0ABR0TJV5,Aureobasidium pullulans,0,
A0ABR0TIB2,Aureobasidium pullulans,0,
A0ABR0TIB8,Aureobasidium pullulans,0,
A0ABR0TIE5,Aureobasidium pullulans,0,
A0ABR0TIN5,Aureobasidium pullulans,0,
A0ABR0TCW0,Aureobasidium pullulans,0,
A0ABR0TBR8,Aureobasidium pullulans,0,
A0ABR0TC20,Aureobasidium pullulans,0,
A0ABR0TCZ5,Aureobasidium pullulans,0,
A0ABR0TT29,Aureobasidium pullulans,0,
A0ABR0TBL2,Aureobasidium pullulans,0,
A0ABR0TBL3,Aureobasidium pullulans,0,
A0ABR0TC42,Aureobasidium pullulans,0,
A0ABR0TCL7,Aureobasidium pullulans,0,
A0ABR0TDK4,Aureobasidium pullulans,0,
A0ABR0TC44,Aureobasidium pullulans,0,
A0ABR0TC30,Aureobasidium pullulans,0,
A0ABR0TC27,Aureobasidium pullulans,0,
A0ABR0TC86,Aureobasidium pullulans,0,
A0ABR0TD58,Aureobasidium pullulans,0,
A0ABR0TBU1,Aureobasidium pullulans,0,
A0ABR0TCC7,Aureobasidium pullulans,0,
A0ABR0TW41,Aureobasidium pullulans,0,
A0ABR0TCF0,Aureobasidium pullulans,0,
A0ABR0TBT3,Aureobasidium pullulans,0,
A0ABR0TSN7,Aureobasidium pullulans,0,
A0ABR0TR16,Aureobasidium pullulans,0,
A0ABR0T7Q3,Aureobasidium pullulans,0,
A0ABR0TKZ8,Aureobasidium pullulans,0,
A0ABR0TLF0,Aureobasidium pullulans,0,
A0ABR0TMD8,Aureobasidium pullulans,0,
A0ABR0TKR4,Aureobasidium pullulans,0,
A0ABR0TMB7,Aureobasidium pullulans,0,
A0ABR0TMA3,Aureobasidium pullulans,0,
A0ABR0TF74,Aureobasidium pullulans,0,
A0ABR0TNG8,Aureobasidium pullulans,0,
A0ABR0TMD0,Aureobasidium pullulans,0,
A0ABR0TMW6,Aureobasidium pullulans,0,
A0ABR0TMD6,Aureobasidium pullulans,0,
A0ABR0TMQ4,Aureobasidium pullulans,0,
A0ABR0TP98,Aureobasidium pullulans,0,
A0ABR0TPB6,Aureobasidium pullulans,0,
A0ABR0TMP4,Aureobasidium pullulans,0,
A0ABR0TMP5,Aureobasidium pullulans,0,
A0ABR0T7C9,Aureobasidium pullulans,0,
A0ABR0T7C8,Aureobasidium pullulans,0,
A0ABR0TNC7,Aureobasidium pullulans,0,
A0ABR0TLU2,Aureobasidium pullulans,0,
A0ABR0TMC8,Aureobasidium pullulans,0,
A0ABR0TNE4,Aureobasidium pullulans,0,
A0ABR0TTV6,Aureobasidium pullulans,0,
A0ABR0TSA5,Aureobasidium pullulans,0,
A0ABR0TT39,Aureobasidium pullulans,0,
A0ABR0TSB6,Aureobasidium pullulans,0,
A0ABR0TNV5,Aureobasidium pullulans,0,
A0ABR0TMM8,Aureobasidium pullulans,0,
A0ABR0TMH4,Aureobasidium pullulans,0,
A0ABR0TNW6,Aureobasidium pullulans,0,
A0ABR0TMG8,Aureobasidium pullulans,0,
A0ABR0TTU2,Aureobasidium pullulans,0,
A0ABR0T4T9,Aureobasidium pullulans,0,
A0ABR0TSN0,Aureobasidium pullulans,0,
A0ABR0TT83,Aureobasidium pullulans,0,
A0ABR0TTX8,Aureobasidium pullulans,0,
A0ABR0TST3,Aureobasidium pullulans,0,
A0ABR0T5U0,Aureobasidium pullulans,0,
A0ABR0TSJ4,Aureobasidium pullulans,0,
A0ABR0TS50,Aureobasidium pullulans,0,
A0A4S9WKR7,Aureobasidium pullulans,0,
A0ABR0TS95,Aureobasidium pullulans,0,
A0ABR0TUX0,Aureobasidium pullulans,0,
A0ABR0TLI3,Aureobasidium pullulans,0,
A0ABR0TMM5,Aureobasidium pullulans,0,
A0ABR0TLT6,Aureobasidium pullulans,0,
A0ABR0TME5,Aureobasidium pullulans,0,
A0ABR0TQ59,Aureobasidium pullulans,0,
A0ABR0TK39,Aureobasidium pullulans,0,
A0ABR0TM63,Aureobasidium pullulans,0,
A0ABR0TLL7,Aureobasidium pullulans,0,
A0ABR0TLM4,Aureobasidium pullulans,0,
A0ABR0TMT4,Aureobasidium pullulans,0,
A0ABR0TLA8,Aureobasidium pullulans,0,
A0ABR0TLG7,Aureobasidium pullulans,0,
A0ABR0TLI8,Aureobasidium pullulans,0,
A0ABR0TN01,Aureobasidium pullulans,0,
A0ABR0TGS3,Aureobasidium pullulans,0,
A0ABR0TQX8,Aureobasidium pullulans,0,
A0ABR0TQR6,Aureobasidium pullulans,0,
A0ABR0TQW9,Aureobasidium pullulans,0,
A0ABR0TSH7,Aureobasidium pullulans,0,
A0ABR0TQW0,Aureobasidium pullulans,0,
A0ABR0TQV9,Aureobasidium pullulans,0,
A0ABR0TR72,Aureobasidium pullulans,0,
A0ABR0TMC7,Aureobasidium pullulans,0,
A0ABR0TLI2,Aureobasidium pullulans,0,
A0ABR0TL82,Aureobasidium pullulans,0,
A0ABR0TQJ7,Aureobasidium pullulans,0,
A0ABR0TS77,Aureobasidium pullulans,0,
A0ABR0TMP2,Aureobasidium pullulans,0,
A0ABR0TNY7,Aureobasidium pullulans,0,
A0ABR0TSW6,Aureobasidium pullulans,0,
A0ABR0TPD4,Aureobasidium pullulans,0,
A0ABR0TMW0,Aureobasidium pullulans,0,
A0ABR0TNE1,Aureobasidium pullulans,0,
A0ABR0TPN2,Aureobasidium pullulans,0,
A0ABR0TN12,Aureobasidium pullulans,0,
A0ABR0TNH8,Aureobasidium pullulans,0,
A0A4S8WAD4,Aureobasidium pullulans,0,
A0ABR0TM91,Aureobasidium pullulans,0,
A0ABR0TM42,Aureobasidium pullulans,0,
A0ABR0TAK2,Aureobasidium pullulans,0,
A0ABR0T615,Aureobasidium pullulans,0,
A0ABR0T609,Aureobasidium pullulans,0,
A0ABR0T6C0,Aureobasidium pullulans,0,
A0ABR0TFN2,Aureobasidium pullulans,0,
A0ABR0TCB9,Aureobasidium pullulans,0,
A0ABR0TCA0,Aureobasidium pullulans,0,
A0ABR0TDH1,Aureobasidium pullulans,0,
A0ABR0TE26,Aureobasidium pullulans,0,
A0ABR0TCN2,Aureobasidium pullulans,0,
A0ABR0TDA1,Aureobasidium pullulans,0,
A0ABR0TDB4,Aureobasidium pullulans,0,
A0ABR0TDG3,Aureobasidium pullulans,0,
A0ABR0TDE5,Aureobasidium pullulans,0,
A0ABR0TD10,Aureobasidium pullulans,0,
A0ABR0TE53,Aureobasidium pullulans,0,
A0ABR0TDR4,Aureobasidium pullulans,0,
A0ABR0TD89,Aureobasidium pullulans,0,
A0ABR0TQC4,Aureobasidium pullulans,0,
A0ABR0TD84,Aureobasidium pullulans,0,
A0ABR0TD98,Aureobasidium pullulans,0,
A0ABR0TD78,Aureobasidium pullulans,0,
A0ABR0TD77,Aureobasidium pullulans,0,
A0ABR0TDK6,Aureobasidium pullulans,0,
A0ABR0TD61,Aureobasidium pullulans,0,
A0ABR0TD69,Aureobasidium pullulans,0,
A0ABR0TEF3,Aureobasidium pullulans,0,
A0ABR0TDY7,Aureobasidium pullulans,0,
A0ABR0TD39,Aureobasidium pullulans,0,
A0ABR0TDD8,Aureobasidium pullulans,0,
A0ABR0TDB1,Aureobasidium pullulans,0,
A0ABR0TDC2,Aureobasidium pullulans,0,
A0ABR0TCG3,Aureobasidium pullulans,0,
A0ABR0TCF7,Aureobasidium pullulans,0,
A0ABR0TKC4,Aureobasidium pullulans,0,
A0ABR0T7W0,Aureobasidium pullulans,0,
A0ABR0TDG6,Aureobasidium pullulans,0,
A0ABR0TD06,Aureobasidium pullulans,0,
A0ABR0TEU4,Aureobasidium pullulans,0,
A0ABR0TDP3,Aureobasidium pullulans,0,
A0ABR0TD03,Aureobasidium pullulans,0,
A0ABR0TCN9,Aureobasidium pullulans,0,
A0ABR0TCL8,Aureobasidium pullulans,0,
A0ABR0TDI8,Aureobasidium pullulans,0,
A0ABR0TMK9,Aureobasidium pullulans,0,
A0ABR0TNJ1,Aureobasidium pullulans,0,
A0ABR0TML4,Aureobasidium pullulans,0,
A0ABR0TNI8,Aureobasidium pullulans,0,
A0ABR0TNZ9,Aureobasidium pullulans,0,
A0ABR0TCX8,Aureobasidium pullulans,0,
A0ABR0TDI0,Aureobasidium pullulans,0,
A0ABR0TH26,Aureobasidium pullulans,0,
A0ABR0T682,Aureobasidium pullulans,0,
A0ABR0T632,Aureobasidium pullulans,0,
A0ABR0TDY9,Aureobasidium pullulans,0,
A0ABR0TD76,Aureobasidium pullulans,0,
A0ABR0TD02,Aureobasidium pullulans,0,
A0ABR0TDP8,Aureobasidium pullulans,0,
A0ABR0TCW4,Aureobasidium pullulans,0,
A0ABR0TCV9,Aureobasidium pullulans,0,
A0ABR0TCQ2,Aureobasidium pullulans,0,
A0ABR0TCS0,Aureobasidium pullulans,0,
A0ABR0TCS1,Aureobasidium pullulans,0,
A0ABR0TE73,Aureobasidium pullulans,0,
A0ABR0T8K9,Aureobasidium pullulans,0,
A0ABR0T7L8,Aureobasidium pullulans,0,
A0ABR0T872,Aureobasidium pullulans,0,
A0ABR0T897,Aureobasidium pullulans,0,
A0ABR0T6X7,Aureobasidium pullulans,0,
A0ABR0T6X2,Aureobasidium pullulans,0,
A0ABR0T6Z6,Aureobasidium pullulans,0,
A0ABR0TDW2,Aureobasidium pullulans,0,
A0ABR0T7G3,Aureobasidium pullulans,0,
A0ABR0T760,Aureobasidium pullulans,0,
A0ABR0T6A4,Aureobasidium pullulans,0,
A0ABR0T6M5,Aureobasidium pullulans,0,
A0ABR0T6A9,Aureobasidium pullulans,0,
A0ABR0T690,Aureobasidium pullulans,0,
A0ABR0T7B0,Aureobasidium pullulans,0,
A0ABR0TC72,Aureobasidium pullulans,0,
A0ABR0TGM2,Aureobasidium pullulans,0,
A0ABR0T653,Aureobasidium pullulans,0,
A0ABR0T644,Aureobasidium pullulans,0,
A0ABR0T723,Aureobasidium pullulans,0,
A0ABR0T7D1,Aureobasidium pullulans,0,
A0ABR0TPR6,Aureobasidium pullulans,0,
A0ABR0TPR4,Aureobasidium pullulans,0,
A0ABR0TRE3,Aureobasidium pullulans,0,
A0ABR0TPK8,Aureobasidium pullulans,0,
A0ABR0TPL1,Aureobasidium pullulans,0,
A0ABR0TPY0,Aureobasidium pullulans,0,
A0ABR0TNZ8,Aureobasidium pullulans,0,
A0ABR0TP35,Aureobasidium pullulans,0,
A0ABR0TQR1,Aureobasidium pullulans,0,
A0ABR0TQV4,Aureobasidium pullulans,0,
A0ABR0TPH1,Aureobasidium pullulans,0,
A0ABR0TQH8,Aureobasidium pullulans,0,
A0ABR0TPW8,Aureobasidium pullulans,0,
A0ABR0TQT3,Aureobasidium pullulans,0,
A0ABR0TR96,Aureobasidium pullulans,0,
A0ABR0TRE7,Aureobasidium pullulans,0,
A0ABR0TPM8,Aureobasidium pullulans,0,
A0ABR0TQ38,Aureobasidium pullulans,0,
A0ABR0TUP4,Aureobasidium pullulans,0,
A0ABR0TPS7,Aureobasidium pullulans,0,
A0ABR0TPJ4,Aureobasidium pullulans,0,
A0ABR0TQ37,Aureobasidium pullulans,0,
A0ABR0TR20,Aureobasidium pullulans,0,
A0ABR0TPZ3,Aureobasidium pullulans,0,
A0ABR0TPW0,Aureobasidium pullulans,0,
A0ABR0TQL0,Aureobasidium pullulans,0,
A0ABR0TPW7,Aureobasidium pullulans,0,
A0ABR0TQZ3,Aureobasidium pullulans,0,
A0ABR0TQ08,Aureobasidium pullulans,0,
A0ABR0TNV8,Aureobasidium pullulans,0,
A0ABR0TPH9,Aureobasidium pullulans,0,
A0ABR0TP82,Aureobasidium pullulans,0,
A0ABR0TH98,Aureobasidium pullulans,0,
A0ABR0TP87,Aureobasidium pullulans,0,
A0ABR0TPS1,Aureobasidium pullulans,0,
A0ABR0TQQ8,Aureobasidium pullulans,0,
A0ABR0TJY6,Aureobasidium pullulans,0,
A0ABR0TEF1,Aureobasidium pullulans,0,
A0ABR0TPF8,Aureobasidium pullulans,0,
A0ABR0TPH0,Aureobasidium pullulans,0,
A0ABR0TR17,Aureobasidium pullulans,0,
A0ABR0TPN3,Aureobasidium pullulans,0,
A0ABR0TQ25,Aureobasidium pullulans,0,
A0ABR0TP48,Aureobasidium pullulans,0,
A0ABR0TP54,Aureobasidium pullulans,0,
A0ABR0TPD2,Aureobasidium pullulans,0,
A0ABR0T5T8,Aureobasidium pullulans,0,
A0ABR0T6C2,Aureobasidium pullulans,0,
A0ABR0T5N4,Aureobasidium pullulans,0,
A0ABR0T6Z2,Aureobasidium pullulans,0,
A0ABR0T5U8,Aureobasidium pullulans,0,
A0ABR0T5T5,Aureobasidium pullulans,0,
A0ABR0T6T4,Aureobasidium pullulans,0,
A0ABR0T6F9,Aureobasidium pullulans,0,
A0ABR0T7F9,Aureobasidium pullulans,0,
A0ABR0T6I2,Aureobasidium pullulans,0,
A0ABR0T6L7,Aureobasidium pullulans,0,
A0ABR0T6U3,Aureobasidium pullulans,0,
A0ABR0T6K8,Aureobasidium pullulans,0,
A0ABR0TD97,Aureobasidium pullulans,0,
A0ABR0TF47,Aureobasidium pullulans,0,
A0ABR0TFC8,Aureobasidium pullulans,0,
A0ABR0TE51,Aureobasidium pullulans,0,
A0ABR0TED9,Aureobasidium pullulans,0,
A0ABR0TEX4,Aureobasidium pullulans,0,
A0ABR0TEF0,Aureobasidium pullulans,0,
A0ABR0TE07,Aureobasidium pullulans,0,
A0ABR0TE11,Aureobasidium pullulans,0,
A0ABR0TFH4,Aureobasidium pullulans,0,
A0ABR0TE20,Aureobasidium pullulans,0,
A0ABR0TF50,Aureobasidium pullulans,0,
A0ABR0TDY6,Aureobasidium pullulans,0,
A0ABR0TDZ1,Aureobasidium pullulans,0,
A0ABR0TE03,Aureobasidium pullulans,0,
A0ABR0TDX5,Aureobasidium pullulans,0,
A0ABR0TDX7,Aureobasidium pullulans,0,
A0ABR0T5D3,Aureobasidium pullulans,0,
A0ABR0TE33,Aureobasidium pullulans,0,
A0ABR0TF70,Aureobasidium pullulans,0,
A0ABR0TF83,Aureobasidium pullulans,0,
A0ABR0TDS7,Aureobasidium pullulans,0,
A0ABR0TDS0,Aureobasidium pullulans,0,
A0ABR0TDS3,Aureobasidium pullulans,0,
A0ABR0TEI8,Aureobasidium pullulans,0,
A0ABR0TDQ5,Aureobasidium pullulans,0,
A0ABR0TEI2,Aureobasidium pullulans,0,
A0ABR0TE85,Aureobasidium pullulans,0,
A0ABR0TR36,Aureobasidium pullulans,0,
A0ABR0TF94,Aureobasidium pullulans,0,
A0ABR0TBY0,Aureobasidium pullulans,0,
A0ABR0TG38,Aureobasidium pullulans,0,
A0ABR0TG18,Aureobasidium pullulans,0,
A0ABR0TEC7,Aureobasidium pullulans,0,
A0ABR0TEB9,Aureobasidium pullulans,0,
A0ABR0TEC9,Aureobasidium pullulans,0,
A0ABR0TEV5,Aureobasidium pullulans,0,
A0A4S9LF34,Aureobasidium pullulans,0,
A0ABR0TE96,Aureobasidium pullulans,0,
A0ABR0TFM0,Aureobasidium pullulans,0,
A0ABR0TFV4,Aureobasidium pullulans,0,
A0ABR0TEW4,Aureobasidium pullulans,0,
A0ABR0TEN0,Aureobasidium pullulans,0,
A0ABR0TEJ9,Aureobasidium pullulans,0,
A0ABR0TG11,Aureobasidium pullulans,0,
A0ABR0TED2,Aureobasidium pullulans,0,
A0ABR0TEM0,Aureobasidium pullulans,0,
A0ABR0TB28,Aureobasidium pullulans,0,
A0ABR0TEF5,Aureobasidium pullulans,0,
A0ABR0TFJ0,Aureobasidium pullulans,0,
A0ABR0TER8,Aureobasidium pullulans,0,
A0ABR0TRA6,Aureobasidium pullulans,0,
A0ABR0TT90,Aureobasidium pullulans,0,
A0ABR0TER9,Aureobasidium pullulans,0,
A0ABR0TEV1,Aureobasidium pullulans,0,
A0ABR0TM15,Aureobasidium pullulans,0,
A0ABR0T8X6,Aureobasidium pullulans,0,
A0ABR0TCD2,Aureobasidium pullulans,0,
A0ABR0T8W8,Aureobasidium pullulans,0,
A0ABR0T8Y1,Aureobasidium pullulans,0,
A0ABR0T9V4,Aureobasidium pullulans,0,
A0ABR0T9J6,Aureobasidium pullulans,0,
A0ABR0T906,Aureobasidium pullulans,0,
A0ABR0T9L8,Aureobasidium pullulans,0,
A0ABR0TA05,Aureobasidium pullulans,0,
A0ABR0TA32,Aureobasidium pullulans,0,
A0ABR0T9H3,Aureobasidium pullulans,0,
A0ABR0T9G6,Aureobasidium pullulans,0,
A0ABR0T938,Aureobasidium pullulans,0,
A0ABR0TAI8,Aureobasidium pullulans,0,
A0ABR0TDM2,Aureobasidium pullulans,0,
A0ABR0T958,Aureobasidium pullulans,0,
A0ABR0T9M4,Aureobasidium pullulans,0,
A0ABR0T9L7,Aureobasidium pullulans,0,
A0ABR0TB17,Aureobasidium pullulans,0,
A0ABR0T9T5,Aureobasidium pullulans,0,
A0ABR0TB42,Aureobasidium pullulans,0,
A0ABR0TAZ0,Aureobasidium pullulans,0,
A0ABR0T974,Aureobasidium pullulans,0,
A0ABR0TAF3,Aureobasidium pullulans,0,
A0ABR0TAM8,Aureobasidium pullulans,0,
A0ABR0T9K9,Aureobasidium pullulans,0,
A0ABR0TA93,Aureobasidium pullulans,0,
A0ABR0T925,Aureobasidium pullulans,0,
A0ABR0TA36,Aureobasidium pullulans,0,
A0ABR0TMV7,Aureobasidium pullulans,0,
A0ABR0TAT1,Aureobasidium pullulans,0,
A0ABR0T9F2,Aureobasidium pullulans,0,
A0ABR0T9K1,Aureobasidium pullulans,0,
A0ABR0T9Y7,Aureobasidium pullulans,0,
A0ABR0T9F4,Aureobasidium pullulans,0,
A0ABR0TAR5,Aureobasidium pullulans,0,
A0ABR0T9I8,Aureobasidium pullulans,0,
A0ABR0T9E2,Aureobasidium pullulans,0,
A0ABR0T9X0,Aureobasidium pullulans,0,
A0ABR0T9B9,Aureobasidium pullulans,0,
A0ABR0T9B7,Aureobasidium pullulans,0,
A0ABR0T9C4,Aureobasidium pullulans,0,
A0ABR0TGU3,Aureobasidium pullulans,0,
A0ABR0TG56,Aureobasidium pullulans,0,
A0ABR0TLZ4,Aureobasidium pullulans,0,
A0ABR0TGT5,Aureobasidium pullulans,0,
A0ABR0T994,Aureobasidium pullulans,0,
A0ABR0TBN2,Aureobasidium pullulans,0,
A0ABR0TB04,Aureobasidium pullulans,0,
A0ABR0TAB1,Aureobasidium pullulans,0,
A0ABR0T9Q2,Aureobasidium pullulans,0,
A0ABR0T9Q5,Aureobasidium pullulans,0,
A0ABR0TGR8,Aureobasidium pullulans,0,
A0ABR0TH59,Aureobasidium pullulans,0,
A0ABR0TH47,Aureobasidium pullulans,0,
A0ABR0TGN8,Aureobasidium pullulans,0,
A0ABR0TCS3,Aureobasidium pullulans,0,
A0ABR0TAN9,Aureobasidium pullulans,0,
A0ABR0TCB2,Aureobasidium pullulans,0,
A0ABR0TAV0,Aureobasidium pullulans,0,
A0ABR0TC32,Aureobasidium pullulans,0,
A0ABR0TB09,Aureobasidium pullulans,0,
A0ABR0TAW8,Aureobasidium pullulans,0,
A0ABR0TC66,Aureobasidium pullulans,0,
A0ABR0TAY3,Aureobasidium pullulans,0,
A0ABR0TIS0,Aureobasidium pullulans,0,
A0ABR0THF4,Aureobasidium pullulans,0,
A0ABR0TAA2,Aureobasidium pullulans,0,
A0ABR0TAA1,Aureobasidium pullulans,0,
A0ABR0TBL8,Aureobasidium pullulans,0,
A0ABR0TBR7,Aureobasidium pullulans,0,
A0ABR0TAH7,Aureobasidium pullulans,0,
A0ABR0TAJ7,Aureobasidium pullulans,0,
A0ABR0TAI0,Aureobasidium pullulans,0,
A0ABR0TB33,Aureobasidium pullulans,0,
A0ABR0TBH2,Aureobasidium pullulans,0,
A0ABR0TAT6,Aureobasidium pullulans,0,
A0ABR0T5G4,Aureobasidium pullulans,0,
A0ABR0T6U6,Aureobasidium pullulans,0,
A0ABR0THE2,Aureobasidium pullulans,0,
A0ABR0THI4,Aureobasidium pullulans,0,
A0ABR0TJ10,Aureobasidium pullulans,0,
A0ABR0TAR2,Aureobasidium pullulans,0,
A0ABR0TBZ8,Aureobasidium pullulans,0,
A0ABR0TAS8,Aureobasidium pullulans,0,
A0ABR0TAT0,Aureobasidium pullulans,0,
A0ABR0TBE2,Aureobasidium pullulans,0,
A0ABR0TA88,Aureobasidium pullulans,0,
A0ABR0TB61,Aureobasidium pullulans,0,
A0ABR0T6N0,Aureobasidium pullulans,0,
A0ABR0TF67,Aureobasidium pullulans,0,
A0ABR0T6E8,Aureobasidium pullulans,0,
A0ABR0T661,Aureobasidium pullulans,0,
A0ABR0T6C8,Aureobasidium pullulans,0,
A0ABR0T6J8,Aureobasidium pullulans,0,
A0ABR0T6D5,Aureobasidium pullulans,0,
A0ABR0T571,Aureobasidium pullulans,0,
A0ABR0T573,Aureobasidium pullulans,0,
A0ABR0TAP0,Aureobasidium pullulans,0,
A0ABR0T4J7,Aureobasidium pullulans,0,
A0ABR0THG8,Aureobasidium pullulans,0,
A0ABR0THI6,Aureobasidium pullulans,0,
A0ABR0TBG0,Aureobasidium pullulans,0,
A0ABR0THG0,Aureobasidium pullulans,0,
A0ABR0TUN5,Aureobasidium pullulans,0,
A0ABR0TJN6,Aureobasidium pullulans,0,
A0ABR0TIU7,Aureobasidium pullulans,0,
A0ABR0TP10,Aureobasidium pullulans,0,
A0ABR0TIQ3,Aureobasidium pullulans,0,
A0ABR0TKC7,Aureobasidium pullulans,0,
A0ABR0T4X1,Aureobasidium pullulans,0,
A0ABR0TAZ5,Aureobasidium pullulans,0,
A0ABR0TM37,Aureobasidium pullulans,0,
A0ABR0TG54,Aureobasidium pullulans,0,
A0ABR0TJ69,Aureobasidium pullulans,0,
A0ABR0TJ57,Aureobasidium pullulans,0,
A0ABR0TJ43,Aureobasidium pullulans,0,
A0ABR0TJ27,Aureobasidium pullulans,0,
A0ABR0TJ37,Aureobasidium pullulans,0,
A0ABR0TIZ4,Aureobasidium pullulans,0,
A0ABR0TIV6,Aureobasidium pullulans,0,
A0ABR0TJW7,Aureobasidium pullulans,0,
A0ABR0TKG5,Aureobasidium pullulans,0,
A0ABR0TLN8,Aureobasidium pullulans,0,
A0ABR0TJ20,Aureobasidium pullulans,0,
A0ABR0TIX1,Aureobasidium pullulans,0,
A0ABR0TIZ6,Aureobasidium pullulans,0,
A0A4T0CKX7,Aureobasidium pullulans,0,
A0ABR0TIZ0,Aureobasidium pullulans,0,
A0ABR0TF05,Aureobasidium pullulans,0,
A0ABR0TKT4,Aureobasidium pullulans,0,
A0ABR0TJJ9,Aureobasidium pullulans,0,
A0ABR0TIY7,Aureobasidium pullulans,0,
A0ABR0TKF0,Aureobasidium pullulans,0,
A0ABR0TIT5,Aureobasidium pullulans,0,
A0ABR0TKD5,Aureobasidium pullulans,0,
A0ABR0T5S9,Aureobasidium pullulans,0,
A0ABR0TL59,Aureobasidium pullulans,0,
A0ABR0TJ50,Aureobasidium pullulans,0,
A0ABR0TKM6,Aureobasidium pullulans,0,
A0ABR0TIZ7,Aureobasidium pullulans,0,
A0ABR0TJA6,Aureobasidium pullulans,0,
A0ABR0TK08,Aureobasidium pullulans,0,
A0ABR0TKJ8,Aureobasidium pullulans,0,
A0ABR0TJN4,Aureobasidium pullulans,0,
A0ABR0TJH5,Aureobasidium pullulans,0,
A0ABR0TJX8,Aureobasidium pullulans,0,
A0ABR0TL23,Aureobasidium pullulans,0,
A0ABR0TK53,Aureobasidium pullulans,0,
A0ABR0TKB3,Aureobasidium pullulans,0,
A0ABR0TK69,Aureobasidium pullulans,0,
A0ABR0TK00,Aureobasidium pullulans,0,
A0ABR0TJN9,Aureobasidium pullulans,0,
A0ABR0TKP2,Aureobasidium pullulans,0,
A0ABR0TJI0,Aureobasidium pullulans,0,
A0ABR0TJG7,Aureobasidium pullulans,0,
A0ABR0TK99,Aureobasidium pullulans,0,
A0ABR0TJE9,Aureobasidium pullulans,0,
A0ABR0TJE7,Aureobasidium pullulans,0,
A0ABR0TKH9,Aureobasidium pullulans,0,
A0ABR0TW16,Aureobasidium pullulans,0,
A0ABR0TJS0,Aureobasidium pullulans,0,
A0ABR0TJX5,Aureobasidium pullulans,0,
A0ABR0TST0,Aureobasidium pullulans,0,
A0ABR0TKJ0,Aureobasidium pullulans,0,
A0ABR0TJJ8,Aureobasidium pullulans,0,
A0ABR0TN27,Aureobasidium pullulans,0,
A0ABR0TPC4,Aureobasidium pullulans,0,
A0ABR0TIR4,Aureobasidium pullulans,0,
A0ABR0TE18,Aureobasidium pullulans,0,
A0ABR0TG94,Aureobasidium pullulans,0,
A0ABR0TA11,Aureobasidium pullulans,0,
A0ABR0TEV4,Aureobasidium pullulans,0,
A0ABR0TFU8,Aureobasidium pullulans,0,
A0ABR0TFF8,Aureobasidium pullulans,0,
A0ABR0TEY4,Aureobasidium pullulans,0,
A0ABR0TEX5,Aureobasidium pullulans,0,
A0ABR0TFM2,Aureobasidium pullulans,0,
A0ABR0TGI9,Aureobasidium pullulans,0,
A0ABR0TFC1,Aureobasidium pullulans,0,
A0ABR0TFC5,Aureobasidium pullulans,0,
A0ABR0TFD4,Aureobasidium pullulans,0,
A0ABR0TEV9,Aureobasidium pullulans,0,
A0ABR0TG95,Aureobasidium pullulans,0,
A0ABR0TFI9,Aureobasidium pullulans,0,
A0ABR0TFI0,Aureobasidium pullulans,0,
A0ABR0TFR6,Aureobasidium pullulans,0,
A0ABR0TG07,Aureobasidium pullulans,0,
A0ABR0TGT8,Aureobasidium pullulans,0,
A0ABR0TF99,Aureobasidium pullulans,0,
A0ABR0TGR5,Aureobasidium pullulans,0,
A0ABR0TEZ5,Aureobasidium pullulans,0,
A0ABR0TF12,Aureobasidium pullulans,0,
A0ABR0TF08,Aureobasidium pullulans,0,
A0ABR0TF84,Aureobasidium pullulans,0,
A0ABR0TEB0,Aureobasidium pullulans,0,
A0ABR0TGL9,Aureobasidium pullulans,0,
A0ABR0TGS0,Aureobasidium pullulans,0,
A0ABR0TFD0,Aureobasidium pullulans,0,
A0ABR0TGK2,Aureobasidium pullulans,0,
A0ABR0TF37,Aureobasidium pullulans,0,
A0ABR0TFB7,Aureobasidium pullulans,0,
A0ABR0TF33,Aureobasidium pullulans,0,
A0ABR0TF25,Aureobasidium pullulans,0,
A0ABR0TGD3,Aureobasidium pullulans,0,
A0ABR0TGZ6,Aureobasidium pullulans,0,
A0ABR0TFH6,Aureobasidium pullulans,0,
A0ABR0THD4,Aureobasidium pullulans,0,
A0ABR0TGH1,Aureobasidium pullulans,0,
A0ABR0TGY7,Aureobasidium pullulans,0,
A0ABR0TGR0,Aureobasidium pullulans,0,
A0ABR0TFL7,Aureobasidium pullulans,0,
A0ABR0TGJ8,Aureobasidium pullulans,0,
A0ABR0TFN4,Aureobasidium pullulans,0,
A0ABR0TFT5,Aureobasidium pullulans,0,
A0ABR0TFT4,Aureobasidium pullulans,0,
A0ABR0TFZ4,Aureobasidium pullulans,0,
A0ABR0TCN7,Aureobasidium pullulans,0,
A0ABR0TD86,Aureobasidium pullulans,0,
A0ABR0TGP5,Aureobasidium pullulans,0,
A0ABR0TG34,Aureobasidium pullulans,0,
A0ABR0THC2,Aureobasidium pullulans,0,
A0ABR0TFT3,Aureobasidium pullulans,0,
A0ABR0TFU7,Aureobasidium pullulans,0,
A0ABR0TGD8,Aureobasidium pullulans,0,
A0ABR0TFW8,Aureobasidium pullulans,0,
A0ABR0TFY7,Aureobasidium pullulans,0,
A0ABR0TFY9,Aureobasidium pullulans,0,
A0ABR0TFY3,Aureobasidium pullulans,0,
A0ABR0TFY8,Aureobasidium pullulans,0,
A0ABR0T4Y9,Aureobasidium pullulans,0,
A0ABR0THH9,Aureobasidium pullulans,0,
A0ABR0T684,Aureobasidium pullulans,0,
A0ABR0T633,Aureobasidium pullulans,0,
A0ABR0THD1,Aureobasidium pullulans,0,
A0ABR0TG97,Aureobasidium pullulans,0,
A0ABR0TG13,Aureobasidium pullulans,0,
A0ABR0TFZ7,Aureobasidium pullulans,0,
A0ABR0TSD9,Aureobasidium pullulans,0,
A0ABR0TTY6,Aureobasidium pullulans,0,
A0ABR0TD85,Aureobasidium pullulans,0,
A0ABR0TSF1,Aureobasidium pullulans,0,
A0A4S9BKZ2,Aureobasidium pullulans,0,
A0ABR0TSL7,Aureobasidium pullulans,0,
A0ABR0TU90,Aureobasidium pullulans,0,
A0ABR0TSH0,Aureobasidium pullulans,0,
A0A1A7MCT6,Aureobasidium pullulans,0,
A0ABR0TSW1,Aureobasidium pullulans,0,
A0ABR0TT98,Aureobasidium pullulans,0,
A0ABR0TSQ2,Aureobasidium pullulans,0,
A0ABR0TSN4,Aureobasidium pullulans,0,
A0ABR0TSP5,Aureobasidium pullulans,0,
A0ABR0TT79,Aureobasidium pullulans,0,
A0ABR0TUV2,Aureobasidium pullulans,0,
A0ABR0TSL0,Aureobasidium pullulans,0,
A0ABR0TUB3,Aureobasidium pullulans,0,
A0ABR0TU98,Aureobasidium pullulans,0,
A0ABR0TTD9,Aureobasidium pullulans,0,
A0ABR0TTK3,Aureobasidium pullulans,0,
A0ABR0TTG0,Aureobasidium pullulans,0,
A0ABR0TTJ2,Aureobasidium pullulans,0,
A0ABR0TTI7,Aureobasidium pullulans,0,
A0ABR0TT65,Aureobasidium pullulans,0,
A0ABR0TT46,Aureobasidium pullulans,0,
A0ABR0TT91,Aureobasidium pullulans,0,
A0ABR0TST5,Aureobasidium pullulans,0,
A0ABR0TTH0,Aureobasidium pullulans,0,
A0ABR0TUG4,Aureobasidium pullulans,0,
A0ABR0TUR6,Aureobasidium pullulans,0,
A0ABR0TT13,Aureobasidium pullulans,0,
A0ABR0TU18,Aureobasidium pullulans,0,
A0ABR0TUQ0,Aureobasidium pullulans,0,
A0ABR0TTC2,Aureobasidium pullulans,0,
A0ABR0TTL0,Aureobasidium pullulans,0,
A0ABR0TSJ6,Aureobasidium pullulans,0,
A0ABR0TTA8,Aureobasidium pullulans,0,
A0ABR0TSW8,Aureobasidium pullulans,0,
A0ABR0TTS4,Aureobasidium pullulans,0,
A0ABR0TTJ6,Aureobasidium pullulans,0,
A0ABR0TSY9,Aureobasidium pullulans,0,
A0A4S9NQN6,Aureobasidium pullulans,0,
A0ABR0TUH2,Aureobasidium pullulans,0,
A0ABR0TUJ1,Aureobasidium pullulans,0,
A0ABR0TSK9,Aureobasidium pullulans,0,
A0ABR0TTJ7,Aureobasidium pullulans,0,
A0ABR0TUC1,Aureobasidium pullulans,0,
A0ABR0TTZ7,Aureobasidium pullulans,0,
A0ABR0TUE4,Aureobasidium pullulans,0,
A0ABR0TTG1,Aureobasidium pullulans,0,
A0ABR0TTC5,Aureobasidium pullulans,0,
A0ABR0TTY4,Aureobasidium pullulans,0,
A0ABR0TUZ4,Aureobasidium pullulans,0,
A0ABR0TTA4,Aureobasidium pullulans,0,
A0ABR0TUZ3,Aureobasidium pullulans,0,
A0ABR0TTD5,Aureobasidium pullulans,0,
A0ABR0TT77,Aureobasidium pullulans,0,
A0ABR0TUU9,Aureobasidium pullulans,0,
A0ABR0TTV1,Aureobasidium pullulans,0,
A0ABR0TUT4,Aureobasidium pullulans,0,
A0ABR0TTP5,Aureobasidium pullulans,0,
A0ABR0TTR6,Aureobasidium pullulans,0,
A0ABR0TVJ0,Aureobasidium pullulans,0,
A0ABR0TSR1,Aureobasidium pullulans,0,
A0ABR0TST7,Aureobasidium pullulans,0,
A0ABR0TTK8,Aureobasidium pullulans,0,
A0ABR0TSV3,Aureobasidium pullulans,0,
A0ABR0TUD9,Aureobasidium pullulans,0,
A0ABR0TT75,Aureobasidium pullulans,0,
A0ABR0TSS2,Aureobasidium pullulans,0,
A0ABR0TT49,Aureobasidium pullulans,0,
A0ABR0TCT3,Aureobasidium pullulans,0,
A0ABR0TT47,Aureobasidium pullulans,0,
A0ABR0TTY1,Aureobasidium pullulans,0,
A0ABR0TTQ4,Aureobasidium pullulans,0,
A0ABR0TU52,Aureobasidium pullulans,0,
A0ABR0TUR7,Aureobasidium pullulans,0,
A0ABR0TTX1,Aureobasidium pullulans,0,
A0ABR0TUS0,Aureobasidium pullulans,0,
A0ABR0TTM7,Aureobasidium pullulans,0,
A0ABR0TTA9,Aureobasidium pullulans,0,
A0ABR0TSX6,Aureobasidium pullulans,0,
A0ABR0TVG0,Aureobasidium pullulans,0,
A0ABR0TTQ1,Aureobasidium pullulans,0,
A0ABR0TTU0,Aureobasidium pullulans,0,
A0ABR0TTU9,Aureobasidium pullulans,0,
A0ABR0TTT3,Aureobasidium pullulans,0,
A0ABR0TVK6,Aureobasidium pullulans,0,
A0ABR0TUJ3,Aureobasidium pullulans,0,
A0ABR0TUN9,Aureobasidium pullulans,0,
A0ABR0TTW1,Aureobasidium pullulans,0,
A0ABR0TVN1,Aureobasidium pullulans,0,
A0ABR0TUQ2,Aureobasidium pullulans,0,
A0ABR0TTT4,Aureobasidium pullulans,0,
A0ABR0TTW9,Aureobasidium pullulans,0,
A0ABR0TTY0,Aureobasidium pullulans,0,
A0ABR0TTV7,Aureobasidium pullulans,0,
A0ABR0TTR0,Aureobasidium pullulans,0,
A0ABR0TVC8,Aureobasidium pullulans,0,
A0ABR0TTM2,Aureobasidium pullulans,0,
A0ABR0TTR3,Aureobasidium pullulans,0,
A0ABR0TU01,Aureobasidium pullulans,0,
A0ABR0TTK1,Aureobasidium pullulans,0,
A0ABR0TTH9,Aureobasidium pullulans,0,
A0ABR0TU33,Aureobasidium pullulans,0,
A0ABR0TVL8,Aureobasidium pullulans,0,
A0ABR0TTX3,Aureobasidium pullulans,0,
A0ABR0TU54,Aureobasidium pullulans,0,
A0ABR0TU07,Aureobasidium pullulans,0,
A0ABR0TU45,Aureobasidium pullulans,0,
A0ABR0TU24,Aureobasidium pullulans,0,
A0ABR0TUQ8,Aureobasidium pullulans,0,
A0ABR0TU15,Aureobasidium pullulans,0,
A0ABR0TU73,Aureobasidium pullulans,0,
A0ABR0TU30,Aureobasidium pullulans,0,
A0ABR0TU32,Aureobasidium pullulans,0,
A0ABR0TFM3,Aureobasidium pullulans,0,
A0ABR0TS33,Aureobasidium pullulans,0,
A0ABR0TUA2,Aureobasidium pullulans,0,
A0ABR0TVT8,Aureobasidium pullulans,0,
A0ABR0TU43,Aureobasidium pullulans,0,
A0ABR0TK77,Aureobasidium pullulans,0,
A0ABR0TKB8,Aureobasidium pullulans,0,
A0ABR0TLT3,Aureobasidium pullulans,0,
A0ABR0TL66,Aureobasidium pullulans,0,
A0ABR0TR47,Aureobasidium pullulans,0,
A0ABR0TKQ3,Aureobasidium pullulans,0,
A0ABR0TLF5,Aureobasidium pullulans,0,
A0ABR0TKN6,Aureobasidium pullulans,0,
A0ABR0TEW7,Aureobasidium pullulans,0,
A0ABR0TUR4,Aureobasidium pullulans,0,
A0ABR0TKF9,Aureobasidium pullulans,0,
A0ABR0TK58,Aureobasidium pullulans,0,
A0ABR0TK76,Aureobasidium pullulans,0,
A0ABR0TKN7,Aureobasidium pullulans,0,
A0ABR0TK70,Aureobasidium pullulans,0,
A0ABR0TKA3,Aureobasidium pullulans,0,
A0ABR0TKC0,Aureobasidium pullulans,0,
A0ABR0TNL8,Aureobasidium pullulans,0,
A0ABR0TKX9,Aureobasidium pullulans,0,
A0ABR0TKX5,Aureobasidium pullulans,0,
A0ABR0TL79,Aureobasidium pullulans,0,
A0ABR0TLY5,Aureobasidium pullulans,0,
A0ABR0TLH1,Aureobasidium pullulans,0,
A0ABR0TKV6,Aureobasidium pullulans,0,
A0ABR0TRL8,Aureobasidium pullulans,0,
A0ABR0TDV8,Aureobasidium pullulans,0,
A0ABR0TP09,Aureobasidium pullulans,0,
A0ABR0TPX7,Aureobasidium pullulans,0,
A0ABR0TKM2,Aureobasidium pullulans,0,
A0ABR0TLE0,Aureobasidium pullulans,0,
A0ABR0T933,Aureobasidium pullulans,0,
A0ABR0TNG2,Aureobasidium pullulans,0,
A0ABR0TKT9,Aureobasidium pullulans,0,
A0ABR0TKH1,Aureobasidium pullulans,0,
A0ABR0TKJ3,Aureobasidium pullulans,0,
A0ABR0TKK1,Aureobasidium pullulans,0,
A0ABR0TKZ1,Aureobasidium pullulans,0,
A0ABR0TKI3,Aureobasidium pullulans,0,
A0ABR0TLZ7,Aureobasidium pullulans,0,
A0ABR0TLZ6,Aureobasidium pullulans,0,
A0ABR0TKN4,Aureobasidium pullulans,0,
A0ABR0TL93,Aureobasidium pullulans,0,
A0ABR0TLA5,Aureobasidium pullulans,0,
A0ABR0TS26,Aureobasidium pullulans,0,
A0ABR0TBS9,Aureobasidium pullulans,0,
A0ABR0TBS2,Aureobasidium pullulans,0,
A0ABR0TBJ7,Aureobasidium pullulans,0,
A0ABR0TBJ5,Aureobasidium pullulans,0,
A0ABR0TVZ0,Aureobasidium pullulans,0,
A0ABR0TBY7,Aureobasidium pullulans,0,
A0ABR0TDF2,Aureobasidium pullulans,0,
A0ABR0TCU0,Aureobasidium pullulans,0,
A0ABR0TCW5,Aureobasidium pullulans,0,
A0ABR0TC02,Aureobasidium pullulans,0,
A0ABR0TBE9,Aureobasidium pullulans,0,
A0ABR0TBG2,Aureobasidium pullulans,0,
A0ABR0TBR9,Aureobasidium pullulans,0,
A0ABR0TCU5,Aureobasidium pullulans,0,
A0ABR0TBC3,Aureobasidium pullulans,0,
A0ABR0TBV6,Aureobasidium pullulans,0,
A0ABR0TCQ3,Aureobasidium pullulans,0,
A0ABR0THV6,Aureobasidium pullulans,0,
A0ABR0TH25,Aureobasidium pullulans,0,
A0ABR0THP2,Aureobasidium pullulans,0,
A0ABR0TH74,Aureobasidium pullulans,0,
A0ABR0TH63,Aureobasidium pullulans,0,
A0ABR0TH66,Aureobasidium pullulans,0,
A0ABR0TIC8,Aureobasidium pullulans,0,
A0ABR0TGV8,Aureobasidium pullulans,0,
A0ABR0TIE1,Aureobasidium pullulans,0,
A0ABR0THT3,Aureobasidium pullulans,0,
A0ABR0TGX0,Aureobasidium pullulans,0,
A0ABR0TGY0,Aureobasidium pullulans,0,
A0ABR0TGX2,Aureobasidium pullulans,0,
A0ABR0TGY1,Aureobasidium pullulans,0,
A0ABR0TGP4,Aureobasidium pullulans,0,
A0ABR0T9S1,Aureobasidium pullulans,0,
A0ABR0TB85,Aureobasidium pullulans,0,
A0ABR0T9U3,Aureobasidium pullulans,0,
A0ABR0TIJ2,Aureobasidium pullulans,0,
A0ABR0TH29,Aureobasidium pullulans,0,
A0ABR0THB5,Aureobasidium pullulans,0,
A0ABR0TH69,Aureobasidium pullulans,0,
A0ABR0TGJ5,Aureobasidium pullulans,0,
A0ABR0TGK8,Aureobasidium pullulans,0,
A0ABR0THJ0,Aureobasidium pullulans,0,
A0ABR0THA2,Aureobasidium pullulans,0,
A0ABR0TH91,Aureobasidium pullulans,0,
A0ABR0TH82,Aureobasidium pullulans,0,
A0ABR0TH90,Aureobasidium pullulans,0,
A0ABR0T5G9,Aureobasidium pullulans,0,
A0ABR0THE6,Aureobasidium pullulans,0,
A0ABR0TI18,Aureobasidium pullulans,0,
A0ABR0TGG7,Aureobasidium pullulans,0,
A0ABR0TH23,Aureobasidium pullulans,0,
A0ABR0TGF0,Aureobasidium pullulans,0,
A0ABR0TJJ4,Aureobasidium pullulans,0,
A0ABR0TGM1,Aureobasidium pullulans,0,
A0ABR0TGK5,Aureobasidium pullulans,0,
A0ABR0THI9,Aureobasidium pullulans,0,
A0ABR0TGA8,Aureobasidium pullulans,0,
A0ABR0TG75,Aureobasidium pullulans,0,
A0ABR0TG86,Aureobasidium pullulans,0,
A0ABR0TG85,Aureobasidium pullulans,0,
A0ABR0THM2,Aureobasidium pullulans,0,
A0ABR0TV70,Aureobasidium pullulans,0,
A0ABR0TUZ8,Aureobasidium pullulans,0,
A0ABR0TWH4,Aureobasidium pullulans,0,
A0ABR0TV00,Aureobasidium pullulans,0,
A0ABR0TVG7,Aureobasidium pullulans,0,
A0ABR0TWR1,Aureobasidium pullulans,0,
A0ABR0TW81,Aureobasidium pullulans,0,
A0ABR0TVT3,Aureobasidium pullulans,0,
A0ABR0TV91,Aureobasidium pullulans,0,
A0ABR0TW67,Aureobasidium pullulans,0,
A0ABR0TVB3,Aureobasidium pullulans,0,
A0ABR0TX35,Aureobasidium pullulans,0,
A0ABR0TX98,Aureobasidium pullulans,0,
A0ABR0TVI6,Aureobasidium pullulans,0,
A0ABR0TWP0,Aureobasidium pullulans,0,
A0ABR0TVJ3,Aureobasidium pullulans,0,
A0ABR0TVL3,Aureobasidium pullulans,0,
A0ABR0TWY8,Aureobasidium pullulans,0,
A0ABR0TX57,Aureobasidium pullulans,0,
A0ABR0TUQ9,Aureobasidium pullulans,0,
A0ABR0TUN4,Aureobasidium pullulans,0,
A0ABR0TVU2,Aureobasidium pullulans,0,
A0ABR0TV56,Aureobasidium pullulans,0,
A0ABR0TUK0,Aureobasidium pullulans,0,
A0ABR0TVC3,Aureobasidium pullulans,0,
A0ABR0TJQ9,Aureobasidium pullulans,0,
A0ABR0TWJ6,Aureobasidium pullulans,0,
A0ABR0TUV6,Aureobasidium pullulans,0,
A0ABR0TV04,Aureobasidium pullulans,0,
A0ABR0TW01,Aureobasidium pullulans,0,
A0ABR0TX27,Aureobasidium pullulans,0,
A0ABR0TVB6,Aureobasidium pullulans,0,
A0ABR0TVW1,Aureobasidium pullulans,0,
A0ABR0TW00,Aureobasidium pullulans,0,
A0ABR0TVR8,Aureobasidium pullulans,0,
A0ABR0TXD8,Aureobasidium pullulans,0,
A0ABR0TWI5,Aureobasidium pullulans,0,
A0ABR0TX80,Aureobasidium pullulans,0,
A0ABR0TW90,Aureobasidium pullulans,0,
A0ABR0TVR0,Aureobasidium pullulans,0,
A0ABR0TVT2,Aureobasidium pullulans,0,
A0ABR0TW48,Aureobasidium pullulans,0,
A0ABR0TVV1,Aureobasidium pullulans,0,
A0ABR0TVS5,Aureobasidium pullulans,0,
A0ABR0TVJ5,Aureobasidium pullulans,0,
A0ABR0TVL9,Aureobasidium pullulans,0,
A0ABR0TW45,Aureobasidium pullulans,0,
A0ABR0TUI5,Aureobasidium pullulans,0,
A0ABR0TUL7,Aureobasidium pullulans,0,
A0ABR0TWD0,Aureobasidium pullulans,0,
A0ABR0TWX4,Aureobasidium pullulans,0,
A0ABR0TVS8,Aureobasidium pullulans,0,
A0ABR0TWY3,Aureobasidium pullulans,0,
A0ABR0TWQ4,Aureobasidium pullulans,0,
A0ABR0TW14,Aureobasidium pullulans,0,
A0ABR0TXH7,Aureobasidium pullulans,0,
A0ABR0TX60,Aureobasidium pullulans,0,
A0ABR0TW36,Aureobasidium pullulans,0,
A0ABR0TW91,Aureobasidium pullulans,0,
A0ABR0TWZ0,Aureobasidium pullulans,0,
A0ABR0TW75,Aureobasidium pullulans,0,
A0ABR0TX79,Aureobasidium pullulans,0,
A0ABR0TWX3,Aureobasidium pullulans,0,
A0ABR0TW08,Aureobasidium pullulans,0,
A0ABR0TXE6,Aureobasidium pullulans,0,
A0ABR0TW69,Aureobasidium pullulans,0,
A0ABR0TX29,Aureobasidium pullulans,0,
A0ABR0TXD7,Aureobasidium pullulans,0,
A0ABR0TWZ1,Aureobasidium pullulans,0,
A0ABR0TWS8,Aureobasidium pullulans,0,
A0ABR0TET2,Aureobasidium pullulans,0,
A0ABR0TXB9,Aureobasidium pullulans,0,
A0ABR0TW17,Aureobasidium pullulans,0,
A0ABR0TXE2,Aureobasidium pullulans,0,
A0ABR0TV63,Aureobasidium pullulans,0,
A0ABR0TV71,Aureobasidium pullulans,0,
A0ABR0TWU5,Aureobasidium pullulans,0,
A0ABR0TVR2,Aureobasidium pullulans,0,
A0ABR0TVA3,Aureobasidium pullulans,0,
A0ABR0TWV2,Aureobasidium pullulans,0,
A0ABR0TX02,Aureobasidium pullulans,0,
A0ABR0TWB8,Aureobasidium pullulans,0,
A0ABR0TWL0,Aureobasidium pullulans,0,
A0ABR0TX15,Aureobasidium pullulans,0,
A0ABR0TW99,Aureobasidium pullulans,0,
A0ABR0TWB3,Aureobasidium pullulans,0,
A0ABR0TXF6,Aureobasidium pullulans,0,
A0ABR0TWC8,Aureobasidium pullulans,0,
A0ABR0TWD9,Aureobasidium pullulans,0,
A0ABR0TWB6,Aureobasidium pullulans,0,
A0ABR0TWN4,Aureobasidium pullulans,0,
A0ABR0TWT3,Aureobasidium pullulans,0,
A0ABR0TX34,Aureobasidium pullulans,0,
A0ABR0TQM9,Aureobasidium pullulans,0,
A0ABR0TRD1,Aureobasidium pullulans,0,
A0ABR0TQR2,Aureobasidium pullulans,0,
A0ABR0TQH4,Aureobasidium pullulans,0,
A0ABR0TQW7,Aureobasidium pullulans,0,
A0ABR0TQQ7,Aureobasidium pullulans,0,
A0ABR0T9Y6,Aureobasidium pullulans,0,
A0ABR0T9N4,Aureobasidium pullulans,0,
A0ABR0TRZ2,Aureobasidium pullulans,0,
A0ABR0TQR9,Aureobasidium pullulans,0,
A0ABR0TRN8,Aureobasidium pullulans,0,
A0ABR0TQQ2,Aureobasidium pullulans,0,
A0ABR0TSH3,Aureobasidium pullulans,0,
A0ABR0TRW1,Aureobasidium pullulans,0,
A0ABR0TQW2,Aureobasidium pullulans,0,
A0ABR0TRY2,Aureobasidium pullulans,0,
A0ABR0TRI0,Aureobasidium pullulans,0,
A0ABR0TL09,Aureobasidium pullulans,0,
A0ABR0TKY6,Aureobasidium pullulans,0,
A0ABR0TA39,Aureobasidium pullulans,0,
A0ABR0T9L9,Aureobasidium pullulans,0,
A0ABR0T9X2,Aureobasidium pullulans,0,
A0ABR0TRN7,Aureobasidium pullulans,0,
A0ABR0T8U1,Aureobasidium pullulans,0,
A0ABR0TA37,Aureobasidium pullulans,0,
A0ABR0TJC5,Aureobasidium pullulans,0,
A0ABR0TWS9,Aureobasidium pullulans,0,
A0ABR0TLM6,Aureobasidium pullulans,0,
A0ABR0TMM7,Aureobasidium pullulans,0,
A0ABR0TMM3,Aureobasidium pullulans,0,
A0ABR0TLE7,Aureobasidium pullulans,0,
A0ABR0TL56,Aureobasidium pullulans,0,
A0ABR0TL52,Aureobasidium pullulans,0,
A0ABR0TL55,Aureobasidium pullulans,0,
A0ABR0TMN5,Aureobasidium pullulans,0,
A0ABR0T9R5,Aureobasidium pullulans,0,
A0ABR0T8V1,Aureobasidium pullulans,0,
A0ABR0T8V8,Aureobasidium pullulans,0,
A0ABR0TR95,Aureobasidium pullulans,0,
A0ABR0TQN0,Aureobasidium pullulans,0,
A0ABR0TQA0,Aureobasidium pullulans,0,
A0ABR0TQA3,Aureobasidium pullulans,0,
A0ABR0TQC7,Aureobasidium pullulans,0,
A0ABR0TRX4,Aureobasidium pullulans,0,
A0ABR0TQB6,Aureobasidium pullulans,0,
A0ABR0T8R0,Aureobasidium pullulans,0,
A0ABR0T8P8,Aureobasidium pullulans,0,
A0ABR0T9L2,Aureobasidium pullulans,0,
A0ABR0T9K4,Aureobasidium pullulans,0,
A0ABR0T8M8,Aureobasidium pullulans,0,
A0ABR0T890,Aureobasidium pullulans,0,
A0ABR0TW06,Aureobasidium pullulans,0,
A0ABR0T6F5,Aureobasidium pullulans,0,
A0ABR0T656,Aureobasidium pullulans,0,
A0ABR0TNB0,Aureobasidium pullulans,0,
A0ABR0TUQ7,Aureobasidium pullulans,0,
A0ABR0TNL4,Aureobasidium pullulans,0,
A0ABR0TSS9,Aureobasidium pullulans,0,
A0ABR0TNX9,Aureobasidium pullulans,0,
A0ABR0TJL7,Aureobasidium pullulans,0,
A0ABR0T7I2,Aureobasidium pullulans,0,
A0ABR0TBD3,Aureobasidium pullulans,0,
A0ABR0TBG1,Aureobasidium pullulans,0,
A0ABR0TV41,Aureobasidium pullulans,0,
A0ABR0T7L5,Aureobasidium pullulans,0,
A0ABR0TCU8,Aureobasidium pullulans,0,
A0ABR0TEA0,Aureobasidium pullulans,0,
A0ABR0TJ08,Aureobasidium pullulans,0,
A0ABR0TAB4,Aureobasidium pullulans,0,
A0ABR0TQB2,Aureobasidium pullulans,0,
A0ABR0TDP4,Aureobasidium pullulans,0,
A0ABR0TL62,Aureobasidium pullulans,0,
A0ABR0T5B8,Aureobasidium pullulans,0,
A0ABR0T7T8,Aureobasidium pullulans,0,
A0ABR0TAE2,Aureobasidium pullulans,0,
A0ABR0T7B3,Aureobasidium pullulans,0,
A0ABR0TC04,Aureobasidium pullulans,0,
A0ABR0TIS6,Aureobasidium pullulans,0,
A0ABR0TVI4,Aureobasidium pullulans,0,
A0ABR0T7X6,Aureobasidium pullulans,0,
A0ABR0TLR6,Aureobasidium pullulans,0,
A0ABR0TE86,Aureobasidium pullulans,0,
A0ABR0T8G9,Aureobasidium pullulans,0,
A0ABR0TKD2,Aureobasidium pullulans,0,
A0ABR0T8C3,Aureobasidium pullulans,0,
A0ABR0TNP7,Aureobasidium pullulans,0,
A0ABR0T630,Aureobasidium pullulans,0,
A0ABR0T7E9,Aureobasidium pullulans,0,
A0ABR0TCB7,Aureobasidium pullulans,0,
A0ABR0TX08,Aureobasidium pullulans,0,
A0ABR0TBW8,Aureobasidium pullulans,0,
A0ABR0TIT3,Aureobasidium pullulans,0,
A0ABR0T5E3,Aureobasidium pullulans,0,
A0ABR0TR74,Aureobasidium pullulans,0,
A0ABR0TRJ3,Aureobasidium pullulans,0,
A0ABR0TIN8,Aureobasidium pullulans,0,
A0ABR0TE95,Aureobasidium pullulans,0,
A0ABR0TQ55,Aureobasidium pullulans,0,
A0ABR0TSM9,Aureobasidium pullulans,0,
A0ABR0TCA3,Aureobasidium pullulans,0,
A0ABR0TLP9,Aureobasidium pullulans,0,
A0ABR0TCZ4,Aureobasidium pullulans,0,
A0ABR0TUX4,Aureobasidium pullulans,0,
A0ABR0TE28,Aureobasidium pullulans,0,
A0ABR0TPJ0,Aureobasidium pullulans,0,
A0ABR0T8L9,Aureobasidium pullulans,0,
A0ABR0TAB5,Aureobasidium pullulans,0,
A0ABR0TQ68,Aureobasidium pullulans,0,
A0ABR0THA5,Aureobasidium pullulans,0,
A0ABR0TRG4,Aureobasidium pullulans,0,
A0ABR0T669,Aureobasidium pullulans,0,
A0ABR0TL24,Aureobasidium pullulans,0,
A0ABR0TCR7,Aureobasidium pullulans,0,
A0ABR0TB29,Aureobasidium pullulans,0,
A0ABR0TGA7,Aureobasidium pullulans,0,
A0ABR0T7H2,Aureobasidium pullulans,0,
A0ABR0TFH8,Aureobasidium pullulans,0,
A0ABR0T9M5,Aureobasidium pullulans,0,
A0ABR0TLQ7,Aureobasidium pullulans,0,
A0ABR0TNC2,Aureobasidium pullulans,0,
A0ABR0TT82,Aureobasidium pullulans,0,
A0ABR0TR25,Aureobasidium pullulans,0,
A0ABR0TAC1,Aureobasidium pullulans,0,
A0ABR0TCF1,Aureobasidium pullulans,0,
A0ABR0T9I0,Aureobasidium pullulans,0,
A0ABR0T5P8,Aureobasidium pullulans,0,
A0ABR0T7A7,Aureobasidium pullulans,0,
A0ABR0TIN6,Aureobasidium pullulans,0,
A0ABR0TAC2,Aureobasidium pullulans,0,
A0ABR0TIJ1,Aureobasidium pullulans,0,
A0ABR0TJL2,Aureobasidium pullulans,0,
A0ABR0T985,Aureobasidium pullulans,0,
A0ABR0TAQ9,Aureobasidium pullulans,0,
A0ABR0TVY9,Aureobasidium pullulans,0,
A0ABR0T622,Aureobasidium pullulans,0,
A0ABR0TI77,Aureobasidium pullulans,0,
A0ABR0TQF0,Aureobasidium pullulans,0,
A0ABR0TX00,Aureobasidium pullulans,0,
A0ABR0TPQ7,Aureobasidium pullulans,0,
A0ABR0TA99,Aureobasidium pullulans,0,
A0ABR0T8S2,Aureobasidium pullulans,0,
A0ABR0T796,Aureobasidium pullulans,0,
A0ABR0TD56,Aureobasidium pullulans,0,
A0ABR0TGK6,Aureobasidium pullulans,0,
A0ABR0TKU9,Aureobasidium pullulans,0,
A0ABR0TVI3,Aureobasidium pullulans,0,
A0ABR0TH77,Aureobasidium pullulans,0,
A0ABR0TH88,Aureobasidium pullulans,0,
A0ABR0T5F4,Aureobasidium pullulans,0,
A0ABR0TQS8,Aureobasidium pullulans,0,
A0ABR0TAW6,Aureobasidium pullulans,0,
A0ABR0T814,Aureobasidium pullulans,0,
A0ABR0TWQ0,Aureobasidium pullulans,0,
A0ABR0T4M1,Aureobasidium pullulans,0,
A0ABR0T5L1,Aureobasidium pullulans,0,
A0ABR0TNC1,Aureobasidium pullulans,0,
A0ABR0TRW7,Aureobasidium pullulans,0,
A0ABR0THG9,Aureobasidium pullulans,0,
A0ABR0TMR1,Aureobasidium pullulans,0,
A0ABR0TAQ7,Aureobasidium pullulans,0,
A0ABR0TAE9,Aureobasidium pullulans,0,
A0ABR0TPU0,Aureobasidium pullulans,0,
A0ABR0TBM9,Aureobasidium pullulans,0,
A0ABR0TK86,Aureobasidium pullulans,0,
A0ABR0TLI1,Aureobasidium pullulans,0,
A0ABR0TE10,Aureobasidium pullulans,0,
A0ABR0TAU2,Aureobasidium pullulans,0,
A0ABR0TTF2,Aureobasidium pullulans,0,
A0ABR0TNL9,Aureobasidium pullulans,0,
A0ABR0T5W1,Aureobasidium pullulans,0,
A0ABR0TBZ9,Aureobasidium pullulans,0,
A0ABR0TQW8,Aureobasidium pullulans,0,
A0ABR0T558,Aureobasidium pullulans,0,
A0ABR0TEG5,Aureobasidium pullulans,0,
A0ABR0TNZ1,Aureobasidium pullulans,0,
A0ABR0THL2,Aureobasidium pullulans,0,
A0ABR0T8V7,Aureobasidium pullulans,0,
A0ABR0TBV2,Aureobasidium pullulans,0,
A0ABR0TKM7,Aureobasidium pullulans,0,
A0ABR0TG02,Aureobasidium pullulans,0,
A0ABR0TC99,Aureobasidium pullulans,0,
A0ABR0TVY2,Aureobasidium pullulans,0,
A0ABR0TU63,Aureobasidium pullulans,0,
A0ABR0TV87,Aureobasidium pullulans,0,
A0ABR0TTH8,Aureobasidium pullulans,0,
A0ABR0TMF9,Aureobasidium pullulans,0,
A0ABR0TRJ4,Aureobasidium pullulans,0,
A0ABR0TBP7,Aureobasidium pullulans,0,
A0ABR0TBQ0,Aureobasidium pullulans,0,
A0ABR0TMH8,Aureobasidium pullulans,0,
A0ABR0TPJ6,Aureobasidium pullulans,0,
A0ABR0TUB7,Aureobasidium pullulans,0,
A0ABR0TCC2,Aureobasidium pullulans,0,
A0ABR0T5H9,Aureobasidium pullulans,0,
A0ABR0T896,Aureobasidium pullulans,0,
A0ABR0T8F5,Aureobasidium pullulans,0,
A0ABR0THA1,Aureobasidium pullulans,0,
A0ABR0TQ96,Aureobasidium pullulans,0,
A0ABR0TPT6,Aureobasidium pullulans,0,
A0ABR0THN7,Aureobasidium pullulans,0,
A0ABR0TH35,Aureobasidium pullulans,0,
A0ABR0TRX8,Aureobasidium pullulans,0,
A0ABR0T529,Aureobasidium pullulans,0,
A0ABR0TFK8,Aureobasidium pullulans,0,
A0ABR0T9U5,Aureobasidium pullulans,0,
A0ABR0TK21,Aureobasidium pullulans,0,
A0ABR0TKH7,Aureobasidium pullulans,0,
A0ABR0TFY0,Aureobasidium pullulans,0,
A0ABR0T7E6,Aureobasidium pullulans,0,
A0ABR0T5Y9,Aureobasidium pullulans,0,
A0ABR0THJ9,Aureobasidium pullulans,0,
A0ABR0TMX3,Aureobasidium pullulans,0,
A0ABR0TBI1,Aureobasidium pullulans,0,
A0ABR0TRZ1,Aureobasidium pullulans,0,
A0ABR0TV74,Aureobasidium pullulans,0,
A0ABR0T4V0,Aureobasidium pullulans,0,
A0ABR0TQN5,Aureobasidium pullulans,0,
A0ABR0TAH0,Aureobasidium pullulans,0,
A0ABR0TMQ8,Aureobasidium pullulans,0,
A0ABR0TAL3,Aureobasidium pullulans,0,
A0ABR0T9N3,Aureobasidium pullulans,0,
A0ABR0TVH0,Aureobasidium pullulans,0,
A0ABR0TSZ7,Aureobasidium pullulans,0,
A0ABR0TDQ7,Aureobasidium pullulans,0,
A0ABR0TWZ3,Aureobasidium pullulans,0,
A0ABR0TD33,Aureobasidium pullulans,0,
A0ABR0TBQ6,Aureobasidium pullulans,0,
A0ABR0T700,Aureobasidium pullulans,0,
A0ABR0TDT9,Aureobasidium pullulans,0,
A0ABR0T6E0,Aureobasidium pullulans,0,
A0ABR0TL53,Aureobasidium pullulans,0,
A0ABR0T8X3,Aureobasidium pullulans,0,
A0ABR0TH45,Aureobasidium pullulans,0,
A0ABR0TGK9,Aureobasidium pullulans,0,
A0ABR0TUM3,Aureobasidium pullulans,0,
A0ABR0T6Z0,Aureobasidium pullulans,0,
A0ABR0TMK6,Aureobasidium pullulans,0,
A0ABR0T6D7,Aureobasidium pullulans,0,
A0ABR0TW74,Aureobasidium pullulans,0,
A0ABR0TUR1,Aureobasidium pullulans,0,
A0ABR0TG36,Aureobasidium pullulans,0,
A0ABR0TRR3,Aureobasidium pullulans,0,
A0ABR0TCE2,Aureobasidium pullulans,0,
A0ABR0T8W0,Aureobasidium pullulans,0,
A0ABR0T956,Aureobasidium pullulans,0,
A0ABR0T9G7,Aureobasidium pullulans,0,
A0ABR0TLB9,Aureobasidium pullulans,0,
A0ABR0T8M6,Aureobasidium pullulans,0,
A0ABR0TD93,Aureobasidium pullulans,0,
A0ABR0TQD7,Aureobasidium pullulans,0,
A0ABR0TLE2,Aureobasidium pullulans,0,
A0ABR0TJD9,Aureobasidium pullulans,0,
A0ABR0TB18,Aureobasidium pullulans,0,
A0ABR0TG91,Aureobasidium pullulans,0,
A0ABR0THQ2,Aureobasidium pullulans,0,
A0ABR0TTE5,Aureobasidium pullulans,0,
A0ABR0TBS0,Aureobasidium pullulans,0,
A0ABR0TFB0,Aureobasidium pullulans,0,
A0ABR0T972,Aureobasidium pullulans,0,
A0ABR0TET1,Aureobasidium pullulans,0,
A0ABR0T4S6,Aureobasidium pullulans,0,
A0ABR0T4S1,Aureobasidium pullulans,0,
A0ABR0TPE9,Aureobasidium pullulans,0,
A0ABR0TWH0,Aureobasidium pullulans,0,
A0ABR0T655,Aureobasidium pullulans,0,
A0ABR0T565,Aureobasidium pullulans,0,
A0ABR0TMD3,Aureobasidium pullulans,0,
A0ABR0TH78,Aureobasidium pullulans,0,
A0ABR0TKY5,Aureobasidium pullulans,0,
A0ABR0TF20,Aureobasidium pullulans,0,
A0ABR0TF16,Aureobasidium pullulans,0,
A0ABR0TR15,Aureobasidium pullulans,0,
A0ABR0TFQ1,Aureobasidium pullulans,0,
A0ABR0TUY7,Aureobasidium pullulans,0,
A0ABR0TS31,Aureobasidium pullulans,0,
A0ABR0TNJ5,Aureobasidium pullulans,0,
A0ABR0T639,Aureobasidium pullulans,0,
A0ABR0TD45,Aureobasidium pullulans,0,
A0ABR0T959,Aureobasidium pullulans,0,
A0ABR0TEE1,Aureobasidium pullulans,0,
A0ABR0TV85,Aureobasidium pullulans,0,
A0ABR0TL38,Aureobasidium pullulans,0,
A0ABR0T4H8,Aureobasidium pullulans,0,
A0ABR0T792,Aureobasidium pullulans,0,
A0ABR0TUY3,Aureobasidium pullulans,0,
A0ABR0TP27,Aureobasidium pullulans,0,
A0ABR0T743,Aureobasidium pullulans,0,
A0ABR0TK14,Aureobasidium pullulans,0,
A0ABR0TQK1,Aureobasidium pullulans,0,
A0ABR0TQI8,Aureobasidium pullulans,0,
A0ABR0TJI8,Aureobasidium pullulans,0,
A0ABR0TKK0,Aureobasidium pullulans,0,
A0ABR0TRR5,Aureobasidium pullulans,0,
A0ABR0TB00,Aureobasidium pullulans,0,
A0ABR0TBQ8,Aureobasidium pullulans,0,
A0ABR0T8U7,Aureobasidium pullulans,0,
A0ABR0TDH0,Aureobasidium pullulans,0,
A0ABR0TJX2,Aureobasidium pullulans,0,
A0ABR0TTF5,Aureobasidium pullulans,0,
A0ABR0TJ64,Aureobasidium pullulans,0,
A0ABR0TJ24,Aureobasidium pullulans,0,
A0ABR0TJ12,Aureobasidium pullulans,0,
A0ABR0TJ58,Aureobasidium pullulans,0,
A0ABR0TC55,Aureobasidium pullulans,0,
A0ABR0T6T0,Aureobasidium pullulans,0,
A0ABR0TSW4,Aureobasidium pullulans,0,
A0ABR0TAG6,Aureobasidium pullulans,0,
A0ABR0TB79,Aureobasidium pullulans,0,
A0ABR0TUY8,Aureobasidium pullulans,0,
A0ABR0TBW1,Aureobasidium pullulans,0,
A0ABR0TT71,Aureobasidium pullulans,0,
A0ABR0T567,Aureobasidium pullulans,0,
A0ABR0TCI0,Aureobasidium pullulans,0,
A0ABR0TB15,Aureobasidium pullulans,0,
A0ABR0T810,Aureobasidium pullulans,0,
A0ABR0TFX1,Aureobasidium pullulans,0,
A0ABR0TEL0,Aureobasidium pullulans,0,
A0ABR0T5Z1,Aureobasidium pullulans,0,
A0ABR0TC96,Aureobasidium pullulans,0,
A0ABR0TUH7,Aureobasidium pullulans,0,
A0ABR0TSN2,Aureobasidium pullulans,0,
A0ABR0TQG5,Aureobasidium pullulans,0,
A0ABR0TQH3,Aureobasidium pullulans,0,
A0ABR0TGD5,Aureobasidium pullulans,0,
A0ABR0TJ99,Aureobasidium pullulans,0,
A0ABR0TBF6,Aureobasidium pullulans,0,
A0ABR0TBX8,Aureobasidium pullulans,0,
A0ABR0TR55,Aureobasidium pullulans,0,
A0ABR0TR29,Aureobasidium pullulans,0,
A0ABR0TGT1,Aureobasidium pullulans,0,
A0ABR0TSZ9,Aureobasidium pullulans,0,
A0ABR0TTD2,Aureobasidium pullulans,0,
A0ABR0TPI0,Aureobasidium pullulans,0,
A0ABR0TFB1,Aureobasidium pullulans,0,
A0ABR0TF91,Aureobasidium pullulans,0,
A0ABR0TGP8,Aureobasidium pullulans,0,
A0ABR0TGL5,Aureobasidium pullulans,0,
A0ABR0TI38,Aureobasidium pullulans,0,
A0ABR0TBD7,Aureobasidium pullulans,0,
A0ABR0TAX2,Aureobasidium pullulans,0,
A0ABR0TDR0,Aureobasidium pullulans,0,
A0ABR0TD24,Aureobasidium pullulans,0,
A0ABR0TJZ1,Aureobasidium pullulans,0,
A0ABR0TR21,Aureobasidium pullulans,0,
A0ABR0TA90,Aureobasidium pullulans,0,
A0ABR0TIG2,Aureobasidium pullulans,0,
A0ABR0TIA5,Aureobasidium pullulans,0,
A0ABR0T9D8,Aureobasidium pullulans,0,
A0ABR0TEE8,Aureobasidium pullulans,0,
A0ABR0TAA4,Aureobasidium pullulans,0,
A0ABR0TAB3,Aureobasidium pullulans,0,
A0ABR0TA33,Aureobasidium pullulans,0,
A0ABR0TDY8,Aureobasidium pullulans,0,
A0ABR0TDX8,Aureobasidium pullulans,0,
A0ABR0TEX6,Aureobasidium pullulans,0,
A0ABR0TKS8,Aureobasidium pullulans,0,
A0ABR0TKS7,Aureobasidium pullulans,0,
A0ABR0TMC9,Aureobasidium pullulans,0,
A0ABR0T685,Aureobasidium pullulans,0,
A0ABR0TC01,Aureobasidium pullulans,0,
A0ABR0T8B3,Aureobasidium pullulans,0,
A0ABR0TDG8,Aureobasidium pullulans,0,
A0ABR0TDF7,Aureobasidium pullulans,0,
A0ABR0TW56,Aureobasidium pullulans,0,
A0ABR0TUS1,Aureobasidium pullulans,0,
A0ABR0THQ8,Aureobasidium pullulans,0,
A0ABR0T5F9,Aureobasidium pullulans,0,
A0ABR0TC83,Aureobasidium pullulans,0,
A0ABR0TV53,Aureobasidium pullulans,0,
A0ABR0TI87,Aureobasidium pullulans,0,
A0ABR0TIP6,Aureobasidium pullulans,0,
A0A1A7MNZ9,Aureobasidium pullulans,0,
A0ABR0TIW0,Aureobasidium pullulans,0,
A0ABR0T9N6,Aureobasidium pullulans,0,
A0ABR0T953,Aureobasidium pullulans,0,
A0ABR0TJS9,Aureobasidium pullulans,0,
A0ABR0T5K4,Aureobasidium pullulans,0,
A0ABR0T6G7,Aureobasidium pullulans,0,
A0ABR0T676,Aureobasidium pullulans,0,
A0ABR0TNQ7,Aureobasidium pullulans,0,
A0ABR0TQM3,Aureobasidium pullulans,0,
A0ABR0TRL5,Aureobasidium pullulans,0,
A0ABR0TUL4,Aureobasidium pullulans,0,
A0ABR0TST6,Aureobasidium pullulans,0,
A0ABR0TR46,Aureobasidium pullulans,0,
A0ABR0TMB0,Aureobasidium pullulans,0,
A0ABR0TM98,Aureobasidium pullulans,0,
A0ABR0TAD3,Aureobasidium pullulans,0,
A0ABR0TAV3,Aureobasidium pullulans,0,
A0ABR0TAW5,Aureobasidium pullulans,0,
A0ABR0TN14,Aureobasidium pullulans,0,
A0ABR0TNI6,Aureobasidium pullulans,0,
A0ABR0TMU8,Aureobasidium pullulans,0,
A0ABR0TMA1,Aureobasidium pullulans,0,
A0ABR0TCX4,Aureobasidium pullulans,0,
A0ABR0T6S0,Aureobasidium pullulans,0,
A0ABR0THT1,Aureobasidium pullulans,0,
A0ABR0TPU8,Aureobasidium pullulans,0,
A0ABR0TK42,Aureobasidium pullulans,0,
A0ABR0TDF4,Aureobasidium pullulans,0,
A0ABR0TDE8,Aureobasidium pullulans,0,
A0ABR0TDF0,Aureobasidium pullulans,0,
A0ABR0TEU8,Aureobasidium pullulans,0,
A0ABR0THY8,Aureobasidium pullulans,0,
A0ABR0TGD4,Aureobasidium pullulans,0,
A0ABR0T6Z4,Aureobasidium pullulans,0,
A0A4S9K794,Aureobasidium pullulans,0,
A0ABR0TUJ2,Aureobasidium pullulans,0,
A0ABR0TSV4,Aureobasidium pullulans,0,
A0ABR0TSU3,Aureobasidium pullulans,0,
A0ABR0TWS4,Aureobasidium pullulans,0,
A0ABR0TFK1,Aureobasidium pullulans,0,
A0ABR0TEK6,Aureobasidium pullulans,0,
A0ABR0T4H1,Aureobasidium pullulans,0,
A0ABR0TSD4,Aureobasidium pullulans,0,
A0ABR0TT11,Aureobasidium pullulans,0,
A0ABR0TKR5,Aureobasidium pullulans,0,
A0ABR0TIJ4,Aureobasidium pullulans,0,
A0ABR0TJ89,Aureobasidium pullulans,0,
A0ABR0TIQ8,Aureobasidium pullulans,0,
A0ABR0TU60,Aureobasidium pullulans,0,
A0ABR0TUB9,Aureobasidium pullulans,0,
A0ABR0TUJ7,Aureobasidium pullulans,0,
A0ABR0TUA5,Aureobasidium pullulans,0,
A0ABR0TUS6,Aureobasidium pullulans,0,
A0ABR0TMY1,Aureobasidium pullulans,0,
A0ABR0TLL0,Aureobasidium pullulans,0,
A0ABR0TMF0,Aureobasidium pullulans,0,
A0ABR0TM87,Aureobasidium pullulans,0,
A0ABR0TF73,Aureobasidium pullulans,0,
A0ABR0TSL5,Aureobasidium pullulans,0,
A0ABR0T670,Aureobasidium pullulans,0,
A0ABR0T7I0,Aureobasidium pullulans,0,
A0ABR0TKG2,Aureobasidium pullulans,0,
A0ABR0TJY4,Aureobasidium pullulans,0,
A0ABR0TTY9,Aureobasidium pullulans,0,
A0ABR0TWJ2,Aureobasidium pullulans,0,
A0ABR0TWI1,Aureobasidium pullulans,0,
A0ABR0TP97,Aureobasidium pullulans,0,
A0ABR0TN86,Aureobasidium pullulans,0,
A0ABR0TSC1,Aureobasidium pullulans,0,
A0ABR0TL21,Aureobasidium pullulans,0,
A0ABR0TLB6,Aureobasidium pullulans,0,
A0ABR0T977,Aureobasidium pullulans,0,
A0ABR0TGT6,Aureobasidium pullulans,0,
A0ABR0TFP5,Aureobasidium pullulans,0,
A0ABR0TH58,Aureobasidium pullulans,0,
A0ABR0TVS3,Aureobasidium pullulans,0,
A0ABR0TU49,Aureobasidium pullulans,0,
A0ABR0TV96,Aureobasidium pullulans,0,
A0ABR0TTG7,Aureobasidium pullulans,0,
A0ABR0TIC3,Aureobasidium pullulans,0,
A0ABR0TLI7,Aureobasidium pullulans,0,
A0ABR0TR27,Aureobasidium pullulans,0,
A0ABR0TQJ1,Aureobasidium pullulans,0,
A0ABR0TWY2,Aureobasidium pullulans,0,
A0ABR0TKH0,Aureobasidium pullulans,0,
A0ABR0TA58,Aureobasidium pullulans,0,
A0ABR0TAY8,Aureobasidium pullulans,0,
A0ABR0TAH3,Aureobasidium pullulans,0,
A0ABR0TPV3,Aureobasidium pullulans,0,
A0ABR0TR62,Aureobasidium pullulans,0,
A0ABR0TPH8,Aureobasidium pullulans,0,
A0ABR0TNX2,Aureobasidium pullulans,0,
A0ABR0TNT7,Aureobasidium pullulans,0,
A0ABR0T7R3,Aureobasidium pullulans,0,
A0A4S9C0M7,Aureobasidium pullulans,0,
A0ABR0TMI9,Aureobasidium pullulans,0,
A0ABR0TB58,Aureobasidium pullulans,0,
A0ABR0TI45,Aureobasidium pullulans,0,
A0ABR0TJJ3,Aureobasidium pullulans,0,
A0ABR0TAV6,Aureobasidium pullulans,0,
A0ABR0TAM6,Aureobasidium pullulans,0,
A0ABR0T962,Aureobasidium pullulans,0,
A0ABR0T8E1,Aureobasidium pullulans,0,
A0ABR0TCB4,Aureobasidium pullulans,0,
A0ABR0TCB1,Aureobasidium pullulans,0,
A0ABR0TDG1,Aureobasidium pullulans,0,
A0ABR0TCY4,Aureobasidium pullulans,0,
A0ABR0TDB3,Aureobasidium pullulans,0,
A0ABR0TJB9,Aureobasidium pullulans,0,
A0ABR0T654,Aureobasidium pullulans,0,
A0ABR0TQF2,Aureobasidium pullulans,0,
A0ABR0TNU1,Aureobasidium pullulans,0,
A0ABR0T5B0,Aureobasidium pullulans,0,
A0ABR0T9U8,Aureobasidium pullulans,0,
A0ABR0T9T1,Aureobasidium pullulans,0,
A0ABR0TDU9,Aureobasidium pullulans,0,
A0ABR0TDT3,Aureobasidium pullulans,0,
A0ABR0THX8,Aureobasidium pullulans,0,
A0ABR0TIF0,Aureobasidium pullulans,0,
A0ABR0TI10,Aureobasidium pullulans,0,
A0ABR0TG41,Aureobasidium pullulans,0,
A0ABR0TR11,Aureobasidium pullulans,0,
A0ABR0T5G7,Aureobasidium pullulans,0,
A0ABR0TSD5,Aureobasidium pullulans,0,
A0ABR0TQA1,Aureobasidium pullulans,0,
A0ABR0TPE3,Aureobasidium pullulans,0,
A0ABR0TTS1,Aureobasidium pullulans,0,
A0ABR0TU95,Aureobasidium pullulans,0,
A0ABR0TC95,Aureobasidium pullulans,0,
A0ABR0TUN3,Aureobasidium pullulans,0,
A0ABR0TUA1,Aureobasidium pullulans,0,
A0ABR0TU78,Aureobasidium pullulans,0,
A0ABR0TKL0,Aureobasidium pullulans,0,
A0ABR0TKL3,Aureobasidium pullulans,0,
A0ABR0TEM4,Aureobasidium pullulans,0,
A0ABR0TEN9,Aureobasidium pullulans,0,
A0ABR0TEG3,Aureobasidium pullulans,0,
A0ABR0TQ10,Aureobasidium pullulans,0,
A0ABR0TQ91,Aureobasidium pullulans,0,
A0ABR0TC65,Aureobasidium pullulans,0,
A0ABR0TSA0,Aureobasidium pullulans,0,
A0ABR0TXI9,Aureobasidium pullulans,0,
A0ABR0TWC4,Aureobasidium pullulans,0,
A0ABR0TWB2,Aureobasidium pullulans,0,
A0ABR0TR26,Aureobasidium pullulans,0,
A0ABR0TIG0,Aureobasidium pullulans,0,
A0ABR0TCT7,Aureobasidium pullulans,0,
A0ABR0TCQ9,Aureobasidium pullulans,0,
A0ABR0T5X7,Aureobasidium pullulans,0,
A0ABR0T667,Aureobasidium pullulans,0,
A0ABR0TRB7,Aureobasidium pullulans,0,
A0ABR0TS98,Aureobasidium pullulans,0,
A0ABR0TM32,Aureobasidium pullulans,0,
A0ABR0TS15,Aureobasidium pullulans,0,
A0ABR0T8W3,Aureobasidium pullulans,0,
A0ABR0TPT2,Aureobasidium pullulans,0,
A0ABR0TAX0,Aureobasidium pullulans,0,
A0ABR0T9D3,Aureobasidium pullulans,0,
A0ABR0T910,Aureobasidium pullulans,0,
A0ABR0TE32,Aureobasidium pullulans,0,
A0ABR0TCF6,Aureobasidium pullulans,0,
A0ABR0TMS6,Aureobasidium pullulans,0,
A0ABR0TWR9,Aureobasidium pullulans,0,
A0ABR0TMW9,Aureobasidium pullulans,0,
A0ABR0TH18,Aureobasidium pullulans,0,
A0ABR0TII0,Aureobasidium pullulans,0,
A0ABR0TLF8,Aureobasidium pullulans,0,
A0ABR0TMR7,Aureobasidium pullulans,0,
A0ABR0TM44,Aureobasidium pullulans,0,
A0ABR0TJW4,Aureobasidium pullulans,0,
A0ABR0T9W4,Aureobasidium pullulans,0,
A0ABR0T8X1,Aureobasidium pullulans,0,
A0ABR0TDH8,Aureobasidium pullulans,0,
A0ABR0TVY6,Aureobasidium pullulans,0,
A0ABR0T5J1,Aureobasidium pullulans,0,
A0ABR0TH60,Aureobasidium pullulans,0,
A0ABR0TFU2,Aureobasidium pullulans,0,
A0ABR0TH73,Aureobasidium pullulans,0,
A0ABR0TCL2,Aureobasidium pullulans,0,
A0ABR0TBC0,Aureobasidium pullulans,0,
A0ABR0TLY7,Aureobasidium pullulans,0,
A0ABR0TLY8,Aureobasidium pullulans,0,
A0ABR0TJ40,Aureobasidium pullulans,0,
A0ABR0T580,Aureobasidium pullulans,0,
A0ABR0TF66,Aureobasidium pullulans,0,
A0ABR0TH02,Aureobasidium pullulans,0,
A0ABR0TIG9,Aureobasidium pullulans,0,
A0ABR0TBC1,Aureobasidium pullulans,0,
A0ABR0TB89,Aureobasidium pullulans,0,
A0ABR0TNP2,Aureobasidium pullulans,0,
A0ABR0T5S0,Aureobasidium pullulans,0,
A0ABR0T712,Aureobasidium pullulans,0,
A0ABR0TEJ0,Aureobasidium pullulans,0,
A0ABR0TED5,Aureobasidium pullulans,0,
A0ABR0TFU1,Aureobasidium pullulans,0,
A0ABR0TA48,Aureobasidium pullulans,0,
A0ABR0TA80,Aureobasidium pullulans,0,
A0ABR0T6J0,Aureobasidium pullulans,0,
A0ABR0T5Y5,Aureobasidium pullulans,0,
A0ABR0T5X6,Aureobasidium pullulans,0,
A0ABR0T6A5,Aureobasidium pullulans,0,
A0ABR0TC11,Aureobasidium pullulans,0,
A0ABR0TP36,Aureobasidium pullulans,0,
A0ABR0TGV4,Aureobasidium pullulans,0,
A0ABR0TGX7,Aureobasidium pullulans,0,
A0ABR0TTT7,Aureobasidium pullulans,0,
A0ABR0TET6,Aureobasidium pullulans,0,
A0ABR0TTJ0,Aureobasidium pullulans,0,
A0ABR0TU91,Aureobasidium pullulans,0,
A0ABR0TM96,Aureobasidium pullulans,0,
A0ABR0TMR5,Aureobasidium pullulans,0,
A0ABR0TMA9,Aureobasidium pullulans,0,
A0ABR0TMU6,Aureobasidium pullulans,0,
A0ABR0TJV3,Aureobasidium pullulans,0,
A0ABR0TLD0,Aureobasidium pullulans,0,
A0ABR0TKM5,Aureobasidium pullulans,0,
A0ABR0TSE2,Aureobasidium pullulans,0,
A0ABR0TTL4,Aureobasidium pullulans,0,
A0ABR0TRV2,Aureobasidium pullulans,0,
A0ABR0TTE2,Aureobasidium pullulans,0,
A0ABR0TAX9,Aureobasidium pullulans,0,
A0ABR0T8D4,Aureobasidium pullulans,0,
A0ABR0TT25,Aureobasidium pullulans,0,
A0ABR0T8P7,Aureobasidium pullulans,0,
A0ABR0TB19,Aureobasidium pullulans,0,
A0ABR0TG08,Aureobasidium pullulans,0,
A0ABR0TCK5,Aureobasidium pullulans,0,
A0ABR0T7U3,Aureobasidium pullulans,0,
A0ABR0THD0,Aureobasidium pullulans,0,
A0ABR0T8F3,Aureobasidium pullulans,0,
A0ABR0T9R0,Aureobasidium pullulans,0,
A0ABR0TKK6,Aureobasidium pullulans,0,
A0ABR0TDN6,Aureobasidium pullulans,0,
A0ABR0TDN7,Aureobasidium pullulans,0,
A0ABR0TWB0,Aureobasidium pullulans,0,
A0ABR0TSI1,Aureobasidium pullulans,0,
A0ABR0TS42,Aureobasidium pullulans,0,
A0ABR0TR56,Aureobasidium pullulans,0,
A0ABR0TQK2,Aureobasidium pullulans,0,
A0ABR0TCE4,Aureobasidium pullulans,0,
A0ABR0THE3,Aureobasidium pullulans,0,
A0ABR0TH51,Aureobasidium pullulans,0,
A0ABR0T4R8,Aureobasidium pullulans,0,
A0ABR0TQ16,Aureobasidium pullulans,0,
A0ABR0TPX3,Aureobasidium pullulans,0,
A0ABR0TAV7,Aureobasidium pullulans,0,
A0ABR0T532,Aureobasidium pullulans,0,
A0ABR0TJI4,Aureobasidium pullulans,0,
A0ABR0TKY7,Aureobasidium pullulans,0,
A0ABR0TAJ1,Aureobasidium pullulans,0,
A0ABR0TDL9,Aureobasidium pullulans,0,
A0ABR0T5I7,Aureobasidium pullulans,0,
A0ABR0TAQ8,Aureobasidium pullulans,0,
A0ABR0T9X5,Aureobasidium pullulans,0,
A0ABR0TFP3,Aureobasidium pullulans,0,
A0ABR0TUA3,Aureobasidium pullulans,0,
A0ABR0TTH6,Aureobasidium pullulans,0,
A0ABR0TK23,Aureobasidium pullulans,0,
A0ABR0TA46,Aureobasidium pullulans,0,
A0ABR0TQN4,Aureobasidium pullulans,0,
A0ABR0TS11,Aureobasidium pullulans,0,
A0ABR0TVY4,Aureobasidium pullulans,0,
A0ABR0TSX1,Aureobasidium pullulans,0,
A0ABR0TU64,Aureobasidium pullulans,0,
A0ABR0TN67,Aureobasidium pullulans,0,
A0ABR0TR54,Aureobasidium pullulans,0,
A0ABR0TH95,Aureobasidium pullulans,0,
A0ABR0TGC7,Aureobasidium pullulans,0,
A0ABR0TRI2,Aureobasidium pullulans,0,
A0ABR0TUG6,Aureobasidium pullulans,0,
A0ABR0TQN8,Aureobasidium pullulans,0,
A0ABR0T7Y0,Aureobasidium pullulans,0,
A0ABR0T849,Aureobasidium pullulans,0,
A0ABR0T8L0,Aureobasidium pullulans,0,
A0ABR0TSG4,Aureobasidium pullulans,0,
A0ABR0TLW3,Aureobasidium pullulans,0,
A0ABR0TL86,Aureobasidium pullulans,0,
A0ABR0T7I8,Aureobasidium pullulans,0,
A0ABR0TTG8,Aureobasidium pullulans,0,
A0ABR0TJZ2,Aureobasidium pullulans,0,
A0ABR0T6J1,Aureobasidium pullulans,0,
A0ABR0T8H1,Aureobasidium pullulans,0,
A0ABR0TQ62,Aureobasidium pullulans,0,
A0ABR0TJF2,Aureobasidium pullulans,0,
A0ABR0TRR6,Aureobasidium pullulans,0,
A0ABR0TQA7,Aureobasidium pullulans,0,
A0ABR0T6F8,Aureobasidium pullulans,0,
A0ABR0TTE9,Aureobasidium pullulans,0,
A0ABR0T6Y1,Aureobasidium pullulans,0,
A0ABR0TCC6,Aureobasidium pullulans,0,
A0ABR0TCW6,Aureobasidium pullulans,0,
A0ABR0T715,Aureobasidium pullulans,0,
A0ABR0TDP5,Aureobasidium pullulans,0,
A0ABR0TB71,Aureobasidium pullulans,0,
A0ABR0TAI9,Aureobasidium pullulans,0,
A0ABR0TB81,Aureobasidium pullulans,0,
A0ABR0T9K2,Aureobasidium pullulans,0,
A0ABR0TMQ0,Aureobasidium pullulans,0,
A0ABR0TCY9,Aureobasidium pullulans,0,
A0ABR0TV45,Aureobasidium pullulans,0,
A0ABR0TT81,Aureobasidium pullulans,0,
A0ABR0TVS1,Aureobasidium pullulans,0,
A0ABR0TQX0,Aureobasidium pullulans,0,
A0ABR0T976,Aureobasidium pullulans,0,
A0ABR0TLQ5,Aureobasidium pullulans,0,
A0ABR0TRJ8,Aureobasidium pullulans,0,
A0ABR0TFT1,Aureobasidium pullulans,0,
A0ABR0TQJ6,Aureobasidium pullulans,0,
A0ABR0TK81,Aureobasidium pullulans,0,
A0ABR0TB45,Aureobasidium pullulans,0,
A0ABR0TWQ7,Aureobasidium pullulans,0,
A0ABR0TEB3,Aureobasidium pullulans,0,
A0ABR0T8L3,Aureobasidium pullulans,0,
A0ABR0TIT7,Aureobasidium pullulans,0,
A0ABR0TG14,Aureobasidium pullulans,0,
A0ABR0TG66,Aureobasidium pullulans,0,
A0ABR0TJ88,Aureobasidium pullulans,0,
A0ABR0TEL4,Aureobasidium pullulans,0,
A0ABR0TH20,Aureobasidium pullulans,0,
A0ABR0T9C7,Aureobasidium pullulans,0,
A0ABR0TDB9,Aureobasidium pullulans,0,
A0ABR0TQT8,Aureobasidium pullulans,0,
A0ABR0T5Q7,Aureobasidium pullulans,0,
A0ABR0TGI2,Aureobasidium pullulans,0,
A0ABR0T8P9,Aureobasidium pullulans,0,
A0ABR0TUH1,Aureobasidium pullulans,0,
A0ABR0TUI6,Aureobasidium pullulans,0,
A0ABR0TEL2,Aureobasidium pullulans,0,
A0ABR0TJ35,Aureobasidium pullulans,0,
A0ABR0TE60,Aureobasidium pullulans,0,
A0ABR0TV88,Aureobasidium pullulans,0,
A0ABR0TKL8,Aureobasidium pullulans,0,
A0ABR0TK62,Aureobasidium pullulans,0,
A0ABR0T7L7,Aureobasidium pullulans,0,
A0ABR0TR76,Aureobasidium pullulans,0,
A0ABR0T7N2,Aureobasidium pullulans,0,
A0ABR0T4M4,Aureobasidium pullulans,0,
A0ABR0TXI5,Aureobasidium pullulans,0,
A0ABR0TN74,Aureobasidium pullulans,0,
A0ABR0TJ52,Aureobasidium pullulans,0,
A0ABR0TJ47,Aureobasidium pullulans,0,
A0ABR0TWE0,Aureobasidium pullulans,0,
A0ABR0TN18,Aureobasidium pullulans,0,
A0ABR0TMZ1,Aureobasidium pullulans,0,
A0ABR0T754,Aureobasidium pullulans,0,
A0ABR0T7N0,Aureobasidium pullulans,0,
A0ABR0TN32,Aureobasidium pullulans,0,
A0ABR0TTL6,Aureobasidium pullulans,0,
A0ABR0TA21,Aureobasidium pullulans,0,
A0ABR0TSV6,Aureobasidium pullulans,0,
A0ABR0T5M4,Aureobasidium pullulans,0,
A0ABR0TT33,Aureobasidium pullulans,0,
A0ABR0TEI1,Aureobasidium pullulans,0,
A0ABR0TIT9,Aureobasidium pullulans,0,
A0ABR0T729,Aureobasidium pullulans,0,
A0ABR0TQB3,Aureobasidium pullulans,0,
A0ABR0TL98,Aureobasidium pullulans,0,
A0ABR0TLC5,Aureobasidium pullulans,0,
A0ABR0TQ03,Aureobasidium pullulans,0,
A0ABR0TGF5,Aureobasidium pullulans,0,
A0ABR0T4M0,Aureobasidium pullulans,0,
A0ABR0TG49,Aureobasidium pullulans,0,
A0ABR0T8F6,Aureobasidium pullulans,0,
A0ABR0TF77,Aureobasidium pullulans,0,
A0ABR0TF71,Aureobasidium pullulans,0,
A0ABR0TXW3,Aureobasidium pullulans,0,
A0ABR0TSJ3,Aureobasidium pullulans,0,
A0ABR0T9Y8,Aureobasidium pullulans,0,
A0ABR0TKJ4,Aureobasidium pullulans,0,
A0ABR0TJY0,Aureobasidium pullulans,0,
A0ABR0T5C3,Aureobasidium pullulans,0,
A0ABR0T5D0,Aureobasidium pullulans,0,
A0ABR0TIZ8,Aureobasidium pullulans,0,
A0ABR0TLJ2,Aureobasidium pullulans,0,
A0ABR0T8C1,Aureobasidium pullulans,0,
A0ABR0TMJ0,Aureobasidium pullulans,0,
A0ABR0TTZ3,Aureobasidium pullulans,0,
A0ABR0TVF1,Aureobasidium pullulans,0,
A0ABR0TVI8,Aureobasidium pullulans,0,
A0ABR0TKG4,Aureobasidium pullulans,0,
A0ABR0TFG9,Aureobasidium pullulans,0,
A0ABR0TRI8,Aureobasidium pullulans,0,
A0ABR0TN07,Aureobasidium pullulans,0,
A0ABR0TIJ8,Aureobasidium pullulans,0,
A0ABR0T8Y5,Aureobasidium pullulans,0,
A0ABR0TR93,Aureobasidium pullulans,0,
A0ABR0T590,Aureobasidium pullulans,0,
A0ABR0TDF3,Aureobasidium pullulans,0,
A0ABR0T728,Aureobasidium pullulans,0,
A0ABR0T8Z2,Aureobasidium pullulans,0,
A0ABR0TN78,Aureobasidium pullulans,0,
A0ABR0TPV5,Aureobasidium pullulans,0,
A0ABR0TWR4,Aureobasidium pullulans,0,
A0ABR0TGW7,Aureobasidium pullulans,0,
A0ABR0TNQ8,Aureobasidium pullulans,0,
A0ABR0TMZ6,Aureobasidium pullulans,0,
A0ABR0TD65,Aureobasidium pullulans,0,
A0ABR0TJX4,Aureobasidium pullulans,0,
A0ABR0TDJ3,Aureobasidium pullulans,0,
A0ABR0TC34,Aureobasidium pullulans,0,
A0ABR0TFA1,Aureobasidium pullulans,0,
A0ABR0TL32,Aureobasidium pullulans,0,
A0ABR0TJZ3,Aureobasidium pullulans,0,
A0ABR0TD19,Aureobasidium pullulans,0,
A0ABR0TEG1,Aureobasidium pullulans,0,
A0ABR0TJX3,Aureobasidium pullulans,0,
A0ABR0TU71,Aureobasidium pullulans,0,
A0ABR0T6Y6,Aureobasidium pullulans,0,
A0ABR0T8C5,Aureobasidium pullulans,0,
A0ABR0TWI6,Aureobasidium pullulans,0,
A0ABR0TWQ3,Aureobasidium pullulans,0,
A0ABR0TD52,Aureobasidium pullulans,0,
A0ABR0TBN4,Aureobasidium pullulans,0,
A0ABR0TES5,Aureobasidium pullulans,0,
A0ABR0TDZ4,Aureobasidium pullulans,0,
A0ABR0T527,Aureobasidium pullulans,0,
A0ABR0T7N9,Aureobasidium pullulans,0,
A0ABR0TDX3,Aureobasidium pullulans,0,
A0ABR0TIS9,Aureobasidium pullulans,0,
A0ABR0TDU1,Aureobasidium pullulans,0,
A0ABR0TS65,Aureobasidium pullulans,0,
A0ABR0TU76,Aureobasidium pullulans,0,
A0ABR0TDM9,Aureobasidium pullulans,0,
A0ABR0TCZ6,Aureobasidium pullulans,0,
A0ABR0T4Y2,Aureobasidium pullulans,0,
A0ABR0TRN6,Aureobasidium pullulans,0,
A0ABR0TSM6,Aureobasidium pullulans,0,
A0ABR0TTB2,Aureobasidium pullulans,0,
A0ABR0TKV8,Aureobasidium pullulans,0,
A0ABR0TRF1,Aureobasidium pullulans,0,
A0ABR0TSA4,Aureobasidium pullulans,0,
A0ABR0THJ8,Aureobasidium pullulans,0,
A0ABR0TKS1,Aureobasidium pullulans,0,
A0ABR0TRB6,Aureobasidium pullulans,0,
A0ABR0TU82,Aureobasidium pullulans,0,
A0ABR0TT15,Aureobasidium pullulans,0,
A0ABR0TE91,Aureobasidium pullulans,0,
A0ABR0TE75,Aureobasidium pullulans,0,
A0ABR0TH75,Aureobasidium pullulans,0,
A0ABR0TD25,Aureobasidium pullulans,0,
A0ABR0THB9,Aureobasidium pullulans,0,
A0ABR0TIN0,Aureobasidium pullulans,0,
A0ABR0T4X0,Aureobasidium pullulans,0,
A0ABR0TNT5,Aureobasidium pullulans,0,
A0ABR0TID5,Aureobasidium pullulans,0,
A0ABR0TLC0,Aureobasidium pullulans,0,
A0ABR0TFH3,Aureobasidium pullulans,0,
A0ABR0TXQ0,Aureobasidium pullulans,0,
A0ABR0TBI9,Aureobasidium pullulans,0,
A0ABR0TCZ1,Aureobasidium pullulans,0,
A0ABR0TJ72,Aureobasidium pullulans,0,
A0ABR0TMU0,Aureobasidium pullulans,0,
A0ABR0TNI3,Aureobasidium pullulans,0,
A0ABR0TSW7,Aureobasidium pullulans,0,
A0ABR0T8T4,Aureobasidium pullulans,0,
A0ABR0TSE8,Aureobasidium pullulans,0,
A0ABR0TDB0,Aureobasidium pullulans,0,
A0ABR0THU5,Aureobasidium pullulans,0,
A0ABR0TG37,Aureobasidium pullulans,0,
A0ABR0TSM3,Aureobasidium pullulans,0,
A0ABR0TWA1,Aureobasidium pullulans,0,
A0ABR0TAQ6,Aureobasidium pullulans,0,
A0ABR0T9H9,Aureobasidium pullulans,0,
A0ABR0TPU2,Aureobasidium pullulans,0,
A0ABR0TIR6,Aureobasidium pullulans,0,
A0ABR0TSR3,Aureobasidium pullulans,0,
A0ABR0TAN7,Aureobasidium pullulans,0,
A0ABR0TWY0,Aureobasidium pullulans,0,
A0ABR0THM5,Aureobasidium pullulans,0,
A0ABR0TKJ9,Aureobasidium pullulans,0,
A0ABR0T5B5,Aureobasidium pullulans,0,
A0ABR0TH39,Aureobasidium pullulans,0,
A0ABR0TMQ7,Aureobasidium pullulans,0,
A0ABR0TK12,Aureobasidium pullulans,0,
A0ABR0TUX3,Aureobasidium pullulans,0,
A0ABR0TC60,Aureobasidium pullulans,0,
A0ABR0TPE5,Aureobasidium pullulans,0,
A0ABR0TSF2,Aureobasidium pullulans,0,
A0ABR0T6B5,Aureobasidium pullulans,0,
A0ABR0TXA6,Aureobasidium pullulans,0,
A0ABR0TJ53,Aureobasidium pullulans,0,
A0ABR0T8D3,Aureobasidium pullulans,0,
A0ABR0TQI9,Aureobasidium pullulans,0,
A0ABR0T5L2,Aureobasidium pullulans,0,
A0ABR0T4N1,Aureobasidium pullulans,0,
A0ABR0TVJ7,Aureobasidium pullulans,0,
A0ABR0TGC8,Aureobasidium pullulans,0,
A0ABR0TIS4,Aureobasidium pullulans,0,
A0ABR0TEZ0,Aureobasidium pullulans,0,
A0ABR0TIP8,Aureobasidium pullulans,0,
A0ABR0T5E4,Aureobasidium pullulans,0,
A0ABR0TGQ9,Aureobasidium pullulans,0,
A0ABR0TR39,Aureobasidium pullulans,0,
A0ABR0TH52,Aureobasidium pullulans,0,
A0ABR0TRV6,Aureobasidium pullulans,0,
A0ABR0TSB7,Aureobasidium pullulans,0,
A0ABR0TJ63,Aureobasidium pullulans,0,
A0ABR0TKU2,Aureobasidium pullulans,0,
A0ABR0TFW0,Aureobasidium pullulans,0,
A0ABR0TRE0,Aureobasidium pullulans,0,
A0ABR0TI40,Aureobasidium pullulans,0,
A0ABR0T6Z8,Aureobasidium pullulans,0,
A0ABR0TE97,Aureobasidium pullulans,0,
A0ABR0TEB2,Aureobasidium pullulans,0,
A0ABR0TFF2,Aureobasidium pullulans,0,
A0ABR0THK4,Aureobasidium pullulans,0,
A0ABR0TGH9,Aureobasidium pullulans,0,
A0ABR0TTF6,Aureobasidium pullulans,0,
A0ABR0TUZ0,Aureobasidium pullulans,0,
A0ABR0TKB7,Aureobasidium pullulans,0,
A0ABR0TLQ2,Aureobasidium pullulans,0,
A0ABR0T4F0,Aureobasidium pullulans,0,
A0ABR0TVL5,Aureobasidium pullulans,0,
A0ABR0TR18,Aureobasidium pullulans,0,
A0ABR0T4J9,Aureobasidium pullulans,0,
A0ABR0TF65,Aureobasidium pullulans,0,
A0ABR0TP00,Aureobasidium pullulans,0,
A0ABR0TPD1,Aureobasidium pullulans,0,
A0ABR0TF62,Aureobasidium pullulans,0,
A0ABR0TFE4,Aureobasidium pullulans,0,
A0A1A7MEQ7,Aureobasidium pullulans,0,
A0ABR0TI78,Aureobasidium pullulans,0,
A0ABR0TGW0,Aureobasidium pullulans,0,
A0ABR0T7X1,Aureobasidium pullulans,0,
A0ABR0T7D3,Aureobasidium pullulans,0,
A0ABR0TJU7,Aureobasidium pullulans,0,
A0ABR0TQI3,Aureobasidium pullulans,0,
A0ABR0TRF8,Aureobasidium pullulans,0,
A0ABR0TQ06,Aureobasidium pullulans,0,
A0ABR0T635,Aureobasidium pullulans,0,
A0ABR0TFV3,Aureobasidium pullulans,0,
A0ABR0TWM5,Aureobasidium pullulans,0,
A0ABR0T7X5,Aureobasidium pullulans,0,
A0ABR0T8E5,Aureobasidium pullulans,0,
A0ABR0TG65,Aureobasidium pullulans,0,
A0ABR0TCD7,Aureobasidium pullulans,0,
A0ABR0TD48,Aureobasidium pullulans,0,
A0ABR0TJL8,Aureobasidium pullulans,0,
A0ABR0TPY7,Aureobasidium pullulans,0,
A0ABR0TQM2,Aureobasidium pullulans,0,
A0ABR0TR34,Aureobasidium pullulans,0,
A0ABR0TPM2,Aureobasidium pullulans,0,
A0ABR0TES6,Aureobasidium pullulans,0,
A0ABR0TKU4,Aureobasidium pullulans,0,
A0ABR0TGI6,Aureobasidium pullulans,0,
A0ABR0TSL4,Aureobasidium pullulans,0,
A0ABR0TQX6,Aureobasidium pullulans,0,
A0ABR0TJW5,Aureobasidium pullulans,0,
A0ABR0TJJ6,Aureobasidium pullulans,0,
A0ABR0TL75,Aureobasidium pullulans,0,
A0ABR0TJP0,Aureobasidium pullulans,0,
A0ABR0T631,Aureobasidium pullulans,0,
A0ABR0TUJ8,Aureobasidium pullulans,0,
A0ABR0TFQ2,Aureobasidium pullulans,0,
A0ABR0T7A0,Aureobasidium pullulans,0,
A0ABR0TRI7,Aureobasidium pullulans,0,
A0ABR0TRJ2,Aureobasidium pullulans,0,
A0ABR0TRA5,Aureobasidium pullulans,0,
A0ABR0TWD6,Aureobasidium pullulans,0,
A0ABR0TC63,Aureobasidium pullulans,0,
A0ABR0TCM1,Aureobasidium pullulans,0,
A0ABR0TC36,Aureobasidium pullulans,0,
A0ABR0T960,Aureobasidium pullulans,0,
A0ABR0TDX6,Aureobasidium pullulans,0,
A0ABR0TET7,Aureobasidium pullulans,0,
A0ABR0TKG1,Aureobasidium pullulans,0,
A0ABR0TQ04,Aureobasidium pullulans,0,
A0ABR0TEF2,Aureobasidium pullulans,0,
A0ABR0TIA1,Aureobasidium pullulans,0,
A0ABR0T5N5,Aureobasidium pullulans,0,
A0ABR0TIX8,Aureobasidium pullulans,0,
A0ABR0TLH4,Aureobasidium pullulans,0,
A0ABR0T6P5,Aureobasidium pullulans,0,
A0ABR0TPH4,Aureobasidium pullulans,0,
A0ABR0TUF3,Aureobasidium pullulans,0,
A0ABR0TKZ6,Aureobasidium pullulans,0,
A0ABR0T5M9,Aureobasidium pullulans,0,
A0ABR0TCK9,Aureobasidium pullulans,0,
A0ABR0TGU4,Aureobasidium pullulans,0,
A0ABR0TV97,Aureobasidium pullulans,0,
A0ABR0TBY6,Aureobasidium pullulans,0,
A0ABR0TBV3,Aureobasidium pullulans,0,
A0ABR0TBU8,Aureobasidium pullulans,0,
A0ABR0TJL4,Aureobasidium pullulans,0,
A0ABR0T6N3,Aureobasidium pullulans,0,
A0ABR0T5Z6,Aureobasidium pullulans,0,
A0ABR0TBU2,Aureobasidium pullulans,0,
A0ABR0TIC7,Aureobasidium pullulans,0,
A0ABR0TCT5,Aureobasidium pullulans,0,
A0ABR0TNR4,Aureobasidium pullulans,0,
A0ABR0TLF9,Aureobasidium pullulans,0,
A0ABR0TLC4,Aureobasidium pullulans,0,
A0ABR0TEZ6,Aureobasidium pullulans,0,
A0ABR0TFA7,Aureobasidium pullulans,0,
A0ABR0THM4,Aureobasidium pullulans,0,
A0ABR0TQU4,Aureobasidium pullulans,0,
A0ABR0TI83,Aureobasidium pullulans,0,
A0ABR0TUP3,Aureobasidium pullulans,0,
A0ABR0TAB7,Aureobasidium pullulans,0,
A0ABR0TMY0,Aureobasidium pullulans,0,
A0ABR0TII9,Aureobasidium pullulans,0,
A0ABR0TJ49,Aureobasidium pullulans,0,
A0ABR0TF57,Aureobasidium pullulans,0,
A0ABR0T6J6,Aureobasidium pullulans,0,
A0ABR0TRC0,Aureobasidium pullulans,0,
A0ABR0TRF0,Aureobasidium pullulans,0,
A0ABR0TSU8,Aureobasidium pullulans,0,
A0ABR0TRT1,Aureobasidium pullulans,0,
A0ABR0TER0,Aureobasidium pullulans,0,
A0ABR0TD00,Aureobasidium pullulans,0,
A0ABR0T6T5,Aureobasidium pullulans,0,
A0ABR0TNL7,Aureobasidium pullulans,0,
A0ABR0T692,Aureobasidium pullulans,0,
A0ABR0T5D2,Aureobasidium pullulans,0,
A0ABR0T5Z7,Aureobasidium pullulans,0,
A0ABR0T6B6,Aureobasidium pullulans,0,
A0ABR0T8E6,Aureobasidium pullulans,0,
A0ABR0TPA3,Aureobasidium pullulans,0,
A0ABR0TAZ9,Aureobasidium pullulans,0,
A0ABR0TEP0,Aureobasidium pullulans,0,
A0ABR0TG70,Aureobasidium pullulans,0,
A0ABR0TEC0,Aureobasidium pullulans,0,
A0ABR0TAX5,Aureobasidium pullulans,0,
A0ABR0TL08,Aureobasidium pullulans,0,
A0ABR0TFR2,Aureobasidium pullulans,0,
A0ABR0TAM7,Aureobasidium pullulans,0,
A0ABR0T9C3,Aureobasidium pullulans,0,
A0ABR0T9Q4,Aureobasidium pullulans,0,
A0ABR0THF3,Aureobasidium pullulans,0,
A0ABR0TAA7,Aureobasidium pullulans,0,
A0ABR0TAE6,Aureobasidium pullulans,0,
A0ABR0T6T6,Aureobasidium pullulans,0,
A0ABR0TSL2,Aureobasidium pullulans,0,
A0ABR0TSP7,Aureobasidium pullulans,0,
A0ABR0TUM4,Aureobasidium pullulans,0,
A0ABR0TIM7,Aureobasidium pullulans,0,
A0ABR0TA77,Aureobasidium pullulans,0,
A0ABR0T7M0,Aureobasidium pullulans,0,
A0ABR0TEU1,Aureobasidium pullulans,0,
A0ABR0TJJ0,Aureobasidium pullulans,0,
A0ABR0TN08,Aureobasidium pullulans,0,
A0ABR0TKS4,Aureobasidium pullulans,0,
A0ABR0TRI6,Aureobasidium pullulans,0,
A0ABR0TMB1,Aureobasidium pullulans,0,
A0ABR0T5R0,Aureobasidium pullulans,0,
A0ABR0T5V5,Aureobasidium pullulans,0,
A0ABR0T9V7,Aureobasidium pullulans,0,
A0ABR0TSJ8,Aureobasidium pullulans,0,
A0ABR0TII3,Aureobasidium pullulans,0,
A0ABR0THR3,Aureobasidium pullulans,0,
A0ABR0THP7,Aureobasidium pullulans,0,
A0ABR0T7C0,Aureobasidium pullulans,0,
A0ABR0TG60,Aureobasidium pullulans,0,
A0ABR0TAS4,Aureobasidium pullulans,0,
A0ABR0TBT9,Aureobasidium pullulans,0,
A0ABR0T7G0,Aureobasidium pullulans,0,
A0ABR0T928,Aureobasidium pullulans,0,
A0ABR0TA98,Aureobasidium pullulans,0,
A0ABR0TTI1,Aureobasidium pullulans,0,
A0ABR0TJZ4,Aureobasidium pullulans,0,
A0ABR0TU47,Aureobasidium pullulans,0,
A0ABR0TTH1,Aureobasidium pullulans,0,
A0ABR0TTI2,Aureobasidium pullulans,0,
A0ABR0TV89,Aureobasidium pullulans,0,
A0ABR0T7R5,Aureobasidium pullulans,0,
A0ABR0T8A5,Aureobasidium pullulans,0,
A0ABR0T7H9,Aureobasidium pullulans,0,
A0ABR0T7R2,Aureobasidium pullulans,0,
A0ABR0T837,Aureobasidium pullulans,0,
A0ABR0T913,Aureobasidium pullulans,0,
A0ABR0T5W8,Aureobasidium pullulans,0,
A0ABR0TM49,Aureobasidium pullulans,0,
A0ABR0TQ44,Aureobasidium pullulans,0,
A0ABR0T706,Aureobasidium pullulans,0,
A0ABR0T705,Aureobasidium pullulans,0,
A0ABR0TLC7,Aureobasidium pullulans,0,
A0ABR0TSB2,Aureobasidium pullulans,0,
A0ABR0TKQ1,Aureobasidium pullulans,0,
A0ABR0TM88,Aureobasidium pullulans,0,
A0ABR0TBB3,Aureobasidium pullulans,0,
A0ABR0TU81,Aureobasidium pullulans,0,
A0ABR0T5Y1,Aureobasidium pullulans,0,
A0ABR0T5I9,Aureobasidium pullulans,0,
A0ABR0T5E2,Aureobasidium pullulans,0,
A0ABR0TLY9,Aureobasidium pullulans,0,
A0ABR0TM05,Aureobasidium pullulans,0,
A0ABR0TSA6,Aureobasidium pullulans,0,
A0ABR0TSA7,Aureobasidium pullulans,0,
A0ABR0TTZ4,Aureobasidium pullulans,0,
A0ABR0THS4,Aureobasidium pullulans,0,
A0ABR0THJ2,Aureobasidium pullulans,0,
A0ABR0TI14,Aureobasidium pullulans,0,
A0ABR0TKJ6,Aureobasidium pullulans,0,
A0ABR0TKI2,Aureobasidium pullulans,0,
A0ABR0TJW2,Aureobasidium pullulans,0,
A0ABR0TSG8,Aureobasidium pullulans,0,
A0ABR0TQL8,Aureobasidium pullulans,0,
A0ABR0TEM9,Aureobasidium pullulans,0,
A0ABR0TQW1,Aureobasidium pullulans,0,
A0ABR0TQY5,Aureobasidium pullulans,0,
A0ABR0TRU2,Aureobasidium pullulans,0,
A0ABR0TL30,Aureobasidium pullulans,0,
A0ABR0TL50,Aureobasidium pullulans,0,
A0ABR0TLT7,Aureobasidium pullulans,0,
A0ABR0TLS2,Aureobasidium pullulans,0,
A0ABR0TQD9,Aureobasidium pullulans,0,
A0ABR0TB82,Aureobasidium pullulans,0,
A0ABR0TJE1,Aureobasidium pullulans,0,
A0ABR0TI70,Aureobasidium pullulans,0,
A0ABR0TJ91,Aureobasidium pullulans,0,
A0ABR0THZ6,Aureobasidium pullulans,0,
A0ABR0TIF2,Aureobasidium pullulans,0,
A0ABR0THH6,Aureobasidium pullulans,0,
A0ABR0TI17,Aureobasidium pullulans,0,
A0ABR0TEN5,Aureobasidium pullulans,0,
A0ABR0TQS4,Aureobasidium pullulans,0,
A0ABR0TQT1,Aureobasidium pullulans,0,
A0ABR0TQR3,Aureobasidium pullulans,0,
A0ABR0T717,Aureobasidium pullulans,0,
A0ABR0TKD8,Aureobasidium pullulans,0,
A0ABR0TFL2,Aureobasidium pullulans,0,
A0ABR0TFL3,Aureobasidium pullulans,0,
A0ABR0TN36,Aureobasidium pullulans,0,
A0ABR0TRS0,Aureobasidium pullulans,0,
A0ABR0TQ30,Aureobasidium pullulans,0,
A0ABR0TIZ1,Aureobasidium pullulans,0,
A0ABR0TRA8,Aureobasidium pullulans,0,
A0ABR0TS41,Aureobasidium pullulans,0,
A0ABR0TMZ5,Aureobasidium pullulans,0,
A0ABR0TRK5,Aureobasidium pullulans,0,
A0ABR0TRB9,Aureobasidium pullulans,0,
A0ABR0TVL7,Aureobasidium pullulans,0,
A0ABR0TI95,Aureobasidium pullulans,0,
A0ABR0THD2,Aureobasidium pullulans,0,
A0ABR0T6M4,Aureobasidium pullulans,0,
A0ABR0T7V6,Aureobasidium pullulans,0,
A0ABR0T7Q2,Aureobasidium pullulans,0,
A0ABR0T7N8,Aureobasidium pullulans,0,
A0ABR0T8J8,Aureobasidium pullulans,0,
A0ABR0T8P6,Aureobasidium pullulans,0,
A0ABR0T8H6,Aureobasidium pullulans,0,
A0ABR0T941,Aureobasidium pullulans,0,
A0ABR0TP67,Aureobasidium pullulans,0,
A0ABR0TP33,Aureobasidium pullulans,0,
A0ABR0TP39,Aureobasidium pullulans,0,
A0ABR0TPE1,Aureobasidium pullulans,0,
A0ABR0TPE8,Aureobasidium pullulans,0,
A0ABR0TP28,Aureobasidium pullulans,0,
A0ABR0TPT1,Aureobasidium pullulans,0,
A0ABR0TNV2,Aureobasidium pullulans,0,
A0ABR0TNV3,Aureobasidium pullulans,0,
A0ABR0T7K5,Aureobasidium pullulans,0,
A0ABR0T8K4,Aureobasidium pullulans,0,
A0ABR0TQL1,Aureobasidium pullulans,0,
A0ABR0TQK5,Aureobasidium pullulans,0,
A0ABR0TQD2,Aureobasidium pullulans,0,
A0ABR0TWP1,Aureobasidium pullulans,0,
A0ABR0TB57,Aureobasidium pullulans,0,
A0ABR0TSJ0,Aureobasidium pullulans,0,
A0ABR0TP32,Aureobasidium pullulans,0,
A0ABR0TMP0,Aureobasidium pullulans,0,
A0ABR0TCH4,Aureobasidium pullulans,0,
A0ABR0TWN5,Aureobasidium pullulans,0,
A0ABR0TV93,Aureobasidium pullulans,0,
A0ABR0TBA1,Aureobasidium pullulans,0,
A0ABR0T9Y0,Aureobasidium pullulans,0,
A0ABR0TUS8,Aureobasidium pullulans,0,
A0ABR0TT80,Aureobasidium pullulans,0,
A0ABR0TUJ9,Aureobasidium pullulans,0,
A0ABR0TVM8,Aureobasidium pullulans,0,
A0ABR0TJA2,Aureobasidium pullulans,0,
A0ABR0T9H4,Aureobasidium pullulans,0,
A0ABR0T9D6,Aureobasidium pullulans,0,
A0ABR0T9V6,Aureobasidium pullulans,0,
A0ABR0TA79,Aureobasidium pullulans,0,
A0ABR0TGL6,Aureobasidium pullulans,0,
A0ABR0TF53,Aureobasidium pullulans,0,
A0ABR0TF54,Aureobasidium pullulans,0,
A0ABR0TF43,Aureobasidium pullulans,0,
A0ABR0TRA0,Aureobasidium pullulans,0,
A0ABR0T8Q7,Aureobasidium pullulans,0,
A0ABR0TKF2,Aureobasidium pullulans,0,
A0ABR0TKL2,Aureobasidium pullulans,0,
A0ABR0TBE8,Aureobasidium pullulans,0,
A0ABR0T866,Aureobasidium pullulans,0,
A0ABR0TVL0,Aureobasidium pullulans,0,
A0ABR0TLP3,Aureobasidium pullulans,0,
A0ABR0T611,Aureobasidium pullulans,0,
A0ABR0TAP8,Aureobasidium pullulans,0,
A0ABR0TAK6,Aureobasidium pullulans,0,
A0ABR0T686,Aureobasidium pullulans,0,
A0ABR0T577,Aureobasidium pullulans,0,
A0ABR0TN81,Aureobasidium pullulans,0,
A0ABR0TBM4,Aureobasidium pullulans,0,
A0ABR0TDL5,Aureobasidium pullulans,0,
A0ABR0TDL7,Aureobasidium pullulans,0,
A0ABR0TDL0,Aureobasidium pullulans,0,
A0ABR0T736,Aureobasidium pullulans,0,
A0ABR0T6X3,Aureobasidium pullulans,0,
A0ABR0TU10,Aureobasidium pullulans,0,
A0ABR0TV42,Aureobasidium pullulans,0,
A0ABR0TVT4,Aureobasidium pullulans,0,
A0ABR0TV01,Aureobasidium pullulans,0,
A0ABR0TVX2,Aureobasidium pullulans,0,
A0ABR0TWR0,Aureobasidium pullulans,0,
A0ABR0TXL0,Aureobasidium pullulans,0,
A0ABR0TWG4,Aureobasidium pullulans,0,
A0ABR0TX92,Aureobasidium pullulans,0,
A0ABR0TW83,Aureobasidium pullulans,0,
A0ABR0TWZ4,Aureobasidium pullulans,0,
A0ABR0TWB7,Aureobasidium pullulans,0,
A0ABR0THG6,Aureobasidium pullulans,0,
A0ABR0TQA2,Aureobasidium pullulans,0,
A0ABR0TPR5,Aureobasidium pullulans,0,
A0ABR0TR90,Aureobasidium pullulans,0,
A0ABR0TFK5,Aureobasidium pullulans,0,
A0ABR0TFH0,Aureobasidium pullulans,0,
A0ABR0TI67,Aureobasidium pullulans,0,
A0ABR0TI60,Aureobasidium pullulans,0,
A0ABR0TIE6,Aureobasidium pullulans,0,
A0ABR0TI92,Aureobasidium pullulans,0,
A0ABR0TJL0,Aureobasidium pullulans,0,
A0ABR0TLC2,Aureobasidium pullulans,0,
A0ABR0TJW8,Aureobasidium pullulans,0,
A0ABR0TNB6,Aureobasidium pullulans,0,
A0ABR0TPX1,Aureobasidium pullulans,0,
A0ABR0TC71,Aureobasidium pullulans,0,
A0ABR0T4G1,Aureobasidium pullulans,0,
A0ABR0TSN9,Aureobasidium pullulans,0,
A0ABR0T4Q1,Aureobasidium pullulans,0,
A0ABR0TPQ5,Aureobasidium pullulans,0,
A0ABR0TDT5,Aureobasidium pullulans,0,
A0ABR0TKE8,Aureobasidium pullulans,0,
A0ABR0THZ4,Aureobasidium pullulans,0,
A0ABR0TEN3,Aureobasidium pullulans,0,
A0ABR0T752,Aureobasidium pullulans,0,
A0ABR0TRQ9,Aureobasidium pullulans,0,
A0ABR0TSP4,Aureobasidium pullulans,0,
A0ABR0TU41,Aureobasidium pullulans,0,
A0ABR0TTB4,Aureobasidium pullulans,0,
A0ABR0TTU5,Aureobasidium pullulans,0,
A0ABR0TMT5,Aureobasidium pullulans,0,
A0ABR0TMX2,Aureobasidium pullulans,0,
A0ABR0TMK2,Aureobasidium pullulans,0,
A0ABR0TM00,Aureobasidium pullulans,0,
A0ABR0TP30,Aureobasidium pullulans,0,
A0ABR0TAY4,Aureobasidium pullulans,0,
A0ABR0TIX4,Aureobasidium pullulans,0,
A0ABR0TBT5,Aureobasidium pullulans,0,
A0ABR0TBT8,Aureobasidium pullulans,0,
A0ABR0TDA9,Aureobasidium pullulans,0,
A0ABR0TP62,Aureobasidium pullulans,0,
A0ABR0TWS5,Aureobasidium pullulans,0,
A0ABR0TVE2,Aureobasidium pullulans,0,
A0ABR0TQC3,Aureobasidium pullulans,0,
A0ABR0TNS4,Aureobasidium pullulans,0,
A0ABR0TNQ2,Aureobasidium pullulans,0,
A0ABR0TFF0,Aureobasidium pullulans,0,
A0ABR0TER3,Aureobasidium pullulans,0,
A0ABR0TFR8,Aureobasidium pullulans,0,
A0ABR0TAX1,Aureobasidium pullulans,0,
A0ABR0TBY1,Aureobasidium pullulans,0,
A0ABR0TRM7,Aureobasidium pullulans,0,
A0ABR0TRH2,Aureobasidium pullulans,0,
A0ABR0TPG8,Aureobasidium pullulans,0,
A0ABR0TQH5,Aureobasidium pullulans,0,
A0ABR0TJD6,Aureobasidium pullulans,0,
A0ABR0TK54,Aureobasidium pullulans,0,
A0ABR0TNK1,Aureobasidium pullulans,0,
A0ABR0TW72,Aureobasidium pullulans,0,
A0ABR0TWG8,Aureobasidium pullulans,0,
A0ABR0TQY7,Aureobasidium pullulans,0,
A0ABR0TGW2,Aureobasidium pullulans,0,
A0ABR0THU2,Aureobasidium pullulans,0,
A0ABR0TGF6,Aureobasidium pullulans,0,
A0ABR0TDE6,Aureobasidium pullulans,0,
A0ABR0THG4,Aureobasidium pullulans,0,
A0ABR0TEC1,Aureobasidium pullulans,0,
A0ABR0TE48,Aureobasidium pullulans,0,
A0ABR0TGM0,Aureobasidium pullulans,0,
A0ABR0TV10,Aureobasidium pullulans,0,
A0ABR0TVE0,Aureobasidium pullulans,0,
A0ABR0TL89,Aureobasidium pullulans,0,
A0ABR0TIZ9,Aureobasidium pullulans,0,
A0ABR0TIE8,Aureobasidium pullulans,0,
A0ABR0TS58,Aureobasidium pullulans,0,
A0ABR0TUW8,Aureobasidium pullulans,0,
A0ABR0TVQ4,Aureobasidium pullulans,0,
A0ABR0TU26,Aureobasidium pullulans,0,
A0ABR0TU88,Aureobasidium pullulans,0,
A0ABR0THX7,Aureobasidium pullulans,0,
A0ABR0TVC7,Aureobasidium pullulans,0,
A0ABR0TK29,Aureobasidium pullulans,0,
A0ABR0TI97,Aureobasidium pullulans,0,
A0ABR0TWJ8,Aureobasidium pullulans,0,
A0ABR0T7D6,Aureobasidium pullulans,0,
A0ABR0TW23,Aureobasidium pullulans,0,
A0ABR0TUG0,Aureobasidium pullulans,0,
A0ABR0TW24,Aureobasidium pullulans,0,
A0ABR0TV43,Aureobasidium pullulans,0,
A0ABR0T8Q3,Aureobasidium pullulans,0,
A0ABR0T5X0,Aureobasidium pullulans,0,
A0ABR0T7K9,Aureobasidium pullulans,0,
A0ABR0T5X2,Aureobasidium pullulans,0,
A0ABR0TLQ9,Aureobasidium pullulans,0,
A0ABR0T7B1,Aureobasidium pullulans,0,
A0ABR0T5C9,Aureobasidium pullulans,0,
A0ABR0TCP8,Aureobasidium pullulans,0,
A0ABR0TAZ3,Aureobasidium pullulans,0,
A0ABR0TCA4,Aureobasidium pullulans,0,
A0ABR0TNT2,Aureobasidium pullulans,0,
A0ABR0TM82,Aureobasidium pullulans,0,
A0ABR0TM50,Aureobasidium pullulans,0,
A0ABR0TBB6,Aureobasidium pullulans,0,
A0ABR0TBB8,Aureobasidium pullulans,0,
A0ABR0TBD9,Aureobasidium pullulans,0,
A0ABR0TBA4,Aureobasidium pullulans,0,
A0ABR0TCR8,Aureobasidium pullulans,0,
A0ABR0TCP2,Aureobasidium pullulans,0,
A0ABR0TAT5,Aureobasidium pullulans,0,
A0ABR0TAS5,Aureobasidium pullulans,0,
A0ABR0TAV1,Aureobasidium pullulans,0,
A0ABR0TJ81,Aureobasidium pullulans,0,
A0ABR0T646,Aureobasidium pullulans,0,
A0ABR0TAM4,Aureobasidium pullulans,0,
A0ABR0T967,Aureobasidium pullulans,0,
A0ABR0T9U4,Aureobasidium pullulans,0,
A0ABR0T9U0,Aureobasidium pullulans,0,
A0ABR0TJ94,Aureobasidium pullulans,0,
A0ABR0TJD2,Aureobasidium pullulans,0,
A0ABR0TJM9,Aureobasidium pullulans,0,
A0ABR0TI46,Aureobasidium pullulans,0,
A0ABR0TI55,Aureobasidium pullulans,0,
A0ABR0TIC2,Aureobasidium pullulans,0,
A0ABR0TI20,Aureobasidium pullulans,0,
A0ABR0TI43,Aureobasidium pullulans,0,
A0ABR0T6W0,Aureobasidium pullulans,0,
A0ABR0TA56,Aureobasidium pullulans,0,
A0ABR0TQQ9,Aureobasidium pullulans,0,
A0ABR0TRW3,Aureobasidium pullulans,0,
A0ABR0TTJ3,Aureobasidium pullulans,0,
A0ABR0TTV5,Aureobasidium pullulans,0,
A0ABR0TVH5,Aureobasidium pullulans,0,
A0ABR0TTI6,Aureobasidium pullulans,0,
A0ABR0TXC8,Aureobasidium pullulans,0,
A0ABR0TWK3,Aureobasidium pullulans,0,
A0ABR0TVZ5,Aureobasidium pullulans,0,
A0ABR0TVZ8,Aureobasidium pullulans,0,
A0ABR0TVZ1,Aureobasidium pullulans,0,
A0ABR0T835,Aureobasidium pullulans,0,
A0ABR0TGX4,Aureobasidium pullulans,0,
A0ABR0TH62,Aureobasidium pullulans,0,
A0ABR0TBU4,Aureobasidium pullulans,0,
A0ABR0TM55,Aureobasidium pullulans,0,
A0ABR0TLV7,Aureobasidium pullulans,0,
A0ABR0T7B5,Aureobasidium pullulans,0,
A0ABR0TLV3,Aureobasidium pullulans,0,
A0ABR0TM20,Aureobasidium pullulans,0,
A0ABR0TP75,Aureobasidium pullulans,0,
A0ABR0TPM9,Aureobasidium pullulans,0,
A0ABR0TQ66,Aureobasidium pullulans,0,
A0ABR0TP66,Aureobasidium pullulans,0,
A0ABR0TP92,Aureobasidium pullulans,0,
A0ABR0T6G0,Aureobasidium pullulans,0,
A0ABR0TNK8,Aureobasidium pullulans,0,
A0ABR0TPV7,Aureobasidium pullulans,0,
A0ABR0TPT8,Aureobasidium pullulans,0,
A0ABR0TQJ4,Aureobasidium pullulans,0,
A0ABR0TQM6,Aureobasidium pullulans,0,
A0ABR0TPV1,Aureobasidium pullulans,0,
A0ABR0TRH6,Aureobasidium pullulans,0,
A0ABR0TQB8,Aureobasidium pullulans,0,
A0ABR0TVA1,Aureobasidium pullulans,0,
A0ABR0TU96,Aureobasidium pullulans,0,
A0ABR0TV09,Aureobasidium pullulans,0,
A0ABR0TUE0,Aureobasidium pullulans,0,
A0ABR0TU68,Aureobasidium pullulans,0,
A0ABR0TSZ3,Aureobasidium pullulans,0,
A0ABR0TSZ0,Aureobasidium pullulans,0,
A0ABR0TT53,Aureobasidium pullulans,0,
A0ABR0TU38,Aureobasidium pullulans,0,
A0ABR0TE31,Aureobasidium pullulans,0,
A0ABR0TEY3,Aureobasidium pullulans,0,
A0ABR0TEV8,Aureobasidium pullulans,0,
A0ABR0TDJ1,Aureobasidium pullulans,0,
A0ABR0TE42,Aureobasidium pullulans,0,
A0ABR0TUC5,Aureobasidium pullulans,0,
A0ABR0TUQ3,Aureobasidium pullulans,0,
A0ABR0TTQ5,Aureobasidium pullulans,0,
A0ABR0TVB8,Aureobasidium pullulans,0,
A0ABR0TLH8,Aureobasidium pullulans,0,
A0ABR0T8Q6,Aureobasidium pullulans,0,
A0ABR0TUT1,Aureobasidium pullulans,0,
A0ABR0TTM9,Aureobasidium pullulans,0,
A0ABR0TTN3,Aureobasidium pullulans,0,
A0ABR0TS19,Aureobasidium pullulans,0,
A0ABR0TS08,Aureobasidium pullulans,0,
A0ABR0TS28,Aureobasidium pullulans,0,
A0ABR0TS32,Aureobasidium pullulans,0,
A0ABR0TM03,Aureobasidium pullulans,0,
A0ABR0TAA5,Aureobasidium pullulans,0,
A0ABR0T730,Aureobasidium pullulans,0,
A0ABR0TBD0,Aureobasidium pullulans,0,
A0ABR0TA27,Aureobasidium pullulans,0,
A0ABR0TDQ1,Aureobasidium pullulans,0,
A0ABR0T5R2,Aureobasidium pullulans,0,
A0ABR0T9I5,Aureobasidium pullulans,0,
A0ABR0TJT9,Aureobasidium pullulans,0,
A0ABR0T9G2,Aureobasidium pullulans,0,
A0ABR0TLZ2,Aureobasidium pullulans,0,
A0ABR0TR66,Aureobasidium pullulans,0,
A0ABR0TJ87,Aureobasidium pullulans,0,
A0ABR0T731,Aureobasidium pullulans,0,
A0ABR0TX56,Aureobasidium pullulans,0,
A0ABR0TBR6,Aureobasidium pullulans,0,
A0ABR0TKC2,Aureobasidium pullulans,0,
A0ABR0THX9,Aureobasidium pullulans,0,
A0ABR0T841,Aureobasidium pullulans,0,
A0ABR0T6S5,Aureobasidium pullulans,0,
A0ABR0TAH9,Aureobasidium pullulans,0,
A0ABR0TPQ6,Aureobasidium pullulans,0,
A0ABR0TVZ2,Aureobasidium pullulans,0,
A0ABR0TPL0,Aureobasidium pullulans,0,
A0ABR0TEV0,Aureobasidium pullulans,0,
A0ABR0TKN0,Aureobasidium pullulans,0,
A0ABR0THR1,Aureobasidium pullulans,0,
A0ABR0TGJ9,Aureobasidium pullulans,0,
A0ABR0TC23,Aureobasidium pullulans,0,
A0ABR0TPG1,Aureobasidium pullulans,0,
A0ABR0T4E4,Aureobasidium pullulans,0,
A0ABR0T586,Aureobasidium pullulans,0,
A0ABR0TLC8,Aureobasidium pullulans,0,
A0ABR0T4V1,Aureobasidium pullulans,0,
A0ABR0TTQ8,Aureobasidium pullulans,0,
A0ABR0TJ65,Aureobasidium pullulans,0,
A0ABR0TSD2,Aureobasidium pullulans,0,
A0ABR0TLN1,Aureobasidium pullulans,0,
A0ABR0TC45,Aureobasidium pullulans,0,
A0ABR0TMZ9,Aureobasidium pullulans,0,
A0ABR0TH32,Aureobasidium pullulans,0,
A0ABR0TF40,Aureobasidium pullulans,0,
A0ABR0THS8,Aureobasidium pullulans,0,
A0ABR0TSX4,Aureobasidium pullulans,0,
A0ABR0TVP4,Aureobasidium pullulans,0,
A0ABR0TAG4,Aureobasidium pullulans,0,
A0ABR0T9T0,Aureobasidium pullulans,0,
A0ABR0TVH7,Aureobasidium pullulans,0,
A0ABR0TCQ6,Aureobasidium pullulans,0,
A0ABR0TF90,Aureobasidium pullulans,0,
A0ABR0TN23,Aureobasidium pullulans,0,
A0ABR0THK8,Aureobasidium pullulans,0,
A0ABR0TMK3,Aureobasidium pullulans,0,
A0ABR0TVN5,Aureobasidium pullulans,0,
A0ABR0TMQ1,Aureobasidium pullulans,0,
A0ABR0TCM7,Aureobasidium pullulans,0,
A0ABR0TFA6,Aureobasidium pullulans,0,
A0ABR0T4W7,Aureobasidium pullulans,0,
A0ABR0TCJ9,Aureobasidium pullulans,0,
A0ABR0TPA6,Aureobasidium pullulans,0,
A0ABR0T770,Aureobasidium pullulans,0,
A0ABR0TA92,Aureobasidium pullulans,0,
A0ABR0T749,Aureobasidium pullulans,0,
A0ABR0T4X9,Aureobasidium pullulans,0,
A0ABR0T9W2,Aureobasidium pullulans,0,
A0ABR0THT4,Aureobasidium pullulans,0,
A0ABR0TNW4,Aureobasidium pullulans,0,
A0ABR0T9D7,Aureobasidium pullulans,0,
A0ABR0TAG0,Aureobasidium pullulans,0,
A0ABR0TQ11,Aureobasidium pullulans,0,
A0ABR0TNV1,Aureobasidium pullulans,0,
A0ABR0TNU9,Aureobasidium pullulans,0,
A0ABR0TK28,Aureobasidium pullulans,0,
A0ABR0TKH4,Aureobasidium pullulans,0,
A0ABR0TWF2,Aureobasidium pullulans,0,
A0ABR0TML6,Aureobasidium pullulans,0,
A0ABR0T8I7,Aureobasidium pullulans,0,
A0ABR0TK65,Aureobasidium pullulans,0,
A0ABR0T5J3,Aureobasidium pullulans,0,
A0ABR0TCG6,Aureobasidium pullulans,0,
A0ABR0THM0,Aureobasidium pullulans,0,
A0ABR0TA68,Aureobasidium pullulans,0,
A0ABR0TDT7,Aureobasidium pullulans,0,
A0ABR0T832,Aureobasidium pullulans,0,
A0ABR0TE41,Aureobasidium pullulans,0,
A0ABR0TD88,Aureobasidium pullulans,0,
A0ABR0TA44,Aureobasidium pullulans,0,
A0ABR0TIL5,Aureobasidium pullulans,0,
A0ABR0TC51,Aureobasidium pullulans,0,
A0ABR0TV98,Aureobasidium pullulans,0,
A0ABR0TRK1,Aureobasidium pullulans,0,
A0ABR0TW54,Aureobasidium pullulans,0,
A0ABR0TEP1,Aureobasidium pullulans,0,
A0ABR0TCL4,Aureobasidium pullulans,0,
A0ABR0T759,Aureobasidium pullulans,0,
A0ABR0TU03,Aureobasidium pullulans,0,
A0ABR0TPS6,Aureobasidium pullulans,0,
A0ABR0T947,Aureobasidium pullulans,0,
A0ABR0TGD0,Aureobasidium pullulans,0,
A0ABR0TL01,Aureobasidium pullulans,0,
A0ABR0TSM4,Aureobasidium pullulans,0,
A0ABR0TXK2,Aureobasidium pullulans,0,
A0ABR0TQ01,Aureobasidium pullulans,0,
A0ABR0TLH2,Aureobasidium pullulans,0,
A0ABR0TAX7,Aureobasidium pullulans,0,
A0ABR0TA72,Aureobasidium pullulans,0,
A0ABR0TK51,Aureobasidium pullulans,0,
A0ABR0TAS1,Aureobasidium pullulans,0,
A0ABR0TVU7,Aureobasidium pullulans,0,
A0ABR0TU79,Aureobasidium pullulans,0,
A0ABR0TUC8,Aureobasidium pullulans,0,
A0ABR0TR07,Aureobasidium pullulans,0,
A0ABR0TVH6,Aureobasidium pullulans,0,
A0ABR0TUM7,Aureobasidium pullulans,0,
A0ABR0T8R3,Aureobasidium pullulans,0,
A0ABR0TLN9,Aureobasidium pullulans,0,
A0ABR0TMB8,Aureobasidium pullulans,0,
A0ABR0TR53,Aureobasidium pullulans,0,
A0ABR0TAC9,Aureobasidium pullulans,0,
A0ABR0TBT6,Aureobasidium pullulans,0,
A0ABR0TQ48,Aureobasidium pullulans,0,
A0ABR0TSF0,Aureobasidium pullulans,0,
A0ABR0TRA7,Aureobasidium pullulans,0,
A0ABR0TPX0,Aureobasidium pullulans,0,
A0ABR0TIA4,Aureobasidium pullulans,0,
A0ABR0THB8,Aureobasidium pullulans,0,
A0ABR0TNN2,Aureobasidium pullulans,0,
A0ABR0TKB4,Aureobasidium pullulans,0,
A0ABR0TLL1,Aureobasidium pullulans,0,
A0ABR0TIS1,Aureobasidium pullulans,0,
A0ABR0TDM3,Aureobasidium pullulans,0,
A0ABR0TNX8,Aureobasidium pullulans,0,
A0ABR0TJI6,Aureobasidium pullulans,0,
A0ABR0TUV1,Aureobasidium pullulans,0,
A0ABR0TP04,Aureobasidium pullulans,0,
A0ABR0TJT5,Aureobasidium pullulans,0,
A0ABR0TA43,Aureobasidium pullulans,0,
A0ABR0TLD1,Aureobasidium pullulans,0,
A0ABR0TSC2,Aureobasidium pullulans,0,
A0ABR0TPH7,Aureobasidium pullulans,0,
A0ABR0TR98,Aureobasidium pullulans,0,
A0ABR0T8D8,Aureobasidium pullulans,0,
A0ABR0T9G0,Aureobasidium pullulans,0,
A0A4S8ZPW6,Aureobasidium pullulans,0,
A0ABR0TBN6,Aureobasidium pullulans,0,
A0ABR0TQ09,Aureobasidium pullulans,0,
A0ABR0T4T3,Aureobasidium pullulans,0,
A0ABR0TTC8,Aureobasidium pullulans,0,
A0ABR0TL45,Aureobasidium pullulans,0,
A0ABR0TRJ0,Aureobasidium pullulans,0,
A0ABR0TNG4,Aureobasidium pullulans,0,
A0ABR0TAJ9,Aureobasidium pullulans,0,
A0ABR0TJQ3,Aureobasidium pullulans,0,
A0ABR0TXG0,Aureobasidium pullulans,0,
A0ABR0TQU3,Aureobasidium pullulans,0,
A0ABR0TT23,Aureobasidium pullulans,0,
A0ABR0TUT6,Aureobasidium pullulans,0,
A0ABR0TCX6,Aureobasidium pullulans,0,
A0ABR0TSF7,Aureobasidium pullulans,0,
A0ABR0TXB7,Aureobasidium pullulans,0,
A0ABR0TQQ0,Aureobasidium pullulans,0,
A0ABR0TPY1,Aureobasidium pullulans,0,
A0ABR0TDI2,Aureobasidium pullulans,0,
A0ABR0TQD1,Aureobasidium pullulans,0,
A0ABR0TKD1,Aureobasidium pullulans,0,
A0ABR0TDE3,Aureobasidium pullulans,0,
A0ABR0TFW9,Aureobasidium pullulans,0,
A0ABR0TA25,Aureobasidium pullulans,0,
A0ABR0TC37,Aureobasidium pullulans,0,
A0ABR0TM06,Aureobasidium pullulans,0,
A0ABR0T4N9,Aureobasidium pullulans,0,
A0ABR0T6D0,Aureobasidium pullulans,0,
A0ABR0TIQ0,Aureobasidium pullulans,0,
A0ABR0T7V2,Aureobasidium pullulans,0,
A0ABR0T7S2,Aureobasidium pullulans,0,
A0ABR0TQ26,Aureobasidium pullulans,0,
A0ABR0TGY4,Aureobasidium pullulans,0,
A0ABR0TWL1,Aureobasidium pullulans,0,
A0ABR0T5V8,Aureobasidium pullulans,0,
A0ABR0TP02,Aureobasidium pullulans,0,
A0ABR0TM52,Aureobasidium pullulans,0,
A0ABR0TW53,Aureobasidium pullulans,0,
A0ABR0TNF8,Aureobasidium pullulans,0,
A0ABR0THW4,Aureobasidium pullulans,0,
A0ABR0THC5,Aureobasidium pullulans,0,
A0ABR0TCV4,Aureobasidium pullulans,0,
A0ABR0TG79,Aureobasidium pullulans,0,
A0ABR0TMA8,Aureobasidium pullulans,0,
A0ABR0TTK6,Aureobasidium pullulans,0,
A0ABR0TRB1,Aureobasidium pullulans,0,
A0ABR0THX0,Aureobasidium pullulans,0,
A0ABR0TBH6,Aureobasidium pullulans,0,
A0ABR0TB49,Aureobasidium pullulans,0,
A0ABR0TRV1,Aureobasidium pullulans,0,
A0ABR0TL91,Aureobasidium pullulans,0,
A0ABR0TMU1,Aureobasidium pullulans,0,
A0ABR0TD54,Aureobasidium pullulans,0,
A0ABR0TB96,Aureobasidium pullulans,0,
A0ABR0T651,Aureobasidium pullulans,0,
A0ABR0T774,Aureobasidium pullulans,0,
A0ABR0TGS6,Aureobasidium pullulans,0,
A0ABR0T6X4,Aureobasidium pullulans,0,
A0ABR0TSC4,Aureobasidium pullulans,0,
A0ABR0TH50,Aureobasidium pullulans,0,
A0ABR0T9M1,Aureobasidium pullulans,0,
A0ABR0T8G6,Aureobasidium pullulans,0,
A0ABR0TW52,Aureobasidium pullulans,0,
A0ABR0TF85,Aureobasidium pullulans,0,
A0ABR0TKC9,Aureobasidium pullulans,0,
A0ABR0T7G2,Aureobasidium pullulans,0,
A0ABR0TFH7,Aureobasidium pullulans,0,
A0ABR0T924,Aureobasidium pullulans,0,
A0ABR0TQL2,Aureobasidium pullulans,0,
A0ABR0T7X7,Aureobasidium pullulans,0,
A0ABR0TC33,Aureobasidium pullulans,0,
A0ABR0TI99,Aureobasidium pullulans,0,
A0ABR0T5C6,Aureobasidium pullulans,0,
A0ABR0TPA9,Aureobasidium pullulans,0,
A0ABR0TI88,Aureobasidium pullulans,0,
A0ABR0TTM5,Aureobasidium pullulans,0,
A0ABR0TWA8,Aureobasidium pullulans,0,
A0ABR0TGV0,Aureobasidium pullulans,0,
A0ABR0TDN1,Aureobasidium pullulans,0,
A0ABR0TSA1,Aureobasidium pullulans,0,
A0ABR0TVG4,Aureobasidium pullulans,0,
A0ABR0T8X5,Aureobasidium pullulans,0,
A0ABR0TT67,Aureobasidium pullulans,0,
A0ABR0T7K4,Aureobasidium pullulans,0,
A0ABR0TUI9,Aureobasidium pullulans,0,
A0ABR0TT16,Aureobasidium pullulans,0,
A0ABR0TS05,Aureobasidium pullulans,0,
A0ABR0TFZ2,Aureobasidium pullulans,0,
A0ABR0TVE7,Aureobasidium pullulans,0,
A0ABR0TUH9,Aureobasidium pullulans,0,
A0ABR0TJQ2,Aureobasidium pullulans,0,
A0ABR0TC07,Aureobasidium pullulans,0,
A0ABR0TR31,Aureobasidium pullulans,0,
A0ABR0TNU0,Aureobasidium pullulans,0,
A0ABR0T6Z5,Aureobasidium pullulans,0,
A0ABR0TJF4,Aureobasidium pullulans,0,
A0ABR0T671,Aureobasidium pullulans,0,
A0ABR0TPY9,Aureobasidium pullulans,0,
A0ABR0TFS8,Aureobasidium pullulans,0,
A0ABR0TRC5,Aureobasidium pullulans,0,
A0ABR0TR41,Aureobasidium pullulans,0,
A0ABR0TN16,Aureobasidium pullulans,0,
A0ABR0TVX5,Aureobasidium pullulans,0,
A0ABR0TVQ7,Aureobasidium pullulans,0,
A0ABR0TR33,Aureobasidium pullulans,0,
A0ABR0TX06,Aureobasidium pullulans,0,
A0ABR0TQ94,Aureobasidium pullulans,0,
A0ABR0TGW6,Aureobasidium pullulans,0,
A0ABR0TT73,Aureobasidium pullulans,0,
A0ABR0TEY6,Aureobasidium pullulans,0,
A0ABR0TGK3,Aureobasidium pullulans,0,
A0ABR0TRP0,Aureobasidium pullulans,0,
A0ABR0T8S6,Aureobasidium pullulans,0,
A0ABR0TS13,Aureobasidium pullulans,0,
A0ABR0TR42,Aureobasidium pullulans,0,
A0ABR0TS45,Aureobasidium pullulans,0,
A0ABR0TG64,Aureobasidium pullulans,0,
A0ABR0TS94,Aureobasidium pullulans,0,
A0ABR0TQV0,Aureobasidium pullulans,0,
A0ABR0TE65,Aureobasidium pullulans,0,
A0ABR0TGE4,Aureobasidium pullulans,0,
A0ABR0TD67,Aureobasidium pullulans,0,
A0ABR0TUU7,Aureobasidium pullulans,0,
A0ABR0TJX0,Aureobasidium pullulans,0,
A0ABR0TIM1,Aureobasidium pullulans,0,
A0ABR0TG09,Aureobasidium pullulans,0,
A0ABR0TDS2,Aureobasidium pullulans,0,
A0ABR0THJ1,Aureobasidium pullulans,0,
A0ABR0TLU3,Aureobasidium pullulans,0,
A0ABR0TRG7,Aureobasidium pullulans,0,
A0ABR0TDG0,Aureobasidium pullulans,0,
A0ABR0TG69,Aureobasidium pullulans,0,
A0ABR0TAC6,Aureobasidium pullulans,0,
A0ABR0TEA9,Aureobasidium pullulans,0,
A0ABR0TKW1,Aureobasidium pullulans,0,
A0ABR0TM48,Aureobasidium pullulans,0,
A0ABR0TS63,Aureobasidium pullulans,0,
A0ABR0T8I0,Aureobasidium pullulans,0,
A0ABR0TQZ5,Aureobasidium pullulans,0,
A0ABR0TDY1,Aureobasidium pullulans,0,
A0ABR0TFE1,Aureobasidium pullulans,0,
A0ABR0TAS6,Aureobasidium pullulans,0,
A0ABR0T6R5,Aureobasidium pullulans,0,
A0ABR0THL3,Aureobasidium pullulans,0,
A0ABR0TIJ3,Aureobasidium pullulans,0,
A0ABR0TIY9,Aureobasidium pullulans,0,
A0ABR0TM95,Aureobasidium pullulans,0,
A0ABR0TRG9,Aureobasidium pullulans,0,
A0ABR0TVI0,Aureobasidium pullulans,0,
A0ABR0TSW9,Aureobasidium pullulans,0,
A0ABR0TFE8,Aureobasidium pullulans,0,
A0ABR0TN10,Aureobasidium pullulans,0,
A0ABR0TTN1,Aureobasidium pullulans,0,
A0ABR0TJP5,Aureobasidium pullulans,0,
A0ABR0TSG3,Aureobasidium pullulans,0,
A0ABR0TX71,Aureobasidium pullulans,0,
A0ABR0TLU6,Aureobasidium pullulans,0,
A0ABR0TE54,Aureobasidium pullulans,0,
A0ABR0TDR2,Aureobasidium pullulans,0,
A0ABR0TS57,Aureobasidium pullulans,0,
A0ABR0T5R4,Aureobasidium pullulans,0,
A0ABR0TT31,Aureobasidium pullulans,0,
A0ABR0T7H4,Aureobasidium pullulans,0,
A0ABR0T4G9,Aureobasidium pullulans,0,
A0ABR0TQ36,Aureobasidium pullulans,0,
A0ABR0TFF6,Aureobasidium pullulans,0,
A0ABR0TRU8,Aureobasidium pullulans,0,
A0ABR0TNP1,Aureobasidium pullulans,0,
A0ABR0TLN3,Aureobasidium pullulans,0,
A0ABR0TNR5,Aureobasidium pullulans,0,
A0ABR0TJS7,Aureobasidium pullulans,0,
A0ABR0TAC7,Aureobasidium pullulans,0,
A0ABR0TN46,Aureobasidium pullulans,0,
A0ABR0TRT0,Aureobasidium pullulans,0,
A0ABR0TNS9,Aureobasidium pullulans,0,
A0ABR0TKI7,Aureobasidium pullulans,0,
A0ABR0TMZ4,Aureobasidium pullulans,0,
A0ABR0T8F9,Aureobasidium pullulans,0,
A0ABR0T5H5,Aureobasidium pullulans,0,
A0ABR0T576,Aureobasidium pullulans,0,
A0ABR0TTZ6,Aureobasidium pullulans,0,
A0ABR0TJQ8,Aureobasidium pullulans,0,
A0ABR0TU84,Aureobasidium pullulans,0,
A0ABR0TRM8,Aureobasidium pullulans,0,
A0ABR0TNE0,Aureobasidium pullulans,0,
A0ABR0TML2,Aureobasidium pullulans,0,
A0ABR0TCY1,Aureobasidium pullulans,0,
A0ABR0TEP7,Aureobasidium pullulans,0,
A0ABR0TIR2,Aureobasidium pullulans,0,
A0ABR0TBK3,Aureobasidium pullulans,0,
A0ABR0TGS8,Aureobasidium pullulans,0,
A0ABR0TRT5,Aureobasidium pullulans,0,
A0ABR0TEA2,Aureobasidium pullulans,0,
A0ABR0TAI2,Aureobasidium pullulans,0,
A0ABR0TB06,Aureobasidium pullulans,0,
A0ABR0TW30,Aureobasidium pullulans,0,
A0ABR0TID8,Aureobasidium pullulans,0,
A0ABR0TDP6,Aureobasidium pullulans,0,
A0ABR0TLA2,Aureobasidium pullulans,0,
A0ABR0T7S0,Aureobasidium pullulans,0,
A0ABR0TUV7,Aureobasidium pullulans,0,
A0ABR0T4R4,Aureobasidium pullulans,0,
A0ABR0TXG4,Aureobasidium pullulans,0,
A0ABR0T5U2,Aureobasidium pullulans,0,
A0ABR0TMG9,Aureobasidium pullulans,0,
A0ABR0T9L4,Aureobasidium pullulans,0,
A0ABR0T9G1,Aureobasidium pullulans,0,
A0ABR0TH46,Aureobasidium pullulans,0,
A0ABR0TDE0,Aureobasidium pullulans,0,
A0ABR0TF04,Aureobasidium pullulans,0,
A0ABR0TLF4,Aureobasidium pullulans,0,
A0ABR0TDT6,Aureobasidium pullulans,0,
A0ABR0TQF4,Aureobasidium pullulans,0,
A0ABR0TRQ0,Aureobasidium pullulans,0,
A0ABR0T7E2,Aureobasidium pullulans,0,
A0ABR0TL14,Aureobasidium pullulans,0,
A0ABR0TLJ1,Aureobasidium pullulans,0,
A0ABR0TJR8,Aureobasidium pullulans,0,
A0ABR0TKA5,Aureobasidium pullulans,0,
A0ABR0T9W0,Aureobasidium pullulans,0,
A0ABR0TQG6,Aureobasidium pullulans,0,
A0ABR0TB44,Aureobasidium pullulans,0,
A0ABR0TRD0,Aureobasidium pullulans,0,
A0ABR0T7B4,Aureobasidium pullulans,0,
A0ABR0TRU7,Aureobasidium pullulans,0,
A0ABR0TWK2,Aureobasidium pullulans,0,
A0ABR0TK91,Aureobasidium pullulans,0,
A0ABR0TH72,Aureobasidium pullulans,0,
A0ABR0T8P4,Aureobasidium pullulans,0,
A0ABR0T9V5,Aureobasidium pullulans,0,
A0ABR0T996,Aureobasidium pullulans,0,
A0ABR0TBN7,Aureobasidium pullulans,0,
A0ABR0TKF8,Aureobasidium pullulans,0,
A0ABR0TUF5,Aureobasidium pullulans,0,
A0ABR0TQW3,Aureobasidium pullulans,0,
A0ABR0T983,Aureobasidium pullulans,0,
A0ABR0TMH2,Aureobasidium pullulans,0,
A0A4S8VB34,Aureobasidium pullulans,0,
A0ABR0TQI1,Aureobasidium pullulans,0,
A0ABR0T5Z2,Aureobasidium pullulans,0,
A0ABR0TJL5,Aureobasidium pullulans,0,
A0ABR0T9Y3,Aureobasidium pullulans,0,
A0ABR0TQU8,Aureobasidium pullulans,0,
A0ABR0TRK9,Aureobasidium pullulans,0,
A0ABR0TND3,Aureobasidium pullulans,0,
A0ABR0TX10,Aureobasidium pullulans,0,
A0ABR0TGR1,Aureobasidium pullulans,0,
A0ABR0TGZ8,Aureobasidium pullulans,0,
A0ABR0TW25,Aureobasidium pullulans,0,
A0ABR0T559,Aureobasidium pullulans,0,
A0ABR0TJL9,Aureobasidium pullulans,0,
A0ABR0TBW5,Aureobasidium pullulans,0,
A0ABR0TMY5,Aureobasidium pullulans,0,
A0ABR0TK44,Aureobasidium pullulans,0,
A0ABR0T954,Aureobasidium pullulans,0,
A0ABR0TMZ0,Aureobasidium pullulans,0,
A0ABR0TCE5,Aureobasidium pullulans,0,
A0ABR0TCC9,Aureobasidium pullulans,0,
A0ABR0TCD4,Aureobasidium pullulans,0,
A0ABR0TAB6,Aureobasidium pullulans,0,
A0ABR0T691,Aureobasidium pullulans,0,
A0ABR0T612,Aureobasidium pullulans,0,
A0ABR0TJH2,Aureobasidium pullulans,0,
A0ABR0T757,Aureobasidium pullulans,0,
A0ABR0T7C5,Aureobasidium pullulans,0,
A0ABR0TK82,Aureobasidium pullulans,0,
A0ABR0TSE5,Aureobasidium pullulans,0,
A0ABR0TMG3,Aureobasidium pullulans,0,
A0ABR0TK02,Aureobasidium pullulans,0,
A0ABR0TCD6,Aureobasidium pullulans,0,
A0ABR0THE1,Aureobasidium pullulans,0,
A0ABR0T702,Aureobasidium pullulans,0,
A0ABR0TH83,Aureobasidium pullulans,0,
A0ABR0TFE3,Aureobasidium pullulans,0,
A0ABR0TF59,Aureobasidium pullulans,0,
A0ABR0TB52,Aureobasidium pullulans,0,
A0ABR0TCK2,Aureobasidium pullulans,0,
A0ABR0TEA3,Aureobasidium pullulans,0,
A0ABR0TK41,Aureobasidium pullulans,0,
A0ABR0T6W5,Aureobasidium pullulans,0,
A0ABR0T6B3,Aureobasidium pullulans,0,
A0ABR0T8G5,Aureobasidium pullulans,0,
A0ABR0TGV2,Aureobasidium pullulans,0,
A0ABR0TKW0,Aureobasidium pullulans,0,
A0ABR0T7F4,Aureobasidium pullulans,0,
A0ABR0TK52,Aureobasidium pullulans,0,
A0ABR0TNB9,Aureobasidium pullulans,0,
A0ABR0T8E9,Aureobasidium pullulans,0,
A0ABR0TNS0,Aureobasidium pullulans,0,
A0ABR0TG46,Aureobasidium pullulans,0,
A0ABR0TSI6,Aureobasidium pullulans,0,
A0ABR0T7P5,Aureobasidium pullulans,0,
A0ABR0TQZ4,Aureobasidium pullulans,0,
A0ABR0TH00,Aureobasidium pullulans,0,
A0ABR0TFX3,Aureobasidium pullulans,0,
A0ABR0TWK0,Aureobasidium pullulans,0,
A0ABR0THL1,Aureobasidium pullulans,0,
A0ABR0TJ34,Aureobasidium pullulans,0,
A0ABR0T5Y7,Aureobasidium pullulans,0,
A0ABR0TA22,Aureobasidium pullulans,0,
A0ABR0TS47,Aureobasidium pullulans,0,
A0ABR0TUD3,Aureobasidium pullulans,0,
A0ABR0TCM8,Aureobasidium pullulans,0,
A0ABR0TSN1,Aureobasidium pullulans,0,
A0ABR0TEK3,Aureobasidium pullulans,0,
A0ABR0TSX0,Aureobasidium pullulans,0,
A0ABR0TTX7,Aureobasidium pullulans,0,
A0ABR0TT45,Aureobasidium pullulans,0,
A0ABR0TUW9,Aureobasidium pullulans,0,
A0ABR0TVS2,Aureobasidium pullulans,0,
A0ABR0TQ17,Aureobasidium pullulans,0,
A0ABR0TJT2,Aureobasidium pullulans,0,
A0ABR0TBH0,Aureobasidium pullulans,0,
A0ABR0T7R0,Aureobasidium pullulans,0,
A0ABR0T8M1,Aureobasidium pullulans,0,
A0ABR0TF79,Aureobasidium pullulans,0,
A0ABR0TPL5,Aureobasidium pullulans,0,
A0ABR0TL87,Aureobasidium pullulans,0,
A0ABR0TEQ2,Aureobasidium pullulans,0,
A0ABR0T8Y9,Aureobasidium pullulans,0,
A0ABR0T9X9,Aureobasidium pullulans,0,
A0ABR0TRC4,Aureobasidium pullulans,0,
A0ABR0TNK4,Aureobasidium pullulans,0,
A0ABR0TMZ2,Aureobasidium pullulans,0,
A0ABR0TGR2,Aureobasidium pullulans,0,
A0ABR0TNF1,Aureobasidium pullulans,0,
A0ABR0TX36,Aureobasidium pullulans,0,
A0ABR0TCW7,Aureobasidium pullulans,0,
A0ABR0TLZ8,Aureobasidium pullulans,0,
A0ABR0TJS8,Aureobasidium pullulans,0,
A0ABR0TLD2,Aureobasidium pullulans,0,
A0ABR0TJB8,Aureobasidium pullulans,0,
A0ABR0TJ86,Aureobasidium pullulans,0,
A0ABR0THB4,Aureobasidium pullulans,0,
A0ABR0TW92,Aureobasidium pullulans,0,
A0ABR0TF10,Aureobasidium pullulans,0,
A0ABR0TU44,Aureobasidium pullulans,0,
A0ABR0TPU9,Aureobasidium pullulans,0,
A0ABR0TAT8,Aureobasidium pullulans,0,
A0ABR0TX21,Aureobasidium pullulans,0,
A0ABR0TG57,Aureobasidium pullulans,0,
A0ABR0TIQ4,Aureobasidium pullulans,0,
A0ABR0TJH1,Aureobasidium pullulans,0,
A0ABR0T518,Aureobasidium pullulans,0,
A0ABR0THV8,Aureobasidium pullulans,0,
A0ABR0TMR9,Aureobasidium pullulans,0,
A0ABR0TMI3,Aureobasidium pullulans,0,
A0ABR0TVW8,Aureobasidium pullulans,0,
A0ABR0TD55,Aureobasidium pullulans,0,
A0ABR0TEF9,Aureobasidium pullulans,0,
A0ABR0T660,Aureobasidium pullulans,0,
A0ABR0T716,Aureobasidium pullulans,0,
A0ABR0TIM9,Aureobasidium pullulans,0,
A0ABR0TQA8,Aureobasidium pullulans,0,
A0ABR0TU23,Aureobasidium pullulans,0,
A0ABR0TNK9,Aureobasidium pullulans,0,
A0ABR0TAN6,Aureobasidium pullulans,0,
A0ABR0TKP3,Aureobasidium pullulans,0,
A0ABR0TL61,Aureobasidium pullulans,0,
A0ABR0TPJ8,Aureobasidium pullulans,0,
A0ABR0TNK5,Aureobasidium pullulans,0,
A0ABR0TRP3,Aureobasidium pullulans,0,
A0ABR0TWI2,Aureobasidium pullulans,0,
A0ABR0TM93,Aureobasidium pullulans,0,
A0ABR0TNC6,Aureobasidium pullulans,0,
A0ABR0TLK0,Aureobasidium pullulans,0,
A0ABR0T4Q4,Aureobasidium pullulans,0,
A0ABR0T6I0,Aureobasidium pullulans,0,
A0ABR0T666,Aureobasidium pullulans,0,
A0ABR0TQ69,Aureobasidium pullulans,0,
A0ABR0TLF7,Aureobasidium pullulans,0,
A0ABR0TI12,Aureobasidium pullulans,0,
A0ABR0TI71,Aureobasidium pullulans,0,
A0ABR0TJN0,Aureobasidium pullulans,0,
A0ABR0TIH2,Aureobasidium pullulans,0,
A0ABR0TIL1,Aureobasidium pullulans,0,
A0ABR0TS62,Aureobasidium pullulans,0,
A0ABR0TAJ4,Aureobasidium pullulans,0,
A0ABR0TAT3,Aureobasidium pullulans,0,
A0ABR0TAD4,Aureobasidium pullulans,0,
A0ABR0TAL2,Aureobasidium pullulans,0,
A0ABR0TH49,Aureobasidium pullulans,0,
A0A4S9H3X9,Aureobasidium pullulans,0,
A0ABR0TFQ3,Aureobasidium pullulans,0,
A0ABR0TFG1,Aureobasidium pullulans,0,
A0ABR0TIU5,Aureobasidium pullulans,0,
A0ABR0T536,Aureobasidium pullulans,0,
A0ABR0TWJ1,Aureobasidium pullulans,0,
A0ABR0THR7,Aureobasidium pullulans,0,
A0ABR0TI35,Aureobasidium pullulans,0,
A0ABR0TL42,Aureobasidium pullulans,0,
A0ABR0TKD0,Aureobasidium pullulans,0,
A0ABR0T5W2,Aureobasidium pullulans,0,
A0ABR0TKZ5,Aureobasidium pullulans,0,
A0ABR0TF24,Aureobasidium pullulans,0,
A0ABR0T9T9,Aureobasidium pullulans,0,
A0ABR0TSI3,Aureobasidium pullulans,0,
A0ABR0TRZ4,Aureobasidium pullulans,0,
A0ABR0TSH2,Aureobasidium pullulans,0,
A0ABR0TX68,Aureobasidium pullulans,0,
A0ABR0TH56,Aureobasidium pullulans,0,
A0ABR0TD62,Aureobasidium pullulans,0,
A0ABR0T5B2,Aureobasidium pullulans,0,
A0ABR0TDR9,Aureobasidium pullulans,0,
A0ABR0TI02,Aureobasidium pullulans,0,
A0ABR0TWH3,Aureobasidium pullulans,0,
A0ABR0TED0,Aureobasidium pullulans,0,
A0ABR0TVB5,Aureobasidium pullulans,0,
A0ABR0TVQ9,Aureobasidium pullulans,0,
A0ABR0TNV4,Aureobasidium pullulans,0,
A0ABR0T7L4,Aureobasidium pullulans,0,
A0ABR0TWH8,Aureobasidium pullulans,0,
A0ABR0TC00,Aureobasidium pullulans,0,
A0ABR0TTE3,Aureobasidium pullulans,0,
A0ABR0T7Q7,Aureobasidium pullulans,0,
A0ABR0TBL6,Aureobasidium pullulans,0,
A0ABR0TVN7,Aureobasidium pullulans,0,
A0ABR0TA83,Aureobasidium pullulans,0,
A0ABR0TCV2,Aureobasidium pullulans,0,
A0ABR0TV31,Aureobasidium pullulans,0,
A0ABR0TJV1,Aureobasidium pullulans,0,
A0ABR0T911,Aureobasidium pullulans,0,
A0ABR0TJA0,Aureobasidium pullulans,0,
A0ABR0TS43,Aureobasidium pullulans,0,
A0ABR0TUW3,Aureobasidium pullulans,0,
A0ABR0T844,Aureobasidium pullulans,0,
A0ABR0TFR4,Aureobasidium pullulans,0,
A0ABR0T6F2,Aureobasidium pullulans,0,
A0ABR0TKA6,Aureobasidium pullulans,0,
A0ABR0TCU7,Aureobasidium pullulans,0,
A0ABR0TP70,Aureobasidium pullulans,0,
A0ABR0TW34,Aureobasidium pullulans,0,
A0ABR0T815,Aureobasidium pullulans,0,
A0ABR0T9I1,Aureobasidium pullulans,0,
A0ABR0TAN4,Aureobasidium pullulans,0,
A0ABR0TKV1,Aureobasidium pullulans,0,
A0ABR0TGQ4,Aureobasidium pullulans,0,
A0ABR0T993,Aureobasidium pullulans,0,
A0ABR0TIU9,Aureobasidium pullulans,0,
A0ABR0T8R5,Aureobasidium pullulans,0,
A0ABR0T6B0,Aureobasidium pullulans,0,
A0ABR0T9L0,Aureobasidium pullulans,0,
A0ABR0TWE4,Aureobasidium pullulans,0,
A0ABR0TU51,Aureobasidium pullulans,0,
A0ABR0TN85,Aureobasidium pullulans,0,
A0ABR0TKQ6,Aureobasidium pullulans,0,
A0ABR0TWN7,Aureobasidium pullulans,0,
A0ABR0TFK7,Aureobasidium pullulans,0,
A0ABR0TEW6,Aureobasidium pullulans,0,
A0ABR0T568,Aureobasidium pullulans,0,
A0ABR0TTM1,Aureobasidium pullulans,0,
A0ABR0TWM4,Aureobasidium pullulans,0,
A0ABR0T7K6,Aureobasidium pullulans,0,
A0ABR0TD83,Aureobasidium pullulans,0,
A0ABR0TUY4,Aureobasidium pullulans,0,
A0ABR0TQS7,Aureobasidium pullulans,0,
A0A4S9L2F9,Aureobasidium pullulans,0,
A0ABR0T7Z9,Aureobasidium pullulans,0,
A0ABR0TWX9,Aureobasidium pullulans,0,
A0ABR0TQ58,Aureobasidium pullulans,0,
A0ABR0TNN6,Aureobasidium pullulans,0,
A0ABR0TMM9,Aureobasidium pullulans,0,
A0ABR0T8H0,Aureobasidium pullulans,0,
A0ABR0TBF9,Aureobasidium pullulans,0,
A0ABR0TRR0,Aureobasidium pullulans,0,
A0ABR0TR37,Aureobasidium pullulans,0,
A0ABR0TH76,Aureobasidium pullulans,0,
A0ABR0TC41,Aureobasidium pullulans,0,
A0ABR0TKY8,Aureobasidium pullulans,0,
A0ABR0TFN8,Aureobasidium pullulans,0,
A0ABR0TFI4,Aureobasidium pullulans,0,
A0ABR0TJ44,Aureobasidium pullulans,0,
A0ABR0THD5,Aureobasidium pullulans,0,
A0ABR0TDD2,Aureobasidium pullulans,0,
A0ABR0TV30,Aureobasidium pullulans,0,
A0ABR0TFY2,Aureobasidium pullulans,0,
A0ABR0TEK8,Aureobasidium pullulans,0,
A0ABR0T6B9,Aureobasidium pullulans,0,
A0ABR0T6W9,Aureobasidium pullulans,0,
A0ABR0T606,Aureobasidium pullulans,0,
A0ABR0TKK4,Aureobasidium pullulans,0,
A0ABR0TLX5,Aureobasidium pullulans,0,
A0ABR0TH67,Aureobasidium pullulans,0,
A0ABR0TG52,Aureobasidium pullulans,0,
A0ABR0TRX1,Aureobasidium pullulans,0,
A0ABR0TGG6,Aureobasidium pullulans,0,
A0ABR0TEA1,Aureobasidium pullulans,0,
A0ABR0TN37,Aureobasidium pullulans,0,
A0ABR0TFR3,Aureobasidium pullulans,0,
A0ABR0TWU2,Aureobasidium pullulans,0,
A0ABR0TVN6,Aureobasidium pullulans,0,
A0ABR0TKC8,Aureobasidium pullulans,0,
A0ABR0TJB6,Aureobasidium pullulans,0,
A0ABR0TGS4,Aureobasidium pullulans,0,
A0ABR0TIQ2,Aureobasidium pullulans,0,
A0ABR0TP95,Aureobasidium pullulans,0,
A0ABR0TQE6,Aureobasidium pullulans,0,
A0ABR0TL18,Aureobasidium pullulans,0,
A0ABR0TBM3,Aureobasidium pullulans,0,
A0ABR0TWY7,Aureobasidium pullulans,0,
A0ABR0T8B6,Aureobasidium pullulans,0,
A0ABR0TP59,Aureobasidium pullulans,0,
A0ABR0TTI9,Aureobasidium pullulans,0,
A0A4S9EF04,Aureobasidium pullulans,0,
A0ABR0T5M2,Aureobasidium pullulans,0,
A0ABR0TR48,Aureobasidium pullulans,0,
A0ABR0TIY4,Aureobasidium pullulans,0,
A0ABR0TTI5,Aureobasidium pullulans,0,
A0ABR0THS5,Aureobasidium pullulans,0,
A0ABR0TL26,Aureobasidium pullulans,0,
A0ABR0TU16,Aureobasidium pullulans,0,
A0ABR0T5U3,Aureobasidium pullulans,0,
A0ABR0TK94,Aureobasidium pullulans,0,
A0ABR0TJF8,Aureobasidium pullulans,0,
A0ABR0T8Z1,Aureobasidium pullulans,0,
A0ABR0T5H3,Aureobasidium pullulans,0,
A0ABR0TCX7,Aureobasidium pullulans,0,
A0ABR0THZ8,Aureobasidium pullulans,0,
A0ABR0TN31,Aureobasidium pullulans,0,
A0ABR0TTM6,Aureobasidium pullulans,0,
A0ABR0T8K8,Aureobasidium pullulans,0,
A0ABR0T865,Aureobasidium pullulans,0,
A0ABR0TIN4,Aureobasidium pullulans,0,
A0ABR0THX4,Aureobasidium pullulans,0,
A0ABR0T935,Aureobasidium pullulans,0,
A0ABR0TIL7,Aureobasidium pullulans,0,
A0ABR0TQS2,Aureobasidium pullulans,0,
A0ABR0TCP7,Aureobasidium pullulans,0,
A0ABR0TQG7,Aureobasidium pullulans,0,
A0ABR0TDK9,Aureobasidium pullulans,0,
A0ABR0TKC1,Aureobasidium pullulans,0,
A0ABR0T732,Aureobasidium pullulans,0,
A0ABR0TU72,Aureobasidium pullulans,0,
A0ABR0TQU6,Aureobasidium pullulans,0,
A0ABR0TEW8,Aureobasidium pullulans,0,
A0ABR0TPV6,Aureobasidium pullulans,0,
A0ABR0TII2,Aureobasidium pullulans,0,
A0ABR0TIM2,Aureobasidium pullulans,0,
A0ABR0TX59,Aureobasidium pullulans,0,
A0ABR0TAP6,Aureobasidium pullulans,0,
A0ABR0TAQ1,Aureobasidium pullulans,0,
A0ABR0TFX4,Aureobasidium pullulans,0,
A0ABR0T5Y2,Aureobasidium pullulans,0,
A0ABR0TJV7,Aureobasidium pullulans,0,
A0ABR0TLD4,Aureobasidium pullulans,0,
A0ABR0TE71,Aureobasidium pullulans,0,
A0ABR0T8R9,Aureobasidium pullulans,0,
A0ABR0TEM3,Aureobasidium pullulans,0,
A0ABR0TRR8,Aureobasidium pullulans,0,
A0ABR0TC61,Aureobasidium pullulans,0,
A0ABR0TPI4,Aureobasidium pullulans,0,
A0ABR0TUD4,Aureobasidium pullulans,0,
A0ABR0T805,Aureobasidium pullulans,0,
A0ABR0T8G8,Aureobasidium pullulans,0,
A0ABR0TPB1,Aureobasidium pullulans,0,
A0ABR0TME8,Aureobasidium pullulans,0,
A0ABR0TUR3,Aureobasidium pullulans,0,
A0ABR0TLB0,Aureobasidium pullulans,0,
A0ABR0T8E0,Aureobasidium pullulans,0,
A0ABR0TT35,Aureobasidium pullulans,0,
A0ABR0T9H7,Aureobasidium pullulans,0,
A0ABR0TL60,Aureobasidium pullulans,0,
A0ABR0TFH1,Aureobasidium pullulans,0,
A0ABR0TK09,Aureobasidium pullulans,0,
A0ABR0TAA9,Aureobasidium pullulans,0,
A0ABR0TW87,Aureobasidium pullulans,0,
A0ABR0TTV8,Aureobasidium pullulans,0,
A0ABR0TP91,Aureobasidium pullulans,0,
A0ABR0TW79,Aureobasidium pullulans,0,
A0ABR0TCB3,Aureobasidium pullulans,0,
A0ABR0TIU6,Aureobasidium pullulans,0,
A0ABR0TIK0,Aureobasidium pullulans,0,
A0ABR0T711,Aureobasidium pullulans,0,
A0ABR0TRI1,Aureobasidium pullulans,0,
A0ABR0TAC0,Aureobasidium pullulans,0,
A0ABR0TJ54,Aureobasidium pullulans,0,
A0ABR0TKJ1,Aureobasidium pullulans,0,
A0ABR0TV33,Aureobasidium pullulans,0,
A0ABR0THG1,Aureobasidium pullulans,0,
A0ABR0TF52,Aureobasidium pullulans,0,
A0ABR0TD49,Aureobasidium pullulans,0,
A0ABR0TBR1,Aureobasidium pullulans,0,
A0ABR0TUS7,Aureobasidium pullulans,0,
A0ABR0TLC3,Aureobasidium pullulans,0,
A0ABR0TSE4,Aureobasidium pullulans,0,
A0ABR0TKI5,Aureobasidium pullulans,0,
A0ABR0TFW3,Aureobasidium pullulans,0,
A0ABR0TV60,Aureobasidium pullulans,0,
A0ABR0TBC5,Aureobasidium pullulans,0,
A0ABR0TJC8,Aureobasidium pullulans,0,
A0ABR0TI44,Aureobasidium pullulans,0,
A0ABR0TTR4,Aureobasidium pullulans,0,
A0ABR0TS61,Aureobasidium pullulans,0,
A0ABR0TS46,Aureobasidium pullulans,0,
A0ABR0TKG8,Aureobasidium pullulans,0,
A0ABR0TW96,Aureobasidium pullulans,0,
A0ABR0TNA8,Aureobasidium pullulans,0,
A0ABR0TBV5,Aureobasidium pullulans,0,
A0ABR0TU09,Aureobasidium pullulans,0,
A0ABR0T6M6,Aureobasidium pullulans,0,
A0ABR0TXX5,Aureobasidium pullulans,0,
A0ABR0TGZ2,Aureobasidium pullulans,0,
A0ABR0TR04,Aureobasidium pullulans,0,
A0ABR0TT89,Aureobasidium pullulans,0,
A0ABR0TD91,Aureobasidium pullulans,0,
A0ABR0TJ23,Aureobasidium pullulans,0,
A0ABR0TGD1,Aureobasidium pullulans,0,
A0ABR0TFS4,Aureobasidium pullulans,0,
A0ABR0TKB0,Aureobasidium pullulans,0,
A0ABR0TFQ7,Aureobasidium pullulans,0,
A0ABR0T5T1,Aureobasidium pullulans,0,
A0ABR0TQS5,Aureobasidium pullulans,0,
A0ABR0TKR8,Aureobasidium pullulans,0,
A0ABR0TG39,Aureobasidium pullulans,0,
A0ABR0TI19,Aureobasidium pullulans,0,
A0ABR0THW2,Aureobasidium pullulans,0,
A0ABR0TJB4,Aureobasidium pullulans,0,
A0ABR0TFN6,Aureobasidium pullulans,0,
A0ABR0TGC6,Aureobasidium pullulans,0,
A0ABR0TUR0,Aureobasidium pullulans,0,
A0ABR0T8Q2,Aureobasidium pullulans,0,
A0ABR0TS39,Aureobasidium pullulans,0,
A0ABR0TMK7,Aureobasidium pullulans,0,
A0ABR0TAY7,Aureobasidium pullulans,0,
A0ABR0TP88,Aureobasidium pullulans,0,
A0ABR0TPX2,Aureobasidium pullulans,0,
A0ABR0TL44,Aureobasidium pullulans,0,
A0ABR0T6N1,Aureobasidium pullulans,0,
A0ABR0TBR5,Aureobasidium pullulans,0,
A0ABR0TGQ7,Aureobasidium pullulans,0,
A0ABR0TQP7,Aureobasidium pullulans,0,
A0ABR0TAW3,Aureobasidium pullulans,0,
A0ABR0TL11,Aureobasidium pullulans,0,
A0ABR0TSH9,Aureobasidium pullulans,0,
A0ABR0TJF0,Aureobasidium pullulans,0,
A0ABR0TJ46,Aureobasidium pullulans,0,
A0ABR0TK36,Aureobasidium pullulans,0,
A0ABR0TTE1,Aureobasidium pullulans,0,
A0ABR0T5A1,Aureobasidium pullulans,0,
A0ABR0T663,Aureobasidium pullulans,0,
A0ABR0TKM8,Aureobasidium pullulans,0,
A0ABR0TKL6,Aureobasidium pullulans,0,
A0ABR0TB31,Aureobasidium pullulans,0,
A0ABR0TRK4,Aureobasidium pullulans,0,
A0ABR0TTS0,Aureobasidium pullulans,0,
A0ABR0T797,Aureobasidium pullulans,0,
A0ABR0T791,Aureobasidium pullulans,0,
A0ABR0TEL5,Aureobasidium pullulans,0,
A0ABR0TT84,Aureobasidium pullulans,0,
A0ABR0TQ40,Aureobasidium pullulans,0,
A0ABR0TFV2,Aureobasidium pullulans,0,
A0ABR0TVG2,Aureobasidium pullulans,0,
A0ABR0TWL7,Aureobasidium pullulans,0,
A0ABR0TN58,Aureobasidium pullulans,0,
A0ABR0TAR6,Aureobasidium pullulans,0,
A0ABR0TSU9,Aureobasidium pullulans,0,
A0ABR0TT69,Aureobasidium pullulans,0,
A0ABR0TBH5,Aureobasidium pullulans,0,
A0ABR0TWJ3,Aureobasidium pullulans,0,
A0ABR0TLM1,Aureobasidium pullulans,0,
A0ABR0TG26,Aureobasidium pullulans,0,
A0ABR0TGH6,Aureobasidium pullulans,0,
A0ABR0T688,Aureobasidium pullulans,0,
A0ABR0TUD6,Aureobasidium pullulans,0,
A0ABR0TUM2,Aureobasidium pullulans,0,
A0ABR0TJA8,Aureobasidium pullulans,0,
A0ABR0T8G1,Aureobasidium pullulans,0,
A0ABR0TNR7,Aureobasidium pullulans,0,
A0ABR0TIC0,Aureobasidium pullulans,0,
A0ABR0T9X7,Aureobasidium pullulans,0,
A0ABR0TKZ4,Aureobasidium pullulans,0,
A0ABR0T8D1,Aureobasidium pullulans,0,
A0ABR0TA10,Aureobasidium pullulans,0,
A0ABR0TP53,Aureobasidium pullulans,0,
A0ABR0TBS8,Aureobasidium pullulans,0,
A0ABR0TEX3,Aureobasidium pullulans,0,
A0ABR0TS07,Aureobasidium pullulans,0,
A0ABR0TAM9,Aureobasidium pullulans,0,
A0ABR0T4U9,Aureobasidium pullulans,0,
A0ABR0T681,Aureobasidium pullulans,0,
A0ABR0TAT2,Aureobasidium pullulans,0,
A0ABR0T8Z7,Aureobasidium pullulans,0,
A0ABR0T7H6,Aureobasidium pullulans,0,
A0ABR0TV95,Aureobasidium pullulans,0,
A0ABR0TKN5,Aureobasidium pullulans,0,
A0ABR0TLI5,Aureobasidium pullulans,0,
A0ABR0TEZ2,Aureobasidium pullulans,0,
A0ABR0THI3,Aureobasidium pullulans,0,
A0ABR0TFB4,Aureobasidium pullulans,0,
A0ABR0TF36,Aureobasidium pullulans,0,
A0A4S9GRT3,Aureobasidium pullulans,0,
A0ABR0TI59,Aureobasidium pullulans,0,
A0ABR0TTI4,Aureobasidium pullulans,0,
A0ABR0TTZ8,Aureobasidium pullulans,0,
A0ABR0TT27,Aureobasidium pullulans,0,
A0ABR0TT22,Aureobasidium pullulans,0,
A0ABR0TVV7,Aureobasidium pullulans,0,
A0ABR0TT42,Aureobasidium pullulans,0,
A0ABR0TUL8,Aureobasidium pullulans,0,
A0ABR0T9R6,Aureobasidium pullulans,0,
A0ABR0TFC6,Aureobasidium pullulans,0,
A0ABR0TMM4,Aureobasidium pullulans,0,
A0ABR0T673,Aureobasidium pullulans,0,
A0ABR0TUF4,Aureobasidium pullulans,0,
A0A1A7MRD3,Aureobasidium pullulans,0,
A0ABR0TW03,Aureobasidium pullulans,0,
A0ABR0TMW4,Aureobasidium pullulans,0,
A0ABR0TAK4,Aureobasidium pullulans,0,
A0ABR0T9E6,Aureobasidium pullulans,0,
A0ABR0TPS4,Aureobasidium pullulans,0,
A0ABR0TQG3,Aureobasidium pullulans,0,
A0ABR0TCI6,Aureobasidium pullulans,0,
A0ABR0TS29,Aureobasidium pullulans,0,
A0ABR0TTV0,Aureobasidium pullulans,0,
A0ABR0TQ49,Aureobasidium pullulans,0,
A0ABR0TP01,Aureobasidium pullulans,0,
A0ABR0TC62,Aureobasidium pullulans,0,
A0ABR0TBB7,Aureobasidium pullulans,0,
A0ABR0TBP0,Aureobasidium pullulans,0,
A0ABR0TJF9,Aureobasidium pullulans,0,
A0ABR0THZ7,Aureobasidium pullulans,0,
A0ABR0T6U9,Aureobasidium pullulans,0,
A0ABR0T7T2,Aureobasidium pullulans,0,
A0ABR0T7G1,Aureobasidium pullulans,0,
A0ABR0TEP4,Aureobasidium pullulans,0,
A0ABR0TEQ4,Aureobasidium pullulans,0,
A0ABR0TM79,Aureobasidium pullulans,0,
A0ABR0TLD9,Aureobasidium pullulans,0,
A0ABR0TMH5,Aureobasidium pullulans,0,
A0ABR0TLB1,Aureobasidium pullulans,0,
A0ABR0TVP9,Aureobasidium pullulans,0,
A0ABR0TRT9,Aureobasidium pullulans,0,
A0ABR0TSM5,Aureobasidium pullulans,0,
A0ABR0TSE1,Aureobasidium pullulans,0,
A0ABR0TVX1,Aureobasidium pullulans,0,
A0ABR0TVN2,Aureobasidium pullulans,0,
A0ABR0TVR5,Aureobasidium pullulans,0,
A0ABR0TV51,Aureobasidium pullulans,0,
A0ABR0TV37,Aureobasidium pullulans,0,
A0ABR0TUY2,Aureobasidium pullulans,0,
A0ABR0TJ85,Aureobasidium pullulans,0,
A0ABR0TPR0,Aureobasidium pullulans,0,
A0ABR0TNM4,Aureobasidium pullulans,0,
A0ABR0TNM7,Aureobasidium pullulans,0,
A0ABR0TPN6,Aureobasidium pullulans,0,
A0ABR0TE15,Aureobasidium pullulans,0,
A0ABR0TST4,Aureobasidium pullulans,0,
A0ABR0TSS8,Aureobasidium pullulans,0,
A0ABR0TXJ0,Aureobasidium pullulans,0,
A0ABR0TDJ4,Aureobasidium pullulans,0,
A0ABR0TII5,Aureobasidium pullulans,0,
A0ABR0TQD5,Aureobasidium pullulans,0,
A0ABR0TA57,Aureobasidium pullulans,0,
A0ABR0THT7,Aureobasidium pullulans,0,
A0ABR0TPY6,Aureobasidium pullulans,0,
A0ABR0TPB8,Aureobasidium pullulans,0,
A0ABR0TSD8,Aureobasidium pullulans,0,
A0ABR0T8D0,Aureobasidium pullulans,0,
A0ABR0TMG5,Aureobasidium pullulans,0,
A0ABR0T6D6,Aureobasidium pullulans,0,
A0ABR0TCU4,Aureobasidium pullulans,0,
A0ABR0TUL3,Aureobasidium pullulans,0,
A0ABR0TJ51,Aureobasidium pullulans,0,
A0ABR0TK61,Aureobasidium pullulans,0,
A0ABR0TDU4,Aureobasidium pullulans,0,
A0ABR0T5W3,Aureobasidium pullulans,0,
A0ABR0TN98,Aureobasidium pullulans,0,
A0ABR0TNK2,Aureobasidium pullulans,0,
A0ABR0TSE6,Aureobasidium pullulans,0,
A0ABR0TI31,Aureobasidium pullulans,0,
A0ABR0TRS4,Aureobasidium pullulans,0,
A0ABR0TSQ6,Aureobasidium pullulans,0,
A0ABR0T7U6,Aureobasidium pullulans,0,
A0ABR0TFY6,Aureobasidium pullulans,0,
A0ABR0TN19,Aureobasidium pullulans,0,
A0ABR0T6I1,Aureobasidium pullulans,0,
A0ABR0TNS5,Aureobasidium pullulans,0,
A0ABR0TGR9,Aureobasidium pullulans,0,
A0ABR0T597,Aureobasidium pullulans,0,
A0ABR0TQ83,Aureobasidium pullulans,0,
A0ABR0TL48,Aureobasidium pullulans,0,
A0ABR0TTS3,Aureobasidium pullulans,0,
A0ABR0TPW6,Aureobasidium pullulans,0,
A0ABR0TV11,Aureobasidium pullulans,0,
A0ABR0TCM9,Aureobasidium pullulans,0,
A0ABR0TBZ3,Aureobasidium pullulans,0,
A0ABR0T9H6,Aureobasidium pullulans,0,
A0ABR0TPV0,Aureobasidium pullulans,0,
A0ABR0T680,Aureobasidium pullulans,0,
A0ABR0TVG3,Aureobasidium pullulans,0,
A0ABR0TKA2,Aureobasidium pullulans,0,
A0ABR0TV03,Aureobasidium pullulans,0,
A0ABR0TQ79,Aureobasidium pullulans,0,
A0ABR0TLV2,Aureobasidium pullulans,0,
A0ABR0TAA8,Aureobasidium pullulans,0,
A0ABR0T6H1,Aureobasidium pullulans,0,
A0ABR0TFV7,Aureobasidium pullulans,0,
A0ABR0TD17,Aureobasidium pullulans,0,
A0ABR0TNY2,Aureobasidium pullulans,0,
A0ABR0T8J7,Aureobasidium pullulans,0,
A0ABR0TCK4,Aureobasidium pullulans,0,
A0ABR0TBH3,Aureobasidium pullulans,0,
A0ABR0TC58,Aureobasidium pullulans,0,
A0ABR0TNA6,Aureobasidium pullulans,0,
A0ABR0TC70,Aureobasidium pullulans,0,
A0ABR0TFJ8,Aureobasidium pullulans,0,
A0ABR0TVT7,Aureobasidium pullulans,0,
A0ABR0T9F5,Aureobasidium pullulans,0,
A0ABR0TKH8,Aureobasidium pullulans,0,
A0ABR0TE27,Aureobasidium pullulans,0,
A0ABR0T7V8,Aureobasidium pullulans,0,
A0ABR0T6A7,Aureobasidium pullulans,0,
A0ABR0TJ36,Aureobasidium pullulans,0,
A0ABR0TB77,Aureobasidium pullulans,0,
A0ABR0T6Q6,Aureobasidium pullulans,0,
A0ABR0TPI8,Aureobasidium pullulans,0,
A0ABR0TEX9,Aureobasidium pullulans,0,
A0ABR0T867,Aureobasidium pullulans,0,
A0ABR0TFJ4,Aureobasidium pullulans,0,
A0ABR0T9V8,Aureobasidium pullulans,0,
A0ABR0TC91,Aureobasidium pullulans,0,
A0ABR0TW19,Aureobasidium pullulans,0,
A0ABR0TL73,Aureobasidium pullulans,0,
A0ABR0TSL1,Aureobasidium pullulans,0,
A0ABR0TJN3,Aureobasidium pullulans,0,
A0ABR0T986,Aureobasidium pullulans,0,
A0ABR0TM67,Aureobasidium pullulans,0,
A0ABR0TL92,Aureobasidium pullulans,0,
A0ABR0THW9,Aureobasidium pullulans,0,
A0ABR0TD40,Aureobasidium pullulans,0,
A0ABR0TES4,Aureobasidium pullulans,0,
A0ABR0TDA0,Aureobasidium pullulans,0,
A0ABR0TK60,Aureobasidium pullulans,0,
A0ABR0TEX7,Aureobasidium pullulans,0,
A0ABR0TL40,Aureobasidium pullulans,0,
A0ABR0TF11,Aureobasidium pullulans,0,
A0ABR0T6M3,Aureobasidium pullulans,0,
A0ABR0TWR8,Aureobasidium pullulans,0,
A0ABR0TU74,Aureobasidium pullulans,0,
A0ABR0TLR4,Aureobasidium pullulans,0,
A0ABR0TEU7,Aureobasidium pullulans,0,
A0ABR0TKF6,Aureobasidium pullulans,0,
A0ABR0T8Y8,Aureobasidium pullulans,0,
A0ABR0TKX2,Aureobasidium pullulans,0,
A0ABR0TCZ8,Aureobasidium pullulans,0,
A0ABR0TAY5,Aureobasidium pullulans,0,
A0ABR0T9D0,Aureobasidium pullulans,0,
A0ABR0T9D4,Aureobasidium pullulans,0,
A0ABR0TUB4,Aureobasidium pullulans,0,
A0ABR0TJG1,Aureobasidium pullulans,0,
A0ABR0T7I7,Aureobasidium pullulans,0,
A0ABR0T9K3,Aureobasidium pullulans,0,
A0ABR0TQA5,Aureobasidium pullulans,0,
A0ABR0TIB6,Aureobasidium pullulans,0,
A0ABR0TA34,Aureobasidium pullulans,0,
A0ABR0T479,Aureobasidium pullulans,0,
A0ABR0TCA8,Aureobasidium pullulans,0,
A0ABR0TPI7,Aureobasidium pullulans,0,
A0ABR0T6K5,Aureobasidium pullulans,0,
A0ABR0TBF2,Aureobasidium pullulans,0,
A0ABR0TTQ6,Aureobasidium pullulans,0,
A0ABR0TM29,Aureobasidium pullulans,0,
A0ABR0TR28,Aureobasidium pullulans,0,
A0ABR0TLU8,Aureobasidium pullulans,0,
A0ABR0TLP7,Aureobasidium pullulans,0,
A0ABR0TSC8,Aureobasidium pullulans,0,
A0ABR0TBY3,Aureobasidium pullulans,0,
A0ABR0TNA0,Aureobasidium pullulans,0,
A0ABR0TI72,Aureobasidium pullulans,0,
A0ABR0TKL4,Aureobasidium pullulans,0,
A0ABR0TG73,Aureobasidium pullulans,0,
A0ABR0TSI8,Aureobasidium pullulans,0,
A0ABR0TSM8,Aureobasidium pullulans,0,
A0ABR0TVL4,Aureobasidium pullulans,0,
A0ABR0TVG1,Aureobasidium pullulans,0,
A0ABR0TW37,Aureobasidium pullulans,0,
A0ABR0TUC3,Aureobasidium pullulans,0,
A0ABR0TUH4,Aureobasidium pullulans,0,
A0ABR0TBQ4,Aureobasidium pullulans,0,
A0ABR0TQS9,Aureobasidium pullulans,0,
A0ABR0TIN7,Aureobasidium pullulans,0,
A0ABR0TDV1,Aureobasidium pullulans,0,
A0ABR0TAX3,Aureobasidium pullulans,0,
A0ABR0TVZ3,Aureobasidium pullulans,0,
A0ABR0TWB4,Aureobasidium pullulans,0,
A0ABR0T987,Aureobasidium pullulans,0,
A0ABR0T7Z7,Aureobasidium pullulans,0,
A0ABR0T862,Aureobasidium pullulans,0,
A0ABR0TML5,Aureobasidium pullulans,0,
A0ABR0TPB9,Aureobasidium pullulans,0,
A0ABR0T608,Aureobasidium pullulans,0,
A0ABR0TIA8,Aureobasidium pullulans,0,
A0ABR0TTE0,Aureobasidium pullulans,0,
A0ABR0TQM8,Aureobasidium pullulans,0,
A0ABR0TTI8,Aureobasidium pullulans,0,
A0ABR0TV07,Aureobasidium pullulans,0,
A0ABR0TIB0,Aureobasidium pullulans,0,
A0ABR0TIL3,Aureobasidium pullulans,0,
A0ABR0TE35,Aureobasidium pullulans,0,
A0ABR0TLY0,Aureobasidium pullulans,0,
A0ABR0TE82,Aureobasidium pullulans,0,
A0ABR0T9M8,Aureobasidium pullulans,0,
A0ABR0TEB6,Aureobasidium pullulans,0,
A0ABR0TMT0,Aureobasidium pullulans,0,
A0ABR0TNH7,Aureobasidium pullulans,0,
A0ABR0TI79,Aureobasidium pullulans,0,
A0ABR0TM39,Aureobasidium pullulans,0,
A0ABR0TDZ3,Aureobasidium pullulans,0,
A0ABR0TBQ7,Aureobasidium pullulans,0,
A0ABR0TIQ5,Aureobasidium pullulans,0,
A0ABR0T6J9,Aureobasidium pullulans,0,
A0ABR0TCI4,Aureobasidium pullulans,0,
A0ABR0T5I0,Aureobasidium pullulans,0,
A0ABR0TUS3,Aureobasidium pullulans,0,
A0ABR0TUV5,Aureobasidium pullulans,0,
A0ABR0TPF0,Aureobasidium pullulans,0,
A0ABR0TAD1,Aureobasidium pullulans,0,
A0ABR0TH65,Aureobasidium pullulans,0,
A0ABR0TDE2,Aureobasidium pullulans,0,
A0ABR0TRC3,Aureobasidium pullulans,0,
A0ABR0TUK8,Aureobasidium pullulans,0,
A0ABR0TUJ4,Aureobasidium pullulans,0,
A0ABR0TU19,Aureobasidium pullulans,0,
A0ABR0TLE4,Aureobasidium pullulans,0,
A0ABR0TCZ7,Aureobasidium pullulans,0,
A0ABR0TSS1,Aureobasidium pullulans,0,
A0ABR0TSR5,Aureobasidium pullulans,0,
A0ABR0TE61,Aureobasidium pullulans,0,
A0ABR0TFK9,Aureobasidium pullulans,0,
A0ABR0TT06,Aureobasidium pullulans,0,
A0ABR0TLH0,Aureobasidium pullulans,0,
A0ABR0TX17,Aureobasidium pullulans,0,
A0ABR0TW59,Aureobasidium pullulans,0,
A0ABR0TBL4,Aureobasidium pullulans,0,
A0ABR0TM56,Aureobasidium pullulans,0,
A0ABR0TQ19,Aureobasidium pullulans,0,
A0ABR0TNI4,Aureobasidium pullulans,0,
A0ABR0T9A0,Aureobasidium pullulans,0,
A0ABR0TRG1,Aureobasidium pullulans,0,
A0ABR0TPW1,Aureobasidium pullulans,0,
A0ABR0TQ21,Aureobasidium pullulans,0,
A0ABR0TW58,Aureobasidium pullulans,0,
A0ABR0TW31,Aureobasidium pullulans,0,
A0ABR0TDY0,Aureobasidium pullulans,0,
A0ABR0TJR9,Aureobasidium pullulans,0,
A0ABR0TQI2,Aureobasidium pullulans,0,
A0ABR0TNY4,Aureobasidium pullulans,0,
A0ABR0TNA5,Aureobasidium pullulans,0,
A0ABR0TMI1,Aureobasidium pullulans,0,
A0ABR0TBF3,Aureobasidium pullulans,0,
A0ABR0TI36,Aureobasidium pullulans,0,
A0ABR0TLS3,Aureobasidium pullulans,0,
A0ABR0TPC3,Aureobasidium pullulans,0,
A0ABR0T7L2,Aureobasidium pullulans,0,
A0ABR0TAB9,Aureobasidium pullulans,0,
A0ABR0TG12,Aureobasidium pullulans,0,
A0ABR0T7U1,Aureobasidium pullulans,0,
A0ABR0T4F3,Aureobasidium pullulans,0,
A0ABR0T7H5,Aureobasidium pullulans,0,
A0ABR0T7W2,Aureobasidium pullulans,0,
A0ABR0T9K5,Aureobasidium pullulans,0,
A0ABR0TU57,Aureobasidium pullulans,0,
A0ABR0TL04,Aureobasidium pullulans,0,
A0ABR0TA16,Aureobasidium pullulans,0,
A0ABR0TA24,Aureobasidium pullulans,0,
A0ABR0TJI2,Aureobasidium pullulans,0,
A0ABR0TPF3,Aureobasidium pullulans,0,
A0ABR0T7Y4,Aureobasidium pullulans,0,
A0ABR0TD08,Aureobasidium pullulans,0,
A0ABR0TRG6,Aureobasidium pullulans,0,
A0ABR0TFZ8,Aureobasidium pullulans,0,
A0ABR0TWM3,Aureobasidium pullulans,0,
A0ABR0TQ57,Aureobasidium pullulans,0,
A0ABR0T9N9,Aureobasidium pullulans,0,
A0ABR0TFH5,Aureobasidium pullulans,0,
A0ABR0TPN5,Aureobasidium pullulans,0,
A0ABR0TK73,Aureobasidium pullulans,0,
A0ABR0TD20,Aureobasidium pullulans,0,
A0ABR0TDW4,Aureobasidium pullulans,0,
A0ABR0TJG4,Aureobasidium pullulans,0,
A0ABR0T819,Aureobasidium pullulans,0,
A0ABR0T4H4,Aureobasidium pullulans,0,
A0ABR0TR88,Aureobasidium pullulans,0,
A0ABR0TVF3,Aureobasidium pullulans,0,
A0ABR0TC78,Aureobasidium pullulans,0,
A0ABR0TJV9,Aureobasidium pullulans,0,
A0ABR0TGM6,Aureobasidium pullulans,0,
A0ABR0TJP3,Aureobasidium pullulans,0,
A0ABR0TAJ8,Aureobasidium pullulans,0,
A0ABR0T9N5,Aureobasidium pullulans,0,
A0ABR0TGN1,Aureobasidium pullulans,0,
A0ABR0TEI9,Aureobasidium pullulans,0,
A0ABR0TCZ2,Aureobasidium pullulans,0,
A0ABR0TNH9,Aureobasidium pullulans,0,
A0ABR0TNH3,Aureobasidium pullulans,0,
A0ABR0TF92,Aureobasidium pullulans,0,
A0ABR0TIE9,Aureobasidium pullulans,0,
A0ABR0TM21,Aureobasidium pullulans,0,
A0ABR0TJV4,Aureobasidium pullulans,0,
A0ABR0T497,Aureobasidium pullulans,0,
A0ABR0TUX2,Aureobasidium pullulans,0,
A0ABR0TWH5,Aureobasidium pullulans,0,
A0ABR0TTN6,Aureobasidium pullulans,0,
A0ABR0T8V4,Aureobasidium pullulans,0,
A0ABR0TKV4,Aureobasidium pullulans,0,
A0ABR0TKD3,Aureobasidium pullulans,0,
A0ABR0TEU9,Aureobasidium pullulans,0,
A0ABR0TJD7,Aureobasidium pullulans,0,
A0ABR0T7C6,Aureobasidium pullulans,0,
A0ABR0TC48,Aureobasidium pullulans,0,
A0ABR0TGV9,Aureobasidium pullulans,0,
A0ABR0TFN0,Aureobasidium pullulans,0,
A0ABR0THH0,Aureobasidium pullulans,0,
A0ABR0TD38,Aureobasidium pullulans,0,
A0ABR0T5Q2,Aureobasidium pullulans,0,
A0ABR0T6W4,Aureobasidium pullulans,0,
A0ABR0TEP8,Aureobasidium pullulans,0,
A0ABR0TEP2,Aureobasidium pullulans,0,
A0ABR0TES3,Aureobasidium pullulans,0,
A0ABR0TST2,Aureobasidium pullulans,0,
A0ABR0T7N6,Aureobasidium pullulans,0,
A0ABR0T7C7,Aureobasidium pullulans,0,
A0ABR0TSB8,Aureobasidium pullulans,0,
A0ABR0T8A8,Aureobasidium pullulans,0,
A0ABR0T6F6,Aureobasidium pullulans,0,
A0ABR0TCY3,Aureobasidium pullulans,0,
A0ABR0TUL5,Aureobasidium pullulans,0,
A0ABR0TIG7,Aureobasidium pullulans,0,
A0ABR0TW29,Aureobasidium pullulans,0,
A0ABR0TW62,Aureobasidium pullulans,0,
A0ABR0TNA9,Aureobasidium pullulans,0,
A0ABR0TS79,Aureobasidium pullulans,0,
A0A1A7MQK9,Aureobasidium pullulans,0,
A0ABR0T595,Aureobasidium pullulans,0,
A0ABR0TD30,Aureobasidium pullulans,0,
A0ABR0TD23,Aureobasidium pullulans,0,
A0ABR0TL31,Aureobasidium pullulans,0,
A0ABR0TUE8,Aureobasidium pullulans,0,
A0ABR0TK48,Aureobasidium pullulans,0,
A0ABR0TSH8,Aureobasidium pullulans,0,
A0ABR0TDN4,Aureobasidium pullulans,0,
A0ABR0TSP8,Aureobasidium pullulans,0,
A0ABR0T6U4,Aureobasidium pullulans,0,
A0ABR0T856,Aureobasidium pullulans,0,
A0ABR0TB48,Aureobasidium pullulans,0,
A0ABR0TB13,Aureobasidium pullulans,0,
A0ABR0TUN8,Aureobasidium pullulans,0,
A0ABR0TH11,Aureobasidium pullulans,0,
A0ABR0TSK6,Aureobasidium pullulans,0,
A0ABR0TN79,Aureobasidium pullulans,0,
A0ABR0TCY6,Aureobasidium pullulans,0,
A0ABR0TSP0,Aureobasidium pullulans,0,
A0ABR0TUP5,Aureobasidium pullulans,0,
A0ABR0T808,Aureobasidium pullulans,0,
A0ABR0TML9,Aureobasidium pullulans,0,
A0ABR0TNX3,Aureobasidium pullulans,0,
A0ABR0TG71,Aureobasidium pullulans,0,
A0ABR0TN80,Aureobasidium pullulans,0,
A0ABR0T7R9,Aureobasidium pullulans,0,
A0ABR0TIT1,Aureobasidium pullulans,0,
A0ABR0TX32,Aureobasidium pullulans,0,
A0ABR0TAI1,Aureobasidium pullulans,0,
A0ABR0T9P6,Aureobasidium pullulans,0,
A0ABR0TF88,Aureobasidium pullulans,0,
A0ABR0TNP8,Aureobasidium pullulans,0,
A0ABR0TDR6,Aureobasidium pullulans,0,
A0ABR0TF17,Aureobasidium pullulans,0,
A0ABR0TEW0,Aureobasidium pullulans,0,
A0ABR0TUF7,Aureobasidium pullulans,0,
A0ABR0TRD7,Aureobasidium pullulans,0,
A0ABR0TQF9,Aureobasidium pullulans,0,
A0ABR0TFB6,Aureobasidium pullulans,0,
A0ABR0TQT7,Aureobasidium pullulans,0,
A0ABR0TFB5,Aureobasidium pullulans,0,
A0ABR0TK85,Aureobasidium pullulans,0,
A0ABR0TC14,Aureobasidium pullulans,0,
A0ABR0TCY0,Aureobasidium pullulans,0,
A0ABR0TNN9,Aureobasidium pullulans,0,
A0ABR0TJW9,Aureobasidium pullulans,0,
A0ABR0TAH2,Aureobasidium pullulans,0,
A0ABR0TR49,Aureobasidium pullulans,0,
A0ABR0T5I1,Aureobasidium pullulans,0,
A0ABR0TLK9,Aureobasidium pullulans,0,
A0ABR0TIC6,Aureobasidium pullulans,0,
A0ABR0T6J5,Aureobasidium pullulans,0,
A0ABR0T7S3,Aureobasidium pullulans,0,
A0ABR0TCV8,Aureobasidium pullulans,0,
A0ABR0TD74,Aureobasidium pullulans,0,
A0ABR0TSI2,Aureobasidium pullulans,0,
A0ABR0TLS4,Aureobasidium pullulans,0,
A0ABR0TNJ2,Aureobasidium pullulans,0,
A0ABR0TVM2,Aureobasidium pullulans,0,
A0ABR0TVR1,Aureobasidium pullulans,0,
A0ABR0T643,Aureobasidium pullulans,0,
A0ABR0TDQ3,Aureobasidium pullulans,0,
A0ABR0TWA2,Aureobasidium pullulans,0,
A0ABR0TVD2,Aureobasidium pullulans,0,
A0ABR0T7X9,Aureobasidium pullulans,0,
A0ABR0TGM7,Aureobasidium pullulans,0,
A0ABR0TFR5,Aureobasidium pullulans,0,
A0ABR0TCN1,Aureobasidium pullulans,0,
A0ABR0TQT5,Aureobasidium pullulans,0,
A0ABR0TQT4,Aureobasidium pullulans,0,
A0ABR0TF19,Aureobasidium pullulans,0,
A0ABR0TF23,Aureobasidium pullulans,0,
A0ABR0TNC8,Aureobasidium pullulans,0,
A0ABR0T755,Aureobasidium pullulans,0,
A0ABR0T9S5,Aureobasidium pullulans,0,
A0ABR0TR86,Aureobasidium pullulans,0,
A0ABR0TL17,Aureobasidium pullulans,0,
A0ABR0TAV4,Aureobasidium pullulans,0,
A0ABR0TK57,Aureobasidium pullulans,0,
A0ABR0TW85,Aureobasidium pullulans,0,
A0ABR0TMA0,Aureobasidium pullulans,0,
A0ABR0TS53,Aureobasidium pullulans,0,
A0ABR0T8Q8,Aureobasidium pullulans,0,
A0ABR0TJN5,Aureobasidium pullulans,0,
A0ABR0T9T2,Aureobasidium pullulans,0,
A0ABR0TAD5,Aureobasidium pullulans,0,
A0ABR0TAE3,Aureobasidium pullulans,0,
A0ABR0TAE5,Aureobasidium pullulans,0,
A0ABR0TAR8,Aureobasidium pullulans,0,
A0ABR0TH27,Aureobasidium pullulans,0,
A0ABR0TH15,Aureobasidium pullulans,0,
A0ABR0TGU7,Aureobasidium pullulans,0,
A0ABR0TGJ0,Aureobasidium pullulans,0,
A0ABR0T9K0,Aureobasidium pullulans,0,
A0ABR0TA47,Aureobasidium pullulans,0,
A0ABR0T9T3,Aureobasidium pullulans,0,
A0ABR0TUZ2,Aureobasidium pullulans,0,
A0ABR0TTL5,Aureobasidium pullulans,0,
A0ABR0TIB4,Aureobasidium pullulans,0,
A0A4S9W8N5,Aureobasidium pullulans,0,
A0ABR0TJP4,Aureobasidium pullulans,0,
A0ABR0TRR4,Aureobasidium pullulans,0,
A0ABR0TSQ9,Aureobasidium pullulans,0,
A0ABR0TMN4,Aureobasidium pullulans,0,
A0ABR0TWW7,Aureobasidium pullulans,0,
A0ABR0TVN4,Aureobasidium pullulans,0,
A0ABR0TBD2,Aureobasidium pullulans,0,
A0ABR0TT12,Aureobasidium pullulans,0,
A0ABR0TSY1,Aureobasidium pullulans,0,
A0ABR0TT74,Aureobasidium pullulans,0,
A0ABR0TSU1,Aureobasidium pullulans,0,
A0ABR0TQB0,Aureobasidium pullulans,0,
A0ABR0TBW9,Aureobasidium pullulans,0,
A0ABR0TDH5,Aureobasidium pullulans,0,
A0ABR0T951,Aureobasidium pullulans,0,
A0ABR0T848,Aureobasidium pullulans,0,
A0ABR0T936,Aureobasidium pullulans,0,
A0ABR0TVW5,Aureobasidium pullulans,0,
A0ABR0T672,Aureobasidium pullulans,0,
A0ABR0T7A1,Aureobasidium pullulans,0,
A0ABR0T7B9,Aureobasidium pullulans,0,
A0ABR0TPA5,Aureobasidium pullulans,0,
A0ABR0TPF1,Aureobasidium pullulans,0,
A0ABR0TPA8,Aureobasidium pullulans,0,
A0ABR0THQ1,Aureobasidium pullulans,0,
A0ABR0TWC2,Aureobasidium pullulans,0,
A0ABR0TW49,Aureobasidium pullulans,0,
A0ABR0TW82,Aureobasidium pullulans,0,
A0ABR0TCS6,Aureobasidium pullulans,0,
A0ABR0TMX9,Aureobasidium pullulans,0,
A0ABR0TQA9,Aureobasidium pullulans,0,
A0ABR0TLJ4,Aureobasidium pullulans,0,
A0ABR0TL69,Aureobasidium pullulans,0,
A0ABR0TLL5,Aureobasidium pullulans,0,
A0ABR0TFW5,Aureobasidium pullulans,0,
A0ABR0TFL0,Aureobasidium pullulans,0,
A0ABR0TU20,Aureobasidium pullulans,0,
A0ABR0TUB0,Aureobasidium pullulans,0,
A0ABR0TU02,Aureobasidium pullulans,0,
A0ABR0TMP3,Aureobasidium pullulans,0,
A0ABR0TAU1,Aureobasidium pullulans,0,
A0ABR0T585,Aureobasidium pullulans,0,
A0ABR0T5F2,Aureobasidium pullulans,0,
A0ABR0T4T7,Aureobasidium pullulans,0,
A0ABR0T683,Aureobasidium pullulans,0,
A0ABR0T696,Aureobasidium pullulans,0,
A0ABR0TGU1,Aureobasidium pullulans,0,
A0ABR0TU05,Aureobasidium pullulans,0,
A0ABR0TK88,Aureobasidium pullulans,0,
A0ABR0T6G9,Aureobasidium pullulans,0,
A0ABR0TV59,Aureobasidium pullulans,0,
A0ABR0TIH8,Aureobasidium pullulans,0,
A0ABR0TI25,Aureobasidium pullulans,0,
A0ABR0T5K5,Aureobasidium pullulans,0,
A0ABR0TA15,Aureobasidium pullulans,0,
A0ABR0T5R5,Aureobasidium pullulans,0,
A0ABR0TG92,Aureobasidium pullulans,0,
A0ABR0THZ0,Aureobasidium pullulans,0,
A0ABR0TSH1,Aureobasidium pullulans,0,
A0A4S9VC37,Aureobasidium pullulans,0,
A0ABR0TIA3,Aureobasidium pullulans,0,
A0ABR0TKW5,Aureobasidium pullulans,0,
A0ABR0TMN9,Aureobasidium pullulans,0,
A0ABR0TG67,Aureobasidium pullulans,0,
A0ABR0T8G7,Aureobasidium pullulans,0,
A0ABR0TH38,Aureobasidium pullulans,0,
A0ABR0TUG2,Aureobasidium pullulans,0,
A0ABR0TB27,Aureobasidium pullulans,0,
A0ABR0T8M0,Aureobasidium pullulans,0,
A0ABR0T989,Aureobasidium pullulans,0,
A0ABR0TGU0,Aureobasidium pullulans,0,
A0ABR0THN8,Aureobasidium pullulans,0,
A0ABR0T524,Aureobasidium pullulans,0,
A0ABR0TV52,Aureobasidium pullulans,0,
A0ABR0T650,Aureobasidium pullulans,0,
A0ABR0TWP3,Aureobasidium pullulans,0,
A0ABR0TA29,Aureobasidium pullulans,0,
A0ABR0TIP0,Aureobasidium pullulans,0,
A0ABR0TIP2,Aureobasidium pullulans,0,
A0ABR0T8M7,Aureobasidium pullulans,0,
A0ABR0T8X7,Aureobasidium pullulans,0,
A0ABR0T8T7,Aureobasidium pullulans,0,
A0ABR0TU17,Aureobasidium pullulans,0,
A0ABR0T787,Aureobasidium pullulans,0,
A0ABR0TF55,Aureobasidium pullulans,0,
A0ABR0TIS2,Aureobasidium pullulans,0,
A0ABR0TIT6,Aureobasidium pullulans,0,
A0ABR0TFS9,Aureobasidium pullulans,0,
A0ABR0TVM5,Aureobasidium pullulans,0,
A0ABR0TEX8,Aureobasidium pullulans,0,
A0ABR0T545,Aureobasidium pullulans,0,
A0ABR0TKA0,Aureobasidium pullulans,0,
A0ABR0TMG1,Aureobasidium pullulans,0,
A0ABR0TFP2,Aureobasidium pullulans,0,
A0ABR0TE70,Aureobasidium pullulans,0,
A0ABR0TWK5,Aureobasidium pullulans,0,
A0ABR0TR08,Aureobasidium pullulans,0,
A0ABR0TSF6,Aureobasidium pullulans,0,
A0ABR0TIX3,Aureobasidium pullulans,0,
A0ABR0TBB9,Aureobasidium pullulans,0,
A0ABR0TGP2,Aureobasidium pullulans,0,
A0ABR0TB21,Aureobasidium pullulans,0,
A0ABR0TVQ6,Aureobasidium pullulans,0,
A0ABR0TD99,Aureobasidium pullulans,0,
A0ABR0TSU7,Aureobasidium pullulans,0,
A0ABR0TQM1,Aureobasidium pullulans,0,
A0ABR0T4I9,Aureobasidium pullulans,0,
A0ABR0TL46,Aureobasidium pullulans,0,
A0ABR0TE74,Aureobasidium pullulans,0,
A0ABR0TJG5,Aureobasidium pullulans,0,
A0ABR0TG89,Aureobasidium pullulans,0,
A0ABR0TT70,Aureobasidium pullulans,0,
A0ABR0TCP1,Aureobasidium pullulans,0,
A0ABR0TK47,Aureobasidium pullulans,0,
A0ABR0THE5,Aureobasidium pullulans,0,
A0ABR0TDQ9,Aureobasidium pullulans,0,
A0ABR0TRS8,Aureobasidium pullulans,0,
A0ABR0TQY3,Aureobasidium pullulans,0,
A0ABR0TC81,Aureobasidium pullulans,0,
A0ABR0T9P3,Aureobasidium pullulans,0,
A0ABR0TW86,Aureobasidium pullulans,0,
A0ABR0TLU9,Aureobasidium pullulans,0,
A0ABR0TQF5,Aureobasidium pullulans,0,
A0ABR0T8I5,Aureobasidium pullulans,0,
A0ABR0TXS7,Aureobasidium pullulans,0,
A0ABR0T4G7,Aureobasidium pullulans,0,
A0ABR0T949,Aureobasidium pullulans,0,
A0ABR0TJH0,Aureobasidium pullulans,0,
A0ABR0TC82,Aureobasidium pullulans,0,
A0ABR0TBF0,Aureobasidium pullulans,0,
A0ABR0T9S8,Aureobasidium pullulans,0,
A0ABR0T7U0,Aureobasidium pullulans,0,
A0ABR0TUD0,Aureobasidium pullulans,0,
A0ABR0THR6,Aureobasidium pullulans,0,
A0ABR0TE50,Aureobasidium pullulans,0,
A0ABR0TAR7,Aureobasidium pullulans,0,
A0ABR0TT28,Aureobasidium pullulans,0,
A0ABR0TNM2,Aureobasidium pullulans,0,
A0ABR0TBC2,Aureobasidium pullulans,0,
A0ABR0TCS5,Aureobasidium pullulans,0,
A0ABR0TLL3,Aureobasidium pullulans,0,
A0ABR0TIM0,Aureobasidium pullulans,0,
A0ABR0TEI3,Aureobasidium pullulans,0,
A0ABR0T6V1,Aureobasidium pullulans,0,
A0ABR0T5J0,Aureobasidium pullulans,0,
A0ABR0T6X8,Aureobasidium pullulans,0,
A0ABR0TCI8,Aureobasidium pullulans,0,
A0ABR0TVS9,Aureobasidium pullulans,0,
A0ABR0TVR7,Aureobasidium pullulans,0,
A0ABR0T834,Aureobasidium pullulans,0,
A0ABR0TLQ8,Aureobasidium pullulans,0,
A0ABR0TCA5,Aureobasidium pullulans,0,
A0ABR0TRP7,Aureobasidium pullulans,0,
A0ABR0TR06,Aureobasidium pullulans,0,
A0ABR0TKD6,Aureobasidium pullulans,0,
A0ABR0TST9,Aureobasidium pullulans,0,
A0ABR0T4I5,Aureobasidium pullulans,0,
A0ABR0TIN9,Aureobasidium pullulans,0,
A0ABR0TUW6,Aureobasidium pullulans,0,
A0ABR0TEX1,Aureobasidium pullulans,0,
A0ABR0TC94,Aureobasidium pullulans,0,
A0ABR0TP58,Aureobasidium pullulans,0,
A0ABR0TN35,Aureobasidium pullulans,0,
A0ABR0TPK3,Aureobasidium pullulans,0,
A0ABR0TPG6,Aureobasidium pullulans,0,
A0ABR0TM08,Aureobasidium pullulans,0,
A0ABR0TBU5,Aureobasidium pullulans,0,
A0ABR0TBD8,Aureobasidium pullulans,0,
A0ABR0TNU6,Aureobasidium pullulans,0,
A0ABR0T5U4,Aureobasidium pullulans,0,
A0ABR0T5U7,Aureobasidium pullulans,0,
A0ABR0TQB9,Aureobasidium pullulans,0,
A0ABR0TQ81,Aureobasidium pullulans,0,
A0ABR0TP74,Aureobasidium pullulans,0,
A0ABR0TTB3,Aureobasidium pullulans,0,
A0ABR0TSY0,Aureobasidium pullulans,0,
A0ABR0TT37,Aureobasidium pullulans,0,
A0ABR0TT03,Aureobasidium pullulans,0,
A0ABR0T7P9,Aureobasidium pullulans,0,
A0ABR0T7R8,Aureobasidium pullulans,0,
A0ABR0TN59,Aureobasidium pullulans,0,
A0ABR0T9B6,Aureobasidium pullulans,0,
A0ABR0TSC7,Aureobasidium pullulans,0,
A0ABR0TSX7,Aureobasidium pullulans,0,
A0ABR0TTB5,Aureobasidium pullulans,0,
A0ABR0TGW1,Aureobasidium pullulans,0,
A0ABR0T5X5,Aureobasidium pullulans,0,
A0ABR0T817,Aureobasidium pullulans,0,
A0ABR0T6H3,Aureobasidium pullulans,0,
A0ABR0TR03,Aureobasidium pullulans,0,
A0ABR0TM73,Aureobasidium pullulans,0,
A0ABR0TL71,Aureobasidium pullulans,0,
A0ABR0T6Y8,Aureobasidium pullulans,0,
A0ABR0TU89,Aureobasidium pullulans,0,
A0ABR0TNI7,Aureobasidium pullulans,0,
A0ABR0TWT1,Aureobasidium pullulans,0,
A0ABR0TQC9,Aureobasidium pullulans,0,
A0ABR0TAA0,Aureobasidium pullulans,0,
A0ABR0TAS2,Aureobasidium pullulans,0,
A0ABR0TU66,Aureobasidium pullulans,0,
A0ABR0TCE7,Aureobasidium pullulans,0,
A0ABR0TU50,Aureobasidium pullulans,0,
A0ABR0TTP8,Aureobasidium pullulans,0,
A0ABR0TTY8,Aureobasidium pullulans,0,
A0ABR0TIY1,Aureobasidium pullulans,0,
A0ABR0TJY1,Aureobasidium pullulans,0,
A0ABR0TF21,Aureobasidium pullulans,0,
A0ABR0TEG7,Aureobasidium pullulans,0,
A0ABR0TVF2,Aureobasidium pullulans,0,
A0ABR0TSH5,Aureobasidium pullulans,0,
A0ABR0TSV5,Aureobasidium pullulans,0,
A0ABR0TGI7,Aureobasidium pullulans,0,
A0ABR0TB12,Aureobasidium pullulans,0,
A0ABR0T4R3,Aureobasidium pullulans,0,
A0ABR0TJF5,Aureobasidium pullulans,0,
A0ABR0TGG3,Aureobasidium pullulans,0,
A0ABR0T4S5,Aureobasidium pullulans,0,
A0ABR0T613,Aureobasidium pullulans,0,
A0ABR0TKG6,Aureobasidium pullulans,0,
A0ABR0TR10,Aureobasidium pullulans,0,
A0ABR0TK40,Aureobasidium pullulans,0,
A0ABR0TGV7,Aureobasidium pullulans,0,
A0ABR0TP24,Aureobasidium pullulans,0,
A0ABR0T5D8,Aureobasidium pullulans,0,
A0ABR0T542,Aureobasidium pullulans,0,
A0ABR0TLS0,Aureobasidium pullulans,0,
A0ABR0TW44,Aureobasidium pullulans,0,
A0ABR0TWQ6,Aureobasidium pullulans,0,
A0ABR0TMY3,Aureobasidium pullulans,0,
A0ABR0TGC5,Aureobasidium pullulans,0,
A0ABR0TUU6,Aureobasidium pullulans,0,
A0ABR0TGC9,Aureobasidium pullulans,0,
A0ABR0TFD7,Aureobasidium pullulans,0,
A0ABR0TQA6,Aureobasidium pullulans,0,
A0ABR0TWF5,Aureobasidium pullulans,0,
A0ABR0TGX1,Aureobasidium pullulans,0,
A0ABR0TGX6,Aureobasidium pullulans,0,
A0ABR0TQI4,Aureobasidium pullulans,0,
A0ABR0TRG0,Aureobasidium pullulans,0,
A0ABR0TG22,Aureobasidium pullulans,0,
A0ABR0T8G4,Aureobasidium pullulans,0,
A0ABR0TL78,Aureobasidium pullulans,0,
A0ABR0T7J5,Aureobasidium pullulans,0,
A0ABR0T7F2,Aureobasidium pullulans,0,
A0ABR0TEK4,Aureobasidium pullulans,0,
A0ABR0TPI3,Aureobasidium pullulans,0,
A0ABR0TQE2,Aureobasidium pullulans,0,
A0ABR0TVI7,Aureobasidium pullulans,0,
A0ABR0TBB1,Aureobasidium pullulans,0,
A0ABR0TK19,Aureobasidium pullulans,0,
A0ABR0TK27,Aureobasidium pullulans,0,
A0ABR0TN03,Aureobasidium pullulans,0,
A0ABR0T7H0,Aureobasidium pullulans,0,
A0ABR0TKY4,Aureobasidium pullulans,0,
A0ABR0TQS0,Aureobasidium pullulans,0,
A0ABR0TMW3,Aureobasidium pullulans,0,
A0ABR0THG7,Aureobasidium pullulans,0,
A0ABR0THL6,Aureobasidium pullulans,0,
A0ABR0TDB8,Aureobasidium pullulans,0,
A0ABR0TC31,Aureobasidium pullulans,0,
A0ABR0T7I3,Aureobasidium pullulans,0,
A0ABR0TI03,Aureobasidium pullulans,0,
A0ABR0T500,Aureobasidium pullulans,0,
A0ABR0TGV5,Aureobasidium pullulans,0,
A0ABR0TPJ5,Aureobasidium pullulans,0,
A0ABR0TQN1,Aureobasidium pullulans,0,
A0ABR0TP14,Aureobasidium pullulans,0,
A0ABR0TFI3,Aureobasidium pullulans,0,
A0ABR0TVV8,Aureobasidium pullulans,0,
A0ABR0TW21,Aureobasidium pullulans,0,
A0ABR0TFB9,Aureobasidium pullulans,0,
A0ABR0TLS7,Aureobasidium pullulans,0,
A0ABR0TJU8,Aureobasidium pullulans,0,
A0ABR0T5T3,Aureobasidium pullulans,0,
A0ABR0T7R1,Aureobasidium pullulans,0,
A0ABR0TUT8,Aureobasidium pullulans,0,
A0ABR0TGB6,Aureobasidium pullulans,0,
A0ABR0TXM0,Aureobasidium pullulans,0,
A0ABR0TDF9,Aureobasidium pullulans,0,
A0ABR0TC43,Aureobasidium pullulans,0,
A0ABR0T6X6,Aureobasidium pullulans,0,
A0ABR0T5Z9,Aureobasidium pullulans,0,
A0ABR0TK25,Aureobasidium pullulans,0,
A0ABR0THF8,Aureobasidium pullulans,0,
A0ABR0T8N9,Aureobasidium pullulans,0,
A0ABR0TWJ5,Aureobasidium pullulans,0,
A0ABR0TJZ9,Aureobasidium pullulans,0,
A0ABR0TKQ4,Aureobasidium pullulans,0,
A0ABR0TVV9,Aureobasidium pullulans,0,
A0ABR0T7F8,Aureobasidium pullulans,0,
A0ABR0TCR6,Aureobasidium pullulans,0,
A0ABR0TCZ9,Aureobasidium pullulans,0,
A0ABR0T790,Aureobasidium pullulans,0,
A0ABR0T8I9,Aureobasidium pullulans,0,
A0ABR0TIG8,Aureobasidium pullulans,0,
A0ABR0TI53,Aureobasidium pullulans,0,
A0ABR0TV47,Aureobasidium pullulans,0,
A0ABR0TTR1,Aureobasidium pullulans,0,
A0ABR0TL97,Aureobasidium pullulans,0,
A0ABR0TL95,Aureobasidium pullulans,0,
A0ABR0TDU0,Aureobasidium pullulans,0,
A0ABR0TGR4,Aureobasidium pullulans,0,
A0ABR0TGS7,Aureobasidium pullulans,0,
A0ABR0TKV0,Aureobasidium pullulans,0,
A0ABR0TV79,Aureobasidium pullulans,0,
A0ABR0TF45,Aureobasidium pullulans,0,
A0ABR0TJ15,Aureobasidium pullulans,0,
A0ABR0TIX2,Aureobasidium pullulans,0,
A0ABR0TMV4,Aureobasidium pullulans,0,
A0ABR0T4R9,Aureobasidium pullulans,0,
A0ABR0TVE9,Aureobasidium pullulans,0,
A0ABR0TB78,Aureobasidium pullulans,0,
A0ABR0T679,Aureobasidium pullulans,0,
A0ABR0TBP3,Aureobasidium pullulans,0,
A0ABR0T7G7,Aureobasidium pullulans,0,
A0ABR0TAC5,Aureobasidium pullulans,0,
A0ABR0T578,Aureobasidium pullulans,0,
A0ABR0T4J8,Aureobasidium pullulans,0,
A0ABR0T9A9,Aureobasidium pullulans,0,
A0ABR0T8D7,Aureobasidium pullulans,0,
A0ABR0TP80,Aureobasidium pullulans,0,
A0ABR0TNJ9,Aureobasidium pullulans,0,
A0ABR0T7T4,Aureobasidium pullulans,0,
A0ABR0THJ3,Aureobasidium pullulans,0,
A0ABR0TAM1,Aureobasidium pullulans,0,
A0A4S9RW46,Aureobasidium pullulans,0,
A0ABR0TBF5,Aureobasidium pullulans,0,
A0ABR0TC79,Aureobasidium pullulans,0,
A0ABR0TAG7,Aureobasidium pullulans,0,
A0ABR0TF75,Aureobasidium pullulans,0,
A0ABR0TPY8,Aureobasidium pullulans,0,
A0ABR0TPR1,Aureobasidium pullulans,0,
A0ABR0TRU3,Aureobasidium pullulans,0,
A0ABR0TPZ1,Aureobasidium pullulans,0,
A0ABR0TMG0,Aureobasidium pullulans,0,
A0ABR0TPS2,Aureobasidium pullulans,0,
A0ABR0TQ20,Aureobasidium pullulans,0,
A0ABR0TPE2,Aureobasidium pullulans,0,
A0ABR0TLN6,Aureobasidium pullulans,0,
A0ABR0TAE8,Aureobasidium pullulans,0,
A0ABR0TD42,Aureobasidium pullulans,0,
A0ABR0THW8,Aureobasidium pullulans,0,
A0ABR0THV9,Aureobasidium pullulans,0,
A0ABR0THW3,Aureobasidium pullulans,0,
A0ABR0TCG5,Aureobasidium pullulans,0,
A0ABR0TE81,Aureobasidium pullulans,0,
A0ABR0TCK7,Aureobasidium pullulans,0,
A0ABR0T8X4,Aureobasidium pullulans,0,
A0ABR0TMC3,Aureobasidium pullulans,0,
A0ABR0T4G2,Aureobasidium pullulans,0,
A0ABR0TPP3,Aureobasidium pullulans,0,
A0ABR0TP16,Aureobasidium pullulans,0,
A0ABR0TVM6,Aureobasidium pullulans,0,
A0ABR0T5E6,Aureobasidium pullulans,0,
A0ABR0TD37,Aureobasidium pullulans,0,
A0ABR0TDD6,Aureobasidium pullulans,0,
A0ABR0T9A4,Aureobasidium pullulans,0,
A0ABR0TEJ7,Aureobasidium pullulans,0,
A0ABR0TE87,Aureobasidium pullulans,0,
A0ABR0TDY5,Aureobasidium pullulans,0,
A0ABR0TG63,Aureobasidium pullulans,0,
A0ABR0THR9,Aureobasidium pullulans,0,
A0ABR0TRP5,Aureobasidium pullulans,0,
A0ABR0TT10,Aureobasidium pullulans,0,
A0ABR0TRA9,Aureobasidium pullulans,0,
A0ABR0TRP6,Aureobasidium pullulans,0,
A0ABR0TUB6,Aureobasidium pullulans,0,
A0ABR0TQD0,Aureobasidium pullulans,0,
A0ABR0TG31,Aureobasidium pullulans,0,
A0ABR0TKB1,Aureobasidium pullulans,0,
A0ABR0TG72,Aureobasidium pullulans,0,
A0ABR0TEZ4,Aureobasidium pullulans,0,
A0ABR0TGE0,Aureobasidium pullulans,0,
A0ABR0TGC4,Aureobasidium pullulans,0,
A0ABR0TPK2,Aureobasidium pullulans,0,
A0ABR0TLR3,Aureobasidium pullulans,0,
A0ABR0TFZ6,Aureobasidium pullulans,0,
A0ABR0TUI4,Aureobasidium pullulans,0,
A0ABR0TV38,Aureobasidium pullulans,0,
A0ABR0TSY8,Aureobasidium pullulans,0,
A0ABR0TUK9,Aureobasidium pullulans,0,
A0ABR0TTV3,Aureobasidium pullulans,0,
A0ABR0TWX8,Aureobasidium pullulans,0,
A0ABR0TW15,Aureobasidium pullulans,0,
A0ABR0T8S8,Aureobasidium pullulans,0,
A0ABR0T9I3,Aureobasidium pullulans,0,
A0ABR0TAV8,Aureobasidium pullulans,0,
A0ABR0TQU2,Aureobasidium pullulans,0,
A0ABR0TMB9,Aureobasidium pullulans,0,
A0ABR0TNQ6,Aureobasidium pullulans,0,
A0ABR0TNH4,Aureobasidium pullulans,0,
A0ABR0T745,Aureobasidium pullulans,0,
A0ABR0T8W9,Aureobasidium pullulans,0,
A0ABR0TE63,Aureobasidium pullulans,0,
A0ABR0TD94,Aureobasidium pullulans,0,
A0ABR0T714,Aureobasidium pullulans,0,
A0ABR0TTE4,Aureobasidium pullulans,0,
A0ABR0TT72,Aureobasidium pullulans,0,
A0ABR0TRZ7,Aureobasidium pullulans,0,
A0ABR0TB34,Aureobasidium pullulans,0,
A0ABR0TAD9,Aureobasidium pullulans,0,
A0ABR0T914,Aureobasidium pullulans,0,
A0ABR0T9R3,Aureobasidium pullulans,0,
A0ABR0T9Y9,Aureobasidium pullulans,0,
A0ABR0T9Q3,Aureobasidium pullulans,0,
A0ABR0TA95,Aureobasidium pullulans,0,
A0ABR0TCK8,Aureobasidium pullulans,0,
A0ABR0T563,Aureobasidium pullulans,0,
A0ABR0T5G6,Aureobasidium pullulans,0,
A0ABR0THI8,Aureobasidium pullulans,0,
A0ABR0THI1,Aureobasidium pullulans,0,
A0ABR0TB03,Aureobasidium pullulans,0,
A0ABR0T5V2,Aureobasidium pullulans,0,
A0ABR0T5C5,Aureobasidium pullulans,0,
A0ABR0T5A7,Aureobasidium pullulans,0,
A0ABR0TC80,Aureobasidium pullulans,0,
A0ABR0TR60,Aureobasidium pullulans,0,
A0ABR0TK01,Aureobasidium pullulans,0,
A0ABR0TI47,Aureobasidium pullulans,0,
A0ABR0TIC1,Aureobasidium pullulans,0,
A0ABR0TDJ5,Aureobasidium pullulans,0,
A0ABR0TDI5,Aureobasidium pullulans,0,
A0ABR0T871,Aureobasidium pullulans,0,
A0ABR0T6R4,Aureobasidium pullulans,0,
A0ABR0TEW1,Aureobasidium pullulans,0,
A0ABR0TS85,Aureobasidium pullulans,0,
A0ABR0TLX8,Aureobasidium pullulans,0,
A0ABR0TNG6,Aureobasidium pullulans,0,
A0ABR0TS06,Aureobasidium pullulans,0,
A0ABR0TTM8,Aureobasidium pullulans,0,
A0ABR0TTN7,Aureobasidium pullulans,0,
A0ABR0TT59,Aureobasidium pullulans,0,
A0ABR0TS87,Aureobasidium pullulans,0,
A0ABR0TT97,Aureobasidium pullulans,0,
A0ABR0TU08,Aureobasidium pullulans,0,
A0ABR0TSN5,Aureobasidium pullulans,0,
A0ABR0T8R7,Aureobasidium pullulans,0,
A0ABR0TEU0,Aureobasidium pullulans,0,
A0ABR0TQX5,Aureobasidium pullulans,0,
A0ABR0TKV3,Aureobasidium pullulans,0,
A0ABR0TRX5,Aureobasidium pullulans,0,
A0ABR0TWK6,Aureobasidium pullulans,0,
A0ABR0TL07,Aureobasidium pullulans,0,
A0ABR0TIK3,Aureobasidium pullulans,0,
A0ABR0TJI9,Aureobasidium pullulans,0,
A0ABR0TF80,Aureobasidium pullulans,0,
A0ABR0TQ45,Aureobasidium pullulans,0,
A0ABR0TBC9,Aureobasidium pullulans,0,
A0ABR0T6N8,Aureobasidium pullulans,0,
A0ABR0TF26,Aureobasidium pullulans,0,
A0ABR0T4Y1,Aureobasidium pullulans,0,
A0ABR0T602,Aureobasidium pullulans,0,
A0ABR0TP06,Aureobasidium pullulans,0,
A0ABR0T6S6,Aureobasidium pullulans,0,
A0ABR0TV08,Aureobasidium pullulans,0,
A0ABR0TTC3,Aureobasidium pullulans,0,
A0ABR0TGB0,Aureobasidium pullulans,0,
A0ABR0TK71,Aureobasidium pullulans,0,
A0A1A7MHZ9,Aureobasidium pullulans,0,
A0ABR0TBX1,Aureobasidium pullulans,0,
A0ABR0TNT9,Aureobasidium pullulans,0,
A0ABR0TRC8,Aureobasidium pullulans,0,
A0ABR0TLA3,Aureobasidium pullulans,0,
A0ABR0TDC8,Aureobasidium pullulans,0,
A0ABR0TLZ3,Aureobasidium pullulans,0,
A0ABR0TBZ2,Aureobasidium pullulans,0,
A0ABR0TQN7,Aureobasidium pullulans,0,
A0ABR0T7L6,Aureobasidium pullulans,0,
A0ABR0TH13,Aureobasidium pullulans,0,
A0ABR0TGW8,Aureobasidium pullulans,0,
A0ABR0TA61,Aureobasidium pullulans,0,
A0ABR0TRN1,Aureobasidium pullulans,0,
A0ABR0T9Z4,Aureobasidium pullulans,0,
A0ABR0T845,Aureobasidium pullulans,0,
A0ABR0TVH1,Aureobasidium pullulans,0,
A0ABR0TRD6,Aureobasidium pullulans,0,
A0ABR0T9Z6,Aureobasidium pullulans,0,
A0ABR0T9N0,Aureobasidium pullulans,0,
A0ABR0TAL9,Aureobasidium pullulans,0,
A0ABR0T6E9,Aureobasidium pullulans,0,
A0ABR0TVK4,Aureobasidium pullulans,0,
A0ABR0T9L1,Aureobasidium pullulans,0,
A0ABR0TH68,Aureobasidium pullulans,0,
A0ABR0TJH7,Aureobasidium pullulans,0,
A0ABR0TJU9,Aureobasidium pullulans,0,
A0ABR0TDP2,Aureobasidium pullulans,0,
A0ABR0TV22,Aureobasidium pullulans,0,
A0ABR0TPD6,Aureobasidium pullulans,0,
A0ABR0TJH3,Aureobasidium pullulans,0,
A0ABR0TCJ7,Aureobasidium pullulans,0,
A0ABR0TP34,Aureobasidium pullulans,0,
A0ABR0TJS3,Aureobasidium pullulans,0,
A0ABR0TQ71,Aureobasidium pullulans,0,
A0ABR0TPR3,Aureobasidium pullulans,0,
A0ABR0TDW6,Aureobasidium pullulans,0,
A0ABR0TDG2,Aureobasidium pullulans,0,
A0ABR0TR67,Aureobasidium pullulans,0,
A0ABR0TQ74,Aureobasidium pullulans,0,
A0ABR0TEE0,Aureobasidium pullulans,0,
A0ABR0TQ86,Aureobasidium pullulans,0,
A0ABR0TAL1,Aureobasidium pullulans,0,
A0A4S8XF24,Aureobasidium pullulans,0,
A0ABR0T6G5,Aureobasidium pullulans,0,
A0ABR0TGA3,Aureobasidium pullulans,0,
A0ABR0TSJ5,Aureobasidium pullulans,0,
A0ABR0T8T2,Aureobasidium pullulans,0,
A0ABR0TQS6,Aureobasidium pullulans,0,
A0ABR0TMV0,Aureobasidium pullulans,0,
A0ABR0TN49,Aureobasidium pullulans,0,
A0ABR0TTT2,Aureobasidium pullulans,0,
A0ABR0TU27,Aureobasidium pullulans,0,
A0ABR0TLF2,Aureobasidium pullulans,0,
A0ABR0TTZ1,Aureobasidium pullulans,0,
A0ABR0TEH7,Aureobasidium pullulans,0,
A0ABR0TLX7,Aureobasidium pullulans,0,
A0ABR0TFI1,Aureobasidium pullulans,0,
A0ABR0TQK3,Aureobasidium pullulans,0,
A0ABR0TM66,Aureobasidium pullulans,0,
A0ABR0TSM7,Aureobasidium pullulans,0,
A0ABR0TDF6,Aureobasidium pullulans,0,
A0ABR0TXE7,Aureobasidium pullulans,0,
A0ABR0TA87,Aureobasidium pullulans,0,
A0ABR0TIJ7,Aureobasidium pullulans,0,
A0ABR0T5D9,Aureobasidium pullulans,0,
A0ABR0T9D1,Aureobasidium pullulans,0,
A0ABR0TEK5,Aureobasidium pullulans,0,
A0ABR0TA49,Aureobasidium pullulans,0,
A0ABR0TH17,Aureobasidium pullulans,0,
A0ABR0TWM8,Aureobasidium pullulans,0,
A0ABR0TT95,Aureobasidium pullulans,0,
A0ABR0T8N3,Aureobasidium pullulans,0,
A0ABR0T789,Aureobasidium pullulans,0,
A0ABR0TH97,Aureobasidium pullulans,0,
A0ABR0TGU6,Aureobasidium pullulans,0,
A0ABR0TN93,Aureobasidium pullulans,0,
A0ABR0T853,Aureobasidium pullulans,0,
A0ABR0TJ56,Aureobasidium pullulans,0,
A0ABR0TEM6,Aureobasidium pullulans,0,
A0ABR0TXP7,Aureobasidium pullulans,0,
A0ABR0THC1,Aureobasidium pullulans,0,
A0ABR0TJF7,Aureobasidium pullulans,0,
A0ABR0THN6,Aureobasidium pullulans,0,
A0ABR0TM41,Aureobasidium pullulans,0,
A0ABR0TJA3,Aureobasidium pullulans,0,
A0ABR0TVF8,Aureobasidium pullulans,0,
A0ABR0TBI3,Aureobasidium pullulans,0,
A0ABR0TSS3,Aureobasidium pullulans,0,
A0ABR0T8Y0,Aureobasidium pullulans,0,
A0ABR0TA08,Aureobasidium pullulans,0,
A0ABR0TNR0,Aureobasidium pullulans,0,
A0ABR0TW66,Aureobasidium pullulans,0,
A0ABR0T6M2,Aureobasidium pullulans,0,
A0ABR0T6K7,Aureobasidium pullulans,0,
A0ABR0T9S9,Aureobasidium pullulans,0,
A0ABR0TB20,Aureobasidium pullulans,0,
A0ABR0T8C6,Aureobasidium pullulans,0,
A0ABR0TAJ3,Aureobasidium pullulans,0,
A0ABR0TVZ9,Aureobasidium pullulans,0,
A0ABR0TM76,Aureobasidium pullulans,0,
A0ABR0TWI3,Aureobasidium pullulans,0,
A0ABR0T4S4,Aureobasidium pullulans,0,
A0ABR0TUV8,Aureobasidium pullulans,0,
A0ABR0TVA0,Aureobasidium pullulans,0,
A0ABR0T6M0,Aureobasidium pullulans,0,
A0ABR0TJH8,Aureobasidium pullulans,0,
A0ABR0TKR0,Aureobasidium pullulans,0,
A0ABR0TG98,Aureobasidium pullulans,0,
A0ABR0TTN5,Aureobasidium pullulans,0,
A0ABR0TI05,Aureobasidium pullulans,0,
A0ABR0T5I5,Aureobasidium pullulans,0,
A0ABR0TJJ7,Aureobasidium pullulans,0,
A0ABR0TA00,Aureobasidium pullulans,0,
A0ABR0TW39,Aureobasidium pullulans,0,
A0ABR0TG01,Aureobasidium pullulans,0,
A0ABR0TEE9,Aureobasidium pullulans,0,
A0ABR0TVL1,Aureobasidium pullulans,0,
A0ABR0TVJ1,Aureobasidium pullulans,0,
A0ABR0TGZ0,Aureobasidium pullulans,0,
A0ABR0TBN1,Aureobasidium pullulans,0,
A0ABR0T582,Aureobasidium pullulans,0,
A0ABR0TPL2,Aureobasidium pullulans,0,
A0ABR0TLW5,Aureobasidium pullulans,0,
A0ABR0TBP6,Aureobasidium pullulans,0,
A0ABR0TW07,Aureobasidium pullulans,0,
A0ABR0T5S7,Aureobasidium pullulans,0,
A0ABR0TUZ6,Aureobasidium pullulans,0,
A0ABR0TSA9,Aureobasidium pullulans,0,
A0ABR0TV40,Aureobasidium pullulans,0,
A0ABR0TMS4,Aureobasidium pullulans,0,
A0ABR0TMY6,Aureobasidium pullulans,0,
A0ABR0TJ22,Aureobasidium pullulans,0,
A0ABR0TQM7,Aureobasidium pullulans,0,
A0ABR0TMA5,Aureobasidium pullulans,0,
A0ABR0TCA9,Aureobasidium pullulans,0,
A0ABR0TV24,Aureobasidium pullulans,0,
A0ABR0TU61,Aureobasidium pullulans,0,
A0ABR0TW05,Aureobasidium pullulans,0,
A0ABR0TBB2,Aureobasidium pullulans,0,
A0ABR0TC40,Aureobasidium pullulans,0,
A0ABR0TRG3,Aureobasidium pullulans,0,
A0ABR0TH41,Aureobasidium pullulans,0,
A0ABR0THE7,Aureobasidium pullulans,0,
A0ABR0TIL9,Aureobasidium pullulans,0,
A0ABR0TLW6,Aureobasidium pullulans,0,
A0ABR0TN68,Aureobasidium pullulans,0,
A0ABR0T898,Aureobasidium pullulans,0,
A0ABR0TCH7,Aureobasidium pullulans,0,
A0ABR0TD21,Aureobasidium pullulans,0,
A0ABR0T7W8,Aureobasidium pullulans,0,
A0ABR0TV06,Aureobasidium pullulans,0,
A0ABR0TLS6,Aureobasidium pullulans,0,
A0ABR0TGS1,Aureobasidium pullulans,0,
A0ABR0TJ90,Aureobasidium pullulans,0,
A0ABR0TC76,Aureobasidium pullulans,0,
A0ABR0T9R8,Aureobasidium pullulans,0,
A0ABR0T5K9,Aureobasidium pullulans,0,
A0ABR0T6C1,Aureobasidium pullulans,0,
A0ABR0TH09,Aureobasidium pullulans,0,
A0ABR0T6D8,Aureobasidium pullulans,0,
A0ABR0T8D5,Aureobasidium pullulans,0,
A0ABR0TJ01,Aureobasidium pullulans,0,
A0ABR0TK18,Aureobasidium pullulans,0,
A0ABR0TJK1,Aureobasidium pullulans,0,
A0ABR0TCZ0,Aureobasidium pullulans,0,
A0ABR0TI94,Aureobasidium pullulans,0,
A0ABR0T902,Aureobasidium pullulans,0,
A0ABR0TEI5,Aureobasidium pullulans,0,
A0ABR0T9H8,Aureobasidium pullulans,0,
A0ABR0TQ27,Aureobasidium pullulans,0,
A0ABR0T4H7,Aureobasidium pullulans,0,
A0ABR0TRN3,Aureobasidium pullulans,0,
A0ABR0TM92,Aureobasidium pullulans,0,
A0ABR0TW51,Aureobasidium pullulans,0,
A0ABR0TXT0,Aureobasidium pullulans,0,
A0ABR0TLT5,Aureobasidium pullulans,0,
A0ABR0T4C5,Aureobasidium pullulans,0,
A0ABR0T6E4,Aureobasidium pullulans,0,
A0ABR0T8W6,Aureobasidium pullulans,0,
A0ABR0TMG4,Aureobasidium pullulans,0,
A0ABR0TSQ7,Aureobasidium pullulans,0,
A0ABR0TLW1,Aureobasidium pullulans,0,
A0ABR0TN95,Aureobasidium pullulans,0,
A0ABR0T7V7,Aureobasidium pullulans,0,
A0ABR0TWU7,Aureobasidium pullulans,0,
A0ABR0TDN9,Aureobasidium pullulans,0,
A0ABR0T6R3,Aureobasidium pullulans,0,
A0ABR0T5V7,Aureobasidium pullulans,0,
A0ABR0TP26,Aureobasidium pullulans,0,
A0ABR0TG53,Aureobasidium pullulans,0,
A0ABR0TKW6,Aureobasidium pullulans,0,
A0ABR0TME7,Aureobasidium pullulans,0,
A0ABR0TWD1,Aureobasidium pullulans,0,
A0ABR0TUY1,Aureobasidium pullulans,0,
A0ABR0T887,Aureobasidium pullulans,0,
A0ABR0TL84,Aureobasidium pullulans,0,
A0ABR0THU6,Aureobasidium pullulans,0,
A0ABR0TL39,Aureobasidium pullulans,0,
A0ABR0TED8,Aureobasidium pullulans,0,
A0ABR0T4U1,Aureobasidium pullulans,0,
A0ABR0T4T6,Aureobasidium pullulans,0,
A0ABR0T8Q9,Aureobasidium pullulans,0,
A0ABR0TTL8,Aureobasidium pullulans,0,
A0ABR0T847,Aureobasidium pullulans,0,
A0ABR0TG77,Aureobasidium pullulans,0,
A0ABR0TWU1,Aureobasidium pullulans,0,
A0ABR0T8R2,Aureobasidium pullulans,0,
A0ABR0TBI4,Aureobasidium pullulans,0,
A0ABR0TBG8,Aureobasidium pullulans,0,
A0ABR0TC69,Aureobasidium pullulans,0,
A0ABR0TC98,Aureobasidium pullulans,0,
A0ABR0TVZ6,Aureobasidium pullulans,0,
A0ABR0TVR4,Aureobasidium pullulans,0,
A0ABR0TQJ5,Aureobasidium pullulans,0,
A0ABR0TM51,Aureobasidium pullulans,0,
A0ABR0TMU2,Aureobasidium pullulans,0,
A0ABR0TNK6,Aureobasidium pullulans,0,
A0ABR0TLP4,Aureobasidium pullulans,0,
A0ABR0TAN8,Aureobasidium pullulans,0,
A0ABR0TGY5,Aureobasidium pullulans,0,
A0ABR0TDX2,Aureobasidium pullulans,0,
A0ABR0TTX2,Aureobasidium pullulans,0,
A0ABR0TW89,Aureobasidium pullulans,0,
A0ABR0TVS6,Aureobasidium pullulans,0,
A0ABR0T9J0,Aureobasidium pullulans,0,
A0ABR0TAD6,Aureobasidium pullulans,0,
A0ABR0TPL8,Aureobasidium pullulans,0,
A0ABR0TGB8,Aureobasidium pullulans,0,
A0ABR0T6L9,Aureobasidium pullulans,0,
A0ABR0T693,Aureobasidium pullulans,0,
A0ABR0TAZ7,Aureobasidium pullulans,0,
A0ABR0TFM4,Aureobasidium pullulans,0,
A0ABR0TEW5,Aureobasidium pullulans,0,
A0ABR0T6W2,Aureobasidium pullulans,0,
A0ABR0T738,Aureobasidium pullulans,0,
A0ABR0TIV0,Aureobasidium pullulans,0,
A0ABR0TS27,Aureobasidium pullulans,0,
A0ABR0TTX9,Aureobasidium pullulans,0,
A0ABR0TH53,Aureobasidium pullulans,0,
A0ABR0T605,Aureobasidium pullulans,0,
A0ABR0TNF9,Aureobasidium pullulans,0,
A0ABR0TV44,Aureobasidium pullulans,0,
A0ABR0TDJ7,Aureobasidium pullulans,0,
A0ABR0TS84,Aureobasidium pullulans,0,
A0ABR0TQL7,Aureobasidium pullulans,0,
A0ABR0TIL6,Aureobasidium pullulans,0,
A0ABR0TUB8,Aureobasidium pullulans,0,
A0ABR0TKX7,Aureobasidium pullulans,0,
A0ABR0TWD5,Aureobasidium pullulans,0,
A0ABR0T912,Aureobasidium pullulans,0,
A0ABR0T957,Aureobasidium pullulans,0,
A0ABR0TME3,Aureobasidium pullulans,0,
A0ABR0TTU4,Aureobasidium pullulans,0,
A0ABR0TWN3,Aureobasidium pullulans,0,
A0ABR0TT64,Aureobasidium pullulans,0,
A0ABR0T721,Aureobasidium pullulans,0,
A0ABR0T6C6,Aureobasidium pullulans,0,
A0ABR0TTG4,Aureobasidium pullulans,0,
A0ABR0T7P2,Aureobasidium pullulans,0,
A0ABR0TI09,Aureobasidium pullulans,0,
A0ABR0TEN1,Aureobasidium pullulans,0,
A0ABR0T4Z5,Aureobasidium pullulans,0,
A0ABR0TJ41,Aureobasidium pullulans,0,
A0ABR0TI52,Aureobasidium pullulans,0,
A0ABR0TH05,Aureobasidium pullulans,0,
A0ABR0TFU6,Aureobasidium pullulans,0,
A0ABR0TN66,Aureobasidium pullulans,0,
A0ABR0THY4,Aureobasidium pullulans,0,
A0ABR0TLZ0,Aureobasidium pullulans,0,
A0ABR0TP07,Aureobasidium pullulans,0,
A0ABR0TE94,Aureobasidium pullulans,0,
A0ABR0TNI0,Aureobasidium pullulans,0,
A0ABR0T8C2,Aureobasidium pullulans,0,
A0ABR0T812,Aureobasidium pullulans,0,
A0ABR0T512,Aureobasidium pullulans,0,
A0ABR0T506,Aureobasidium pullulans,0,
A0ABR0TR30,Aureobasidium pullulans,0,
A0ABR0TRJ9,Aureobasidium pullulans,0,
A0ABR0TP73,Aureobasidium pullulans,0,
A0ABR0TA09,Aureobasidium pullulans,0,
A0ABR0THY0,Aureobasidium pullulans,0,
A0ABR0TT02,Aureobasidium pullulans,0,
A0ABR0TKB2,Aureobasidium pullulans,0,
A0ABR0TVF4,Aureobasidium pullulans,0,
A0ABR0TLL9,Aureobasidium pullulans,0,
A0ABR0TBE7,Aureobasidium pullulans,0,
A0ABR0TMB3,Aureobasidium pullulans,0,
A0ABR0TD73,Aureobasidium pullulans,0,
A0ABR0TD50,Aureobasidium pullulans,0,
A0ABR0TN51,Aureobasidium pullulans,0,
A0ABR0TDR5,Aureobasidium pullulans,0,
A0ABR0TQ29,Aureobasidium pullulans,0,
A0ABR0T737,Aureobasidium pullulans,0,
A0ABR0TDL2,Aureobasidium pullulans,0,
A0ABR0T7F0,Aureobasidium pullulans,0,
A0ABR0TCK3,Aureobasidium pullulans,0,
A0ABR0TCE0,Aureobasidium pullulans,0,
A0ABR0TBJ2,Aureobasidium pullulans,0,
A0ABR0T6P8,Aureobasidium pullulans,0,
A0ABR0TR94,Aureobasidium pullulans,0,
A0ABR0TNU3,Aureobasidium pullulans,0,
A0ABR0T701,Aureobasidium pullulans,0,
A0ABR0TQF6,Aureobasidium pullulans,0,
A0ABR0T7H3,Aureobasidium pullulans,0,
A0ABR0TR69,Aureobasidium pullulans,0,
A0ABR0TP50,Aureobasidium pullulans,0,
A0ABR0TQ07,Aureobasidium pullulans,0,
A0ABR0THB0,Aureobasidium pullulans,0,
A0ABR0TAV9,Aureobasidium pullulans,0,
A0ABR0T720,Aureobasidium pullulans,0,
A0ABR0TV26,Aureobasidium pullulans,0,
A0ABR0T931,Aureobasidium pullulans,0,
A0ABR0TFJ7,Aureobasidium pullulans,0,
A0ABR0TWG9,Aureobasidium pullulans,0,
A0ABR0TFU3,Aureobasidium pullulans,0,
A0ABR0TC21,Aureobasidium pullulans,0,
A0ABR0T9Z5,Aureobasidium pullulans,0,
A0ABR0TX84,Aureobasidium pullulans,0,
A0ABR0TBT0,Aureobasidium pullulans,0,
A0ABR0TGH3,Aureobasidium pullulans,0,
A0ABR0TEG8,Aureobasidium pullulans,0,
A0ABR0T8J1,Aureobasidium pullulans,0,
A0ABR0TAB2,Aureobasidium pullulans,0,
A0ABR0T8Z8,Aureobasidium pullulans,0,
A0ABR0TRE1,Aureobasidium pullulans,0,
A0ABR0TG68,Aureobasidium pullulans,0,
A0ABR0TV29,Aureobasidium pullulans,0,
A0ABR0T5K2,Aureobasidium pullulans,0,
A0ABR0TAZ4,Aureobasidium pullulans,0,
A0ABR0TK37,Aureobasidium pullulans,0,
A0ABR0TMC4,Aureobasidium pullulans,0,
A0ABR0TF18,Aureobasidium pullulans,0,
A0ABR0TVP7,Aureobasidium pullulans,0,
A0ABR0TD13,Aureobasidium pullulans,0,
A0ABR0T7D0,Aureobasidium pullulans,0,
A0ABR0TQ00,Aureobasidium pullulans,0,
A0ABR0TM17,Aureobasidium pullulans,0,
A0ABR0T8U4,Aureobasidium pullulans,0,
A0ABR0TS93,Aureobasidium pullulans,0,
A0ABR0TMG6,Aureobasidium pullulans,0,
A0ABR0TX16,Aureobasidium pullulans,0,
A0ABR0TB97,Aureobasidium pullulans,0,
A0ABR0TCQ7,Aureobasidium pullulans,0,
A0ABR0TQG0,Aureobasidium pullulans,0,
A0ABR0TEJ4,Aureobasidium pullulans,0,
A0ABR0TVT0,Aureobasidium pullulans,0,
A0ABR0TW84,Aureobasidium pullulans,0,
A0ABR0TXF8,Aureobasidium pullulans,0,
A0ABR0TF32,Aureobasidium pullulans,0,
A0ABR0TM85,Aureobasidium pullulans,0,
A0ABR0TI82,Aureobasidium pullulans,0,
A0ABR0TQ50,Aureobasidium pullulans,0,
A0ABR0TQD3,Aureobasidium pullulans,0,
A0ABR0TQ56,Aureobasidium pullulans,0,
A0ABR0TR50,Aureobasidium pullulans,0,
A0ABR0TTW5,Aureobasidium pullulans,0,
A0ABR0TSY6,Aureobasidium pullulans,0,
A0ABR0TF76,Aureobasidium pullulans,0,
A0ABR0TTZ9,Aureobasidium pullulans,0,
A0ABR0TBM5,Aureobasidium pullulans,0,
A0ABR0TWV4,Aureobasidium pullulans,0,
A0ABR0T675,Aureobasidium pullulans,0,
A0ABR0TV58,Aureobasidium pullulans,0,
A0ABR0TMP9,Aureobasidium pullulans,0,
A0ABR0TMF8,Aureobasidium pullulans,0,
A0ABR0T9H5,Aureobasidium pullulans,0,
A0ABR0TJN8,Aureobasidium pullulans,0,
A0ABR0TV82,Aureobasidium pullulans,0,
A0ABR0TG78,Aureobasidium pullulans,0,
A0ABR0TJ45,Aureobasidium pullulans,0,
A0ABR0T9I6,Aureobasidium pullulans,0,
A0ABR0TC50,Aureobasidium pullulans,0,
A0ABR0TBN0,Aureobasidium pullulans,0,
A0ABR0TG05,Aureobasidium pullulans,0,
A0ABR0T7E4,Aureobasidium pullulans,0,
A0ABR0TPR9,Aureobasidium pullulans,0,
A0ABR0TRU9,Aureobasidium pullulans,0,
A0ABR0TJ33,Aureobasidium pullulans,0,
A0ABR0TIK7,Aureobasidium pullulans,0,
A0ABR0TH55,Aureobasidium pullulans,0,
A0ABR0T689,Aureobasidium pullulans,0,
A0ABR0TSZ4,Aureobasidium pullulans,0,
A0ABR0TEH3,Aureobasidium pullulans,0,
A0ABR0THT5,Aureobasidium pullulans,0,
A0ABR0THQ5,Aureobasidium pullulans,0,
A0ABR0TRK8,Aureobasidium pullulans,0,
A0ABR0T905,Aureobasidium pullulans,0,
A0ABR0T5P1,Aureobasidium pullulans,0,
A0ABR0TDM6,Aureobasidium pullulans,0,
A0ABR0T916,Aureobasidium pullulans,0,
A0ABR0T502,Aureobasidium pullulans,0,
A0ABR0TDL3,Aureobasidium pullulans,0,
A0ABR0TAS0,Aureobasidium pullulans,0,
A0ABR0T5R8,Aureobasidium pullulans,0,
A0ABR0TQP9,Aureobasidium pullulans,0,
A0ABR0T5V4,Aureobasidium pullulans,0,
A0ABR0TRK7,Aureobasidium pullulans,0,
A0ABR0TVJ4,Aureobasidium pullulans,0,
A0ABR0TPK1,Aureobasidium pullulans,0,
A0ABR0T7V0,Aureobasidium pullulans,0,
A0ABR0TNF0,Aureobasidium pullulans,0,
A0ABR0TSQ5,Aureobasidium pullulans,0,
A0ABR0TF60,Aureobasidium pullulans,0,
A0ABR0TPP5,Aureobasidium pullulans,0,
A0ABR0T6A6,Aureobasidium pullulans,0,
A0ABR0TJG2,Aureobasidium pullulans,0,
A0ABR0TSK8,Aureobasidium pullulans,0,
A0ABR0TKA9,Aureobasidium pullulans,0,
A0ABR0TFR7,Aureobasidium pullulans,0,
A0ABR0T761,Aureobasidium pullulans,0,
A0ABR0TJB0,Aureobasidium pullulans,0,
A0ABR0TGY8,Aureobasidium pullulans,0,
A0ABR0TCC3,Aureobasidium pullulans,0,
A0ABR0TN70,Aureobasidium pullulans,0,
A0ABR0TVW0,Aureobasidium pullulans,0,
A0ABR0T9N8,Aureobasidium pullulans,0,
A0ABR0T9C6,Aureobasidium pullulans,0,
A0ABR0T619,Aureobasidium pullulans,0,
A0ABR0TS91,Aureobasidium pullulans,0,
A0ABR0TDV9,Aureobasidium pullulans,0,
A0ABR0TFE2,Aureobasidium pullulans,0,
A0ABR0T546,Aureobasidium pullulans,0,
A0ABR0T7M4,Aureobasidium pullulans,0,
A0ABR0T4L3,Aureobasidium pullulans,0,
A0ABR0TB54,Aureobasidium pullulans,0,
A0ABR0TS69,Aureobasidium pullulans,0,
A0ABR0TB02,Aureobasidium pullulans,0,
A0ABR0TS97,Aureobasidium pullulans,0,
A0ABR0TQK8,Aureobasidium pullulans,0,
A0ABR0TWE6,Aureobasidium pullulans,0,
A0ABR0TVG6,Aureobasidium pullulans,0,
A0ABR0TKE9,Aureobasidium pullulans,0,
A0ABR0T4P7,Aureobasidium pullulans,0,
A0ABR0T9R9,Aureobasidium pullulans,0,
A0ABR0TN21,Aureobasidium pullulans,0,
A0ABR0TTE7,Aureobasidium pullulans,0,
A0ABR0TM70,Aureobasidium pullulans,0,
A0ABR0T6D2,Aureobasidium pullulans,0,
A0ABR0TQI0,Aureobasidium pullulans,0,
A0ABR0TC26,Aureobasidium pullulans,0,
A0ABR0TKX6,Aureobasidium pullulans,0,
A0ABR0TCD1,Aureobasidium pullulans,0,
A0ABR0TAR9,Aureobasidium pullulans,0,
A0ABR0T6W8,Aureobasidium pullulans,0,
A0ABR0TES7,Aureobasidium pullulans,0,
A0ABR0TTB1,Aureobasidium pullulans,0,
A0ABR0TG33,Aureobasidium pullulans,0,
A0ABR0TP03,Aureobasidium pullulans,0,
A0ABR0TWC1,Aureobasidium pullulans,0,
A0ABR0TU22,Aureobasidium pullulans,0,
A0ABR0TS96,Aureobasidium pullulans,0,
A0ABR0TAC4,Aureobasidium pullulans,0,
A0ABR0TSG7,Aureobasidium pullulans,0,
A0ABR0TU59,Aureobasidium pullulans,0,
A0ABR0THS6,Aureobasidium pullulans,0,
A0ABR0TRQ7,Aureobasidium pullulans,0,
A0ABR0TLV4,Aureobasidium pullulans,0,
A0ABR0TPW5,Aureobasidium pullulans,0,
A0ABR0TI74,Aureobasidium pullulans,0,
A0ABR0T9A6,Aureobasidium pullulans,0,
A0ABR0TNW2,Aureobasidium pullulans,0,
A0ABR0TDI4,Aureobasidium pullulans,0,
A0ABR0TE77,Aureobasidium pullulans,0,
A0ABR0TSB3,Aureobasidium pullulans,0,
A0ABR0TI86,Aureobasidium pullulans,0,
A0ABR0TNA3,Aureobasidium pullulans,0,
A0ABR0TRQ5,Aureobasidium pullulans,0,
A0ABR0TC93,Aureobasidium pullulans,0,
A0ABR0TB99,Aureobasidium pullulans,0,
A0ABR0TN02,Aureobasidium pullulans,0,
A0ABR0TDZ7,Aureobasidium pullulans,0,
A0ABR0TM01,Aureobasidium pullulans,0,
A0ABR0TRF5,Aureobasidium pullulans,0,
A0ABR0TU31,Aureobasidium pullulans,0,
A0ABR0TU04,Aureobasidium pullulans,0,
A0ABR0TT05,Aureobasidium pullulans,0,
A0ABR0TVU8,Aureobasidium pullulans,0,
A0ABR0TLR7,Aureobasidium pullulans,0,
A0ABR0TTY3,Aureobasidium pullulans,0,
A0ABR0TQD6,Aureobasidium pullulans,0,
A0ABR0TM13,Aureobasidium pullulans,0,
A0ABR0TN22,Aureobasidium pullulans,0,
A0ABR0TCA2,Aureobasidium pullulans,0,
A0ABR0THA6,Aureobasidium pullulans,0,
A0ABR0T8V2,Aureobasidium pullulans,0,
A0ABR0TTQ3,Aureobasidium pullulans,0,
A0ABR0TPG0,Aureobasidium pullulans,0,
A0ABR0TID6,Aureobasidium pullulans,0,
A0ABR0TMY2,Aureobasidium pullulans,0,
A0ABR0TD57,Aureobasidium pullulans,0,
A0ABR0TJB5,Aureobasidium pullulans,0,
A0ABR0TJ32,Aureobasidium pullulans,0,
A0ABR0TM27,Aureobasidium pullulans,0,
A0ABR0TEK7,Aureobasidium pullulans,0,
A0ABR0TKC6,Aureobasidium pullulans,0,
A0ABR0TNM1,Aureobasidium pullulans,0,
A0ABR0TJ38,Aureobasidium pullulans,0,
A0ABR0TKN3,Aureobasidium pullulans,0,
A0ABR0TRR1,Aureobasidium pullulans,0,
A0ABR0TXI1,Aureobasidium pullulans,0,
A0ABR0TW64,Aureobasidium pullulans,0,
A0ABR0TUC4,Aureobasidium pullulans,0,
A0ABR0T8S5,Aureobasidium pullulans,0,
A0ABR0T699,Aureobasidium pullulans,0,
A0ABR0TB74,Aureobasidium pullulans,0,
A0ABR0TGQ0,Aureobasidium pullulans,0,
A0ABR0TS70,Aureobasidium pullulans,0,
A0ABR0TB30,Aureobasidium pullulans,0,
A0ABR0T677,Aureobasidium pullulans,0,
A0ABR0TR82,Aureobasidium pullulans,0,
A0ABR0TNI1,Aureobasidium pullulans,0,
A0ABR0TR38,Aureobasidium pullulans,0,
A0ABR0TJ42,Aureobasidium pullulans,0,
A0ABR0TEF8,Aureobasidium pullulans,0,
A0ABR0TSF9,Aureobasidium pullulans,0,
A0ABR0TMF4,Aureobasidium pullulans,0,
A0ABR0TJB7,Aureobasidium pullulans,0,
A0ABR0TBN9,Aureobasidium pullulans,0,
A0ABR0TBQ3,Aureobasidium pullulans,0,
A0ABR0TTG2,Aureobasidium pullulans,0,
A0ABR0TQ52,Aureobasidium pullulans,0,
A0ABR0T9G4,Aureobasidium pullulans,0,
A0ABR0T7C2,Aureobasidium pullulans,0,
A0ABR0T625,Aureobasidium pullulans,0,
A0ABR0TFS0,Aureobasidium pullulans,0,
A0ABR0TII8,Aureobasidium pullulans,0,
A0ABR0TUN1,Aureobasidium pullulans,0,
A0ABR0TVD7,Aureobasidium pullulans,0,
A0ABR0TN90,Aureobasidium pullulans,0,
A0ABR0TPU3,Aureobasidium pullulans,0,
A0ABR0TCQ1,Aureobasidium pullulans,0,
A0ABR0TAA3,Aureobasidium pullulans,0,
A0ABR0T4V7,Aureobasidium pullulans,0,
A0ABR0TPX6,Aureobasidium pullulans,0,
A0ABR0TLV5,Aureobasidium pullulans,0,
A0ABR0TT60,Aureobasidium pullulans,0,
A0ABR0TUG8,Aureobasidium pullulans,0,
A0ABR0TM14,Aureobasidium pullulans,0,
A0ABR0TM90,Aureobasidium pullulans,0,
A0ABR0TEW9,Aureobasidium pullulans,0,
A0ABR0TKT5,Aureobasidium pullulans,0,
A0ABR0TJG3,Aureobasidium pullulans,0,
A0ABR0TDD1,Aureobasidium pullulans,0,
A0ABR0T4U0,Aureobasidium pullulans,0,
A0ABR0T8H2,Aureobasidium pullulans,0,
A0ABR0TRD8,Aureobasidium pullulans,0,
A0ABR0TUV0,Aureobasidium pullulans,0,
A0ABR0TVN0,Aureobasidium pullulans,0,
A0ABR0TDV3,Aureobasidium pullulans,0,
A0ABR0TMJ2,Aureobasidium pullulans,0,
A0ABR0TD64,Aureobasidium pullulans,0,
A0ABR0TLA1,Aureobasidium pullulans,0,
A0ABR0TUW5,Aureobasidium pullulans,0,
A0ABR0TVU4,Aureobasidium pullulans,0,
A0ABR0TVU3,Aureobasidium pullulans,0,
A0ABR0TWZ5,Aureobasidium pullulans,0,
A0ABR0TKU8,Aureobasidium pullulans,0,
A0ABR0TP12,Aureobasidium pullulans,0,
A0ABR0T917,Aureobasidium pullulans,0,
A0ABR0TKT6,Aureobasidium pullulans,0,
A0ABR0TJZ7,Aureobasidium pullulans,0,
A0ABR0TEJ1,Aureobasidium pullulans,0,
A0ABR0TR12,Aureobasidium pullulans,0,
A0ABR0TTT9,Aureobasidium pullulans,0,
A0ABR0T950,Aureobasidium pullulans,0,
A0ABR0TML3,Aureobasidium pullulans,0,
A0ABR0TMW2,Aureobasidium pullulans,0,
A0ABR0TEV2,Aureobasidium pullulans,0,
A0ABR0TWE9,Aureobasidium pullulans,0,
A0ABR0TUK3,Aureobasidium pullulans,0,
A0ABR0TJY9,Aureobasidium pullulans,0,
A0ABR0TQY8,Aureobasidium pullulans,0,
A0ABR0TX25,Aureobasidium pullulans,0,
A0ABR0TEB5,Aureobasidium pullulans,0,
A0ABR0TFN7,Aureobasidium pullulans,0,
A0ABR0T8G0,Aureobasidium pullulans,0,
A0ABR0T7Z4,Aureobasidium pullulans,0,
A0ABR0T909,Aureobasidium pullulans,0,
A0ABR0TQ02,Aureobasidium pullulans,0,
A0ABR0TVF7,Aureobasidium pullulans,0,
A0ABR0TV92,Aureobasidium pullulans,0,
A0ABR0THF2,Aureobasidium pullulans,0,
A0ABR0TGA0,Aureobasidium pullulans,0,
A0ABR0TNB7,Aureobasidium pullulans,0,
A0ABR0TFS5,Aureobasidium pullulans,0,
A0ABR0TI49,Aureobasidium pullulans,0,
A0ABR0TFZ9,Aureobasidium pullulans,0,
A0ABR0TH40,Aureobasidium pullulans,0,
A0ABR0T4K5,Aureobasidium pullulans,0,
A0ABR0TUW7,Aureobasidium pullulans,0,
A0ABR0TTN0,Aureobasidium pullulans,0,
A0ABR0T599,Aureobasidium pullulans,0,
A0ABR0TLH7,Aureobasidium pullulans,0,
A0ABR0TPZ4,Aureobasidium pullulans,0,
A0ABR0TAR3,Aureobasidium pullulans,0,
A0ABR0TEC5,Aureobasidium pullulans,0,
A0ABR0T6I8,Aureobasidium pullulans,0,
A0ABR0T4Y3,Aureobasidium pullulans,0,
A0ABR0TCG9,Aureobasidium pullulans,0,
A0ABR0TKP1,Aureobasidium pullulans,0,
A0ABR0TJ73,Aureobasidium pullulans,0,
A0ABR0TJ11,Aureobasidium pullulans,0,
A0ABR0TJ77,Aureobasidium pullulans,0,
A0ABR0TUA6,Aureobasidium pullulans,0,
A0ABR0TMD5,Aureobasidium pullulans,0,
A0ABR0TKT3,Aureobasidium pullulans,0,
A0ABR0TCM5,Aureobasidium pullulans,0,
A0ABR0TR05,Aureobasidium pullulans,0,
A0ABR0TTF9,Aureobasidium pullulans,0,
A0ABR0TRD3,Aureobasidium pullulans,0,
A0ABR0TBU6,Aureobasidium pullulans,0,
A0ABR0T6H7,Aureobasidium pullulans,0,
A0ABR0TIV7,Aureobasidium pullulans,0,
A0ABR0TVX6,Aureobasidium pullulans,0,
A0ABR0TVS0,Aureobasidium pullulans,0,
A0ABR0TWW6,Aureobasidium pullulans,0,
A0ABR0TRS6,Aureobasidium pullulans,0,
A0ABR0TRL9,Aureobasidium pullulans,0,
A0ABR0T7R4,Aureobasidium pullulans,0,
A0ABR0TH70,Aureobasidium pullulans,0,
A0ABR0TH57,Aureobasidium pullulans,0,
A0ABR0TT20,Aureobasidium pullulans,0,
A0ABR0TMJ6,Aureobasidium pullulans,0,
A0ABR0TTD3,Aureobasidium pullulans,0,
A0ABR0TS10,Aureobasidium pullulans,0,
A0ABR0TCE3,Aureobasidium pullulans,0,
A0ABR0TKW2,Aureobasidium pullulans,0,
A0ABR0TKQ7,Aureobasidium pullulans,0,
A0ABR0TT07,Aureobasidium pullulans,0,
A0ABR0TQ39,Aureobasidium pullulans,0,
A0ABR0TNM3,Aureobasidium pullulans,0,
A0ABR0T7Q5,Aureobasidium pullulans,0,
A0ABR0T830,Aureobasidium pullulans,0,
A0ABR0TX82,Aureobasidium pullulans,0,
A0ABR0TB40,Aureobasidium pullulans,0,
A0ABR0TQ12,Aureobasidium pullulans,0,
A0ABR0TF82,Aureobasidium pullulans,0,
A0ABR0TGQ6,Aureobasidium pullulans,0,
A0ABR0TDL1,Aureobasidium pullulans,0,
A0ABR0TEA5,Aureobasidium pullulans,0,
A0ABR0TTQ7,Aureobasidium pullulans,0,
A0ABR0TBD6,Aureobasidium pullulans,0,
A0ABR0TIJ9,Aureobasidium pullulans,0,
A0ABR0TKY9,Aureobasidium pullulans,0,
A0ABR0TLJ7,Aureobasidium pullulans,0,
A0ABR0TKT7,Aureobasidium pullulans,0,
A0ABR0TR43,Aureobasidium pullulans,0,
A0ABR0TNV7,Aureobasidium pullulans,0,
A0ABR0TUH3,Aureobasidium pullulans,0,
A0ABR0THV3,Aureobasidium pullulans,0,
A0ABR0TGI0,Aureobasidium pullulans,0,
A0ABR0TPK5,Aureobasidium pullulans,0,
A0ABR0TNW9,Aureobasidium pullulans,0,
A0ABR0TF96,Aureobasidium pullulans,0,
A0ABR0TEL6,Aureobasidium pullulans,0,
A0ABR0TE25,Aureobasidium pullulans,0,
A0ABR0TE19,Aureobasidium pullulans,0,
A0ABR0TIR8,Aureobasidium pullulans,0,
A0ABR0TIP7,Aureobasidium pullulans,0,
A0ABR0TB84,Aureobasidium pullulans,0,
A0ABR0TV23,Aureobasidium pullulans,0,
A0ABR0T858,Aureobasidium pullulans,0,
A0ABR0T9J1,Aureobasidium pullulans,0,
A0ABR0T8J3,Aureobasidium pullulans,0,
A0ABR0T8F7,Aureobasidium pullulans,0,
A0ABR0T8L1,Aureobasidium pullulans,0,
A0ABR0T9U2,Aureobasidium pullulans,0,
A0ABR0T7D9,Aureobasidium pullulans,0,
A0ABR0TMB5,Aureobasidium pullulans,0,
A0ABR0TA76,Aureobasidium pullulans,0,
A0ABR0TAK1,Aureobasidium pullulans,0,
A0ABR0TAI7,Aureobasidium pullulans,0,
A0ABR0TDW0,Aureobasidium pullulans,0,
A0ABR0TD66,Aureobasidium pullulans,0,
A0ABR0T908,Aureobasidium pullulans,0,
A0ABR0T7Q6,Aureobasidium pullulans,0,
A0ABR0TG84,Aureobasidium pullulans,0,
A0ABR0TJC6,Aureobasidium pullulans,0,
A0ABR0TB73,Aureobasidium pullulans,0,
A0ABR0T6U5,Aureobasidium pullulans,0,
A0ABR0T9D9,Aureobasidium pullulans,0,
A0ABR0TLI9,Aureobasidium pullulans,0,
A0ABR0TG17,Aureobasidium pullulans,0,
A0ABR0TER6,Aureobasidium pullulans,0,
A0ABR0T507,Aureobasidium pullulans,0,
A0ABR0TJM5,Aureobasidium pullulans,0,
A0ABR0TKY0,Aureobasidium pullulans,0,
A0ABR0TUQ4,Aureobasidium pullulans,0,
A0ABR0TPM6,Aureobasidium pullulans,0,
A0ABR0TT14,Aureobasidium pullulans,0,
A0ABR0TRF6,Aureobasidium pullulans,0,
A0ABR0TS80,Aureobasidium pullulans,0,
A0ABR0TDA2,Aureobasidium pullulans,0,
A0ABR0TDG9,Aureobasidium pullulans,0,
A0ABR0TDU3,Aureobasidium pullulans,0,
A0ABR0TEG6,Aureobasidium pullulans,0,
A0ABR0TIM8,Aureobasidium pullulans,0,
A0ABR0T8E8,Aureobasidium pullulans,0,
A0ABR0TIU3,Aureobasidium pullulans,0,
A0ABR0T864,Aureobasidium pullulans,0,
A0ABR0TK32,Aureobasidium pullulans,0,
A0ABR0TQ93,Aureobasidium pullulans,0,
A0ABR0TTH7,Aureobasidium pullulans,0,
A0ABR0TSK0,Aureobasidium pullulans,0,
A0ABR0TBE1,Aureobasidium pullulans,0,
A0ABR0T5L5,Aureobasidium pullulans,0,
A0ABR0T5L8,Aureobasidium pullulans,0,
A0ABR0T5Y6,Aureobasidium pullulans,0,
A0ABR0T5B6,Aureobasidium pullulans,0,
A0ABR0TLG5,Aureobasidium pullulans,0,
A0ABR0TPG7,Aureobasidium pullulans,0,
A0ABR0TMU4,Aureobasidium pullulans,0,
A0ABR0THW7,Aureobasidium pullulans,0,
A0ABR0TB39,Aureobasidium pullulans,0,
A0ABR0TG90,Aureobasidium pullulans,0,
A0ABR0TME1,Aureobasidium pullulans,0,
A0ABR0TMF1,Aureobasidium pullulans,0,
A0ABR0TME9,Aureobasidium pullulans,0,
A0ABR0TTX4,Aureobasidium pullulans,0,
A0ABR0TIG6,Aureobasidium pullulans,0,
A0ABR0TH31,Aureobasidium pullulans,0,
A0ABR0T9R7,Aureobasidium pullulans,0,
A0ABR0TMY4,Aureobasidium pullulans,0,
A0ABR0TNA2,Aureobasidium pullulans,0,
A0ABR0TNA7,Aureobasidium pullulans,0,
A0ABR0TXQ2,Aureobasidium pullulans,0,
A0ABR0TLA7,Aureobasidium pullulans,0,
A0ABR0TF28,Aureobasidium pullulans,0,
A0ABR0TQN2,Aureobasidium pullulans,0,
A0ABR0TQE5,Aureobasidium pullulans,0,
A0ABR0TML0,Aureobasidium pullulans,0,
A0ABR0TMK5,Aureobasidium pullulans,0,
A0ABR0TQX9,Aureobasidium pullulans,0,
A0ABR0TR09,Aureobasidium pullulans,0,
A0ABR0T9T8,Aureobasidium pullulans,0,
A0ABR0T880,Aureobasidium pullulans,0,
A0ABR0TC28,Aureobasidium pullulans,0,
A0ABR0TBT7,Aureobasidium pullulans,0,
A0ABR0TC56,Aureobasidium pullulans,0,
A0ABR0TBK8,Aureobasidium pullulans,0,
A0ABR0TDA5,Aureobasidium pullulans,0,
A0ABR0TBJ0,Aureobasidium pullulans,0,
A0ABR0TQS3,Aureobasidium pullulans,0,
A0ABR0TUH5,Aureobasidium pullulans,0,
A0ABR0TUK4,Aureobasidium pullulans,0,
A0ABR0T553,Aureobasidium pullulans,0,
A0ABR0TDI7,Aureobasidium pullulans,0,
A0ABR0TCG4,Aureobasidium pullulans,0,
A0ABR0TIY0,Aureobasidium pullulans,0,
A0ABR0T6L5,Aureobasidium pullulans,0,
A0ABR0TAG2,Aureobasidium pullulans,0,
A0ABR0THE9,Aureobasidium pullulans,0,
A0A4S9SLX0,Aureobasidium pullulans,0,
A0ABR0TK89,Aureobasidium pullulans,0,
A0ABR0T9P8,Aureobasidium pullulans,0,
A0ABR0T920,Aureobasidium pullulans,0,
A0ABR0TTB7,Aureobasidium pullulans,0,
A0ABR0TLB7,Aureobasidium pullulans,0,
A0ABR0TTK5,Aureobasidium pullulans,0,
A0ABR0TQC5,Aureobasidium pullulans,0,
A0ABR0TPK6,Aureobasidium pullulans,0,
A0ABR0T6J3,Aureobasidium pullulans,0,
A0ABR0T6S7,Aureobasidium pullulans,0,
A0ABR0TER5,Aureobasidium pullulans,0,
A0ABR0TE72,Aureobasidium pullulans,0,
A0ABR0TEF6,Aureobasidium pullulans,0,
A0ABR0TFD9,Aureobasidium pullulans,0,
A0ABR0TA18,Aureobasidium pullulans,0,
A0ABR0TFH2,Aureobasidium pullulans,0,
A0ABR0TF78,Aureobasidium pullulans,0,
A0ABR0TH14,Aureobasidium pullulans,0,
A0ABR0TJK8,Aureobasidium pullulans,0,
A0ABR0TQ92,Aureobasidium pullulans,0,
A0ABR0TTD4,Aureobasidium pullulans,0,
A0ABR0T628,Aureobasidium pullulans,0,
A0ABR0TDP7,Aureobasidium pullulans,0,
A0ABR0T7M3,Aureobasidium pullulans,0,
A0ABR0T8F8,Aureobasidium pullulans,0,
A0ABR0T616,Aureobasidium pullulans,0,
A0ABR0TCU9,Aureobasidium pullulans,0,
A0ABR0TDV5,Aureobasidium pullulans,0,
A0ABR0TUG3,Aureobasidium pullulans,0,
A0ABR0TTJ9,Aureobasidium pullulans,0,
A0ABR0TU37,Aureobasidium pullulans,0,
A0ABR0T8U8,Aureobasidium pullulans,0,
A0ABR0TTK2,Aureobasidium pullulans,0,
A0ABR0TU97,Aureobasidium pullulans,0,
A0ABR0TXB4,Aureobasidium pullulans,0,
A0ABR0TVH4,Aureobasidium pullulans,0,
A0ABR0TUI8,Aureobasidium pullulans,0,
A0ABR0TWK1,Aureobasidium pullulans,0,
A0ABR0TWI9,Aureobasidium pullulans,0,
A0ABR0THR4,Aureobasidium pullulans,0,
A0ABR0THT0,Aureobasidium pullulans,0,
A0ABR0TB66,Aureobasidium pullulans,0,
A0ABR0TI28,Aureobasidium pullulans,0,
A0ABR0TKP7,Aureobasidium pullulans,0,
A0ABR0TIK9,Aureobasidium pullulans,0,
A0ABR0TGN7,Aureobasidium pullulans,0,
A0ABR0TKS5,Aureobasidium pullulans,0,
A0ABR0TKP9,Aureobasidium pullulans,0,
A0ABR0TBD4,Aureobasidium pullulans,0,
A0ABR0T8J9,Aureobasidium pullulans,0,
A0ABR0TH03,Aureobasidium pullulans,0,
A0ABR0TNT4,Aureobasidium pullulans,0,
A0ABR0TJQ6,Aureobasidium pullulans,0,
A0ABR0TDK3,Aureobasidium pullulans,0,
A0ABR0TGQ5,Aureobasidium pullulans,0,
A0ABR0TSS5,Aureobasidium pullulans,0,
A0ABR0T544,Aureobasidium pullulans,0,
A0ABR0T807,Aureobasidium pullulans,0,
A0ABR0TBI2,Aureobasidium pullulans,0,
A0ABR0TIV8,Aureobasidium pullulans,0,
A0ABR0TS20,Aureobasidium pullulans,0,
A0ABR0TF42,Aureobasidium pullulans,0,
A0ABR0TQ46,Aureobasidium pullulans,0,
A0ABR0TG06,Aureobasidium pullulans,0,
A0ABR0TK17,Aureobasidium pullulans,0,
A0ABR0TL80,Aureobasidium pullulans,0,
A0ABR0TFP1,Aureobasidium pullulans,0,
A0ABR0TEM5,Aureobasidium pullulans,0,
A0ABR0TIX7,Aureobasidium pullulans,0,
A0ABR0TFU9,Aureobasidium pullulans,0,
A0ABR0TWW9,Aureobasidium pullulans,0,
A0ABR0TFQ9,Aureobasidium pullulans,0,
A0ABR0T4T4,Aureobasidium pullulans,0,
A0ABR0TJU1,Aureobasidium pullulans,0,
A0ABR0TPE7,Aureobasidium pullulans,0,
A0ABR0TSU5,Aureobasidium pullulans,0,
A0ABR0TPF9,Aureobasidium pullulans,0,
A0ABR0TGQ1,Aureobasidium pullulans,0,
A0ABR0T8T9,Aureobasidium pullulans,0,
A0ABR0TA81,Aureobasidium pullulans,0,
A0ABR0TFX9,Aureobasidium pullulans,0,
A0ABR0TEH2,Aureobasidium pullulans,0,
A0ABR0TJM4,Aureobasidium pullulans,0,
A0ABR0TFF3,Aureobasidium pullulans,0,
A0ABR0T6Y0,Aureobasidium pullulans,0,
A0ABR0TA73,Aureobasidium pullulans,0,
A0ABR0TGK0,Aureobasidium pullulans,0,
A0ABR0T724,Aureobasidium pullulans,0,
A0ABR0TL70,Aureobasidium pullulans,0,
A0ABR0T6C3,Aureobasidium pullulans,0,
A0ABR0TEE3,Aureobasidium pullulans,0,
A0ABR0THV4,Aureobasidium pullulans,0,
A0ABR0T984,Aureobasidium pullulans,0,
A0ABR0TEV6,Aureobasidium pullulans,0,
A0ABR0T8I2,Aureobasidium pullulans,0,
A0ABR0T9H1,Aureobasidium pullulans,0,
A0ABR0TDT1,Aureobasidium pullulans,0,
A0ABR0TQE0,Aureobasidium pullulans,0,
A0ABR0T8S4,Aureobasidium pullulans,0,
A0ABR0T9P2,Aureobasidium pullulans,0,
A0ABR0T8M2,Aureobasidium pullulans,0,
A0ABR0TAG1,Aureobasidium pullulans,0,
A0ABR0TDW9,Aureobasidium pullulans,0,
A0ABR0THQ3,Aureobasidium pullulans,0,
A0ABR0TSU6,Aureobasidium pullulans,0,
A0ABR0TIX0,Aureobasidium pullulans,0,
A0ABR0TPE4,Aureobasidium pullulans,0,
A0ABR0TKB9,Aureobasidium pullulans,0,
A0ABR0TUJ6,Aureobasidium pullulans,0,
A0ABR0T8B8,Aureobasidium pullulans,0,
A0ABR0TVC1,Aureobasidium pullulans,0,
A0ABR0TV46,Aureobasidium pullulans,0,
A0ABR0TWE5,Aureobasidium pullulans,0,
A0ABR0TKJ5,Aureobasidium pullulans,0,
A0ABR0TU65,Aureobasidium pullulans,0,
A0ABR0TBM0,Aureobasidium pullulans,0,
A0ABR0TJ76,Aureobasidium pullulans,0,
A0ABR0TLL2,Aureobasidium pullulans,0,
A0ABR0TIY6,Aureobasidium pullulans,0,
A0ABR0TB05,Aureobasidium pullulans,0,
A0ABR0T6A2,Aureobasidium pullulans,0,
A0ABR0TTY7,Aureobasidium pullulans,0,
A0ABR0TMU9,Aureobasidium pullulans,0,
A0ABR0TMF5,Aureobasidium pullulans,0,
A0ABR0TRX6,Aureobasidium pullulans,0,
A0ABR0TFD3,Aureobasidium pullulans,0,
A0ABR0TIV3,Aureobasidium pullulans,0,
A0ABR0THI2,Aureobasidium pullulans,0,
A0ABR0TCB6,Aureobasidium pullulans,0,
A0ABR0TVY0,Aureobasidium pullulans,0,
A0ABR0TKK8,Aureobasidium pullulans,0,
A0ABR0TM47,Aureobasidium pullulans,0,
A0ABR0TB67,Aureobasidium pullulans,0,
A0ABR0TNQ4,Aureobasidium pullulans,0,
A0ABR0TI15,Aureobasidium pullulans,0,
A0ABR0TCK6,Aureobasidium pullulans,0,
A0ABR0TC22,Aureobasidium pullulans,0,
A0ABR0TQ82,Aureobasidium pullulans,0,
A0ABR0TLT2,Aureobasidium pullulans,0,
A0ABR0T6X0,Aureobasidium pullulans,0,
A0ABR0TM10,Aureobasidium pullulans,0,
A0ABR0THS3,Aureobasidium pullulans,0,
A0ABR0TNU8,Aureobasidium pullulans,0,
A0ABR0TCS7,Aureobasidium pullulans,0,
A0ABR0TFI8,Aureobasidium pullulans,0,
A0ABR0TUH6,Aureobasidium pullulans,0,
A0ABR0TQK7,Aureobasidium pullulans,0,
A0ABR0TAG8,Aureobasidium pullulans,0,
A0ABR0TFA9,Aureobasidium pullulans,0,
A0ABR0THV0,Aureobasidium pullulans,0,
A0ABR0T6J2,Aureobasidium pullulans,0,
A0ABR0T8Z0,Aureobasidium pullulans,0,
A0ABR0THS9,Aureobasidium pullulans,0,
A0ABR0TKP0,Aureobasidium pullulans,0,
A0ABR0TBK4,Aureobasidium pullulans,0,
A0ABR0TPQ9,Aureobasidium pullulans,0,
A0ABR0TLY6,Aureobasidium pullulans,0,
A0ABR0TK92,Aureobasidium pullulans,0,
A0ABR0T5Q4,Aureobasidium pullulans,0,
A0ABR0TBU7,Aureobasidium pullulans,0,
A0ABR0T694,Aureobasidium pullulans,0,
A0ABR0TT01,Aureobasidium pullulans,0,
A0ABR0TFN1,Aureobasidium pullulans,0,
A0ABR0TMD4,Aureobasidium pullulans,0,
A0ABR0TSW2,Aureobasidium pullulans,0,
A0ABR0TPS9,Aureobasidium pullulans,0,
A0ABR0T7U9,Aureobasidium pullulans,0,
A0ABR0TQ65,Aureobasidium pullulans,0,
A0ABR0TH10,Aureobasidium pullulans,0,
A0ABR0TSH6,Aureobasidium pullulans,0,
A0ABR0TIF3,Aureobasidium pullulans,0,
A0ABR0TM54,Aureobasidium pullulans,0,
A0ABR0TMF2,Aureobasidium pullulans,0,
A0ABR0TXL8,Aureobasidium pullulans,0,
A0ABR0TWC7,Aureobasidium pullulans,0,
A0ABR0TRY4,Aureobasidium pullulans,0,
A0ABR0TUU0,Aureobasidium pullulans,0,
A0ABR0TVC4,Aureobasidium pullulans,0,
A0ABR0TWV3,Aureobasidium pullulans,0,
A0ABR0TQZ1,Aureobasidium pullulans,0,
A0ABR0TQX4,Aureobasidium pullulans,0,
A0ABR0T642,Aureobasidium pullulans,0,
A0ABR0TG00,Aureobasidium pullulans,0,
A0ABR0T9M2,Aureobasidium pullulans,0,
A0ABR0TCR2,Aureobasidium pullulans,0,
A0ABR0TJA1,Aureobasidium pullulans,0,
A0ABR0TUE7,Aureobasidium pullulans,0,
A0ABR0TBT2,Aureobasidium pullulans,0,
A0ABR0TTL9,Aureobasidium pullulans,0,
A0ABR0TQL9,Aureobasidium pullulans,0,
A0ABR0THQ0,Aureobasidium pullulans,0,
A0ABR0T762,Aureobasidium pullulans,0,
A0ABR0T7N7,Aureobasidium pullulans,0,
A0ABR0TBH1,Aureobasidium pullulans,0,
A0ABR0T9M6,Aureobasidium pullulans,0,
A0ABR0TP83,Aureobasidium pullulans,0,
A0ABR0TWZ8,Aureobasidium pullulans,0,
A0ABR0TMN8,Aureobasidium pullulans,0,
A0ABR0TX88,Aureobasidium pullulans,0,
A0ABR0T6N2,Aureobasidium pullulans,0,
A0ABR0T823,Aureobasidium pullulans,0,
A0ABR0TGH2,Aureobasidium pullulans,0,
A0ABR0TGE7,Aureobasidium pullulans,0,
A0ABR0TJX9,Aureobasidium pullulans,0,
A0ABR0TPZ2,Aureobasidium pullulans,0,
A0ABR0TJD8,Aureobasidium pullulans,0,
A0ABR0TG10,Aureobasidium pullulans,0,
A0ABR0TNG7,Aureobasidium pullulans,0,
A0ABR0TDU6,Aureobasidium pullulans,0,
A0ABR0TBB5,Aureobasidium pullulans,0,
A0ABR0TXR6,Aureobasidium pullulans,0,
A0ABR0TV12,Aureobasidium pullulans,0,
A0ABR0TUB1,Aureobasidium pullulans,0,
A0ABR0TLR9,Aureobasidium pullulans,0,
A0ABR0TSK7,Aureobasidium pullulans,0,
A0ABR0TAZ8,Aureobasidium pullulans,0,
A0ABR0TK34,Aureobasidium pullulans,0,
A0ABR0TII7,Aureobasidium pullulans,0,
A0ABR0TKS2,Aureobasidium pullulans,0,
A0ABR0TS83,Aureobasidium pullulans,0,
A0ABR0TQE4,Aureobasidium pullulans,0,
A0ABR0TR45,Aureobasidium pullulans,0,
A0ABR0TRW2,Aureobasidium pullulans,0,
A0ABR0TMB2,Aureobasidium pullulans,0,
A0ABR0TNV9,Aureobasidium pullulans,0,
A0ABR0TX44,Aureobasidium pullulans,0,
A0ABR0TD87,Aureobasidium pullulans,0,
A0ABR0TBT1,Aureobasidium pullulans,0,
A0ABR0TRP2,Aureobasidium pullulans,0,
A0ABR0TRN4,Aureobasidium pullulans,0,
A0ABR0T6F7,Aureobasidium pullulans,0,
A0ABR0T5A5,Aureobasidium pullulans,0,
A0ABR0TU12,Aureobasidium pullulans,0,
A0ABR0TJJ1,Aureobasidium pullulans,0,
A0ABR0TIW6,Aureobasidium pullulans,0,
A0ABR0TJC0,Aureobasidium pullulans,0,
A0ABR0TJ30,Aureobasidium pullulans,0,
A0ABR0T6K0,Aureobasidium pullulans,0,
A0ABR0THL5,Aureobasidium pullulans,0,
A0ABR0TTP1,Aureobasidium pullulans,0,
A0ABR0TUW2,Aureobasidium pullulans,0,
A0ABR0TQB4,Aureobasidium pullulans,0,
A0ABR0TPI1,Aureobasidium pullulans,0,
A0ABR0TPY3,Aureobasidium pullulans,0,
A0ABR0TFD8,Aureobasidium pullulans,0,
A0ABR0TTV2,Aureobasidium pullulans,0,
A0ABR0T786,Aureobasidium pullulans,0,
A0ABR0TIT8,Aureobasidium pullulans,0,
A0ABR0TL43,Aureobasidium pullulans,0,
A0ABR0TV35,Aureobasidium pullulans,0,
A0ABR0T9Y5,Aureobasidium pullulans,0,
A0ABR0TES9,Aureobasidium pullulans,0,
A0ABR0TTI0,Aureobasidium pullulans,0,
A0ABR0TV94,Aureobasidium pullulans,0,
A0ABR0TLQ0,Aureobasidium pullulans,0,
A0ABR0TQP4,Aureobasidium pullulans,0,
A0ABR0T8B0,Aureobasidium pullulans,0,
A0ABR0TA67,Aureobasidium pullulans,0,
A0ABR0T975,Aureobasidium pullulans,0,
A0ABR0TIK5,Aureobasidium pullulans,0,
A0ABR0TS44,Aureobasidium pullulans,0,
A0ABR0TWE7,Aureobasidium pullulans,0,
A0ABR0TIS3,Aureobasidium pullulans,0,
A0ABR0TVY3,Aureobasidium pullulans,0,
A0ABR0TBR0,Aureobasidium pullulans,0,
A0ABR0TG42,Aureobasidium pullulans,0,
A0ABR0TN82,Aureobasidium pullulans,0,
A0ABR0TKU5,Aureobasidium pullulans,0,
A0ABR0TS82,Aureobasidium pullulans,0,
A0ABR0TGQ3,Aureobasidium pullulans,0,
A0ABR0TD05,Aureobasidium pullulans,0,
A0ABR0T4E9,Aureobasidium pullulans,0,
A0ABR0TV86,Aureobasidium pullulans,0,
A0ABR0TI68,Aureobasidium pullulans,0,
A0ABR0T6Y5,Aureobasidium pullulans,0,
A0ABR0TVA8,Aureobasidium pullulans,0,
A0ABR0TR75,Aureobasidium pullulans,0,
A0ABR0TUE9,Aureobasidium pullulans,0,
A0ABR0TDX4,Aureobasidium pullulans,0,
A0ABR0TTM0,Aureobasidium pullulans,0,
A0ABR0TTH2,Aureobasidium pullulans,0,
A0ABR0TGI1,Aureobasidium pullulans,0,
A0ABR0TIM5,Aureobasidium pullulans,0,
A0ABR0TJ79,Aureobasidium pullulans,0,
A0ABR0T4H3,Aureobasidium pullulans,0,
A0ABR0TBJ6,Aureobasidium pullulans,0,
A0ABR0TTF0,Aureobasidium pullulans,0,
A0ABR0TR83,Aureobasidium pullulans,0,
A0ABR0TWF4,Aureobasidium pullulans,0,
A0ABR0TKI4,Aureobasidium pullulans,0,
A0ABR0T6P1,Aureobasidium pullulans,0,
A0ABR0T6P0,Aureobasidium pullulans,0,
A0ABR0TKS0,Aureobasidium pullulans,0,
A0ABR0T876,Aureobasidium pullulans,0,
A0ABR0T6Q2,Aureobasidium pullulans,0,
A0ABR0TLU4,Aureobasidium pullulans,0,
A0ABR0TKG9,Aureobasidium pullulans,0,
A0ABR0TF68,Aureobasidium pullulans,0,
A0ABR0THP4,Aureobasidium pullulans,0,
A0ABR0TX39,Aureobasidium pullulans,0,
A0ABR0TTV4,Aureobasidium pullulans,0,
A0ABR0TJ02,Aureobasidium pullulans,0,
A0ABR0TLI4,Aureobasidium pullulans,0,
A0ABR0TI08,Aureobasidium pullulans,0,
A0ABR0TS55,Aureobasidium pullulans,0,
A0ABR0TPZ6,Aureobasidium pullulans,0,
A0ABR0T5T4,Aureobasidium pullulans,0,
A0ABR0T918,Aureobasidium pullulans,0,
A0ABR0TH21,Aureobasidium pullulans,0,
A0ABR0TTN4,Aureobasidium pullulans,0,
A0ABR0TWS6,Aureobasidium pullulans,0,
A0ABR0TQ63,Aureobasidium pullulans,0,
A0ABR0T799,Aureobasidium pullulans,0,
A0ABR0T6Y7,Aureobasidium pullulans,0,
A0ABR0TMI2,Aureobasidium pullulans,0,
A0ABR0TFM6,Aureobasidium pullulans,0,
A0ABR0TQP1,Aureobasidium pullulans,0,
A0ABR0TA51,Aureobasidium pullulans,0,
A0ABR0TED7,Aureobasidium pullulans,0,
A0ABR0T6V0,Aureobasidium pullulans,0,
A0ABR0TWP2,Aureobasidium pullulans,0,
A0ABR0TB53,Aureobasidium pullulans,0,
A0ABR0TA04,Aureobasidium pullulans,0,
A0ABR0T803,Aureobasidium pullulans,0,
A0ABR0TJB1,Aureobasidium pullulans,0,
A0ABR0TVK7,Aureobasidium pullulans,0,
A0ABR0TRH4,Aureobasidium pullulans,0,
A0ABR0TBA6,Aureobasidium pullulans,0,
A0ABR0TDV7,Aureobasidium pullulans,0,
A0ABR0TF98,Aureobasidium pullulans,0,
A0ABR0TH16,Aureobasidium pullulans,0,
A0ABR0TLG1,Aureobasidium pullulans,0,
A0ABR0T4C0,Aureobasidium pullulans,0,
A0ABR0TAK8,Aureobasidium pullulans,0,
A0ABR0TLV6,Aureobasidium pullulans,0,
A0ABR0T8L5,Aureobasidium pullulans,0,
A0ABR0TD07,Aureobasidium pullulans,0,
A0ABR0TP08,Aureobasidium pullulans,0,
A0ABR0TRD9,Aureobasidium pullulans,0,
A0ABR0TUM5,Aureobasidium pullulans,0,
A0ABR0TRJ1,Aureobasidium pullulans,0,
A0ABR0T9X1,Aureobasidium pullulans,0,
A0ABR0TRF2,Aureobasidium pullulans,0,
A0ABR0T4F7,Aureobasidium pullulans,0,
A0ABR0T5I2,Aureobasidium pullulans,0,
A0ABR0TA55,Aureobasidium pullulans,0,
A0ABR0T934,Aureobasidium pullulans,0,
A0ABR0TLD8,Aureobasidium pullulans,0,
A0ABR0TPU6,Aureobasidium pullulans,0,
A0ABR0T942,Aureobasidium pullulans,0,
A0ABR0T7A9,Aureobasidium pullulans,0,
A0ABR0T981,Aureobasidium pullulans,0,
A0ABR0T4P8,Aureobasidium pullulans,0,
A0ABR0TN13,Aureobasidium pullulans,0,
A0ABR0TBF4,Aureobasidium pullulans,0,
A0ABR0TS89,Aureobasidium pullulans,0,
A0ABR0TUU3,Aureobasidium pullulans,0,
A0ABR0TMN2,Aureobasidium pullulans,0,
A0ABR0T8U2,Aureobasidium pullulans,0,
A0ABR0T5R6,Aureobasidium pullulans,0,
A0ABR0TH33,Aureobasidium pullulans,0,
A0ABR0T9S0,Aureobasidium pullulans,0,
A0ABR0T8M5,Aureobasidium pullulans,0,
A0ABR0TU35,Aureobasidium pullulans,0,
A0ABR0TRN0,Aureobasidium pullulans,0,
A0ABR0TQM5,Aureobasidium pullulans,0,
A0ABR0TNW1,Aureobasidium pullulans,0,
A0ABR0T6B7,Aureobasidium pullulans,0,
A0ABR0TUM9,Aureobasidium pullulans,0,
A0ABR0TBA8,Aureobasidium pullulans,0,
A0ABR0TGS2,Aureobasidium pullulans,0,
A0ABR0T5J8,Aureobasidium pullulans,0,
A0ABR0T7J0,Aureobasidium pullulans,0,
A0ABR0TK79,Aureobasidium pullulans,0,
A0ABR0TRC6,Aureobasidium pullulans,0,
A0ABR0TRB8,Aureobasidium pullulans,0,
A0ABR0TSC9,Aureobasidium pullulans,0,
A0ABR0T5S6,Aureobasidium pullulans,0,
A0ABR0TK90,Aureobasidium pullulans,0,
A0ABR0TD32,Aureobasidium pullulans,0,
A0ABR0TJD3,Aureobasidium pullulans,0,
A0ABR0TKV9,Aureobasidium pullulans,0,
A0ABR0TNM5,Aureobasidium pullulans,0,
A0ABR0TDW1,Aureobasidium pullulans,0,
A0ABR0TF44,Aureobasidium pullulans,0,
A0ABR0TUH8,Aureobasidium pullulans,0,
A0ABR0TVH3,Aureobasidium pullulans,0,
A0ABR0T7J2,Aureobasidium pullulans,0,
A0ABR0TNZ4,Aureobasidium pullulans,0,
A0ABR0T7J9,Aureobasidium pullulans,0,
A0ABR0TUR9,Aureobasidium pullulans,0,
A0ABR0T9R2,Aureobasidium pullulans,0,
A0ABR0T8L7,Aureobasidium pullulans,0,
A0ABR0TBI5,Aureobasidium pullulans,0,
A0ABR0TVV0,Aureobasidium pullulans,0,
A0ABR0T7L0,Aureobasidium pullulans,0,
A0ABR0TE22,Aureobasidium pullulans,0,
A0ABR0TPM5,Aureobasidium pullulans,0,
A0ABR0TPS5,Aureobasidium pullulans,0,
A0ABR0TGB4,Aureobasidium pullulans,0,
A0ABR0TF39,Aureobasidium pullulans,0,
A0ABR0TG74,Aureobasidium pullulans,0,
A0ABR0TMY9,Aureobasidium pullulans,0,
A0ABR0TTN9,Aureobasidium pullulans,0,
A0ABR0TQC8,Aureobasidium pullulans,0,
A0ABR0TKH5,Aureobasidium pullulans,0,
A0ABR0TFK2,Aureobasidium pullulans,0,
A0ABR0TUR8,Aureobasidium pullulans,0,
A0ABR0TCE8,Aureobasidium pullulans,0,
A0ABR0TAZ2,Aureobasidium pullulans,0,
A0ABR0TX38,Aureobasidium pullulans,0,
A0ABR0T6Y9,Aureobasidium pullulans,0,
A0ABR0TRT6,Aureobasidium pullulans,0,
A0ABR0T765,Aureobasidium pullulans,0,
A0ABR0TRT7,Aureobasidium pullulans,0,
A0ABR0TCI5,Aureobasidium pullulans,0,
A0ABR0THU3,Aureobasidium pullulans,0,
A0ABR0T8Q5,Aureobasidium pullulans,0,
A0ABR0TT36,Aureobasidium pullulans,0,
A0ABR0TWA4,Aureobasidium pullulans,0,
A0ABR0TVJ9,Aureobasidium pullulans,0,
A0ABR0TDY4,Aureobasidium pullulans,0,
A0ABR0TF27,Aureobasidium pullulans,0,
A0ABR0TWK4,Aureobasidium pullulans,0,
A0ABR0TGG2,Aureobasidium pullulans,0,
A0ABR0TRP8,Aureobasidium pullulans,0,
A0ABR0T8X0,Aureobasidium pullulans,0,
A0ABR0T6I3,Aureobasidium pullulans,0,
A0ABR0T5J2,Aureobasidium pullulans,0,
A0ABR0TAP1,Aureobasidium pullulans,0,
A0ABR0TA03,Aureobasidium pullulans,0,
A0ABR0T9F3,Aureobasidium pullulans,0,
A0ABR0TKX8,Aureobasidium pullulans,0,
A0ABR0TJ28,Aureobasidium pullulans,0,
A0ABR0TI22,Aureobasidium pullulans,0,
A0ABR0TLA9,Aureobasidium pullulans,0,
A0ABR0T8X8,Aureobasidium pullulans,0,
A0ABR0TFJ2,Aureobasidium pullulans,0,
A0ABR0T6B2,Aureobasidium pullulans,0,
A0ABR0TFV1,Aureobasidium pullulans,0,
A0ABR0TTA6,Aureobasidium pullulans,0,
A0ABR0TD71,Aureobasidium pullulans,0,
A0ABR0TQZ8,Aureobasidium pullulans,0,
A0ABR0TMM0,Aureobasidium pullulans,0,
A0ABR0TCI2,Aureobasidium pullulans,0,
A0ABR0T6C4,Aureobasidium pullulans,0,
A0ABR0TFW2,Aureobasidium pullulans,0,
A0ABR0TGT7,Aureobasidium pullulans,0,
A0ABR0TTC4,Aureobasidium pullulans,0,
A0ABR0TSV2,Aureobasidium pullulans,0,
A0ABR0TH64,Aureobasidium pullulans,0,
A0ABR0TWN2,Aureobasidium pullulans,0,
A0ABR0TJ13,Aureobasidium pullulans,0,
A0ABR0T6V9,Aureobasidium pullulans,0,
A0ABR0T6N7,Aureobasidium pullulans,0,
A0ABR0TE56,Aureobasidium pullulans,0,
A0ABR0TD70,Aureobasidium pullulans,0,
A0ABR0TTS7,Aureobasidium pullulans,0,
A0ABR0TFX5,Aureobasidium pullulans,0,
A0ABR0TJG8,Aureobasidium pullulans,0,
A0ABR0TVR9,Aureobasidium pullulans,0,
A0ABR0TGP3,Aureobasidium pullulans,0,
A0ABR0TFM8,Aureobasidium pullulans,0,
A0ABR0T7F6,Aureobasidium pullulans,0,
A0ABR0T7F1,Aureobasidium pullulans,0,
A0ABR0T8L2,Aureobasidium pullulans,0,
A0ABR0TMK1,Aureobasidium pullulans,0,
A0ABR0TUM6,Aureobasidium pullulans,0,
A0ABR0TJU6,Aureobasidium pullulans,0,
A0ABR0TXH5,Aureobasidium pullulans,0,
A0ABR0TJ39,Aureobasidium pullulans,0,
A0ABR0TE14,Aureobasidium pullulans,0,
A0ABR0TC89,Aureobasidium pullulans,0,
A0ABR0TMK0,Aureobasidium pullulans,0,
A0ABR0TX76,Aureobasidium pullulans,0,
A0ABR0TE90,Aureobasidium pullulans,0,
A0ABR0TS51,Aureobasidium pullulans,0,
A0ABR0TRW8,Aureobasidium pullulans,0,
A0ABR0TJH9,Aureobasidium pullulans,0,
A0ABR0TL74,Aureobasidium pullulans,0,
A0ABR0TKJ2,Aureobasidium pullulans,0,
A0ABR0TJS2,Aureobasidium pullulans,0,
A0ABR0TI90,Aureobasidium pullulans,0,
A0ABR0TIB9,Aureobasidium pullulans,0,
A0ABR0THR0,Aureobasidium pullulans,0,
A0ABR0TNU2,Aureobasidium pullulans,0,
A0ABR0TNV6,Aureobasidium pullulans,0,
A0ABR0TBT4,Aureobasidium pullulans,0,
A0ABR0TAF5,Aureobasidium pullulans,0,
A0ABR0TPT3,Aureobasidium pullulans,0,
A0ABR0THZ2,Aureobasidium pullulans,0,
A0ABR0TKY2,Aureobasidium pullulans,0,
A0ABR0THJ4,Aureobasidium pullulans,0,
A0ABR0TMV9,Aureobasidium pullulans,0,
A0ABR0TC05,Aureobasidium pullulans,0,
A0ABR0TVD0,Aureobasidium pullulans,0,
A0ABR0TPL6,Aureobasidium pullulans,0,
A0ABR0TP57,Aureobasidium pullulans,0,
A0ABR0TT19,Aureobasidium pullulans,0,
A0ABR0TLT0,Aureobasidium pullulans,0,
A0ABR0TLA6,Aureobasidium pullulans,0,
A0ABR0T879,Aureobasidium pullulans,0,
A0ABR0TX48,Aureobasidium pullulans,0,
A0ABR0T893,Aureobasidium pullulans,0,
A0ABR0TN73,Aureobasidium pullulans,0,
A0ABR0TL33,Aureobasidium pullulans,0,
A0ABR0TL06,Aureobasidium pullulans,0,
A0ABR0TVI2,Aureobasidium pullulans,0,
A0ABR0TMZ7,Aureobasidium pullulans,0,
A0ABR0TIQ6,Aureobasidium pullulans,0,
A0ABR0TND7,Aureobasidium pullulans,0,
A0ABR0TGM9,Aureobasidium pullulans,0,
A0ABR0TFR1,Aureobasidium pullulans,0,
A0ABR0T9Q7,Aureobasidium pullulans,0,
A0ABR0TL72,Aureobasidium pullulans,0,
A0ABR0TFG2,Aureobasidium pullulans,0,
A0ABR0TF22,Aureobasidium pullulans,0,
A0ABR0TDZ6,Aureobasidium pullulans,0,
A0ABR0TCI3,Aureobasidium pullulans,0,
A0ABR0TJW3,Aureobasidium pullulans,0,
A0ABR0TGV6,Aureobasidium pullulans,0,
A0ABR0TNM0,Aureobasidium pullulans,0,
A0ABR0TCE6,Aureobasidium pullulans,0,
A0ABR0TLR2,Aureobasidium pullulans,0,
A0ABR0TN15,Aureobasidium pullulans,0,
A0ABR0TJA9,Aureobasidium pullulans,0,
A0ABR0TGH8,Aureobasidium pullulans,0,
A0ABR0TTT8,Aureobasidium pullulans,0,
A0ABR0TT85,Aureobasidium pullulans,0,
A0ABR0T809,Aureobasidium pullulans,0,
A0ABR0TCE9,Aureobasidium pullulans,0,
A0ABR0TPI5,Aureobasidium pullulans,0,
A0ABR0TGY6,Aureobasidium pullulans,0,
A0ABR0TT86,Aureobasidium pullulans,0,
A0ABR0TAI3,Aureobasidium pullulans,0,
A0ABR0TI85,Aureobasidium pullulans,0,
A0ABR0TT87,Aureobasidium pullulans,0,
A0ABR0TCK1,Aureobasidium pullulans,0,
A0ABR0TP42,Aureobasidium pullulans,0,
A0ABR0TDS1,Aureobasidium pullulans,0,
A0ABR0TMN1,Aureobasidium pullulans,0,
A0ABR0TAD2,Aureobasidium pullulans,0,
A0ABR0TM16,Aureobasidium pullulans,0,
A0ABR0TA89,Aureobasidium pullulans,0,
A0ABR0TIS8,Aureobasidium pullulans,0,
A0ABR0TFC0,Aureobasidium pullulans,0,
A0ABR0TVE5,Aureobasidium pullulans,0,
A0ABR0TVB9,Aureobasidium pullulans,0,
A0ABR0TW12,Aureobasidium pullulans,0,
A0ABR0TC97,Aureobasidium pullulans,0,
A0ABR0T9Q8,Aureobasidium pullulans,0,
A0ABR0TKL1,Aureobasidium pullulans,0,
A0ABR0TPD9,Aureobasidium pullulans,0,
A0ABR0TVB7,Aureobasidium pullulans,0,
A0ABR0TP72,Aureobasidium pullulans,0,
A0ABR0TPP9,Aureobasidium pullulans,0,
A0ABR0TP11,Aureobasidium pullulans,0,
A0ABR0T742,Aureobasidium pullulans,0,
A0ABR0TH71,Aureobasidium pullulans,0,
A0ABR0T8H4,Aureobasidium pullulans,0,
A0ABR0T7Y8,Aureobasidium pullulans,0,
A0ABR0TGC0,Aureobasidium pullulans,0,
A0ABR0TKZ9,Aureobasidium pullulans,0,
A0ABR0TK31,Aureobasidium pullulans,0,
A0ABR0TTC0,Aureobasidium pullulans,0,
A0ABR0TB50,Aureobasidium pullulans,0,
A0ABR0TGL7,Aureobasidium pullulans,0,
A0ABR0TX45,Aureobasidium pullulans,0,
A0ABR0TKU7,Aureobasidium pullulans,0,
A0ABR0TKU6,Aureobasidium pullulans,0,
A0ABR0TNX7,Aureobasidium pullulans,0,
A0ABR0T7Z6,Aureobasidium pullulans,0,
A0ABR0T6P2,Aureobasidium pullulans,0,
A0ABR0TD96,Aureobasidium pullulans,0,
A0ABR0TQW4,Aureobasidium pullulans,0,
A0ABR0T7T1,Aureobasidium pullulans,0,
A0ABR0TCW1,Aureobasidium pullulans,0,
A0ABR0THG2,Aureobasidium pullulans,0,
A0ABR0TM38,Aureobasidium pullulans,0,
A0ABR0TWM9,Aureobasidium pullulans,0,
A0ABR0THW1,Aureobasidium pullulans,0,
A0ABR0TAX8,Aureobasidium pullulans,0,
A0ABR0TL34,Aureobasidium pullulans,0,
A0ABR0TT21,Aureobasidium pullulans,0,
A0ABR0TH93,Aureobasidium pullulans,0,
A0ABR0TCS2,Aureobasidium pullulans,0,
A0ABR0TT50,Aureobasidium pullulans,0,
A0ABR0TT51,Aureobasidium pullulans,0,
A0ABR0TCV0,Aureobasidium pullulans,0,
A0ABR0TFG5,Aureobasidium pullulans,0,
A0ABR0T9U7,Aureobasidium pullulans,0,
A0ABR0T7P8,Aureobasidium pullulans,0,
A0ABR0TC13,Aureobasidium pullulans,0,
A0ABR0TIW5,Aureobasidium pullulans,0,
A0ABR0TIN3,Aureobasidium pullulans,0,
A0ABR0TPG5,Aureobasidium pullulans,0,
A0ABR0TR00,Aureobasidium pullulans,0,
A0ABR0T7W1,Aureobasidium pullulans,0,
A0ABR0TM28,Aureobasidium pullulans,0,
A0ABR0TAW7,Aureobasidium pullulans,0,
A0ABR0TGM3,Aureobasidium pullulans,0,
A0ABR0TT96,Aureobasidium pullulans,0,
A0ABR0TMN6,Aureobasidium pullulans,0,
A0ABR0TWG0,Aureobasidium pullulans,0,
A0ABR0TJ75,Aureobasidium pullulans,0,
A0ABR0THM9,Aureobasidium pullulans,0,
A0ABR0TGX8,Aureobasidium pullulans,0,
A0ABR0TPP2,Aureobasidium pullulans,0,
A0ABR0TDC6,Aureobasidium pullulans,0,
A0ABR0TLV0,Aureobasidium pullulans,0,
A0ABR0TAK0,Aureobasidium pullulans,0,
A0ABR0T9P1,Aureobasidium pullulans,0,
A0ABR0T4R5,Aureobasidium pullulans,0,
A0ABR0TF97,Aureobasidium pullulans,0,
A0ABR0T8K7,Aureobasidium pullulans,0,
A0ABR0T8H8,Aureobasidium pullulans,0,
A0ABR0TWE3,Aureobasidium pullulans,0,
A0ABR0TPA7,Aureobasidium pullulans,0,
A0ABR0TKK3,Aureobasidium pullulans,0,
A0ABR0TEY2,Aureobasidium pullulans,0,
A0ABR0TSI4,Aureobasidium pullulans,0,
A0ABR0TAY9,Aureobasidium pullulans,0,
A0ABR0TT63,Aureobasidium pullulans,0,
A0ABR0TGG4,Aureobasidium pullulans,0,
A0ABR0T543,Aureobasidium pullulans,0,
A0A4S9E1S8,Aureobasidium pullulans,0,
A0ABR0TSG0,Aureobasidium pullulans,0,
A0ABR0TWA9,Aureobasidium pullulans,0,
A0ABR0TQV1,Aureobasidium pullulans,0,
A0ABR0TNC9,Aureobasidium pullulans,0,
A0ABR0TLS9,Aureobasidium pullulans,0,
A0ABR0TM09,Aureobasidium pullulans,0,
A0ABR0TKH3,Aureobasidium pullulans,0,
A0ABR0T6Q3,Aureobasidium pullulans,0,
A0ABR0TPQ8,Aureobasidium pullulans,0,
A0ABR0T509,Aureobasidium pullulans,0,
A0ABR0TL00,Aureobasidium pullulans,0,
A0ABR0TMF3,Aureobasidium pullulans,0,
A0ABR0TB80,Aureobasidium pullulans,0,
A0ABR0T831,Aureobasidium pullulans,0,
A0ABR0TE46,Aureobasidium pullulans,0,
A0ABR0TCG1,Aureobasidium pullulans,0,
A0ABR0T6T3,Aureobasidium pullulans,0,
A0ABR0TCF5,Aureobasidium pullulans,0,
A0ABR0TLW8,Aureobasidium pullulans,0,
A0ABR0TPL9,Aureobasidium pullulans,0,
A0ABR0TEL7,Aureobasidium pullulans,0,
A0ABR0TDK0,Aureobasidium pullulans,0,
A0ABR0T6Q9,Aureobasidium pullulans,0,
A0ABR0TT38,Aureobasidium pullulans,0,
A0ABR0TCA1,Aureobasidium pullulans,0,
A0ABR0T4L6,Aureobasidium pullulans,0,
A0ABR0T6G8,Aureobasidium pullulans,0,
A0ABR0T7B6,Aureobasidium pullulans,0,
A0ABR0TNR9,Aureobasidium pullulans,0,
A0ABR0TNK3,Aureobasidium pullulans,0,
A0ABR0TP99,Aureobasidium pullulans,0,
A0ABR0TTG3,Aureobasidium pullulans,0,
A0ABR0T5C1,Aureobasidium pullulans,0,
A0ABR0TQH0,Aureobasidium pullulans,0,
A0ABR0TUF2,Aureobasidium pullulans,0,
A0ABR0TW50,Aureobasidium pullulans,0,
A0ABR0TAV5,Aureobasidium pullulans,0,
A0ABR0TUQ6,Aureobasidium pullulans,0,
A0ABR0TQ47,Aureobasidium pullulans,0,
A0ABR0TQ70,Aureobasidium pullulans,0,
A0ABR0T5Q5,Aureobasidium pullulans,0,
A0ABR0T6K2,Aureobasidium pullulans,0,
A0ABR0T6S4,Aureobasidium pullulans,0,
A0ABR0TMU5,Aureobasidium pullulans,0,
A0ABR0TMX4,Aureobasidium pullulans,0,
A0ABR0TVW6,Aureobasidium pullulans,0,
A0ABR0T6E7,Aureobasidium pullulans,0,
A0ABR0T5Q3,Aureobasidium pullulans,0,
A0ABR0TTR2,Aureobasidium pullulans,0,
A0ABR0TD68,Aureobasidium pullulans,0,
A0ABR0TVA6,Aureobasidium pullulans,0,
A0ABR0TV20,Aureobasidium pullulans,0,
A0ABR0T7X0,Aureobasidium pullulans,0,
A0ABR0TS01,Aureobasidium pullulans,0,
A0ABR0TGL8,Aureobasidium pullulans,0,
A0ABR0TN72,Aureobasidium pullulans,0,
A0ABR0TQY9,Aureobasidium pullulans,0,
A0ABR0T5C2,Aureobasidium pullulans,0,
A0ABR0TCP9,Aureobasidium pullulans,0,
A0ABR0TFP6,Aureobasidium pullulans,0,
A0ABR0T5J6,Aureobasidium pullulans,0,
A0ABR0TJM6,Aureobasidium pullulans,0,
A0ABR0TMR3,Aureobasidium pullulans,0,
A0ABR0T964,Aureobasidium pullulans,0,
A0ABR0TB59,Aureobasidium pullulans,0,
A0ABR0T9B3,Aureobasidium pullulans,0,
A0ABR0TCJ0,Aureobasidium pullulans,0,
A0ABR0TLU5,Aureobasidium pullulans,0,
A0ABR0TRR9,Aureobasidium pullulans,0,
A0ABR0TNU5,Aureobasidium pullulans,0,
A0ABR0T8N8,Aureobasidium pullulans,0,
A0ABR0TIV4,Aureobasidium pullulans,0,
A0ABR0TTS5,Aureobasidium pullulans,0,
A0ABR0TUT2,Aureobasidium pullulans,0,
A0ABR0TR19,Aureobasidium pullulans,0,
A0ABR0TTD6,Aureobasidium pullulans,0,
A0ABR0TSD0,Aureobasidium pullulans,0,
A0ABR0TMV6,Aureobasidium pullulans,0,
A0ABR0TWR3,Aureobasidium pullulans,0,
A0ABR0TPC7,Aureobasidium pullulans,0,
A0ABR0TLE6,Aureobasidium pullulans,0,
A0ABR0TJ97,Aureobasidium pullulans,0,
A0ABR0T607,Aureobasidium pullulans,0,
A0ABR0TBP8,Aureobasidium pullulans,0,
A0ABR0TDZ0,Aureobasidium pullulans,0,
A0ABR0TE59,Aureobasidium pullulans,0,
A0ABR0TEA6,Aureobasidium pullulans,0,
A0ABR0TD95,Aureobasidium pullulans,0,
A0ABR0TDW7,Aureobasidium pullulans,0,
A0ABR0TQF3,Aureobasidium pullulans,0,
A0ABR0TQE1,Aureobasidium pullulans,0,
A0ABR0TJQ4,Aureobasidium pullulans,0,
A0ABR0T9U1,Aureobasidium pullulans,0,
A0ABR0TGE2,Aureobasidium pullulans,0,
A0ABR0TBR2,Aureobasidium pullulans,0,
A0ABR0TAE7,Aureobasidium pullulans,0,
A0ABR0TP47,Aureobasidium pullulans,0,
A0ABR0T713,Aureobasidium pullulans,0,
A0ABR0TEU6,Aureobasidium pullulans,0,
A0ABR0T566,Aureobasidium pullulans,0,
A0ABR0TTW3,Aureobasidium pullulans,0,
A0ABR0TW11,Aureobasidium pullulans,0,
A0ABR0T8R4,Aureobasidium pullulans,0,
A0ABR0TVY8,Aureobasidium pullulans,0,
A0ABR0TCN6,Aureobasidium pullulans,0,
A0ABR0TJ68,Aureobasidium pullulans,0,
A0ABR0TJ09,Aureobasidium pullulans,0,
A0ABR0T9R4,Aureobasidium pullulans,0,
A0ABR0T739,Aureobasidium pullulans,0,
A0ABR0T7L1,Aureobasidium pullulans,0,
A0ABR0TMH9,Aureobasidium pullulans,0,
A0ABR0THL9,Aureobasidium pullulans,0,
A0ABR0TBE0,Aureobasidium pullulans,0,
A0ABR0TA91,Aureobasidium pullulans,0,
A0ABR0TA69,Aureobasidium pullulans,0,
A0ABR0TAM2,Aureobasidium pullulans,0,
A0ABR0TSM2,Aureobasidium pullulans,0,
A0ABR0TMG2,Aureobasidium pullulans,0,
A0ABR0TNA4,Aureobasidium pullulans,0,
A0ABR0TRR7,Aureobasidium pullulans,0,
A0ABR0T5M0,Aureobasidium pullulans,0,
A0ABR0T8W4,Aureobasidium pullulans,0,
A0ABR0T7J3,Aureobasidium pullulans,0,
A0ABR0TUZ7,Aureobasidium pullulans,0,
A0ABR0TUP8,Aureobasidium pullulans,0,
A0ABR0TH54,Aureobasidium pullulans,0,
A0ABR0TBU3,Aureobasidium pullulans,0,
A0ABR0TLH5,Aureobasidium pullulans,0,
A0ABR0THC4,Aureobasidium pullulans,0,
A0ABR0TI81,Aureobasidium pullulans,0,
A0ABR0TNR2,Aureobasidium pullulans,0,
A0ABR0TQ53,Aureobasidium pullulans,0,
A0ABR0TCR4,Aureobasidium pullulans,0,
A0ABR0TNL5,Aureobasidium pullulans,0,
A0ABR0TD26,Aureobasidium pullulans,0,
A0ABR0TJC3,Aureobasidium pullulans,0,
A0ABR0TMT7,Aureobasidium pullulans,0,
A0ABR0TK30,Aureobasidium pullulans,0,
A0ABR0TMB4,Aureobasidium pullulans,0,
A0ABR0TLP8,Aureobasidium pullulans,0,
A0ABR0TCX1,Aureobasidium pullulans,0,
A0ABR0TW20,Aureobasidium pullulans,0,
A0ABR0T8A4,Aureobasidium pullulans,0,
A0ABR0T6H6,Aureobasidium pullulans,0,
A0ABR0THT6,Aureobasidium pullulans,0,
A0ABR0TGJ6,Aureobasidium pullulans,0,
A0ABR0TJM1,Aureobasidium pullulans,0,
A0ABR0TDU5,Aureobasidium pullulans,0,
A0ABR0T6S8,Aureobasidium pullulans,0,
A0ABR0TS40,Aureobasidium pullulans,0,
A0ABR0TAT9,Aureobasidium pullulans,0,
A0ABR0TN17,Aureobasidium pullulans,0,
A0ABR0TWV6,Aureobasidium pullulans,0,
A0ABR0TT66,Aureobasidium pullulans,0,
A0ABR0TU42,Aureobasidium pullulans,0,
A0ABR0TTF8,Aureobasidium pullulans,0,
A0ABR0T627,Aureobasidium pullulans,0,
A0ABR0THP3,Aureobasidium pullulans,0,
A0ABR0TWM1,Aureobasidium pullulans,0,
A0ABR0TX73,Aureobasidium pullulans,0,
A0ABR0TWS7,Aureobasidium pullulans,0,
A0ABR0TXH4,Aureobasidium pullulans,0,
A0ABR0TS64,Aureobasidium pullulans,0,
A0ABR0TBK1,Aureobasidium pullulans,0,
A0ABR0TI51,Aureobasidium pullulans,0,
A0ABR0THB7,Aureobasidium pullulans,0,
A0ABR0THU0,Aureobasidium pullulans,0,
A0ABR0TLK6,Aureobasidium pullulans,0,
A0ABR0TM24,Aureobasidium pullulans,0,
A0ABR0TAF1,Aureobasidium pullulans,0,
A0ABR0TRF4,Aureobasidium pullulans,0,
A0ABR0TPK7,Aureobasidium pullulans,0,
A0ABR0TH12,Aureobasidium pullulans,0,
A0ABR0TPN0,Aureobasidium pullulans,0,
A0ABR0T710,Aureobasidium pullulans,0,
A0ABR0TPD3,Aureobasidium pullulans,0,
A0ABR0TEH8,Aureobasidium pullulans,0,
A0ABR0TE93,Aureobasidium pullulans,0,
A0ABR0T8H9,Aureobasidium pullulans,0,
A0ABR0T618,Aureobasidium pullulans,0,
A0ABR0TD41,Aureobasidium pullulans,0,
A0ABR0TDW5,Aureobasidium pullulans,0,
A0ABR0TEE7,Aureobasidium pullulans,0,
A0ABR0TA62,Aureobasidium pullulans,0,
A0ABR0T9J4,Aureobasidium pullulans,0,
A0ABR0TM11,Aureobasidium pullulans,0,
A0ABR0TLT4,Aureobasidium pullulans,0,
A0ABR0TJD5,Aureobasidium pullulans,0,
A0ABR0TKE2,Aureobasidium pullulans,0,
A0ABR0TLX9,Aureobasidium pullulans,0,
A0ABR0T6V6,Aureobasidium pullulans,0,
A0ABR0TU13,Aureobasidium pullulans,0,
A0ABR0T7N4,Aureobasidium pullulans,0,
A0ABR0T7M5,Aureobasidium pullulans,0,
A0ABR0T8Y7,Aureobasidium pullulans,0,
A0ABR0T591,Aureobasidium pullulans,0,
A0ABR0T5T9,Aureobasidium pullulans,0,
A0ABR0TNJ0,Aureobasidium pullulans,0,
A0ABR0TQ24,Aureobasidium pullulans,0,
A0ABR0TUZ9,Aureobasidium pullulans,0,
A0ABR0TVI1,Aureobasidium pullulans,0,
A0ABR0TBY4,Aureobasidium pullulans,0,
A0ABR0TPU5,Aureobasidium pullulans,0,
A0ABR0TPL7,Aureobasidium pullulans,0,
A0ABR0THB6,Aureobasidium pullulans,0,
A0ABR0TN60,Aureobasidium pullulans,0,
A0ABR0TJ03,Aureobasidium pullulans,0,
A0ABR0TSI7,Aureobasidium pullulans,0,
A0ABR0T6N4,Aureobasidium pullulans,0,
A0ABR0T7A4,Aureobasidium pullulans,0,
A0ABR0T7D2,Aureobasidium pullulans,0,
A0ABR0T6E6,Aureobasidium pullulans,0,
A0ABR0TVJ2,Aureobasidium pullulans,0,
A0ABR0T733,Aureobasidium pullulans,0,
A0ABR0T8S0,Aureobasidium pullulans,0,
A0ABR0TD15,Aureobasidium pullulans,0,
A0ABR0TJK3,Aureobasidium pullulans,0,
A0ABR0TJ78,Aureobasidium pullulans,0,
A0ABR0TRY7,Aureobasidium pullulans,0,
A0ABR0TVD1,Aureobasidium pullulans,0,
A0ABR0TVV5,Aureobasidium pullulans,0,
A0ABR0TFV0,Aureobasidium pullulans,0,
A0ABR0TKM4,Aureobasidium pullulans,0,
A0ABR0TF89,Aureobasidium pullulans,0,
A0ABR0TGW9,Aureobasidium pullulans,0,
A0ABR0TWA3,Aureobasidium pullulans,0,
A0ABR0T5P0,Aureobasidium pullulans,0,
A0ABR0TG50,Aureobasidium pullulans,0,
A0ABR0TII1,Aureobasidium pullulans,0,
A0ABR0TGW5,Aureobasidium pullulans,0,
A0ABR0TDR3,Aureobasidium pullulans,0,
A0ABR0TDD5,Aureobasidium pullulans,0,
A0ABR0TDS9,Aureobasidium pullulans,0,
A0ABR0TCY8,Aureobasidium pullulans,0,
A0ABR0TNT6,Aureobasidium pullulans,0,
A0ABR0TNI9,Aureobasidium pullulans,0,
A0ABR0TNH0,Aureobasidium pullulans,0,
A0ABR0TT92,Aureobasidium pullulans,0,
A0ABR0TV78,Aureobasidium pullulans,0,
A0ABR0TUK1,Aureobasidium pullulans,0,
A0ABR0TN99,Aureobasidium pullulans,0,
A0ABR0TG61,Aureobasidium pullulans,0,
A0ABR0TF03,Aureobasidium pullulans,0,
A0ABR0TGI8,Aureobasidium pullulans,0,
A0ABR0TS99,Aureobasidium pullulans,0,
A0ABR0TEN8,Aureobasidium pullulans,0,
A0ABR0T8T1,Aureobasidium pullulans,0,
A0ABR0THF9,Aureobasidium pullulans,0,
A0ABR0TC49,Aureobasidium pullulans,0,
A0ABR0TW98,Aureobasidium pullulans,0,
A0ABR0TBL1,Aureobasidium pullulans,0,
A0ABR0TAI5,Aureobasidium pullulans,0,
A0ABR0TUI3,Aureobasidium pullulans,0,
A0ABR0TUT3,Aureobasidium pullulans,0,
A0ABR0TQQ6,Aureobasidium pullulans,0,
A0ABR0T5F1,Aureobasidium pullulans,0,
A0ABR0THS7,Aureobasidium pullulans,0,
A0ABR0TQ42,Aureobasidium pullulans,0,
A0ABR0T5C7,Aureobasidium pullulans,0,
A0ABR0THW6,Aureobasidium pullulans,0,
A0ABR0TP81,Aureobasidium pullulans,0,
A0ABR0TPA4,Aureobasidium pullulans,0,
A0ABR0TWW3,Aureobasidium pullulans,0,
A0ABR0TPS3,Aureobasidium pullulans,0,
A0ABR0TPK9,Aureobasidium pullulans,0,
A0ABR0T7A6,Aureobasidium pullulans,0,
A0ABR0TBH7,Aureobasidium pullulans,0,
A0ABR0TB72,Aureobasidium pullulans,0,
A0ABR0TBS1,Aureobasidium pullulans,0,
A0ABR0TBG5,Aureobasidium pullulans,0,
A0ABR0TEZ7,Aureobasidium pullulans,0,
A0ABR0TDP1,Aureobasidium pullulans,0,
A0ABR0TEZ9,Aureobasidium pullulans,0,
A0ABR0TDJ6,Aureobasidium pullulans,0,
A0ABR0TDG4,Aureobasidium pullulans,0,
A0ABR0T9F9,Aureobasidium pullulans,0,
A0ABR0T999,Aureobasidium pullulans,0,
A0ABR0TB92,Aureobasidium pullulans,0,
A0ABR0THA0,Aureobasidium pullulans,0,
A0ABR0TII6,Aureobasidium pullulans,0,
A0ABR0T6X1,Aureobasidium pullulans,0,
A0ABR0TRA2,Aureobasidium pullulans,0,
A0ABR0TFU5,Aureobasidium pullulans,0,
A0ABR0T9E8,Aureobasidium pullulans,0,
A0ABR0T9D5,Aureobasidium pullulans,0,
A0ABR0T9D2,Aureobasidium pullulans,0,
A0ABR0TAT4,Aureobasidium pullulans,0,
A0ABR0TSN8,Aureobasidium pullulans,0,
A0ABR0TTK9,Aureobasidium pullulans,0,
A0ABR0TTG6,Aureobasidium pullulans,0,
A0ABR0TJ70,Aureobasidium pullulans,0,
A0ABR0TBY2,Aureobasidium pullulans,0,
A0ABR0TDA3,Aureobasidium pullulans,0,
A0ABR0TCG2,Aureobasidium pullulans,0,
A0ABR0TDD0,Aureobasidium pullulans,0,
A0ABR0TE78,Aureobasidium pullulans,0,
A0ABR0TEQ0,Aureobasidium pullulans,0,
A0ABR0TE89,Aureobasidium pullulans,0,
A0ABR0TWB1,Aureobasidium pullulans,0,
A0ABR0TIF5,Aureobasidium pullulans,0,
A0ABR0TTR8,Aureobasidium pullulans,0,
A0ABR0TSD3,Aureobasidium pullulans,0,
A0ABR0TTA0,Aureobasidium pullulans,0,
A0ABR0TTX6,Aureobasidium pullulans,0,
A0ABR0TST1,Aureobasidium pullulans,0,
A0ABR0TEX0,Aureobasidium pullulans,0,
A0ABR0TFC3,Aureobasidium pullulans,0,
A0ABR0T665,Aureobasidium pullulans,0,
A0ABR0TLL6,Aureobasidium pullulans,0,
A0ABR0TMW1,Aureobasidium pullulans,0,
A0ABR0TMA6,Aureobasidium pullulans,0,
A0ABR0TN11,Aureobasidium pullulans,0,
A0ABR0TLG9,Aureobasidium pullulans,0,
A0ABR0TTS9,Aureobasidium pullulans,0,
A0ABR0TNN0,Aureobasidium pullulans,0,
A0ABR0TNP3,Aureobasidium pullulans,0,
A0ABR0TNW8,Aureobasidium pullulans,0,
A0ABR0TVZ4,Aureobasidium pullulans,0,
A0ABR0TU86,Aureobasidium pullulans,0,
A0ABR0TUD2,Aureobasidium pullulans,0,
A0ABR0TUW1,Aureobasidium pullulans,0,
A0ABR0THZ9,Aureobasidium pullulans,0,
A0ABR0TK03,Aureobasidium pullulans,0,
A0ABR0TJM0,Aureobasidium pullulans,0,
A0ABR0TQU5,Aureobasidium pullulans,0,
A0ABR0TPC2,Aureobasidium pullulans,0,
A0ABR0TFM7,Aureobasidium pullulans,0,
A0ABR0TU36,Aureobasidium pullulans,0,
A0ABR0TU55,Aureobasidium pullulans,0,
A0ABR0TV83,Aureobasidium pullulans,0,
A0ABR0TUL9,Aureobasidium pullulans,0,
A0ABR0TV67,Aureobasidium pullulans,0,
A0ABR0TGJ4,Aureobasidium pullulans,0,
A0ABR0TRX7,Aureobasidium pullulans,0,
A0ABR0TRW5,Aureobasidium pullulans,0,
A0ABR0TRV7,Aureobasidium pullulans,0,
A0ABR0TH36,Aureobasidium pullulans,0,
A0ABR0THX5,Aureobasidium pullulans,0,
A0ABR0THN9,Aureobasidium pullulans,0,
A0ABR0TGT9,Aureobasidium pullulans,0,
A0ABR0T5P5,Aureobasidium pullulans,0,
A0ABR0TRU6,Aureobasidium pullulans,0,
A0ABR0TN34,Aureobasidium pullulans,0,
A0ABR0TPB3,Aureobasidium pullulans,0,
A0ABR0TNS1,Aureobasidium pullulans,0,
A0ABR0TLS8,Aureobasidium pullulans,0,
A0ABR0TPM0,Aureobasidium pullulans,0,
A0ABR0TIH0,Aureobasidium pullulans,0,
A0ABR0TW93,Aureobasidium pullulans,0,
A0ABR0TVQ5,Aureobasidium pullulans,0,
A0ABR0T9X4,Aureobasidium pullulans,0,
A0ABR0TRF9,Aureobasidium pullulans,0,
A0ABR0TBY5,Aureobasidium pullulans,0,
A0ABR0THI5,Aureobasidium pullulans,0,
A0ABR0TJZ8,Aureobasidium pullulans,0,
A0ABR0T840,Aureobasidium pullulans,0,
A0ABR0TS16,Aureobasidium pullulans,0,
A0ABR0T8I3,Aureobasidium pullulans,0,
A0ABR0TTZ2,Aureobasidium pullulans,0,
A0ABR0TCV3,Aureobasidium pullulans,0,
A0ABR0T6N9,Aureobasidium pullulans,0,
A0ABR0T5B1,Aureobasidium pullulans,0,
A0ABR0TPB7,Aureobasidium pullulans,0,
A0ABR0TAE1,Aureobasidium pullulans,0,
A0ABR0T7C1,Aureobasidium pullulans,0,
A0ABR0TNG9,Aureobasidium pullulans,0,
A0ABR0TF58,Aureobasidium pullulans,0,
A0ABR0TFI7,Aureobasidium pullulans,0,
A0ABR0TBB0,Aureobasidium pullulans,0,
A0ABR0TK24,Aureobasidium pullulans,0,
A0ABR0THR2,Aureobasidium pullulans,0,
A0ABR0TUU4,Aureobasidium pullulans,0,
A0ABR0TB70,Aureobasidium pullulans,0,
A0ABR0THP5,Aureobasidium pullulans,0,
A0ABR0TLY2,Aureobasidium pullulans,0,
A0ABR0T7D8,Aureobasidium pullulans,0,
A0ABR0TU70,Aureobasidium pullulans,0,
A0ABR0TUC9,Aureobasidium pullulans,0,
A0ABR0T5Q0,Aureobasidium pullulans,0,
A0ABR0TVC6,Aureobasidium pullulans,0,
A0ABR0TVP8,Aureobasidium pullulans,0,
A0ABR0TD60,Aureobasidium pullulans,0,
A0ABR0T6H0,Aureobasidium pullulans,0,
A0ABR0TAK5,Aureobasidium pullulans,0,
A0ABR0TTD1,Aureobasidium pullulans,0,
A0ABR0T886,Aureobasidium pullulans,0,
A0ABR0TE84,Aureobasidium pullulans,0,
A0ABR0TB91,Aureobasidium pullulans,0,
A0ABR0TIC9,Aureobasidium pullulans,0,
A0ABR0TGZ5,Aureobasidium pullulans,0,
A0ABR0TQJ9,Aureobasidium pullulans,0,
A0ABR0TTW2,Aureobasidium pullulans,0,
A0ABR0TN24,Aureobasidium pullulans,0,
A0ABR0TKR7,Aureobasidium pullulans,0,
A0ABR0TDZ2,Aureobasidium pullulans,0,
A0ABR0TCG7,Aureobasidium pullulans,0,
A0ABR0TT88,Aureobasidium pullulans,0,
A0A4T0CQH0,Aureobasidium pullulans,0,
A0ABR0TT30,Aureobasidium pullulans,0,
A0ABR0T5U5,Aureobasidium pullulans,0,
A0ABR0TLM9,Aureobasidium pullulans,0,
A0ABR0TMT1,Aureobasidium pullulans,0,
A0ABR0TJ14,Aureobasidium pullulans,0,
A0ABR0TC08,Aureobasidium pullulans,0,
A0ABR0T7K7,Aureobasidium pullulans,0,
A0ABR0T9Q9,Aureobasidium pullulans,0,
A0ABR0TQZ2,Aureobasidium pullulans,0,
A0ABR0TFT6,Aureobasidium pullulans,0,
A0ABR0T5N7,Aureobasidium pullulans,0,
A0ABR0TME2,Aureobasidium pullulans,0,
A0ABR0TK78,Aureobasidium pullulans,0,
A0ABR0TBR3,Aureobasidium pullulans,0,
A0ABR0TK38,Aureobasidium pullulans,0,
A0ABR0TQ84,Aureobasidium pullulans,0,
A0ABR0TG23,Aureobasidium pullulans,0,
A0ABR0T7D5,Aureobasidium pullulans,0,
A0ABR0TM04,Aureobasidium pullulans,0,
A0ABR0T9W6,Aureobasidium pullulans,0,
A0ABR0TL37,Aureobasidium pullulans,0,
A0ABR0TPW2,Aureobasidium pullulans,0,
A0ABR0TUA0,Aureobasidium pullulans,0,
A0ABR0TIR7,Aureobasidium pullulans,0,
A0ABR0TIY5,Aureobasidium pullulans,0,
A0ABR0TJB3,Aureobasidium pullulans,0,
A0ABR0TQK4,Aureobasidium pullulans,0,
A0ABR0TIA9,Aureobasidium pullulans,0,
A0ABR0TG96,Aureobasidium pullulans,0,
A0ABR0TJQ5,Aureobasidium pullulans,0,
A0ABR0TAQ5,Aureobasidium pullulans,0,
A0ABR0T7Z3,Aureobasidium pullulans,0,
A0ABR0TEJ3,Aureobasidium pullulans,0,
A0ABR0TRQ6,Aureobasidium pullulans,0,
A0ABR0TSD1,Aureobasidium pullulans,0,
A0ABR0TS00,Aureobasidium pullulans,0,
A0ABR0TPA2,Aureobasidium pullulans,0,
A0ABR0TUK5,Aureobasidium pullulans,0,
A0ABR0TTM3,Aureobasidium pullulans,0,
A0ABR0TT94,Aureobasidium pullulans,0,
A0ABR0TQZ0,Aureobasidium pullulans,0,
A0ABR0T7F3,Aureobasidium pullulans,0,
A0ABR0TBA7,Aureobasidium pullulans,0,
A0ABR0T7E5,Aureobasidium pullulans,0,
A0ABR0TRZ3,Aureobasidium pullulans,0,
A0ABR0TUE1,Aureobasidium pullulans,0,
A0ABR0TJI5,Aureobasidium pullulans,0,
A0ABR0TD43,Aureobasidium pullulans,0,
A0ABR0TLL8,Aureobasidium pullulans,0,
A0ABR0TDQ6,Aureobasidium pullulans,0,
A0ABR0TJ95,Aureobasidium pullulans,0,
A0ABR0TJR2,Aureobasidium pullulans,0,
A0ABR0T598,Aureobasidium pullulans,0,
A0ABR0TAU0,Aureobasidium pullulans,0,
A0ABR0TNR3,Aureobasidium pullulans,0,
A0ABR0TTW0,Aureobasidium pullulans,0,
A0ABR0TDV0,Aureobasidium pullulans,0,
A0ABR0TP55,Aureobasidium pullulans,0,
A0ABR0TP21,Aureobasidium pullulans,0,
A0ABR0TKA8,Aureobasidium pullulans,0,
A0ABR0TC12,Aureobasidium pullulans,0,
A0ABR0TVT5,Aureobasidium pullulans,0,
A0ABR0TJ00,Aureobasidium pullulans,0,
A0ABR0T854,Aureobasidium pullulans,0,
A0ABR0TFL8,Aureobasidium pullulans,0,
A0ABR0TPW9,Aureobasidium pullulans,0,
A0ABR0TUM8,Aureobasidium pullulans,0,
A0ABR0TKE1,Aureobasidium pullulans,0,
A0ABR0TP23,Aureobasidium pullulans,0,
A0ABR0TQ60,Aureobasidium pullulans,0,
A0ABR0T9P7,Aureobasidium pullulans,0,
A0ABR0TWD2,Aureobasidium pullulans,0,
A0ABR0TKD7,Aureobasidium pullulans,0,
A0ABR0TB93,Aureobasidium pullulans,0,
A0ABR0TL15,Aureobasidium pullulans,0,
A0ABR0TW43,Aureobasidium pullulans,0,
A0ABR0TL94,Aureobasidium pullulans,0,
A0ABR0TVL6,Aureobasidium pullulans,0,
A0ABR0T8F2,Aureobasidium pullulans,0,
A0ABR0TCX5,Aureobasidium pullulans,0,
A0ABR0TWM7,Aureobasidium pullulans,0,
A0ABR0T8A2,Aureobasidium pullulans,0,
A0ABR0TQ64,Aureobasidium pullulans,0,
A0ABR0TAK3,Aureobasidium pullulans,0,
A0ABR0T9W1,Aureobasidium pullulans,0,
A0ABR0TKG7,Aureobasidium pullulans,0,
A0ABR0T833,Aureobasidium pullulans,0,
A0ABR0TWC9,Aureobasidium pullulans,0,
A0ABR0TTW8,Aureobasidium pullulans,0,
A0ABR0TA63,Aureobasidium pullulans,0,
A0ABR0THT9,Aureobasidium pullulans,0,
A0ABR0T756,Aureobasidium pullulans,0,
A0ABR0TAV2,Aureobasidium pullulans,0,
A0ABR0T641,Aureobasidium pullulans,0,
A0ABR0TPM3,Aureobasidium pullulans,0,
A0ABR0TW35,Aureobasidium pullulans,0,
A0ABR0TKT0,Aureobasidium pullulans,0,
A0ABR0TMS7,Aureobasidium pullulans,0,
A0ABR0TCS8,Aureobasidium pullulans,0,
A0ABR0T6L2,Aureobasidium pullulans,0,
A0ABR0TP44,Aureobasidium pullulans,0,
A0ABR0TEK0,Aureobasidium pullulans,0,
A0ABR0TSG6,Aureobasidium pullulans,0,
A0ABR0TP60,Aureobasidium pullulans,0,
A0ABR0TEL8,Aureobasidium pullulans,0,
A0ABR0T658,Aureobasidium pullulans,0,
A0ABR0TPU1,Aureobasidium pullulans,0,
A0ABR0TPS8,Aureobasidium pullulans,0,
A0ABR0TFT2,Aureobasidium pullulans,0,
A0ABR0T8Z4,Aureobasidium pullulans,0,
A0ABR0T8K5,Aureobasidium pullulans,0,
A0ABR0T7F7,Aureobasidium pullulans,0,
A0ABR0TRP1,Aureobasidium pullulans,0,
A0ABR0T7X3,Aureobasidium pullulans,0,
A0ABR0TMV1,Aureobasidium pullulans,0,
A0ABR0TPJ7,Aureobasidium pullulans,0,
A0ABR0TNE3,Aureobasidium pullulans,0,
A0ABR0T888,Aureobasidium pullulans,0,
A0ABR0T8X9,Aureobasidium pullulans,0,
A0ABR0TBJ4,Aureobasidium pullulans,0,
A0ABR0TN28,Aureobasidium pullulans,0,
A0ABR0TAS9,Aureobasidium pullulans,0,
A0ABR0TPC8,Aureobasidium pullulans,0,
A0ABR0TG35,Aureobasidium pullulans,0,
A0ABR0TLC6,Aureobasidium pullulans,0,
A0ABR0TR35,Aureobasidium pullulans,0,
A0ABR0TR32,Aureobasidium pullulans,0,
A0ABR0TDH2,Aureobasidium pullulans,0,
A0ABR0TT40,Aureobasidium pullulans,0,
A0ABR0TU67,Aureobasidium pullulans,0,
A0ABR0TTY2,Aureobasidium pullulans,0,
A0ABR0TDJ0,Aureobasidium pullulans,0,
A0ABR0TMJ1,Aureobasidium pullulans,0,
A0ABR0TLB4,Aureobasidium pullulans,0,
A0ABR0TRM9,Aureobasidium pullulans,0,
A0ABR0TS60,Aureobasidium pullulans,0,
A0ABR0TRR2,Aureobasidium pullulans,0,
A0ABR0TSY4,Aureobasidium pullulans,0,
A0ABR0TRY1,Aureobasidium pullulans,0,
A0ABR0TI24,Aureobasidium pullulans,0,
A0ABR0TFK0,Aureobasidium pullulans,0,
A0ABR0T7U4,Aureobasidium pullulans,0,
A0ABR0T966,Aureobasidium pullulans,0,
A0ABR0TDC9,Aureobasidium pullulans,0,
A0ABR0T610,Aureobasidium pullulans,0,
A0ABR0TGD9,Aureobasidium pullulans,0,
A0ABR0TW32,Aureobasidium pullulans,0,
A0ABR0TKR2,Aureobasidium pullulans,0,
A0ABR0TH01,Aureobasidium pullulans,0,
A0ABR0TSP1,Aureobasidium pullulans,0,
A0ABR0TFG8,Aureobasidium pullulans,0,
A0ABR0TVG5,Aureobasidium pullulans,0,
A0ABR0TN39,Aureobasidium pullulans,0,
A0ABR0TQ41,Aureobasidium pullulans,0,
A0ABR0TCB0,Aureobasidium pullulans,0,
A0ABR0T4E2,Aureobasidium pullulans,0,
A0ABR0TWF9,Aureobasidium pullulans,0,
A0ABR0TP90,Aureobasidium pullulans,0,
A0ABR0TIG1,Aureobasidium pullulans,0,
A0ABR0TQG2,Aureobasidium pullulans,0,
A0ABR0TVY7,Aureobasidium pullulans,0,
A0ABR0TK63,Aureobasidium pullulans,0,
A0ABR0T978,Aureobasidium pullulans,0,
A0ABR0TJA4,Aureobasidium pullulans,0,
A0ABR0TQY0,Aureobasidium pullulans,0,
A0ABR0TF48,Aureobasidium pullulans,0,
A0ABR0T6R2,Aureobasidium pullulans,0,
A0ABR0TDR1,Aureobasidium pullulans,0,
A0ABR0T8S7,Aureobasidium pullulans,0,
A0ABR0T948,Aureobasidium pullulans,0,
A0ABR0TX42,Aureobasidium pullulans,0,
A0ABR0TPT0,Aureobasidium pullulans,0,
A0ABR0TU00,Aureobasidium pullulans,0,
A0ABR0TJE8,Aureobasidium pullulans,0,
A0ABR0TBH4,Aureobasidium pullulans,0,
A0ABR0TKI9,Aureobasidium pullulans,0,
A0ABR0T764,Aureobasidium pullulans,0,
A0ABR0TE68,Aureobasidium pullulans,0,
A0ABR0T968,Aureobasidium pullulans,0,
A0ABR0TSF4,Aureobasidium pullulans,0,
A0ABR0TES2,Aureobasidium pullulans,0,
A0ABR0TJA7,Aureobasidium pullulans,0,
A0ABR0TAP9,Aureobasidium pullulans,0,
A0ABR0TMF6,Aureobasidium pullulans,0,
A0ABR0TNL6,Aureobasidium pullulans,0,
A0ABR0TLT9,Aureobasidium pullulans,0,
A0ABR0TA94,Aureobasidium pullulans,0,
A0ABR0TLA4,Aureobasidium pullulans,0,
A0ABR0TKN2,Aureobasidium pullulans,0,
A0ABR0T537,Aureobasidium pullulans,0,
A0ABR0T7T7,Aureobasidium pullulans,0,
A0ABR0TB24,Aureobasidium pullulans,0,
A0ABR0T7Y2,Aureobasidium pullulans,0,
A0ABR0TP38,Aureobasidium pullulans,0,
A0ABR0T5B4,Aureobasidium pullulans,0,
A0ABR0TSA8,Aureobasidium pullulans,0,
A0ABR0TVK3,Aureobasidium pullulans,0,
A0ABR0TIQ9,Aureobasidium pullulans,0,
A0ABR0TGB7,Aureobasidium pullulans,0,
A0ABR0T741,Aureobasidium pullulans,0,
A0ABR0TVP1,Aureobasidium pullulans,0,
A0ABR0TT76,Aureobasidium pullulans,0,
A0ABR0T811,Aureobasidium pullulans,0,
A0ABR0TGU9,Aureobasidium pullulans,0,
A0ABR0TGN3,Aureobasidium pullulans,0,
A0ABR0TE24,Aureobasidium pullulans,0,
A0ABR0TE04,Aureobasidium pullulans,0,
A0ABR0TR68,Aureobasidium pullulans,0,
A0ABR0THH7,Aureobasidium pullulans,0,
A0ABR0TBK0,Aureobasidium pullulans,0,
A0ABR0TBN5,Aureobasidium pullulans,0,
A0ABR0TK13,Aureobasidium pullulans,0,
A0ABR0TV75,Aureobasidium pullulans,0,
A0ABR0TWA6,Aureobasidium pullulans,0,
A0ABR0T6P4,Aureobasidium pullulans,0,
A0ABR0TLX3,Aureobasidium pullulans,0,
A0ABR0TAQ2,Aureobasidium pullulans,0,
A0ABR0TFV8,Aureobasidium pullulans,0,
A0ABR0TFE9,Aureobasidium pullulans,0,
A0ABR0T785,Aureobasidium pullulans,0,
A0ABR0T826,Aureobasidium pullulans,0,
A0ABR0T4L8,Aureobasidium pullulans,0,
A0ABR0TL51,Aureobasidium pullulans,0,
A0ABR0TFQ6,Aureobasidium pullulans,0,
A0ABR0TNJ8,Aureobasidium pullulans,0,
A0ABR0T601,Aureobasidium pullulans,0,
A0ABR0T7A8,Aureobasidium pullulans,0,
A0ABR0TRW9,Aureobasidium pullulans,0,
A0ABR0TVV4,Aureobasidium pullulans,0,
A0ABR0TBY9,Aureobasidium pullulans,0,
A0ABR0TTE6,Aureobasidium pullulans,0,
A0ABR0THL0,Aureobasidium pullulans,0,
A0ABR0TI69,Aureobasidium pullulans,0,
A0ABR0TEE4,Aureobasidium pullulans,0,
A0ABR0TS12,Aureobasidium pullulans,0,
A0ABR0TTT6,Aureobasidium pullulans,0,
A0ABR0TGP6,Aureobasidium pullulans,0,
A0ABR0TA41,Aureobasidium pullulans,0,
A0ABR0TTP7,Aureobasidium pullulans,0,
A0ABR0TDV6,Aureobasidium pullulans,0,
A0ABR0T868,Aureobasidium pullulans,0,
A0ABR0TW09,Aureobasidium pullulans,0,
A0ABR0T9I4,Aureobasidium pullulans,0,
A0ABR0T9Y2,Aureobasidium pullulans,0,
A0ABR0T9J7,Aureobasidium pullulans,0,
A0ABR0TJM7,Aureobasidium pullulans,0,
A0ABR0TM89,Aureobasidium pullulans,0,
A0ABR0THU8,Aureobasidium pullulans,0,
A0ABR0T6H2,Aureobasidium pullulans,0,
A0ABR0TWJ7,Aureobasidium pullulans,0,
A0ABR0TWE2,Aureobasidium pullulans,0,
A0ABR0T7S9,Aureobasidium pullulans,0,
A0ABR0TJQ1,Aureobasidium pullulans,0,
A0ABR0TK97,Aureobasidium pullulans,0,
A0ABR0THM3,Aureobasidium pullulans,0,
A0ABR0TFG3,Aureobasidium pullulans,0,
A0ABR0TN38,Aureobasidium pullulans,0,
A0ABR0T5L7,Aureobasidium pullulans,0,
A0ABR0T4N7,Aureobasidium pullulans,0,
A0ABR0TTJ8,Aureobasidium pullulans,0,
A0ABR0TV50,Aureobasidium pullulans,0,
A0ABR0TKI1,Aureobasidium pullulans,0,
A0ABR0TPM7,Aureobasidium pullulans,0,
A0ABR0TI01,Aureobasidium pullulans,0,
A0ABR0TFL4,Aureobasidium pullulans,0,
A0ABR0T7P4,Aureobasidium pullulans,0,
A0ABR0TRC2,Aureobasidium pullulans,0,
A0ABR0TCH1,Aureobasidium pullulans,0,
A0ABR0TWH7,Aureobasidium pullulans,0,
A0ABR0T579,Aureobasidium pullulans,0,
A0ABR0TAF4,Aureobasidium pullulans,0,
A0ABR0T4J2,Aureobasidium pullulans,0,
A0ABR0TA40,Aureobasidium pullulans,0,
A0ABR0TMY7,Aureobasidium pullulans,0,
A0ABR0T7D4,Aureobasidium pullulans,0,
A0ABR0TPK4,Aureobasidium pullulans,0,
A0ABR0TAX6,Aureobasidium pullulans,0,
A0ABR0TPP6,Aureobasidium pullulans,0,
A0ABR0TKM3,Aureobasidium pullulans,0,
A0ABR0TS71,Aureobasidium pullulans,0,
A0ABR0TPP8,Aureobasidium pullulans,0,
A0ABR0T5T0,Aureobasidium pullulans,0,
A0ABR0TNP9,Aureobasidium pullulans,0,
A0ABR0T873,Aureobasidium pullulans,0,
A0ABR0TSK4,Aureobasidium pullulans,0,
A0ABR0TRV8,Aureobasidium pullulans,0,
A0ABR0TEY5,Aureobasidium pullulans,0,
A0ABR0TKW9,Aureobasidium pullulans,0,
A0ABR0TJT3,Aureobasidium pullulans,0,
A0ABR0T9K6,Aureobasidium pullulans,0,
A0ABR0TJT7,Aureobasidium pullulans,0,
A0ABR0TEP9,Aureobasidium pullulans,0,
A0ABR0TIH5,Aureobasidium pullulans,0,
A0ABR0TN00,Aureobasidium pullulans,0,
A0ABR0T855,Aureobasidium pullulans,0,
A0ABR0TIL4,Aureobasidium pullulans,0,
A0ABR0TUZ5,Aureobasidium pullulans,0,
A0ABR0TUA8,Aureobasidium pullulans,0,
A0ABR0TRI3,Aureobasidium pullulans,0,
A0ABR0T5H7,Aureobasidium pullulans,0,
A0ABR0T8B4,Aureobasidium pullulans,0,
A0ABR0TVK1,Aureobasidium pullulans,0,
A0ABR0TRL7,Aureobasidium pullulans,0,
A0ABR0TQC0,Aureobasidium pullulans,0,
A0ABR0T9E4,Aureobasidium pullulans,0,
A0ABR0T979,Aureobasidium pullulans,0,
A0ABR0TEZ8,Aureobasidium pullulans,0,
A0ABR0TJ25,Aureobasidium pullulans,0,
A0ABR0TSC0,Aureobasidium pullulans,0,
A0ABR0TML8,Aureobasidium pullulans,0,
A0ABR0TSQ3,Aureobasidium pullulans,0,
A0ABR0TPG3,Aureobasidium pullulans,0,
A0ABR0TQG4,Aureobasidium pullulans,0,
A0ABR0TFK3,Aureobasidium pullulans,0,
A0ABR0TFC4,Aureobasidium pullulans,0,
A0ABR0T8N7,Aureobasidium pullulans,0,
A0ABR0TE57,Aureobasidium pullulans,0,
A0ABR0TWD8,Aureobasidium pullulans,0,
A0ABR0T9J2,Aureobasidium pullulans,0,
A0ABR0T9G3,Aureobasidium pullulans,0,
A0ABR0TER1,Aureobasidium pullulans,0,
A0ABR0TSX8,Aureobasidium pullulans,0,
A0ABR0TSY2,Aureobasidium pullulans,0,
A0ABR0TP89,Aureobasidium pullulans,0,
A0ABR0T8D6,Aureobasidium pullulans,0,
A0ABR0TMJ3,Aureobasidium pullulans,0,
A0ABR0TU75,Aureobasidium pullulans,0,
A0ABR0TTA1,Aureobasidium pullulans,0,
A0ABR0TS92,Aureobasidium pullulans,0,
A0ABR0TCD0,Aureobasidium pullulans,0,
A0ABR0TDA7,Aureobasidium pullulans,0,
A0ABR0TVX4,Aureobasidium pullulans,0,
A0ABR0TVG8,Aureobasidium pullulans,0,
A0ABR0TUJ0,Aureobasidium pullulans,0,
A0ABR0TEK1,Aureobasidium pullulans,0,
A0ABR0TBN3,Aureobasidium pullulans,0,
A0ABR0THH1,Aureobasidium pullulans,0,
A0ABR0TKZ3,Aureobasidium pullulans,0,
A0ABR0TL81,Aureobasidium pullulans,0,
A0ABR0TBS3,Aureobasidium pullulans,0,
A0ABR0TEC2,Aureobasidium pullulans,0,
A0ABR0TFJ3,Aureobasidium pullulans,0,
A0ABR0TGI5,Aureobasidium pullulans,0,
A0ABR0TR79,Aureobasidium pullulans,0,
A0ABR0THG5,Aureobasidium pullulans,0,
A0ABR0THQ4,Aureobasidium pullulans,0,
A0ABR0TAR0,Aureobasidium pullulans,0,
A0ABR0TIF6,Aureobasidium pullulans,0,
A0ABR0TC75,Aureobasidium pullulans,0,
A0ABR0TA20,Aureobasidium pullulans,0,
A0ABR0TQH9,Aureobasidium pullulans,0,
A0ABR0TD28,Aureobasidium pullulans,0,
A0ABR0TAE4,Aureobasidium pullulans,0,
A0ABR0TJI7,Aureobasidium pullulans,0,
A0ABR0TFV5,Aureobasidium pullulans,0,
A0ABR0TGF9,Aureobasidium pullulans,0,
A0ABR0TA17,Aureobasidium pullulans,0,
A0ABR0TLJ0,Aureobasidium pullulans,0,
A0ABR0TLU7,Aureobasidium pullulans,0,
A0ABR0TD81,Aureobasidium pullulans,0,
A0ABR0T9X8,Aureobasidium pullulans,0,
A0ABR0T839,Aureobasidium pullulans,0,
A0ABR0TDT0,Aureobasidium pullulans,0,
A0ABR0TJH4,Aureobasidium pullulans,0,
A0ABR0T6P6,Aureobasidium pullulans,0,
A0ABR0TR13,Aureobasidium pullulans,0,
A0ABR0TA28,Aureobasidium pullulans,0,
A0ABR0T825,Aureobasidium pullulans,0,
A0ABR0T8K1,Aureobasidium pullulans,0,
A0ABR0TTZ0,Aureobasidium pullulans,0,
A0ABR0TX93,Aureobasidium pullulans,0,
A0ABR0TR65,Aureobasidium pullulans,0,
A0ABR0TSZ8,Aureobasidium pullulans,0,
A0ABR0TXK7,Aureobasidium pullulans,0,
A0ABR0TQB5,Aureobasidium pullulans,0,
A0ABR0THY6,Aureobasidium pullulans,0,
A0ABR0TDH3,Aureobasidium pullulans,0,
A0ABR0TCF9,Aureobasidium pullulans,0,
A0ABR0TIR1,Aureobasidium pullulans,0,
A0ABR0THF1,Aureobasidium pullulans,0,
A0ABR0T804,Aureobasidium pullulans,0,
A0ABR0TPU7,Aureobasidium pullulans,0,
A0ABR0T8Z5,Aureobasidium pullulans,0,
A0ABR0TGB2,Aureobasidium pullulans,0,
A0ABR0TVE4,Aureobasidium pullulans,0,
A0ABR0TBX0,Aureobasidium pullulans,0,
A0ABR0TML7,Aureobasidium pullulans,0,
A0ABR0TM22,Aureobasidium pullulans,0,
A0ABR0TGU8,Aureobasidium pullulans,0,
A0ABR0TR78,Aureobasidium pullulans,0,
A0ABR0TNC3,Aureobasidium pullulans,0,
A0ABR0TTL7,Aureobasidium pullulans,0,
A0ABR0TME0,Aureobasidium pullulans,0,
A0ABR0TRA4,Aureobasidium pullulans,0,
A0ABR0T9F0,Aureobasidium pullulans,0,
A0ABR0TVQ0,Aureobasidium pullulans,0,
A0ABR0TW26,Aureobasidium pullulans,0,
A0ABR0TFJ5,Aureobasidium pullulans,0,
A0ABR0TR02,Aureobasidium pullulans,0,
A0ABR0TQ33,Aureobasidium pullulans,0,
A0ABR0T6R6,Aureobasidium pullulans,0,
A0ABR0TPL4,Aureobasidium pullulans,0,
A0ABR0TMY8,Aureobasidium pullulans,0,
A0ABR0T634,Aureobasidium pullulans,0,
A0ABR0TGN0,Aureobasidium pullulans,0,
A0ABR0TND0,Aureobasidium pullulans,0,
A0ABR0T8M3,Aureobasidium pullulans,0,
A0ABR0TR70,Aureobasidium pullulans,0,
A0ABR0TKJ7,Aureobasidium pullulans,0,
A0ABR0TND2,Aureobasidium pullulans,0,
A0ABR0T9A1,Aureobasidium pullulans,0,
A0ABR0TQZ7,Aureobasidium pullulans,0,
A0ABR0TB36,Aureobasidium pullulans,0,
A0ABR0TIJ6,Aureobasidium pullulans,0,
A0ABR0TIB3,Aureobasidium pullulans,0,
A0ABR0T4W0,Aureobasidium pullulans,0,
A0ABR0TV16,Aureobasidium pullulans,0,
A0ABR0TP63,Aureobasidium pullulans,0,
A0ABR0TJC2,Aureobasidium pullulans,0,
A0ABR0TJT8,Aureobasidium pullulans,0,
A0ABR0T881,Aureobasidium pullulans,0,
A0ABR0TR40,Aureobasidium pullulans,0,
A0ABR0TGP1,Aureobasidium pullulans,0,
A0ABR0TSB5,Aureobasidium pullulans,0,
A0ABR0TG43,Aureobasidium pullulans,0,
A0ABR0TF46,Aureobasidium pullulans,0,
A0ABR0TG87,Aureobasidium pullulans,0,
A0ABR0T9P4,Aureobasidium pullulans,0,
A0ABR0TNY1,Aureobasidium pullulans,0,
A0ABR0TW94,Aureobasidium pullulans,0,
A0ABR0TAQ4,Aureobasidium pullulans,0,
A0ABR0TFS2,Aureobasidium pullulans,0,
A0ABR0TRL6,Aureobasidium pullulans,0,
A0ABR0TV72,Aureobasidium pullulans,0,
A0ABR0TAU4,Aureobasidium pullulans,0,
A0ABR0TCC8,Aureobasidium pullulans,0,
A0ABR0THD6,Aureobasidium pullulans,0,
A0ABR0TWA5,Aureobasidium pullulans,0,
A0ABR0TP46,Aureobasidium pullulans,0,
A0ABR0T6X5,Aureobasidium pullulans,0,
A0ABR0TQE7,Aureobasidium pullulans,0,
A0ABR0T758,Aureobasidium pullulans,0,
A0ABR0T708,Aureobasidium pullulans,0,
A0ABR0TCN3,Aureobasidium pullulans,0,
A0ABR0TJT0,Aureobasidium pullulans,0,
A0ABR0TJU4,Aureobasidium pullulans,0,
A0ABR0TD18,Aureobasidium pullulans,0,
A0ABR0TD72,Aureobasidium pullulans,0,
A0ABR0TN25,Aureobasidium pullulans,0,
A0ABR0TW40,Aureobasidium pullulans,0,
A0ABR0TNP0,Aureobasidium pullulans,0,
A0ABR0TQD8,Aureobasidium pullulans,0,
A0ABR0TBA2,Aureobasidium pullulans,0,
A0ABR0TRE2,Aureobasidium pullulans,0,
A0ABR0TFH9,Aureobasidium pullulans,0,
A0ABR0TVF6,Aureobasidium pullulans,0,
A0ABR0TLR8,Aureobasidium pullulans,0,
A0ABR0TAJ2,Aureobasidium pullulans,0,
A0ABR0TN77,Aureobasidium pullulans,0,
A0ABR0TQV3,Aureobasidium pullulans,0,
A0ABR0T6I7,Aureobasidium pullulans,0,
A0ABR0T6N6,Aureobasidium pullulans,0,
A0ABR0TX72,Aureobasidium pullulans,0,
A0ABR0TCT8,Aureobasidium pullulans,0,
A0ABR0TGE6,Aureobasidium pullulans,0,
A0ABR0TFY4,Aureobasidium pullulans,0,
A0ABR0T9Z8,Aureobasidium pullulans,0,
A0ABR0TE39,Aureobasidium pullulans,0,
A0ABR0TI00,Aureobasidium pullulans,0,
A0ABR0TIS7,Aureobasidium pullulans,0,
A0ABR0T8P3,Aureobasidium pullulans,0,
A0ABR0T820,Aureobasidium pullulans,0,
A0ABR0TB26,Aureobasidium pullulans,0,
A0ABR0TM62,Aureobasidium pullulans,0,
A0ABR0TUX8,Aureobasidium pullulans,0,
A0ABR0TFF1,Aureobasidium pullulans,0,
A0ABR0TKU1,Aureobasidium pullulans,0,
A0ABR0TUE3,Aureobasidium pullulans,0,
A0ABR0TDL8,Aureobasidium pullulans,0,
A0ABR0TJ06,Aureobasidium pullulans,0,
A0ABR0TBI0,Aureobasidium pullulans,0,
A0ABR0TE38,Aureobasidium pullulans,0,
A0ABR0T860,Aureobasidium pullulans,0,
A0ABR0T4Z4,Aureobasidium pullulans,0,
A0ABR0TCF2,Aureobasidium pullulans,0,
A0ABR0TNX1,Aureobasidium pullulans,0,
A0ABR0TSX5,Aureobasidium pullulans,0,
A0A4S9WTE7,Aureobasidium pullulans,0,
A0ABR0TTC1,Aureobasidium pullulans,0,
A0ABR0TDH7,Aureobasidium pullulans,0,
A0ABR0TNR8,Aureobasidium pullulans,0,
A0ABR0TMV5,Aureobasidium pullulans,0,
A0ABR0TFQ0,Aureobasidium pullulans,0,
A0ABR0TKE0,Aureobasidium pullulans,0,
A0ABR0T9Z0,Aureobasidium pullulans,0,
A0ABR0T838,Aureobasidium pullulans,0,
A0ABR0TFE0,Aureobasidium pullulans,0,
A0ABR0TNX6,Aureobasidium pullulans,0,
A0ABR0TPD0,Aureobasidium pullulans,0,
A0ABR0TQG8,Aureobasidium pullulans,0,
A0ABR0TVV6,Aureobasidium pullulans,0,
A0ABR0TC87,Aureobasidium pullulans,0,
A0ABR0T6Q1,Aureobasidium pullulans,0,
A0ABR0TLG4,Aureobasidium pullulans,0,
A0ABR0TTG5,Aureobasidium pullulans,0,
A0ABR0TXR3,Aureobasidium pullulans,0,
A0ABR0TGL4,Aureobasidium pullulans,0,
A0ABR0T8K2,Aureobasidium pullulans,0,
A0ABR0T8F0,Aureobasidium pullulans,0,
A0ABR0TFZ1,Aureobasidium pullulans,0,
A0ABR0TCJ8,Aureobasidium pullulans,0,
A0ABR0TEP3,Aureobasidium pullulans,0,
A0ABR0T927,Aureobasidium pullulans,0,
A0ABR0TJT1,Aureobasidium pullulans,0,
A0ABR0TW68,Aureobasidium pullulans,0,
A0ABR0TQ76,Aureobasidium pullulans,0,
A0ABR0TQ77,Aureobasidium pullulans,0,
A0ABR0TST8,Aureobasidium pullulans,0,
A0ABR0TP18,Aureobasidium pullulans,0,
A0ABR0TLF6,Aureobasidium pullulans,0,
A0ABR0TVX7,Aureobasidium pullulans,0,
A0ABR0TQH6,Aureobasidium pullulans,0,
A0ABR0TVQ8,Aureobasidium pullulans,0,
A0ABR0TVH2,Aureobasidium pullulans,0,
A0ABR0TTU1,Aureobasidium pullulans,0,
A0ABR0TFJ9,Aureobasidium pullulans,0,
A0ABR0TBM7,Aureobasidium pullulans,0,
A0ABR0TLP0,Aureobasidium pullulans,0,
A0ABR0TBD1,Aureobasidium pullulans,0,
A0A4T0BF95,Aureobasidium pullulans,0,
A0A4S9KUC8,Aureobasidium pullulans,0,
A0ABR0TMT8,Aureobasidium pullulans,0,
A0ABR0TR80,Aureobasidium pullulans,0,
A0ABR0TQR7,Aureobasidium pullulans,0,
A0ABR0TRV9,Aureobasidium pullulans,0,
A0ABR0TQY4,Aureobasidium pullulans,0,
A0ABR0TJ71,Aureobasidium pullulans,0,
A0ABR0TM02,Aureobasidium pullulans,0,
A0ABR0TEL3,Aureobasidium pullulans,0,
A0ABR0TC85,Aureobasidium pullulans,0,
A0ABR0TC17,Aureobasidium pullulans,0,
A0ABR0T771,Aureobasidium pullulans,0,
A0ABR0TQU1,Aureobasidium pullulans,0,
A0ABR0TTU6,Aureobasidium pullulans,0,
A0ABR0T7J1,Aureobasidium pullulans,0,
A0ABR0T9Z1,Aureobasidium pullulans,0,
A0ABR0TNB2,Aureobasidium pullulans,0,
A0ABR0TIP5,Aureobasidium pullulans,0,
A0ABR0TW13,Aureobasidium pullulans,0,
A0ABR0TUV3,Aureobasidium pullulans,0,
A0ABR0T5W5,Aureobasidium pullulans,0,
A0ABR0TGL1,Aureobasidium pullulans,0,
A0ABR0TJR7,Aureobasidium pullulans,0,
A0ABR0T8W7,Aureobasidium pullulans,0,
A0ABR0TUN7,Aureobasidium pullulans,0,
A0ABR0TKG0,Aureobasidium pullulans,0,
A0ABR0TDT4,Aureobasidium pullulans,0,
A0ABR0TIL8,Aureobasidium pullulans,0,
A0ABR0TKP4,Aureobasidium pullulans,0,
A0ABR0TUG7,Aureobasidium pullulans,0,
A0ABR0TCT0,Aureobasidium pullulans,0,
A0ABR0TT24,Aureobasidium pullulans,0,
A0ABR0TU93,Aureobasidium pullulans,0,
A0ABR0TSL8,Aureobasidium pullulans,0,
A0ABR0TBV4,Aureobasidium pullulans,0,
A0ABR0T9A5,Aureobasidium pullulans,0,
A0ABR0TAS3,Aureobasidium pullulans,0,
A0ABR0TNQ0,Aureobasidium pullulans,0,
A0ABR0TE30,Aureobasidium pullulans,0,
A0ABR0TUS9,Aureobasidium pullulans,0,
A0ABR0TNL0,Aureobasidium pullulans,0,
A0ABR0TGY3,Aureobasidium pullulans,0,
A0ABR0T8Q0,Aureobasidium pullulans,0,
A0ABR0TGU5,Aureobasidium pullulans,0,
A0ABR0TV48,Aureobasidium pullulans,0,
A0ABR0TQF7,Aureobasidium pullulans,0,
A0ABR0TJZ6,Aureobasidium pullulans,0,
A0ABR0TJS6,Aureobasidium pullulans,0,
A0ABR0TK07,Aureobasidium pullulans,0,
A0ABR0T9J3,Aureobasidium pullulans,0,
A0ABR0T9E9,Aureobasidium pullulans,0,
A0ABR0TAP5,Aureobasidium pullulans,0,
A0ABR0TLZ5,Aureobasidium pullulans,0,
A0ABR0T9B8,Aureobasidium pullulans,0,
A0ABR0TWE1,Aureobasidium pullulans,0,
A0ABR0TJ80,Aureobasidium pullulans,0,
A0ABR0TLG6,Aureobasidium pullulans,0,
A0ABR0TSS6,Aureobasidium pullulans,0,
A0ABR0TQC6,Aureobasidium pullulans,0,
A0ABR0T7Y1,Aureobasidium pullulans,0,
A0ABR0TIE0,Aureobasidium pullulans,0,
A0ABR0TH81,Aureobasidium pullulans,0,
A0ABR0TP17,Aureobasidium pullulans,0,
A0ABR0T5S1,Aureobasidium pullulans,0,
A0ABR0T5S2,Aureobasidium pullulans,0,
A0ABR0TA70,Aureobasidium pullulans,0,
A0ABR0TIX6,Aureobasidium pullulans,0,
A0ABR0TKD4,Aureobasidium pullulans,0,
A0ABR0T6I5,Aureobasidium pullulans,0,
A0ABR0T921,Aureobasidium pullulans,0,
A0ABR0THV5,Aureobasidium pullulans,0,
A0ABR0TBF8,Aureobasidium pullulans,0,
A0ABR0T8F1,Aureobasidium pullulans,0,
A0ABR0THA7,Aureobasidium pullulans,0,
A0ABR0TQY1,Aureobasidium pullulans,0,
A0ABR0THN5,Aureobasidium pullulans,0,
A0ABR0TTD8,Aureobasidium pullulans,0,
A0ABR0TQ05,Aureobasidium pullulans,0,
A0ABR0TF01,Aureobasidium pullulans,0,
A0ABR0TCC4,Aureobasidium pullulans,0,
A0ABR0T877,Aureobasidium pullulans,0,
A0ABR0TR92,Aureobasidium pullulans,0,
A0ABR0TW10,Aureobasidium pullulans,0,
A0ABR0TL64,Aureobasidium pullulans,0,
A0ABR0TLC1,Aureobasidium pullulans,0,
A0ABR0TNI2,Aureobasidium pullulans,0,
A0ABR0TBU0,Aureobasidium pullulans,0,
A0ABR0TJW1,Aureobasidium pullulans,0,
A0ABR0TBP1,Aureobasidium pullulans,0,
A0ABR0TT34,Aureobasidium pullulans,0,
A0ABR0TRB2,Aureobasidium pullulans,0,
A0ABR0TNN4,Aureobasidium pullulans,0,
A0ABR0TGD2,Aureobasidium pullulans,0,
A0ABR0TQ35,Aureobasidium pullulans,0,
A0ABR0TTY5,Aureobasidium pullulans,0,
A0ABR0TAY1,Aureobasidium pullulans,0,
A0ABR0TFL5,Aureobasidium pullulans,0,
A0ABR0TF00,Aureobasidium pullulans,0,
A0ABR0TKF5,Aureobasidium pullulans,0,
A0ABR0TFB3,Aureobasidium pullulans,0,
A0ABR0TCJ5,Aureobasidium pullulans,0,
A0ABR0TBA0,Aureobasidium pullulans,0,
A0ABR0T674,Aureobasidium pullulans,0,
A0ABR0TJ31,Aureobasidium pullulans,0,
A0ABR0TRS1,Aureobasidium pullulans,0,
A0ABR0TAP7,Aureobasidium pullulans,0,
A0ABR0TMM6,Aureobasidium pullulans,0,
A0ABR0TP25,Aureobasidium pullulans,0,
A0ABR0TPT5,Aureobasidium pullulans,0,
A0ABR0TFL6,Aureobasidium pullulans,0,
A0ABR0TAU3,Aureobasidium pullulans,0,
A0ABR0TWR2,Aureobasidium pullulans,0,
A0ABR0TVF9,Aureobasidium pullulans,0,
A0ABR0TM68,Aureobasidium pullulans,0,
A0ABR0TIS5,Aureobasidium pullulans,0,
A0ABR0TMS9,Aureobasidium pullulans,0,
A0ABR0TEQ3,Aureobasidium pullulans,0,
A0ABR0TA65,Aureobasidium pullulans,0,
A0ABR0TS73,Aureobasidium pullulans,0,
A0ABR0TIV1,Aureobasidium pullulans,0,
A0ABR0TKE4,Aureobasidium pullulans,0,
A0ABR0TNN7,Aureobasidium pullulans,0,
A0ABR0TFD2,Aureobasidium pullulans,0,
A0ABR0TRY9,Aureobasidium pullulans,0,
A0ABR0THZ5,Aureobasidium pullulans,0,
A0ABR0TI26,Aureobasidium pullulans,0,
A0ABR0TKS3,Aureobasidium pullulans,0,
A0ABR0T9C2,Aureobasidium pullulans,0,
A0ABR0TAW9,Aureobasidium pullulans,0,
A0ABR0TMH0,Aureobasidium pullulans,0,
A0ABR0T9U9,Aureobasidium pullulans,0,
A0ABR0TD90,Aureobasidium pullulans,0,
A0ABR0T5K6,Aureobasidium pullulans,0,
A0ABR0TSR7,Aureobasidium pullulans,0,
A0ABR0TK11,Aureobasidium pullulans,0,
A0ABR0TQX1,Aureobasidium pullulans,0,
A0ABR0TK98,Aureobasidium pullulans,0,
A0ABR0T5K0,Aureobasidium pullulans,0,
A0ABR0TPY5,Aureobasidium pullulans,0,
A0ABR0TTH3,Aureobasidium pullulans,0,
A0ABR0T9R1,Aureobasidium pullulans,0,
A0ABR0TLG8,Aureobasidium pullulans,0,
A0ABR0TK84,Aureobasidium pullulans,0,
A0ABR0THB1,Aureobasidium pullulans,0,
A0ABR0TAH4,Aureobasidium pullulans,0,
A0ABR0TIZ5,Aureobasidium pullulans,0,
A0ABR0THC7,Aureobasidium pullulans,0,
A0ABR0TEL1,Aureobasidium pullulans,0,
A0ABR0TVE1,Aureobasidium pullulans,0,
A0ABR0TC15,Aureobasidium pullulans,0,
A0ABR0TRK2,Aureobasidium pullulans,0,
A0ABR0T6Z7,Aureobasidium pullulans,0,
A0ABR0T6Q7,Aureobasidium pullulans,0,
A0ABR0TD31,Aureobasidium pullulans,0,
A0ABR0TT32,Aureobasidium pullulans,0,
A0ABR0TKQ0,Aureobasidium pullulans,0,
A0ABR0TPC1,Aureobasidium pullulans,0,
A0ABR0TWF6,Aureobasidium pullulans,0,
A0ABR0TCR0,Aureobasidium pullulans,0,
A0ABR0TQL5,Aureobasidium pullulans,0,
A0ABR0TDI9,Aureobasidium pullulans,0,
A0ABR0TL85,Aureobasidium pullulans,0,
A0ABR0TAY6,Aureobasidium pullulans,0,
A0ABR0TV39,Aureobasidium pullulans,0,
A0ABR0T9F6,Aureobasidium pullulans,0,
A0ABR0TM34,Aureobasidium pullulans,0,
A0ABR0T5W6,Aureobasidium pullulans,0,
A0ABR0T930,Aureobasidium pullulans,0,
A0ABR0TMH7,Aureobasidium pullulans,0,
A0ABR0T768,Aureobasidium pullulans,0,
A0ABR0TEC4,Aureobasidium pullulans,0,
A0ABR0TA30,Aureobasidium pullulans,0,
A0ABR0TAB8,Aureobasidium pullulans,0,
A0ABR0TR24,Aureobasidium pullulans,0,
A0ABR0TAQ3,Aureobasidium pullulans,0,
A0ABR0TKY3,Aureobasidium pullulans,0,
A0ABR0TLC9,Aureobasidium pullulans,0,
A0ABR0TIW4,Aureobasidium pullulans,0,
A0ABR0TQR0,Aureobasidium pullulans,0,
A0ABR0TTA3,Aureobasidium pullulans,0,
A0ABR0TS68,Aureobasidium pullulans,0,
A0ABR0TJU3,Aureobasidium pullulans,0,
A0ABR0TQD4,Aureobasidium pullulans,0,
A0ABR0T9S7,Aureobasidium pullulans,0,
A0ABR0T813,Aureobasidium pullulans,0,
A0ABR0TAF2,Aureobasidium pullulans,0,
A0ABR0TU83,Aureobasidium pullulans,0,
A0ABR0TLE8,Aureobasidium pullulans,0,
A0ABR0TW42,Aureobasidium pullulans,0,
A0ABR0TJM3,Aureobasidium pullulans,0,
A0ABR0TU56,Aureobasidium pullulans,0,
A0ABR0TPU4,Aureobasidium pullulans,0,
A0ABR0TQ73,Aureobasidium pullulans,0,
A0ABR0T7M7,Aureobasidium pullulans,0,
A0ABR0T9L3,Aureobasidium pullulans,0,
A0ABR0TRX9,Aureobasidium pullulans,0,
A0ABR0TKE3,Aureobasidium pullulans,0,
A0ABR0TBM6,Aureobasidium pullulans,0,
A0ABR0TG30,Aureobasidium pullulans,0,
A0ABR0TV77,Aureobasidium pullulans,0,
A0ABR0TQ88,Aureobasidium pullulans,0,
A0ABR0TL47,Aureobasidium pullulans,0,
A0ABR0TV13,Aureobasidium pullulans,0,
A0ABR0T9J8,Aureobasidium pullulans,0,
A0ABR0TE66,Aureobasidium pullulans,0,
A0ABR0TNR1,Aureobasidium pullulans,0,
A0ABR0TN47,Aureobasidium pullulans,0,
A0ABR0T5R1,Aureobasidium pullulans,0,
A0ABR0TFQ8,Aureobasidium pullulans,0,
A0ABR0TCD5,Aureobasidium pullulans,0,
A0ABR0TQ90,Aureobasidium pullulans,0,
A0ABR0TLF1,Aureobasidium pullulans,0,
A0ABR0TBE4,Aureobasidium pullulans,0,
A0ABR0TJC1,Aureobasidium pullulans,0,
A0ABR0TQW6,Aureobasidium pullulans,0,
A0ABR0TKU3,Aureobasidium pullulans,0,
A0ABR0TJQ0,Aureobasidium pullulans,0,
A0ABR0TFR0,Aureobasidium pullulans,0,
A0ABR0TS86,Aureobasidium pullulans,0,
A0ABR0TKX0,Aureobasidium pullulans,0,
A0ABR0T7P6,Aureobasidium pullulans,0,
A0ABR0TIP4,Aureobasidium pullulans,0,
A0ABR0TM60,Aureobasidium pullulans,0,
A0ABR0TMS0,Aureobasidium pullulans,0,
A0ABR0TDJ2,Aureobasidium pullulans,0,
A0ABR0TIC4,Aureobasidium pullulans,0,
A0ABR0TN71,Aureobasidium pullulans,0,
A0ABR0TI89,Aureobasidium pullulans,0,
A0ABR0THX2,Aureobasidium pullulans,0,
A0ABR0TL77,Aureobasidium pullulans,0,
A0ABR0TN41,Aureobasidium pullulans,0,
A0ABR0T982,Aureobasidium pullulans,0,
A0ABR0TN69,Aureobasidium pullulans,0,
A0ABR0TGV3,Aureobasidium pullulans,0,
A0ABR0TNS7,Aureobasidium pullulans,0,
A0ABR0TGK4,Aureobasidium pullulans,0,
A0ABR0T8E3,Aureobasidium pullulans,0,
A0ABR0TCU6,Aureobasidium pullulans,0,
A0ABR0TGC2,Aureobasidium pullulans,0,
A0ABR0TC18,Aureobasidium pullulans,0,
A0ABR0TEQ8,Aureobasidium pullulans,0,
A0ABR0TPV8,Aureobasidium pullulans,0,
A0ABR0TE17,Aureobasidium pullulans,0,
A0ABR0TNW0,Aureobasidium pullulans,0,
A0ABR0THS1,Aureobasidium pullulans,0,
A0ABR0TL13,Aureobasidium pullulans,0,
A0ABR0TSZ5,Aureobasidium pullulans,0,
A0ABR0TEF4,Aureobasidium pullulans,0,
A0ABR0TLQ3,Aureobasidium pullulans,0,
A0ABR0TN76,Aureobasidium pullulans,0,
A0ABR0TLQ4,Aureobasidium pullulans,0,
A0ABR0TGB1,Aureobasidium pullulans,0,
A0ABR0TRZ0,Aureobasidium pullulans,0,
A0ABR0TDG5,Aureobasidium pullulans,0,
A0ABR0TFJ1,Aureobasidium pullulans,0,
A0ABR0TWL4,Aureobasidium pullulans,0,
A0ABR0TQ75,Aureobasidium pullulans,0,
A0ABR0TV02,Aureobasidium pullulans,0,
A0ABR0T726,Aureobasidium pullulans,0,
A0ABR0THX1,Aureobasidium pullulans,0,
A0ABR0T7Y6,Aureobasidium pullulans,0,
A0ABR0TIY2,Aureobasidium pullulans,0,
A0ABR0TBP2,Aureobasidium pullulans,0,
A0ABR0TG16,Aureobasidium pullulans,0,
A0ABR0TRA1,Aureobasidium pullulans,0,
A0ABR0TJF6,Aureobasidium pullulans,0,
A0ABR0TI11,Aureobasidium pullulans,0,
A0ABR0TF49,Aureobasidium pullulans,0,
A0ABR0THM8,Aureobasidium pullulans,0,
A0ABR0T4K4,Aureobasidium pullulans,0,
A0ABR0TLN2,Aureobasidium pullulans,0,
A0ABR0TPB0,Aureobasidium pullulans,0,
A0ABR0TC38,Aureobasidium pullulans,0,
A0ABR0TL16,Aureobasidium pullulans,0,
A0ABR0TT26,Aureobasidium pullulans,0,
A0ABR0T523,Aureobasidium pullulans,0,
A0ABR0TED4,Aureobasidium pullulans,0,
A0ABR0TGF8,Aureobasidium pullulans,0,
A0ABR0TJJ5,Aureobasidium pullulans,0,
A0ABR0TJQ7,Aureobasidium pullulans,0,
A0ABR0TM77,Aureobasidium pullulans,0,
A0ABR0TXQ9,Aureobasidium pullulans,0,
A0ABR0TNC0,Aureobasidium pullulans,0,
A0ABR0T659,Aureobasidium pullulans,0,
A0ABR0TDN0,Aureobasidium pullulans,0,
A0ABR0TGR7,Aureobasidium pullulans,0,
A0ABR0T952,Aureobasidium pullulans,0,
A0ABR0TPZ0,Aureobasidium pullulans,0,
A0ABR0TGF2,Aureobasidium pullulans,0,
A0ABR0T4V3,Aureobasidium pullulans,0,
A0ABR0TJE5,Aureobasidium pullulans,0,
A0ABR0TL05,Aureobasidium pullulans,0,
A0ABR0TUU1,Aureobasidium pullulans,0,
A0ABR0TIN1,Aureobasidium pullulans,0,
A0ABR0TU28,Aureobasidium pullulans,0,
A0ABR0TMR8,Aureobasidium pullulans,0,
A0ABR0TBF1,Aureobasidium pullulans,0,
A0ABR0TR91,Aureobasidium pullulans,0,
A0ABR0TBN8,Aureobasidium pullulans,0,
A0ABR0TEJ6,Aureobasidium pullulans,0,
A0ABR0TDA6,Aureobasidium pullulans,0,
A0ABR0T4V4,Aureobasidium pullulans,0,
A0ABR0TUL0,Aureobasidium pullulans,0,
A0ABR0TDE1,Aureobasidium pullulans,0,
A0ABR0TCS4,Aureobasidium pullulans,0,
A0ABR0TRJ7,Aureobasidium pullulans,0,
A0ABR0TRB4,Aureobasidium pullulans,0,
A0ABR0TBD5,Aureobasidium pullulans,0,
A0ABR0TUP0,Aureobasidium pullulans,0,
A0ABR0TGW4,Aureobasidium pullulans,0,
A0ABR0TTP2,Aureobasidium pullulans,0,
A0ABR0TQM0,Aureobasidium pullulans,0,
A0ABR0TCP0,Aureobasidium pullulans,0,
A0ABR0T636,Aureobasidium pullulans,0,
A0ABR0TSJ7,Aureobasidium pullulans,0,
A0ABR0TPJ1,Aureobasidium pullulans,0,
A0ABR0TPV2,Aureobasidium pullulans,0,
A0ABR0TT00,Aureobasidium pullulans,0,
A0ABR0TTG9,Aureobasidium pullulans,0,
A0ABR0TPQ0,Aureobasidium pullulans,0,
A0ABR0TTT1,Aureobasidium pullulans,0,
A0ABR0TKN9,Aureobasidium pullulans,0,
A0ABR0T8T6,Aureobasidium pullulans,0,
A0ABR0T878,Aureobasidium pullulans,0,
A0ABR0T9Z7,Aureobasidium pullulans,0,
A0ABR0TW02,Aureobasidium pullulans,0,
A0ABR0TJX1,Aureobasidium pullulans,0,
A0ABR0TNW7,Aureobasidium pullulans,0,
A0ABR0TNM8,Aureobasidium pullulans,0,
A0ABR0TDS8,Aureobasidium pullulans,0,
A0ABR0TE98,Aureobasidium pullulans,0,
A0ABR0TFD1,Aureobasidium pullulans,0,
A0ABR0TNW5,Aureobasidium pullulans,0,
A0ABR0T8M9,Aureobasidium pullulans,0,
A0ABR0TH22,Aureobasidium pullulans,0,
A0ABR0TQ13,Aureobasidium pullulans,0,
A0ABR0TK49,Aureobasidium pullulans,0,
A0ABR0T5D6,Aureobasidium pullulans,0,
A0ABR0TNL3,Aureobasidium pullulans,0,
A0ABR0TLG3,Aureobasidium pullulans,0,
A0ABR0TRG5,Aureobasidium pullulans,0,
A0ABR0TPX4,Aureobasidium pullulans,0,
A0ABR0TVD6,Aureobasidium pullulans,0,
A0ABR0TGG1,Aureobasidium pullulans,0,
A0ABR0TFA2,Aureobasidium pullulans,0,
A0ABR0TDY2,Aureobasidium pullulans,0,
A0ABR0TLX4,Aureobasidium pullulans,0,
A0ABR0T8T3,Aureobasidium pullulans,0,
A0ABR0TA75,Aureobasidium pullulans,0,
A0ABR0TC90,Aureobasidium pullulans,0,
A0ABR0TS76,Aureobasidium pullulans,0,
A0ABR0THH4,Aureobasidium pullulans,0,
A0ABR0TS67,Aureobasidium pullulans,0,
A0ABR0TRY3,Aureobasidium pullulans,0,
A0ABR0TFT8,Aureobasidium pullulans,0,
A0ABR0TH37,Aureobasidium pullulans,0,
A0ABR0TGZ3,Aureobasidium pullulans,0,
A0ABR0T4W6,Aureobasidium pullulans,0,
A0ABR0TCI1,Aureobasidium pullulans,0,
A0ABR0TCB5,Aureobasidium pullulans,0,
A0ABR0T943,Aureobasidium pullulans,0,
A0ABR0TD04,Aureobasidium pullulans,0,
A0ABR0TID4,Aureobasidium pullulans,0,
A0ABR0TJ98,Aureobasidium pullulans,0,
A0ABR0TSC5,Aureobasidium pullulans,0,
A0ABR0TR23,Aureobasidium pullulans,0,
A0ABR0TBW7,Aureobasidium pullulans,0,
A0ABR0T6T8,Aureobasidium pullulans,0,
A0ABR0T557,Aureobasidium pullulans,0,
A0ABR0TFU4,Aureobasidium pullulans,0,
A0ABR0TS74,Aureobasidium pullulans,0,
A0ABR0TMN7,Aureobasidium pullulans,0,
A0ABR0TLM2,Aureobasidium pullulans,0,
A0ABR0TVK0,Aureobasidium pullulans,0,
A0ABR0TPG4,Aureobasidium pullulans,0,
A0ABR0TUX9,Aureobasidium pullulans,0,
A0ABR0TJW0,Aureobasidium pullulans,0,
A0ABR0TFX0,Aureobasidium pullulans,0,
A0ABR0TH34,Aureobasidium pullulans,0,
A0ABR0TDC0,Aureobasidium pullulans,0,
A0ABR0TXN8,Aureobasidium pullulans,0,
A0ABR0TQW5,Aureobasidium pullulans,0,
A0ABR0T746,Aureobasidium pullulans,0,
A0ABR0TFG7,Aureobasidium pullulans,0,
A0ABR0TCT6,Aureobasidium pullulans,0,
A0ABR0TLU0,Aureobasidium pullulans,0,
A0ABR0TQ43,Aureobasidium pullulans,0,
A0ABR0TXN1,Aureobasidium pullulans,0,
A0ABR0TJ16,Aureobasidium pullulans,0,
A0ABR0TJP9,Aureobasidium pullulans,0,
A0ABR0T7R6,Aureobasidium pullulans,0,
A0ABR0TPP1,Aureobasidium pullulans,0,
A0ABR0TLW0,Aureobasidium pullulans,0,
A0ABR0T919,Aureobasidium pullulans,0,
A0ABR0TFA3,Aureobasidium pullulans,0,
A0ABR0TNT3,Aureobasidium pullulans,0,
A0ABR0TE36,Aureobasidium pullulans,0,
A0ABR0TBQ9,Aureobasidium pullulans,0,
A0ABR0TMA4,Aureobasidium pullulans,0,
A0ABR0TNH2,Aureobasidium pullulans,0,
A0ABR0TWL2,Aureobasidium pullulans,0,
A0ABR0TNE9,Aureobasidium pullulans,0,
A0ABR0TJS4,Aureobasidium pullulans,0,
A0ABR0TXS6,Aureobasidium pullulans,0,
A0ABR0T7Z5,Aureobasidium pullulans,0,
A0ABR0TU34,Aureobasidium pullulans,0,
A0ABR0TTN2,Aureobasidium pullulans,0,
A0ABR0TUQ1,Aureobasidium pullulans,0,
A0ABR0TD44,Aureobasidium pullulans,0,
A0ABR0TR73,Aureobasidium pullulans,0,
A0ABR0TRZ6,Aureobasidium pullulans,0,
A0ABR0TQH1,Aureobasidium pullulans,0,
A0ABR0TEI0,Aureobasidium pullulans,0,
A0ABR0TSN3,Aureobasidium pullulans,0,
A0ABR0T4M3,Aureobasidium pullulans,0,
A0ABR0TJN1,Aureobasidium pullulans,0,
A0ABR0TGF3,Aureobasidium pullulans,0,
A0ABR0T5S4,Aureobasidium pullulans,0,
A0ABR0TM61,Aureobasidium pullulans,0,
A0ABR0TF87,Aureobasidium pullulans,0,
A0ABR0TL28,Aureobasidium pullulans,0,
A0ABR0TKX4,Aureobasidium pullulans,0,
A0ABR0TPX5,Aureobasidium pullulans,0,
A0ABR0TDE7,Aureobasidium pullulans,0,
A0ABR0TFF5,Aureobasidium pullulans,0,
A0ABR0TGK1,Aureobasidium pullulans,0,
A0ABR0TLV1,Aureobasidium pullulans,0,
A0ABR0TXC6,Aureobasidium pullulans,0,
A0ABR0TX07,Aureobasidium pullulans,0,
A0ABR0TV28,Aureobasidium pullulans,0,
A0ABR0TQF1,Aureobasidium pullulans,0,
A0ABR0TQ15,Aureobasidium pullulans,0,
A0ABR0TDR7,Aureobasidium pullulans,0,
A0ABR0TFI6,Aureobasidium pullulans,0,
A0ABR0TSZ2,Aureobasidium pullulans,0,
A0ABR0THD3,Aureobasidium pullulans,0,
A0ABR0TG99,Aureobasidium pullulans,0,
A0ABR0TMW5,Aureobasidium pullulans,0,
A0ABR0TN88,Aureobasidium pullulans,0,
A0ABR0TNS3,Aureobasidium pullulans,0,
A0ABR0TNF6,Aureobasidium pullulans,0,
A0ABR0TJY2,Aureobasidium pullulans,0,
A0ABR0TH08,Aureobasidium pullulans,0,
A0ABR0T7P0,Aureobasidium pullulans,0,
A0ABR0T816,Aureobasidium pullulans,0,
A0ABR0TTN8,Aureobasidium pullulans,0,
A0ABR0TF02,Aureobasidium pullulans,0,
A0ABR0TF06,Aureobasidium pullulans,0,
A0ABR0TU85,Aureobasidium pullulans,0,
A0ABR0TTB9,Aureobasidium pullulans,0,
A0ABR0TIH7,Aureobasidium pullulans,0,
A0ABR0TI61,Aureobasidium pullulans,0,
A0ABR0TLI0,Aureobasidium pullulans,0,
A0ABR0TLQ1,Aureobasidium pullulans,0,
A0ABR0TE09,Aureobasidium pullulans,0,
A0ABR0TAJ6,Aureobasidium pullulans,0,
A0ABR0TFS1,Aureobasidium pullulans,0,
A0ABR0T842,Aureobasidium pullulans,0,
A0ABR0T5S8,Aureobasidium pullulans,0,
A0ABR0TP05,Aureobasidium pullulans,0,
A0ABR0TR14,Aureobasidium pullulans,0,
A0ABR0TIK2,Aureobasidium pullulans,0,
A0ABR0TXG8,Aureobasidium pullulans,0,
A0ABR0T4P4,Aureobasidium pullulans,0,
A0ABR0TVL2,Aureobasidium pullulans,0,
A0ABR0T5G2,Aureobasidium pullulans,0,
A0ABR0TQU0,Aureobasidium pullulans,0,
A0ABR0TKK5,Aureobasidium pullulans,0,
A0ABR0TLT8,Aureobasidium pullulans,0,
A0ABR0TM64,Aureobasidium pullulans,0,
A0ABR0TNZ7,Aureobasidium pullulans,0,
A0ABR0TLM8,Aureobasidium pullulans,0,
A0ABR0TA31,Aureobasidium pullulans,0,
A0ABR0TD34,Aureobasidium pullulans,0,
A0ABR0THJ7,Aureobasidium pullulans,0,
A0ABR0T7B2,Aureobasidium pullulans,0,
A0ABR0TRH7,Aureobasidium pullulans,0,
A0ABR0TG03,Aureobasidium pullulans,0,
A0ABR0T5L9,Aureobasidium pullulans,0,
A0ABR0TM23,Aureobasidium pullulans,0,
A0ABR0TM33,Aureobasidium pullulans,0,
A0ABR0TL19,Aureobasidium pullulans,0,
A0ABR0TVA5,Aureobasidium pullulans,0,
A0ABR0TBJ3,Aureobasidium pullulans,0,
A0ABR0TJG9,Aureobasidium pullulans,0,
A0ABR0TLY4,Aureobasidium pullulans,0,
A0ABR0TR77,Aureobasidium pullulans,0,
A0ABR0TCV7,Aureobasidium pullulans,0,
A0ABR0TBC6,Aureobasidium pullulans,0,
A0ABR0THC3,Aureobasidium pullulans,0,
A0ABR0T5W0,Aureobasidium pullulans,0,
A0ABR0TDI6,Aureobasidium pullulans,0,
A0ABR0THP0,Aureobasidium pullulans,0,
A0ABR0TCE1,Aureobasidium pullulans,0,
A0ABR0TJD1,Aureobasidium pullulans,0,
A0ABR0TBI7,Aureobasidium pullulans,0,
A0ABR0T9B0,Aureobasidium pullulans,0,
A0ABR0TUT5,Aureobasidium pullulans,0,
A0ABR0TKR1,Aureobasidium pullulans,0,
A0ABR0TP69,Aureobasidium pullulans,0,
A0ABR0TP76,Aureobasidium pullulans,0,
A0ABR0TE64,Aureobasidium pullulans,0,
A0ABR0TEM8,Aureobasidium pullulans,0,
A0ABR0TB94,Aureobasidium pullulans,0,
A0ABR0TW95,Aureobasidium pullulans,0,
A0ABR0TVD4,Aureobasidium pullulans,0,
A0ABR0TPB5,Aureobasidium pullulans,0,
A0ABR0TG83,Aureobasidium pullulans,0,
A0ABR0TL68,Aureobasidium pullulans,0,
A0ABR0T889,Aureobasidium pullulans,0,
A0ABR0TA35,Aureobasidium pullulans,0,
A0ABR0THB3,Aureobasidium pullulans,0,
A0ABR0TRZ5,Aureobasidium pullulans,0,
A0ABR0TTD0,Aureobasidium pullulans,0,
A0ABR0TSK3,Aureobasidium pullulans,0,
A0ABR0TBM1,Aureobasidium pullulans,0,
A0ABR0TM07,Aureobasidium pullulans,0,
A0ABR0TU80,Aureobasidium pullulans,0,
A0ABR0T7M8,Aureobasidium pullulans,0,
A0ABR0TSQ1,Aureobasidium pullulans,0,
A0ABR0TQA4,Aureobasidium pullulans,0,
A0ABR0T828,Aureobasidium pullulans,0,
A0A4S8T0W2,Aureobasidium pullulans,0,
A0ABR0TD14,Aureobasidium pullulans,0,
A0ABR0TJY3,Aureobasidium pullulans,0,
A0ABR0TMT9,Aureobasidium pullulans,0,
A0ABR0T818,Aureobasidium pullulans,0,
A0ABR0TDE4,Aureobasidium pullulans,0,
A0ABR0TH04,Aureobasidium pullulans,0,
A0ABR0T548,Aureobasidium pullulans,0,
A0ABR0TVM1,Aureobasidium pullulans,0,
A0ABR0TCT1,Aureobasidium pullulans,0,
A0ABR0T6U7,Aureobasidium pullulans,0,
A0ABR0THN4,Aureobasidium pullulans,0,
A0ABR0TNG3,Aureobasidium pullulans,0,
A0ABR0TIH4,Aureobasidium pullulans,0,
A0ABR0TLT1,Aureobasidium pullulans,0,
A0ABR0TJE6,Aureobasidium pullulans,0,
A0ABR0TX23,Aureobasidium pullulans,0,
A0ABR0T8W2,Aureobasidium pullulans,0,
A0ABR0T4K9,Aureobasidium pullulans,0,
A0ABR0TCW9,Aureobasidium pullulans,0,
A0ABR0TBP4,Aureobasidium pullulans,0,
A0ABR0TUE5,Aureobasidium pullulans,0,
A0ABR0TEY1,Aureobasidium pullulans,0,
A0ABR0TSI5,Aureobasidium pullulans,0,
A0ABR0TDK8,Aureobasidium pullulans,0,
A0ABR0TQN6,Aureobasidium pullulans,0,
A0ABR0TWD7,Aureobasidium pullulans,0,
A0A1A7MSI2,Aureobasidium pullulans,0,
A0ABR0TWI4,Aureobasidium pullulans,0,
A0ABR0TVI5,Aureobasidium pullulans,0,
A0ABR0THE8,Aureobasidium pullulans,0,
A0ABR0T9F1,Aureobasidium pullulans,0,
A0ABR0TMC5,Aureobasidium pullulans,0,
A0ABR0TV54,Aureobasidium pullulans,0,
A0ABR0TUE2,Aureobasidium pullulans,0,
A0ABR0TG28,Aureobasidium pullulans,0,
A0ABR0TH79,Aureobasidium pullulans,0,
A0ABR0TF93,Aureobasidium pullulans,0,
A0ABR0TP49,Aureobasidium pullulans,0,
A0ABR0TP64,Aureobasidium pullulans,0,
A0ABR0TD27,Aureobasidium pullulans,0,
A0ABR0TGC3,Aureobasidium pullulans,0,
A0ABR0T8S3,Aureobasidium pullulans,0,
A0ABR0TG20,Aureobasidium pullulans,0,
A0ABR0TLN7,Aureobasidium pullulans,0,
A0ABR0T8Y6,Aureobasidium pullulans,0,
A0ABR0T5X3,Aureobasidium pullulans,0,
A0ABR0TBB4,Aureobasidium pullulans,0,
A0ABR0TTC6,Aureobasidium pullulans,0,
A0ABR0TJZ5,Aureobasidium pullulans,0,
A0ABR0T734,Aureobasidium pullulans,0,
A0ABR0TNY5,Aureobasidium pullulans,0,
A0ABR0T4X5,Aureobasidium pullulans,0,
A0ABR0T6G3,Aureobasidium pullulans,0,
A0ABR0THY9,Aureobasidium pullulans,0,
A0ABR0T8E4,Aureobasidium pullulans,0,
A0ABR0T6P7,Aureobasidium pullulans,0,
A0ABR0TDC4,Aureobasidium pullulans,0,
A0ABR0TKB6,Aureobasidium pullulans,0,
A0ABR0TBK5,Aureobasidium pullulans,0,
A0ABR0TSN6,Aureobasidium pullulans,0,
A0ABR0TW22,Aureobasidium pullulans,0,
A0ABR0TFA5,Aureobasidium pullulans,0,
A0ABR0TFM1,Aureobasidium pullulans,0,
A0ABR0T570,Aureobasidium pullulans,0,
A0ABR0TE47,Aureobasidium pullulans,0,
A0ABR0TSP2,Aureobasidium pullulans,0,
A0ABR0TM80,Aureobasidium pullulans,0,
A0ABR0T5A0,Aureobasidium pullulans,0,
A0ABR0TG55,Aureobasidium pullulans,0,
A0ABR0TFC2,Aureobasidium pullulans,0,
A0ABR0T9S2,Aureobasidium pullulans,0,
A0ABR0TEI6,Aureobasidium pullulans,0,
A0ABR0TBV1,Aureobasidium pullulans,0,
A0ABR0TWG2,Aureobasidium pullulans,0,
A0ABR0TJG0,Aureobasidium pullulans,0,
A0ABR0TUY0,Aureobasidium pullulans,0,
A0ABR0TF13,Aureobasidium pullulans,0,
A0ABR0TFN3,Aureobasidium pullulans,0,
A0ABR0TBG3,Aureobasidium pullulans,0,
A0ABR0TDK5,Aureobasidium pullulans,0,
A0ABR0TSM0,Aureobasidium pullulans,0,
A0ABR0T668,Aureobasidium pullulans,0,
A0ABR0T939,Aureobasidium pullulans,0,
A0ABR0TVU0,Aureobasidium pullulans,0,
A0ABR0TMC6,Aureobasidium pullulans,0,
A0ABR0TWG1,Aureobasidium pullulans,0,
A0ABR0TUX7,Aureobasidium pullulans,0,
A0ABR0TTR7,Aureobasidium pullulans,0,
A0ABR0TGJ2,Aureobasidium pullulans,0,
A0ABR0TF95,Aureobasidium pullulans,0,
A0ABR0TTP6,Aureobasidium pullulans,0,
A0ABR0TWV1,Aureobasidium pullulans,0,
A0ABR0TWM2,Aureobasidium pullulans,0,
A0ABR0TAU6,Aureobasidium pullulans,0,
A0ABR0T8L8,Aureobasidium pullulans,0,
A0ABR0TJL1,Aureobasidium pullulans,0,
A0ABR0TVT1,Aureobasidium pullulans,0,
A0ABR0T7A5,Aureobasidium pullulans,0,
A0ABR0TTI3,Aureobasidium pullulans,0,
A0ABR0TBQ1,Aureobasidium pullulans,0,
A0ABR0TBC7,Aureobasidium pullulans,0,
A0ABR0T4Z9,Aureobasidium pullulans,0,
A0ABR0TGG9,Aureobasidium pullulans,0,
A0ABR0T6L0,Aureobasidium pullulans,0,
A0ABR0TPQ1,Aureobasidium pullulans,0,
A0ABR0TKH2,Aureobasidium pullulans,0,
A0ABR0TLM3,Aureobasidium pullulans,0,
A0ABR0TNP5,Aureobasidium pullulans,0,
A0ABR0T7W7,Aureobasidium pullulans,0,
A0ABR0TQI7,Aureobasidium pullulans,0,
A0ABR0TKN8,Aureobasidium pullulans,0,
A0ABR0T988,Aureobasidium pullulans,0,
A0ABR0TBG6,Aureobasidium pullulans,0,
A0ABR0TDF5,Aureobasidium pullulans,0,
A0ABR0TU21,Aureobasidium pullulans,0,
A0ABR0TTJ4,Aureobasidium pullulans,0,
A0ABR0TT99,Aureobasidium pullulans,0,
A0ABR0T8B9,Aureobasidium pullulans,0,
A0ABR0TPZ8,Aureobasidium pullulans,0,
A0ABR0TQT2,Aureobasidium pullulans,0,
A0ABR0TU87,Aureobasidium pullulans,0,
A0ABR0T4H9,Aureobasidium pullulans,0,
A0ABR0TM99,Aureobasidium pullulans,0,
A0ABR0TGM5,Aureobasidium pullulans,0,
A0ABR0T9Y1,Aureobasidium pullulans,0,
A0ABR0TG76,Aureobasidium pullulans,0,
A0ABR0TAY0,Aureobasidium pullulans,0,
A0ABR0TNJ6,Aureobasidium pullulans,0,
A0ABR0TCX9,Aureobasidium pullulans,0,
A0ABR0TJH6,Aureobasidium pullulans,0,
A0ABR0TWC6,Aureobasidium pullulans,0,
A0ABR0THN0,Aureobasidium pullulans,0,
A0ABR0T6L4,Aureobasidium pullulans,0,
A0ABR0TAN2,Aureobasidium pullulans,0,
A0ABR0TU99,Aureobasidium pullulans,0,
A0ABR0TM12,Aureobasidium pullulans,0,
A0ABR0TNK0,Aureobasidium pullulans,0,
A0ABR0TK43,Aureobasidium pullulans,0,
A0ABR0TSB0,Aureobasidium pullulans,0,
A0ABR0TD36,Aureobasidium pullulans,0,
A0ABR0TUA7,Aureobasidium pullulans,0,
A0ABR0TE43,Aureobasidium pullulans,0,
A0ABR0TFS3,Aureobasidium pullulans,0,
A0ABR0TDQ8,Aureobasidium pullulans,0,
A0ABR0TMV3,Aureobasidium pullulans,0,
A0ABR0TAE0,Aureobasidium pullulans,0,
A0ABR0TN42,Aureobasidium pullulans,0,
A0ABR0TM40,Aureobasidium pullulans,0,
A0ABR0TLE1,Aureobasidium pullulans,0,
A0ABR0THF6,Aureobasidium pullulans,0,
A0ABR0TB41,Aureobasidium pullulans,0,
A0ABR0TN94,Aureobasidium pullulans,0,
A0ABR0TP43,Aureobasidium pullulans,0,
A0ABR0TAM5,Aureobasidium pullulans,0,
A0ABR0T7G6,Aureobasidium pullulans,0,
A0ABR0TNY6,Aureobasidium pullulans,0,
A0ABR0TRJ5,Aureobasidium pullulans,0,
A0ABR0TSV9,Aureobasidium pullulans,0,
A0ABR0TNX5,Aureobasidium pullulans,0,
A0ABR0TNZ3,Aureobasidium pullulans,0,
A0ABR0TKN1,Aureobasidium pullulans,0,
A0ABR0TLX0,Aureobasidium pullulans,0,
A0ABR0TS81,Aureobasidium pullulans,0,
A0ABR0TSK1,Aureobasidium pullulans,0,
A0ABR0TAH1,Aureobasidium pullulans,0,
A0ABR0TLB5,Aureobasidium pullulans,0,
A0ABR0TD46,Aureobasidium pullulans,0,
A0ABR0TD92,Aureobasidium pullulans,0,
A0ABR0TGJ7,Aureobasidium pullulans,0,
A0ABR0T7I9,Aureobasidium pullulans,0,
A0ABR0T8S1,Aureobasidium pullulans,0,
A0ABR0TD47,Aureobasidium pullulans,0,
A0ABR0T637,Aureobasidium pullulans,0,
A0ABR0T6A8,Aureobasidium pullulans,0,
A0ABR0TFA4,Aureobasidium pullulans,0,
A0ABR0TXS3,Aureobasidium pullulans,0,
A0ABR0TLK4,Aureobasidium pullulans,0,
A0ABR0TDT8,Aureobasidium pullulans,0,
A0ABR0T6X9,Aureobasidium pullulans,0,
A0ABR0TCS9,Aureobasidium pullulans,0,
A0ABR0T657,Aureobasidium pullulans,0,
A0ABR0TLW9,Aureobasidium pullulans,0,
A0ABR0TTL3,Aureobasidium pullulans,0,
A0ABR0TB65,Aureobasidium pullulans,0,
A0ABR0THX6,Aureobasidium pullulans,0,
A0ABR0TFG6,Aureobasidium pullulans,0,
A0ABR0THH8,Aureobasidium pullulans,0,
A0ABR0TKI6,Aureobasidium pullulans,0,
A0ABR0T945,Aureobasidium pullulans,0,
A0ABR0TRV5,Aureobasidium pullulans,0,
A0ABR0TA78,Aureobasidium pullulans,0,
A0ABR0TGK7,Aureobasidium pullulans,0,
A0ABR0TCB8,Aureobasidium pullulans,0,
A0ABR0TBV8,Aureobasidium pullulans,0,
A0ABR0TM74,Aureobasidium pullulans,0,
A0ABR0TGS9,Aureobasidium pullulans,0,
A0ABR0T8V3,Aureobasidium pullulans,0,
A0ABR0TFF7,Aureobasidium pullulans,0,
A0ABR0T4W9,Aureobasidium pullulans,0,
A0ABR0TEN2,Aureobasidium pullulans,0,
A0ABR0TD29,Aureobasidium pullulans,0,
A0ABR0T687,Aureobasidium pullulans,0,
A0ABR0TAX4,Aureobasidium pullulans,0,
A0ABR0TSY3,Aureobasidium pullulans,0,
A0ABR0TE29,Aureobasidium pullulans,0,
A0ABR0TT43,Aureobasidium pullulans,0,
A0ABR0T9W8,Aureobasidium pullulans,0,
A0ABR0TVK5,Aureobasidium pullulans,0,
A0ABR0TLJ8,Aureobasidium pullulans,0,
A0ABR0TPF7,Aureobasidium pullulans,0,
A0ABR0TV66,Aureobasidium pullulans,0,
A0ABR0TUC6,Aureobasidium pullulans,0,
A0ABR0TIB5,Aureobasidium pullulans,0,
A0ABR0TVW7,Aureobasidium pullulans,0,
A0ABR0T7H7,Aureobasidium pullulans,0,
A0ABR0TBJ8,Aureobasidium pullulans,0,
A0ABR0TII4,Aureobasidium pullulans,0,
A0ABR0TVE6,Aureobasidium pullulans,0,
A0ABR0T6I9,Aureobasidium pullulans,0,
A0ABR0TSF5,Aureobasidium pullulans,0,
A0ABR0T6D4,Aureobasidium pullulans,0,
A0ABR0TP45,Aureobasidium pullulans,0,
A0ABR0T6E2,Aureobasidium pullulans,0,
A0ABR0TX63,Aureobasidium pullulans,0,
A0ABR0TVK2,Aureobasidium pullulans,0,
A0ABR0TDZ8,Aureobasidium pullulans,0,
A0ABR0T9N7,Aureobasidium pullulans,0,
A0ABR0TSW3,Aureobasidium pullulans,0,
A0ABR0T7B8,Aureobasidium pullulans,0,
A0ABR0TF69,Aureobasidium pullulans,0,
A0ABR0T782,Aureobasidium pullulans,0,
A0ABR0T6K9,Aureobasidium pullulans,0,
A0ABR0TJV0,Aureobasidium pullulans,0,
A0ABR0TH87,Aureobasidium pullulans,0,
A0ABR0TPH3,Aureobasidium pullulans,0,
A0ABR0TWL6,Aureobasidium pullulans,0,
A0ABR0T7Q1,Aureobasidium pullulans,0,
A0ABR0TXN4,Aureobasidium pullulans,0,
A0ABR0TKE7,Aureobasidium pullulans,0,
A0ABR0TIW7,Aureobasidium pullulans,0,
A0ABR0TJR0,Aureobasidium pullulans,0,
A0ABR0TM46,Aureobasidium pullulans,0,
A0ABR0TBX4,Aureobasidium pullulans,0,
A0ABR0TW60,Aureobasidium pullulans,0,
A0ABR0TUN0,Aureobasidium pullulans,0,
A0ABR0T516,Aureobasidium pullulans,0,
A0ABR0THD7,Aureobasidium pullulans,0,
A0ABR0TUB5,Aureobasidium pullulans,0,
A0ABR0TGL3,Aureobasidium pullulans,0,
A0ABR0TBF7,Aureobasidium pullulans,0,
A0ABR0TPR7,Aureobasidium pullulans,0,
A0ABR0T780,Aureobasidium pullulans,0,
A0ABR0T8V0,Aureobasidium pullulans,0,
A0ABR0TRF3,Aureobasidium pullulans,0,
A0ABR0TWA7,Aureobasidium pullulans,0,
A0ABR0TJ61,Aureobasidium pullulans,0,
A0ABR0TJD4,Aureobasidium pullulans,0,
A0ABR0TIF9,Aureobasidium pullulans,0,
A0ABR0TVJ6,Aureobasidium pullulans,0,
A0ABR0TEM2,Aureobasidium pullulans,0,
A0ABR0TDD4,Aureobasidium pullulans,0,
A0ABR0TFV6,Aureobasidium pullulans,0,
A0ABR0TB10,Aureobasidium pullulans,0,
A0ABR0TEV7,Aureobasidium pullulans,0,
A0ABR0TTX5,Aureobasidium pullulans,0,
A0ABR0TD51,Aureobasidium pullulans,0,
A0ABR0TU53,Aureobasidium pullulans,0,
A0ABR0T8Z9,Aureobasidium pullulans,0,
A0ABR0TWF3,Aureobasidium pullulans,0,
A0ABR0T8N2,Aureobasidium pullulans,0,
A0ABR0TFM5,Aureobasidium pullulans,0,
A0ABR0TFW6,Aureobasidium pullulans,0,
A0ABR0TGW3,Aureobasidium pullulans,0,
A0ABR0TIF1,Aureobasidium pullulans,0,
A0ABR0TI23,Aureobasidium pullulans,0,
A0ABR0TE01,Aureobasidium pullulans,0,
A0ABR0T884,Aureobasidium pullulans,0,
A0ABR0TP19,Aureobasidium pullulans,0,
A0ABR0TPW4,Aureobasidium pullulans,0,
A0ABR0TUF6,Aureobasidium pullulans,0,
A0ABR0TSE7,Aureobasidium pullulans,0,
A0ABR0TNL1,Aureobasidium pullulans,0,
A0ABR0TJE4,Aureobasidium pullulans,0,
A0ABR0TD82,Aureobasidium pullulans,0,
A0ABR0T8R6,Aureobasidium pullulans,0,
A0ABR0TSQ8,Aureobasidium pullulans,0,
A0ABR0TMN0,Aureobasidium pullulans,0,
A0ABR0TD63,Aureobasidium pullulans,0,
A0ABR0THK5,Aureobasidium pullulans,0,
A0ABR0TM59,Aureobasidium pullulans,0,
A0ABR0T718,Aureobasidium pullulans,0,
A0ABR0TSY7,Aureobasidium pullulans,0,
A0ABR0TB23,Aureobasidium pullulans,0,
A0ABR0TES8,Aureobasidium pullulans,0,
A0ABR0TDU7,Aureobasidium pullulans,0,
A0ABR0TFB8,Aureobasidium pullulans,0,
A0ABR0TLN0,Aureobasidium pullulans,0,
A0ABR0TIK4,Aureobasidium pullulans,0,
A0ABR0T8G3,Aureobasidium pullulans,0,
A0ABR0T8P1,Aureobasidium pullulans,0,
A0ABR0TT57,Aureobasidium pullulans,0,
A0ABR0TLM5,Aureobasidium pullulans,0,
A0ABR0T9Q1,Aureobasidium pullulans,0,
A0ABR0TDS4,Aureobasidium pullulans,0,
A0ABR0TFU0,Aureobasidium pullulans,0,
A0ABR0TM31,Aureobasidium pullulans,0,
A0ABR0T965,Aureobasidium pullulans,0,
A0ABR0TI54,Aureobasidium pullulans,0,
A0ABR0TUZ1,Aureobasidium pullulans,0,
A0ABR0TJR4,Aureobasidium pullulans,0,
A0ABR0TV14,Aureobasidium pullulans,0,
A0ABR0TI64,Aureobasidium pullulans,0,
A0ABR0TT52,Aureobasidium pullulans,0,
A0ABR0THY7,Aureobasidium pullulans,0,
A0ABR0TDI3,Aureobasidium pullulans,0,
A0ABR0TM36,Aureobasidium pullulans,0,
A0ABR0T7T5,Aureobasidium pullulans,0,
A0ABR0T9V2,Aureobasidium pullulans,0,
A0ABR0TMP8,Aureobasidium pullulans,0,
A0ABR0TVQ2,Aureobasidium pullulans,0,
A0ABR0TKF7,Aureobasidium pullulans,0,
A0ABR0TI57,Aureobasidium pullulans,0,
A0ABR0T8A0,Aureobasidium pullulans,0,
A0ABR0TL67,Aureobasidium pullulans,0,
A0ABR0TR84,Aureobasidium pullulans,0,
A0ABR0TM86,Aureobasidium pullulans,0,
A0ABR0TGX9,Aureobasidium pullulans,0,
A0ABR0TAF6,Aureobasidium pullulans,0,
A0ABR0TLP6,Aureobasidium pullulans,0,
A0ABR0TSZ1,Aureobasidium pullulans,0,
A0ABR0T6Z3,Aureobasidium pullulans,0,
A0ABR0TCH6,Aureobasidium pullulans,0,
A0ABR0TPF6,Aureobasidium pullulans,0,
A0ABR0TTA2,Aureobasidium pullulans,0,
A0ABR0TFN5,Aureobasidium pullulans,0,
A0ABR0TKM9,Aureobasidium pullulans,0,
A0ABR0T719,Aureobasidium pullulans,0,
A0ABR0T9I9,Aureobasidium pullulans,0,
A0ABR0TFX8,Aureobasidium pullulans,0,
A0ABR0TAZ1,Aureobasidium pullulans,0,
A0ABR0TA66,Aureobasidium pullulans,0,
A0ABR0T8A6,Aureobasidium pullulans,0,
A0ABR0T9E1,Aureobasidium pullulans,0,
A0ABR0T6U1,Aureobasidium pullulans,0,
A0ABR0TH28,Aureobasidium pullulans,0,
A0ABR0TH19,Aureobasidium pullulans,0,
A0ABR0TBP5,Aureobasidium pullulans,0,
A0ABR0TXK1,Aureobasidium pullulans,0,
A0ABR0TFW1,Aureobasidium pullulans,0,
A0ABR0T6V8,Aureobasidium pullulans,0,
A0ABR0TEY8,Aureobasidium pullulans,0,
A0ABR0T8D9,Aureobasidium pullulans,0,
A0ABR0T9I7,Aureobasidium pullulans,0,
A0ABR0TH24,Aureobasidium pullulans,0,
A0ABR0TB22,Aureobasidium pullulans,0,
A0ABR0T5H1,Aureobasidium pullulans,0,
A0ABR0T5Q8,Aureobasidium pullulans,0,
A0ABR0T5M6,Aureobasidium pullulans,0,
A0ABR0T4N4,Aureobasidium pullulans,0,
A0ABR0T4N6,Aureobasidium pullulans,0,
A0ABR0T4D1,Aureobasidium pullulans,0,
A0ABR0T4D6,Aureobasidium pullulans,0,
A0ABR0T4E3,Aureobasidium pullulans,0,
A0ABR0T5S5,Aureobasidium pullulans,0,
A0ABR0T5B3,Aureobasidium pullulans,0,
A0ABR0T521,Aureobasidium pullulans,0,
A0ABR0T5I8,Aureobasidium pullulans,0,
A0ABR0T4F6,Aureobasidium pullulans,0,
A0ABR0T4I7,Aureobasidium pullulans,0,
A0ABR0T5J5,Aureobasidium pullulans,0,
A0ABR0T4D2,Aureobasidium pullulans,0,
A0ABR0T534,Aureobasidium pullulans,0,
A0ABR0T5K7,Aureobasidium pullulans,0,
A0ABR0T4Q8,Aureobasidium pullulans,0,
A0ABR0T4R6,Aureobasidium pullulans,0,
A0ABR0T4G5,Aureobasidium pullulans,0,
A0ABR0T5K8,Aureobasidium pullulans,0,
A0ABR0T5V3,Aureobasidium pullulans,0,
A0ABR0T5R9,Aureobasidium pullulans,0,
A0ABR0T4D7,Aureobasidium pullulans,0,
A0ABR0T4T1,Aureobasidium pullulans,0,
A0ABR0T4L4,Aureobasidium pullulans,0,
A0ABR0T5X1,Aureobasidium pullulans,0,
A0ABR0T555,Aureobasidium pullulans,0,
A0ABR0T5N3,Aureobasidium pullulans,0,
A0ABR0T4T8,Aureobasidium pullulans,0,
A0ABR0T4J1,Aureobasidium pullulans,0,
A0ABR0T5N6,Aureobasidium pullulans,0,
A0ABR0T5U6,Aureobasidium pullulans,0,
A0ABR0T5Q1,Aureobasidium pullulans,0,
A0ABR0T4W5,Aureobasidium pullulans,0,
A0ABR0T5R7,Aureobasidium pullulans,0,
A0ABR0T5A3,Aureobasidium pullulans,0,
A0ABR0T5X8,Aureobasidium pullulans,0,
A0ABR0T4Z1,Aureobasidium pullulans,0,
A0ABR0T4K1,Aureobasidium pullulans,0,
A0ABR0T4Y0,Aureobasidium pullulans,0,
A0ABR0T4N8,Aureobasidium pullulans,0,
A0ABR0T4S9,Aureobasidium pullulans,0,
A0ABR0T623,Aureobasidium pullulans,0,
A0ABR0T5L6,Aureobasidium pullulans,0,
A0ABR0T5T6,Aureobasidium pullulans,0,
A0ABR0T4Z6,Aureobasidium pullulans,0,
A0ABR0T4Q7,Aureobasidium pullulans,0,
A0ABR0T4Q5,Aureobasidium pullulans,0,
A0ABR0T4U4,Aureobasidium pullulans,0,
A0ABR0T4Q0,Aureobasidium pullulans,0,
A0ABR0T4R1,Aureobasidium pullulans,0,
A0ABR0T638,Aureobasidium pullulans,0,
A0ABR0T5N0,Aureobasidium pullulans,0,
A0ABR0T5P4,Aureobasidium pullulans,0,
A0ABR0T5F7,Aureobasidium pullulans,0,
A0ABR0T640,Aureobasidium pullulans,0,
A0ABR0T539,Aureobasidium pullulans,0,
A0ABR0T5Y8,Aureobasidium pullulans,0,
A0ABR0T5Z8,Aureobasidium pullulans,0,
A0ABR0T604,Aureobasidium pullulans,0,
A0ABR0T5V6,Aureobasidium pullulans,0,
A0ABR0T4U8,Aureobasidium pullulans,0,
A0ABR0T583,Aureobasidium pullulans,0,
A0ABR0T6C5,Aureobasidium pullulans,0,
A0ABR0T5W9,Aureobasidium pullulans,0,
A0ABR0T4Y6,Aureobasidium pullulans,0,
A0ABR0T5M1,Aureobasidium pullulans,0,
A0ABR0T648,Aureobasidium pullulans,0,
A0ABR0T501,Aureobasidium pullulans,0,
A0ABR0T4Y7,Aureobasidium pullulans,0,
A0ABR0T525,Aureobasidium pullulans,0,
A0ABR0T5P7,Aureobasidium pullulans,0,
A0ABR0T5C8,Aureobasidium pullulans,0,
A0ABR0T697,Aureobasidium pullulans,0,
A0ABR0T6G2,Aureobasidium pullulans,0,
A0ABR0T614,Aureobasidium pullulans,0,
A0ABR0T535,Aureobasidium pullulans,0,
A0ABR0T698,Aureobasidium pullulans,0,
A0ABR0T6E3,Aureobasidium pullulans,0,
A0ABR0T5F3,Aureobasidium pullulans,0,
A0ABR0T519,Aureobasidium pullulans,0,
A0ABR0T561,Aureobasidium pullulans,0,
A0ABR0T551,Aureobasidium pullulans,0,
A0ABR0T5G8,Aureobasidium pullulans,0,
A0ABR0T6I6,Aureobasidium pullulans,0,
A0ABR0T6K1,Aureobasidium pullulans,0,
A0ABR0T6B1,Aureobasidium pullulans,0,
A0ABR0T5N8,Aureobasidium pullulans,0,
A0ABR0T6C7,Aureobasidium pullulans,0,
A0ABR0T6L6,Aureobasidium pullulans,0,
A0ABR0T6P3,Aureobasidium pullulans,0,
A0ABR0T5E7,Aureobasidium pullulans,0,
A0ABR0T6M7,Aureobasidium pullulans,0,
A0ABR0T5F8,Aureobasidium pullulans,0,
A0ABR0T624,Aureobasidium pullulans,0,
A0ABR0T6M8,Aureobasidium pullulans,0,
A0ABR0T5L3,Aureobasidium pullulans,0,
A0ABR0T5G3,Aureobasidium pullulans,0,
A0ABR0T5H8,Aureobasidium pullulans,0,
A0ABR0T6Q8,Aureobasidium pullulans,0,
A0ABR0T6Y4,Aureobasidium pullulans,0,
A0ABR0T6H4,Aureobasidium pullulans,0,
A0ABR0T652,Aureobasidium pullulans,0,
A0ABR0T6Q5,Aureobasidium pullulans,0,
A0ABR0T5V1,Aureobasidium pullulans,0,
A0ABR0T5H6,Aureobasidium pullulans,0,
A0ABR0T5J7,Aureobasidium pullulans,0,
A0ABR0T5K3,Aureobasidium pullulans,0,
A0ABR0T6S9,Aureobasidium pullulans,0,
A0ABR0T6Z9,Aureobasidium pullulans,0,
A0ABR0T6K3,Aureobasidium pullulans,0,
A0ABR0T5Z3,Aureobasidium pullulans,0,
A0ABR0T5N2,Aureobasidium pullulans,0,
A0ABR0T5M5,Aureobasidium pullulans,0,
A0ABR0T5N9,Aureobasidium pullulans,0,
A0ABR0T620,Aureobasidium pullulans,0,
A0ABR0T5Q9,Aureobasidium pullulans,0,
A0ABR0T750,Aureobasidium pullulans,0,
A0ABR0T5Q6,Aureobasidium pullulans,0,
A0ABR0T5P9,Aureobasidium pullulans,0,
A0ABR0T773,Aureobasidium pullulans,0,
A0ABR0T727,Aureobasidium pullulans,0,
A0ABR0T647,Aureobasidium pullulans,0,
A0ABR0T621,Aureobasidium pullulans,0,
A0ABR0T5X4,Aureobasidium pullulans,0,
A0ABR0T722,Aureobasidium pullulans,0,
A0ABR0T5T2,Aureobasidium pullulans,0,
A0ABR0T5U9,Aureobasidium pullulans,0,
A0ABR0T5V0,Aureobasidium pullulans,0,
A0ABR0T5W4,Aureobasidium pullulans,0,
A0ABR0T763,Aureobasidium pullulans,0,
A0ABR0T6W3,Aureobasidium pullulans,0,
A0ABR0T5Z5,Aureobasidium pullulans,0,
A0ABR0T778,Aureobasidium pullulans,0,
A0ABR0T5Z0,Aureobasidium pullulans,0,
A0ABR0T6K6,Aureobasidium pullulans,0,
A0ABR0T645,Aureobasidium pullulans,0,
A0ABR0T7B7,Aureobasidium pullulans,0,
A0ABR0T7H8,Aureobasidium pullulans,0,
A0ABR0T6E5,Aureobasidium pullulans,0,
A0ABR0T695,Aureobasidium pullulans,0,
A0ABR0T6S1,Aureobasidium pullulans,0,
A0ABR0T6J7,Aureobasidium pullulans,0,
A0ABR0T7H1,Aureobasidium pullulans,0,
A0ABR0T6V3,Aureobasidium pullulans,0,
A0ABR0T6A0,Aureobasidium pullulans,0,
A0ABR0T6A3,Aureobasidium pullulans,0,
A0ABR0T7I5,Aureobasidium pullulans,0,
A0ABR0T6B4,Aureobasidium pullulans,0,
A0ABR0T6C9,Aureobasidium pullulans,0,
A0ABR0T7M1,Aureobasidium pullulans,0,
A0ABR0T7K3,Aureobasidium pullulans,0,
A0ABR0T6E1,Aureobasidium pullulans,0,
A0ABR0T6D1,Aureobasidium pullulans,0,
A0ABR0T7V1,Aureobasidium pullulans,0,
A0ABR0T6F4,Aureobasidium pullulans,0,
A0ABR0T6F3,Aureobasidium pullulans,0,
A0ABR0T6F1,Aureobasidium pullulans,0,
A0ABR0T704,Aureobasidium pullulans,0,
A0ABR0T6G6,Aureobasidium pullulans,0,
A0ABR0T6U8,Aureobasidium pullulans,0,
A0ABR0T6H5,Aureobasidium pullulans,0,
A0ABR0T7T3,Aureobasidium pullulans,0,
A0ABR0T7Y9,Aureobasidium pullulans,0,
A0ABR0T6J4,Aureobasidium pullulans,0,
A0ABR0T6L1,Aureobasidium pullulans,0,
A0ABR0T748,Aureobasidium pullulans,0,
A0ABR0T7S4,Aureobasidium pullulans,0,
A0ABR0T7W5,Aureobasidium pullulans,0,
A0ABR0T6M9,Aureobasidium pullulans,0,
A0ABR0T7T9,Aureobasidium pullulans,0,
A0ABR0T6V5,Aureobasidium pullulans,0,
A0ABR0T6M1,Aureobasidium pullulans,0,
A0ABR0T7X2,Aureobasidium pullulans,0,
A0ABR0T7V3,Aureobasidium pullulans,0,
A0ABR0T703,Aureobasidium pullulans,0,
A0ABR0T794,Aureobasidium pullulans,0,
A0ABR0T6R1,Aureobasidium pullulans,0,
A0ABR0T6Y2,Aureobasidium pullulans,0,
A0ABR0T6S2,Aureobasidium pullulans,0,
A0ABR0T7Y3,Aureobasidium pullulans,0,
A0ABR0T6U0,Aureobasidium pullulans,0,
A0ABR0T725,Aureobasidium pullulans,0,
A0ABR0T6T9,Aureobasidium pullulans,0,
A0ABR0T6V4,Aureobasidium pullulans,0,
A0ABR0T6U2,Aureobasidium pullulans,0,
A0ABR0T851,Aureobasidium pullulans,0,
A0ABR0T7U7,Aureobasidium pullulans,0,
A0ABR0T6W7,Aureobasidium pullulans,0,
A0ABR0T869,Aureobasidium pullulans,0,
A0ABR0T843,Aureobasidium pullulans,0,
A0ABR0T7A2,Aureobasidium pullulans,0,
A0ABR0T6Y3,Aureobasidium pullulans,0,
A0ABR0T883,Aureobasidium pullulans,0,
A0ABR0T6Z1,Aureobasidium pullulans,0,
A0ABR0T8B7,Aureobasidium pullulans,0,
A0ABR0T709,Aureobasidium pullulans,0,
A0ABR0T8B1,Aureobasidium pullulans,0,
A0ABR0T8H3,Aureobasidium pullulans,0,
A0ABR0T8D2,Aureobasidium pullulans,0,
A0ABR0T793,Aureobasidium pullulans,0,
A0ABR0T7N5,Aureobasidium pullulans,0,
A0ABR0T751,Aureobasidium pullulans,0,
A0ABR0T766,Aureobasidium pullulans,0,
A0ABR0T7D7,Aureobasidium pullulans,0,
A0ABR0T767,Aureobasidium pullulans,0,
A0ABR0T776,Aureobasidium pullulans,0,
A0ABR0T769,Aureobasidium pullulans,0,
A0ABR0T7K8,Aureobasidium pullulans,0,
A0ABR0T777,Aureobasidium pullulans,0,
A0ABR0T875,Aureobasidium pullulans,0,
A0ABR0T795,Aureobasidium pullulans,0,
A0ABR0T8N4,Aureobasidium pullulans,0,
A0ABR0T7E7,Aureobasidium pullulans,0,
A0ABR0T7G8,Aureobasidium pullulans,0,
A0ABR0T7W3,Aureobasidium pullulans,0,
A0ABR0T7I6,Aureobasidium pullulans,0,
A0ABR0T7I4,Aureobasidium pullulans,0,
A0ABR0T8V6,Aureobasidium pullulans,0,
A0ABR0T7K1,Aureobasidium pullulans,0,
A0ABR0T7J8,Aureobasidium pullulans,0,
A0ABR0T7K2,Aureobasidium pullulans,0,
A0ABR0T7J6,Aureobasidium pullulans,0,
A0ABR0T7M2,Aureobasidium pullulans,0,
A0ABR0T859,Aureobasidium pullulans,0,
A0ABR0T8X2,Aureobasidium pullulans,0,
A0ABR0T7N1,Aureobasidium pullulans,0,
A0ABR0T7M9,Aureobasidium pullulans,0,
A0ABR0T903,Aureobasidium pullulans,0,
A0ABR0T891,Aureobasidium pullulans,0,
A0ABR0T821,Aureobasidium pullulans,0,
A0ABR0T7P7,Aureobasidium pullulans,0,
A0ABR0T7P1,Aureobasidium pullulans,0,
A0ABR0T926,Aureobasidium pullulans,0,
A0ABR0T7S6,Aureobasidium pullulans,0,
A0ABR0T7Z8,Aureobasidium pullulans,0,
A0ABR0T7S5,Aureobasidium pullulans,0,
A0ABR0T7S1,Aureobasidium pullulans,0,
A0ABR0T7U5,Aureobasidium pullulans,0,
A0ABR0T8Z6,Aureobasidium pullulans,0,
A0ABR0T7U2,Aureobasidium pullulans,0,
A0ABR0T8U3,Aureobasidium pullulans,0,
A0ABR0T955,Aureobasidium pullulans,0,
A0ABR0T827,Aureobasidium pullulans,0,
A0ABR0T7V9,Aureobasidium pullulans,0,
A0ABR0T7V4,Aureobasidium pullulans,0,
A0ABR0T7V5,Aureobasidium pullulans,0,
A0ABR0T980,Aureobasidium pullulans,0,
A0ABR0T944,Aureobasidium pullulans,0,
A0ABR0T857,Aureobasidium pullulans,0,
A0ABR0T9A8,Aureobasidium pullulans,0,
A0ABR0T8Y2,Aureobasidium pullulans,0,
A0ABR0T961,Aureobasidium pullulans,0,
A0ABR0T998,Aureobasidium pullulans,0,
A0ABR0T8C9,Aureobasidium pullulans,0,
A0ABR0T806,Aureobasidium pullulans,0,
A0ABR0T801,Aureobasidium pullulans,0,
A0ABR0T802,Aureobasidium pullulans,0,
A0ABR0T800,Aureobasidium pullulans,0,
A0ABR0T9C5,Aureobasidium pullulans,0,
A0ABR0T9G8,Aureobasidium pullulans,0,
A0ABR0T900,Aureobasidium pullulans,0,
A0ABR0T824,Aureobasidium pullulans,0,
A0ABR0T971,Aureobasidium pullulans,0,
A0ABR0T8E7,Aureobasidium pullulans,0,
A0ABR0T885,Aureobasidium pullulans,0,
A0ABR0T9A3,Aureobasidium pullulans,0,
A0ABR0T9E3,Aureobasidium pullulans,0,
A0ABR0T8H5,Aureobasidium pullulans,0,
A0ABR0T852,Aureobasidium pullulans,0,
A0ABR0T9H2,Aureobasidium pullulans,0,
A0ABR0T863,Aureobasidium pullulans,0,
A0ABR0T8J5,Aureobasidium pullulans,0,
A0ABR0T861,Aureobasidium pullulans,0,
A0ABR0T895,Aureobasidium pullulans,0,
A0ABR0T892,Aureobasidium pullulans,0,
A0ABR0T894,Aureobasidium pullulans,0,
A0ABR0T8A1,Aureobasidium pullulans,0,
A0ABR0T9Q0,Aureobasidium pullulans,0,
A0ABR0T8A7,Aureobasidium pullulans,0,
A0ABR0T8U0,Aureobasidium pullulans,0,
A0ABR0T9J9,Aureobasidium pullulans,0,
A0ABR0T8A3,Aureobasidium pullulans,0,
A0ABR0T9L5,Aureobasidium pullulans,0,
A0ABR0T8Q1,Aureobasidium pullulans,0,
A0ABR0T8C8,Aureobasidium pullulans,0,
A0ABR0T9P0,Aureobasidium pullulans,0,
A0ABR0T9L6,Aureobasidium pullulans,0,
A0ABR0T8F4,Aureobasidium pullulans,0,
A0ABR0T8G2,Aureobasidium pullulans,0,
A0ABR0T9T4,Aureobasidium pullulans,0,
A0ABR0T9W5,Aureobasidium pullulans,0,
A0ABR0T9P5,Aureobasidium pullulans,0,
A0ABR0T8W1,Aureobasidium pullulans,0,
A0ABR0T8I1,Aureobasidium pullulans,0,
A0ABR0T8I8,Aureobasidium pullulans,0,
A0ABR0T8J6,Aureobasidium pullulans,0,
A0ABR0T8J2,Aureobasidium pullulans,0,
A0ABR0T8K3,Aureobasidium pullulans,0,
A0ABR0T8K0,Aureobasidium pullulans,0,
A0ABR0T8L6,Aureobasidium pullulans,0,
A0ABR0T8N1,Aureobasidium pullulans,0,
A0ABR0T8T8,Aureobasidium pullulans,0,
A0ABR0T915,Aureobasidium pullulans,0,
A0ABR0T8P0,Aureobasidium pullulans,0,
A0ABR0T8P5,Aureobasidium pullulans,0,
A0ABR0TA07,Aureobasidium pullulans,0,
A0ABR0T932,Aureobasidium pullulans,0,
A0ABR0T8R8,Aureobasidium pullulans,0,
A0ABR0T8V5,Aureobasidium pullulans,0,
A0ABR0T9E7,Aureobasidium pullulans,0,
A0ABR0T8V9,Aureobasidium pullulans,0,
A0ABR0TA97,Aureobasidium pullulans,0,
A0ABR0T8W5,Aureobasidium pullulans,0,
A0ABR0T997,Aureobasidium pullulans,0,
A0ABR0T8Y3,Aureobasidium pullulans,0,
A0ABR0TA85,Aureobasidium pullulans,0,
A0ABR0T9T7,Aureobasidium pullulans,0,
A0ABR0TA52,Aureobasidium pullulans,0,
A0ABR0TA54,Aureobasidium pullulans,0,
A0ABR0T9B1,Aureobasidium pullulans,0,
A0ABR0T8Y4,Aureobasidium pullulans,0,
A0ABR0T9J5,Aureobasidium pullulans,0,
A0ABR0TAD7,Aureobasidium pullulans,0,
A0ABR0TAF7,Aureobasidium pullulans,0,
A0ABR0T929,Aureobasidium pullulans,0,
A0ABR0T940,Aureobasidium pullulans,0,
A0ABR0T9B4,Aureobasidium pullulans,0,
A0ABR0T963,Aureobasidium pullulans,0,
A0ABR0TAI4,Aureobasidium pullulans,0,
A0ABR0T970,Aureobasidium pullulans,0,
A0ABR0T9S4,Aureobasidium pullulans,0,
A0ABR0T9C9,Aureobasidium pullulans,0,
A0ABR0T973,Aureobasidium pullulans,0,
A0ABR0T9M0,Aureobasidium pullulans,0,
A0ABR0T991,Aureobasidium pullulans,0,
A0ABR0T990,Aureobasidium pullulans,0,
A0ABR0TAL7,Aureobasidium pullulans,0,
A0ABR0TAJ0,Aureobasidium pullulans,0,
A0ABR0T9B5,Aureobasidium pullulans,0,
A0ABR0TAQ0,Aureobasidium pullulans,0,
A0ABR0TAK9,Aureobasidium pullulans,0,
A0ABR0TAB0,Aureobasidium pullulans,0,
A0ABR0T9F8,Aureobasidium pullulans,0,
A0ABR0T9E5,Aureobasidium pullulans,0,
A0ABR0T9G9,Aureobasidium pullulans,0,
A0ABR0TAU7,Aureobasidium pullulans,0,
A0ABR0TAD8,Aureobasidium pullulans,0,
A0ABR0TA14,Aureobasidium pullulans,0,
A0ABR0T9I2,Aureobasidium pullulans,0,
A0ABR0TAW2,Aureobasidium pullulans,0,
A0ABR0T9X6,Aureobasidium pullulans,0,
A0ABR0TAT7,Aureobasidium pullulans,0,
A0ABR0T9K8,Aureobasidium pullulans,0,
A0ABR0T9N2,Aureobasidium pullulans,0,
A0ABR0TA19,Aureobasidium pullulans,0,
A0ABR0T9Q6,Aureobasidium pullulans,0,
A0ABR0TAW1,Aureobasidium pullulans,0,
A0ABR0T9P9,Aureobasidium pullulans,0,
A0ABR0TB38,Aureobasidium pullulans,0,
A0ABR0T9S3,Aureobasidium pullulans,0,
A0ABR0TB35,Aureobasidium pullulans,0,
A0ABR0TAA6,Aureobasidium pullulans,0,
A0ABR0T9W3,Aureobasidium pullulans,0,
A0ABR0T9V3,Aureobasidium pullulans,0,
A0ABR0TB64,Aureobasidium pullulans,0,
A0ABR0T9X3,Aureobasidium pullulans,0,
A0ABR0T9W7,Aureobasidium pullulans,0,
A0ABR0T9W9,Aureobasidium pullulans,0,
A0ABR0T9Z3,Aureobasidium pullulans,0,
A0ABR0TAF0,Aureobasidium pullulans,0,
A0ABR0TA13,Aureobasidium pullulans,0,
A0ABR0TA59,Aureobasidium pullulans,0,
A0ABR0T9Z9,Aureobasidium pullulans,0,
A0ABR0T9Z2,Aureobasidium pullulans,0,
A0ABR0TA01,Aureobasidium pullulans,0,
A0ABR0TBE5,Aureobasidium pullulans,0,
A0ABR0TAL8,Aureobasidium pullulans,0,
A0ABR0TB83,Aureobasidium pullulans,0,
A0ABR0TAG3,Aureobasidium pullulans,0,
A0ABR0TA71,Aureobasidium pullulans,0,
A0ABR0TBI6,Aureobasidium pullulans,0,
A0ABR0TAN3,Aureobasidium pullulans,0,
A0ABR0TB98,Aureobasidium pullulans,0,
A0ABR0TA26,Aureobasidium pullulans,0,
A0ABR0TA50,Aureobasidium pullulans,0,
A0ABR0TAP4,Aureobasidium pullulans,0,
A0ABR0TBE3,Aureobasidium pullulans,0,
A0ABR0TAJ5,Aureobasidium pullulans,0,
A0ABR0TA53,Aureobasidium pullulans,0,
A0ABR0TA96,Aureobasidium pullulans,0,
A0ABR0TA42,Aureobasidium pullulans,0,
A0ABR0TAL0,Aureobasidium pullulans,0,
A0ABR0TAC3,Aureobasidium pullulans,0,
A0ABR0TAD0,Aureobasidium pullulans,0,
A0ABR0TA82,Aureobasidium pullulans,0,
A0ABR0TA86,Aureobasidium pullulans,0,
A0ABR0TAY2,Aureobasidium pullulans,0,
A0ABR0TAU9,Aureobasidium pullulans,0,
A0ABR0TB08,Aureobasidium pullulans,0,
A0ABR0TAG5,Aureobasidium pullulans,0,
A0ABR0TAF8,Aureobasidium pullulans,0,
A0ABR0TBW4,Aureobasidium pullulans,0,
A0ABR0TBS6,Aureobasidium pullulans,0,
A0ABR0TAH8,Aureobasidium pullulans,0,
A0ABR0TAH6,Aureobasidium pullulans,0,
A0ABR0TB37,Aureobasidium pullulans,0,
A0ABR0TAI6,Aureobasidium pullulans,0,
A0ABR0TBS4,Aureobasidium pullulans,0,
A0ABR0TAL4,Aureobasidium pullulans,0,
A0ABR0TAM0,Aureobasidium pullulans,0,
A0ABR0TC24,Aureobasidium pullulans,0,
A0ABR0TAN5,Aureobasidium pullulans,0,
A0ABR0TAN1,Aureobasidium pullulans,0,
A0ABR0TAP3,Aureobasidium pullulans,0,
A0ABR0TBA9,Aureobasidium pullulans,0,
A0ABR0TAR1,Aureobasidium pullulans,0,
A0ABR0TBC8,Aureobasidium pullulans,0,
A0ABR0TC52,Aureobasidium pullulans,0,
A0ABR0TAU8,Aureobasidium pullulans,0,
A0ABR0TAW0,Aureobasidium pullulans,0,
A0ABR0TB01,Aureobasidium pullulans,0,
A0ABR0TCG0,Aureobasidium pullulans,0,
A0ABR0TCH2,Aureobasidium pullulans,0,
A0ABR0TBX5,Aureobasidium pullulans,0,
A0ABR0TB14,Aureobasidium pullulans,0,
A0ABR0TBK6,Aureobasidium pullulans,0,
A0ABR0TB16,Aureobasidium pullulans,0,
A0ABR0TBZ0,Aureobasidium pullulans,0,
A0ABR0TB25,Aureobasidium pullulans,0,
A0ABR0TBM2,Aureobasidium pullulans,0,
A0ABR0TB32,Aureobasidium pullulans,0,
A0ABR0TCJ4,Aureobasidium pullulans,0,
A0ABR0TB46,Aureobasidium pullulans,0,
A0ABR0TBQ2,Aureobasidium pullulans,0,
A0ABR0TCD9,Aureobasidium pullulans,0,
A0ABR0TBK7,Aureobasidium pullulans,0,
A0ABR0TB60,Aureobasidium pullulans,0,
A0ABR0TB56,Aureobasidium pullulans,0,
A0ABR0TB62,Aureobasidium pullulans,0,
A0ABR0TCM6,Aureobasidium pullulans,0,
A0ABR0TCM3,Aureobasidium pullulans,0,
A0ABR0TBR4,Aureobasidium pullulans,0,
A0ABR0TCH8,Aureobasidium pullulans,0,
A0ABR0TCF4,Aureobasidium pullulans,0,
A0ABR0TB76,Aureobasidium pullulans,0,
A0ABR0TB75,Aureobasidium pullulans,0,
A0ABR0TCP4,Aureobasidium pullulans,0,
A0ABR0TCN8,Aureobasidium pullulans,0,
A0ABR0TB86,Aureobasidium pullulans,0,
A0ABR0TBA3,Aureobasidium pullulans,0,
A0ABR0TCT4,Aureobasidium pullulans,0,
A0ABR0TBQ5,Aureobasidium pullulans,0,
A0ABR0TCT2,Aureobasidium pullulans,0,
A0ABR0TBV0,Aureobasidium pullulans,0,
A0ABR0TBG9,Aureobasidium pullulans,0,
A0ABR0TBG4,Aureobasidium pullulans,0,
A0ABR0TBG7,Aureobasidium pullulans,0,
A0ABR0TBW6,Aureobasidium pullulans,0,
A0ABR0TBH8,Aureobasidium pullulans,0,
A0ABR0TBL5,Aureobasidium pullulans,0,
A0ABR0TBH9,Aureobasidium pullulans,0,
A0ABR0TCV6,Aureobasidium pullulans,0,
A0ABR0TBJ9,Aureobasidium pullulans,0,
A0ABR0TCX0,Aureobasidium pullulans,0,
A0ABR0TBK9,Aureobasidium pullulans,0,
A0ABR0TBL9,Aureobasidium pullulans,0,
A0ABR0TC74,Aureobasidium pullulans,0,
A0ABR0TBS5,Aureobasidium pullulans,0,
A0ABR0TC46,Aureobasidium pullulans,0,
A0ABR0TC67,Aureobasidium pullulans,0,
A0ABR0TBS7,Aureobasidium pullulans,0,
A0ABR0TCM4,Aureobasidium pullulans,0,
A0ABR0TCP6,Aureobasidium pullulans,0,
A0ABR0TD16,Aureobasidium pullulans,0,
A0ABR0TBV7,Aureobasidium pullulans,0,
A0ABR0TBV9,Aureobasidium pullulans,0,
A0ABR0TBU9,Aureobasidium pullulans,0,
A0ABR0TDC1,Aureobasidium pullulans,0,
A0ABR0TCR3,Aureobasidium pullulans,0,
A0ABR0TBW2,Aureobasidium pullulans,0,
A0ABR0TC03,Aureobasidium pullulans,0,
A0ABR0TBX3,Aureobasidium pullulans,0,
A0ABR0TBW3,Aureobasidium pullulans,0,
A0ABR0TDD9,Aureobasidium pullulans,0,
A0ABR0TBX6,Aureobasidium pullulans,0,
A0ABR0TCC0,Aureobasidium pullulans,0,
A0ABR0TBX7,Aureobasidium pullulans,0,
A0ABR0TBX9,Aureobasidium pullulans,0,
A0ABR0TBZ1,Aureobasidium pullulans,0,
A0ABR0TBZ7,Aureobasidium pullulans,0,
A0ABR0TBZ5,Aureobasidium pullulans,0,
A0ABR0TBZ4,Aureobasidium pullulans,0,
A0ABR0TCJ1,Aureobasidium pullulans,0,
A0ABR0TC06,Aureobasidium pullulans,0,
A0ABR0TC10,Aureobasidium pullulans,0,
A0ABR0TDI1,Aureobasidium pullulans,0,
A0ABR0TD79,Aureobasidium pullulans,0,
A0ABR0TCH0,Aureobasidium pullulans,0,
A0ABR0TC25,Aureobasidium pullulans,0,
A0ABR0TC35,Aureobasidium pullulans,0,
A0ABR0TC73,Aureobasidium pullulans,0,
A0ABR0TC47,Aureobasidium pullulans,0,
A0ABR0TC39,Aureobasidium pullulans,0,
A0ABR0TCN5,Aureobasidium pullulans,0,
A0ABR0TDB2,Aureobasidium pullulans,0,
A0ABR0TCJ6,Aureobasidium pullulans,0,
A0ABR0TC88,Aureobasidium pullulans,0,
A0ABR0TC54,Aureobasidium pullulans,0,
A0ABR0TC57,Aureobasidium pullulans,0,
A0ABR0TCP5,Aureobasidium pullulans,0,
A0ABR0TDC5,Aureobasidium pullulans,0,
A0ABR0TC59,Aureobasidium pullulans,0,
A0ABR0TCA6,Aureobasidium pullulans,0,
A0ABR0TCN0,Aureobasidium pullulans,0,
A0ABR0TDH9,Aureobasidium pullulans,0,
A0ABR0TCD8,Aureobasidium pullulans,0,
A0ABR0TCY2,Aureobasidium pullulans,0,
A0ABR0TCH3,Aureobasidium pullulans,0,
A0ABR0TCG8,Aureobasidium pullulans,0,
A0ABR0TDN3,Aureobasidium pullulans,0,
A0ABR0TCJ2,Aureobasidium pullulans,0,
A0ABR0TDY3,Aureobasidium pullulans,0,
A0ABR0TCL0,Aureobasidium pullulans,0,
A0ABR0TCL1,Aureobasidium pullulans,0,
A0ABR0TCL6,Aureobasidium pullulans,0,
A0ABR0TCM0,Aureobasidium pullulans,0,
A0ABR0TCQ4,Aureobasidium pullulans,0,
A0ABR0TCM2,Aureobasidium pullulans,0,
A0ABR0TCQ0,Aureobasidium pullulans,0,
A0ABR0TCR5,Aureobasidium pullulans,0,
A0ABR0TCU3,Aureobasidium pullulans,0,
A0ABR0TE76,Aureobasidium pullulans,0,
A0ABR0TDB5,Aureobasidium pullulans,0,
A0ABR0TCU1,Aureobasidium pullulans,0,
A0ABR0TE88,Aureobasidium pullulans,0,
A0ABR0TE55,Aureobasidium pullulans,0,
A0ABR0TCU2,Aureobasidium pullulans,0,
A0ABR0TCV1,Aureobasidium pullulans,0,
A0ABR0TCW8,Aureobasidium pullulans,0,
A0ABR0TCW3,Aureobasidium pullulans,0,
A0ABR0TE21,Aureobasidium pullulans,0,
A0ABR0TED6,Aureobasidium pullulans,0,
A0ABR0TD09,Aureobasidium pullulans,0,
A0ABR0TD12,Aureobasidium pullulans,0,
A0ABR0TD11,Aureobasidium pullulans,0,
A0ABR0TEE5,Aureobasidium pullulans,0,
A0ABR0TDV4,Aureobasidium pullulans,0,
A0ABR0TD22,Aureobasidium pullulans,0,
A0ABR0TDM7,Aureobasidium pullulans,0,
A0ABR0TD53,Aureobasidium pullulans,0,
A0ABR0TD35,Aureobasidium pullulans,0,
A0ABR0TDP0,Aureobasidium pullulans,0,
A0ABR0TDK2,Aureobasidium pullulans,0,
A0ABR0TD59,Aureobasidium pullulans,0,
A0ABR0TE06,Aureobasidium pullulans,0,
A0ABR0TEH1,Aureobasidium pullulans,0,
A0ABR0TD80,Aureobasidium pullulans,0,
A0ABR0TDR8,Aureobasidium pullulans,0,
A0ABR0TEK2,Aureobasidium pullulans,0,
A0ABR0TDN5,Aureobasidium pullulans,0,
A0ABR0TEP5,Aureobasidium pullulans,0,
A0ABR0TEQ5,Aureobasidium pullulans,0,
A0ABR0TEL9,Aureobasidium pullulans,0,
A0ABR0TDQ0,Aureobasidium pullulans,0,
A0ABR0TDA8,Aureobasidium pullulans,0,
A0ABR0TDC7,Aureobasidium pullulans,0,
A0ABR0TDB6,Aureobasidium pullulans,0,
A0ABR0TDB7,Aureobasidium pullulans,0,
A0ABR0TES0,Aureobasidium pullulans,0,
A0ABR0TE49,Aureobasidium pullulans,0,
A0ABR0TDW8,Aureobasidium pullulans,0,
A0ABR0TDC3,Aureobasidium pullulans,0,
A0ABR0TDD3,Aureobasidium pullulans,0,
A0ABR0TEP6,Aureobasidium pullulans,0,
A0ABR0TER4,Aureobasidium pullulans,0,
A0ABR0TDT2,Aureobasidium pullulans,0,
A0ABR0TDE9,Aureobasidium pullulans,0,
A0ABR0TDH4,Aureobasidium pullulans,0,
A0ABR0TE45,Aureobasidium pullulans,0,
A0ABR0TDL6,Aureobasidium pullulans,0,
A0ABR0TF15,Aureobasidium pullulans,0,
A0ABR0TF09,Aureobasidium pullulans,0,
A0ABR0TED3,Aureobasidium pullulans,0,
A0ABR0TER7,Aureobasidium pullulans,0,
A0ABR0TDM4,Aureobasidium pullulans,0,
A0ABR0TF51,Aureobasidium pullulans,0,
A0ABR0TDP9,Aureobasidium pullulans,0,
A0ABR0TDQ2,Aureobasidium pullulans,0,
A0ABR0TDS5,Aureobasidium pullulans,0,
A0ABR0TF31,Aureobasidium pullulans,0,
A0ABR0TDS6,Aureobasidium pullulans,0,
A0ABR0TF64,Aureobasidium pullulans,0,
A0ABR0TFB2,Aureobasidium pullulans,0,
A0ABR0TDW3,Aureobasidium pullulans,0,
A0ABR0TEG2,Aureobasidium pullulans,0,
A0ABR0TFA0,Aureobasidium pullulans,0,
A0ABR0TE02,Aureobasidium pullulans,0,
A0ABR0TE05,Aureobasidium pullulans,0,
A0ABR0TE00,Aureobasidium pullulans,0,
A0ABR0TFE6,Aureobasidium pullulans,0,
A0ABR0TE44,Aureobasidium pullulans,0,
A0ABR0TFG4,Aureobasidium pullulans,0,
A0ABR0TE37,Aureobasidium pullulans,0,
A0ABR0TE92,Aureobasidium pullulans,0,
A0ABR0TE69,Aureobasidium pullulans,0,
A0ABR0TEQ7,Aureobasidium pullulans,0,
A0ABR0TEH0,Aureobasidium pullulans,0,
A0ABR0TEA7,Aureobasidium pullulans,0,
A0ABR0TE80,Aureobasidium pullulans,0,
A0ABR0TFD6,Aureobasidium pullulans,0,
A0ABR0TEB4,Aureobasidium pullulans,0,
A0ABR0TFP4,Aureobasidium pullulans,0,
A0ABR0TE99,Aureobasidium pullulans,0,
A0ABR0TEC8,Aureobasidium pullulans,0,
A0ABR0TEB8,Aureobasidium pullulans,0,
A0ABR0TEB7,Aureobasidium pullulans,0,
A0ABR0TEC6,Aureobasidium pullulans,0,
A0ABR0TFT7,Aureobasidium pullulans,0,
A0ABR0TFI5,Aureobasidium pullulans,0,
A0ABR0TEE2,Aureobasidium pullulans,0,
A0ABR0TEF7,Aureobasidium pullulans,0,
A0ABR0TEN4,Aureobasidium pullulans,0,
A0ABR0TEG0,Aureobasidium pullulans,0,
A0ABR0TEH4,Aureobasidium pullulans,0,
A0ABR0TFW4,Aureobasidium pullulans,0,
A0ABR0TFT0,Aureobasidium pullulans,0,
A0ABR0TEH6,Aureobasidium pullulans,0,
A0ABR0TEG9,Aureobasidium pullulans,0,
A0ABR0TEH5,Aureobasidium pullulans,0,
A0ABR0TEI4,Aureobasidium pullulans,0,
A0ABR0TEI7,Aureobasidium pullulans,0,
A0ABR0TFY5,Aureobasidium pullulans,0,
A0ABR0TFP7,Aureobasidium pullulans,0,
A0ABR0TET8,Aureobasidium pullulans,0,
A0ABR0TEN7,Aureobasidium pullulans,0,
A0ABR0TG19,Aureobasidium pullulans,0,
A0ABR0TEQ6,Aureobasidium pullulans,0,
A0ABR0TER2,Aureobasidium pullulans,0,
A0ABR0TEQ9,Aureobasidium pullulans,0,
A0ABR0TG82,Aureobasidium pullulans,0,
A0ABR0TG29,Aureobasidium pullulans,0,
A0ABR0TES1,Aureobasidium pullulans,0,
A0ABR0TFM9,Aureobasidium pullulans,0,
A0ABR0TF14,Aureobasidium pullulans,0,
A0ABR0TET3,Aureobasidium pullulans,0,
A0ABR0TET5,Aureobasidium pullulans,0,
A0ABR0TEV3,Aureobasidium pullulans,0,
A0ABR0TFC7,Aureobasidium pullulans,0,
A0ABR0TEW2,Aureobasidium pullulans,0,
A0ABR0TEX2,Aureobasidium pullulans,0,
A0ABR0TFE5,Aureobasidium pullulans,0,
A0ABR0TEY7,Aureobasidium pullulans,0,
A0ABR0TF72,Aureobasidium pullulans,0,
A0ABR0TEZ3,Aureobasidium pullulans,0,
A0ABR0TEZ1,Aureobasidium pullulans,0,
A0ABR0TF07,Aureobasidium pullulans,0,
A0ABR0TGF7,Aureobasidium pullulans,0,
A0ABR0TGH7,Aureobasidium pullulans,0,
A0ABR0TF86,Aureobasidium pullulans,0,
A0ABR0TFX2,Aureobasidium pullulans,0,
A0ABR0TF30,Aureobasidium pullulans,0,
A0ABR0TF41,Aureobasidium pullulans,0,
A0ABR0TF29,Aureobasidium pullulans,0,
A0ABR0TF35,Aureobasidium pullulans,0,
A0ABR0TGA2,Aureobasidium pullulans,0,
A0ABR0TF61,Aureobasidium pullulans,0,
A0ABR0TGN2,Aureobasidium pullulans,0,
A0ABR0TFE7,Aureobasidium pullulans,0,
A0ABR0TF63,Aureobasidium pullulans,0,
A0ABR0TGN4,Aureobasidium pullulans,0,
A0ABR0TG40,Aureobasidium pullulans,0,
A0ABR0TGJ1,Aureobasidium pullulans,0,
A0ABR0TF81,Aureobasidium pullulans,0,
A0ABR0TGE5,Aureobasidium pullulans,0,
A0ABR0TFA8,Aureobasidium pullulans,0,
A0ABR0TG81,Aureobasidium pullulans,0,
A0ABR0TFC9,Aureobasidium pullulans,0,
A0ABR0TFS7,Aureobasidium pullulans,0,
A0ABR0TGP0,Aureobasidium pullulans,0,
A0ABR0TFD5,Aureobasidium pullulans,0,
A0ABR0TFW7,Aureobasidium pullulans,0,
A0ABR0TFF9,Aureobasidium pullulans,0,
A0ABR0TFF4,Aureobasidium pullulans,0,
A0ABR0TFG0,Aureobasidium pullulans,0,
A0ABR0TGE3,Aureobasidium pullulans,0,
A0ABR0TFZ3,Aureobasidium pullulans,0,
A0ABR0TGP7,Aureobasidium pullulans,0,
A0ABR0TFJ6,Aureobasidium pullulans,0,
A0ABR0TFK6,Aureobasidium pullulans,0,
A0ABR0TH44,Aureobasidium pullulans,0,
A0ABR0TFN9,Aureobasidium pullulans,0,
A0ABR0TFY1,Aureobasidium pullulans,0,
A0ABR0TFP9,Aureobasidium pullulans,0,
A0ABR0TFQ4,Aureobasidium pullulans,0,
A0ABR0TH80,Aureobasidium pullulans,0,
A0ABR0TH92,Aureobasidium pullulans,0,
A0ABR0TFR9,Aureobasidium pullulans,0,
A0ABR0TG04,Aureobasidium pullulans,0,
A0ABR0TH94,Aureobasidium pullulans,0,
A0ABR0TG25,Aureobasidium pullulans,0,
A0ABR0THA8,Aureobasidium pullulans,0,
A0ABR0TH85,Aureobasidium pullulans,0,
A0ABR0TFX6,Aureobasidium pullulans,0,
A0ABR0THE0,Aureobasidium pullulans,0,
A0ABR0TFX7,Aureobasidium pullulans,0,
A0ABR0THA4,Aureobasidium pullulans,0,
A0ABR0TFZ5,Aureobasidium pullulans,0,
A0ABR0TFZ0,Aureobasidium pullulans,0,
A0ABR0TGI3,Aureobasidium pullulans,0,
A0ABR0TG15,Aureobasidium pullulans,0,
A0ABR0THI0,Aureobasidium pullulans,0,
A0ABR0TGA9,Aureobasidium pullulans,0,
A0ABR0TG27,Aureobasidium pullulans,0,
A0ABR0TG32,Aureobasidium pullulans,0,
A0ABR0TG44,Aureobasidium pullulans,0,
A0ABR0TG21,Aureobasidium pullulans,0,
A0ABR0TG24,Aureobasidium pullulans,0,
A0ABR0THK7,Aureobasidium pullulans,0,
A0ABR0TGZ4,Aureobasidium pullulans,0,
A0ABR0TG59,Aureobasidium pullulans,0,
A0ABR0TGE1,Aureobasidium pullulans,0,
A0ABR0TG58,Aureobasidium pullulans,0,
A0ABR0TG45,Aureobasidium pullulans,0,
A0ABR0TGF4,Aureobasidium pullulans,0,
A0ABR0TGR6,Aureobasidium pullulans,0,
A0ABR0TGG8,Aureobasidium pullulans,0,
A0ABR0TG80,Aureobasidium pullulans,0,
A0ABR0TG93,Aureobasidium pullulans,0,
A0ABR0TGA6,Aureobasidium pullulans,0,
A0ABR0TGB3,Aureobasidium pullulans,0,
A0ABR0TGA1,Aureobasidium pullulans,0,
A0ABR0TGB9,Aureobasidium pullulans,0,
A0ABR0TGD7,Aureobasidium pullulans,0,
A0ABR0TGB5,Aureobasidium pullulans,0,
A0ABR0THV1,Aureobasidium pullulans,0,
A0ABR0TGC1,Aureobasidium pullulans,0,
A0ABR0TGD6,Aureobasidium pullulans,0,
A0ABR0TGE9,Aureobasidium pullulans,0,
A0ABR0TGE8,Aureobasidium pullulans,0,
A0ABR0TGH0,Aureobasidium pullulans,0,
A0ABR0TGG5,Aureobasidium pullulans,0,
A0ABR0THU1,Aureobasidium pullulans,0,
A0ABR0TGH4,Aureobasidium pullulans,0,
A0ABR0TGI4,Aureobasidium pullulans,0,
A0ABR0TGJ3,Aureobasidium pullulans,0,
A0ABR0TGL2,Aureobasidium pullulans,0,
A0ABR0TI34,Aureobasidium pullulans,0,
A0ABR0THH5,Aureobasidium pullulans,0,
A0ABR0TGM8,Aureobasidium pullulans,0,
A0ABR0TI48,Aureobasidium pullulans,0,
A0ABR0TI63,Aureobasidium pullulans,0,
A0ABR0TGM4,Aureobasidium pullulans,0,
A0ABR0TI06,Aureobasidium pullulans,0,
A0ABR0TI73,Aureobasidium pullulans,0,
A0ABR0THK1,Aureobasidium pullulans,0,
A0ABR0TGN9,Aureobasidium pullulans,0,
A0ABR0TH84,Aureobasidium pullulans,0,
A0ABR0TGQ8,Aureobasidium pullulans,0,
A0ABR0TH99,Aureobasidium pullulans,0,
A0ABR0TI37,Aureobasidium pullulans,0,
A0ABR0TH06,Aureobasidium pullulans,0,
A0ABR0TGT0,Aureobasidium pullulans,0,
A0ABR0TGR3,Aureobasidium pullulans,0,
A0ABR0THV7,Aureobasidium pullulans,0,
A0ABR0TGT2,Aureobasidium pullulans,0,
A0ABR0TGU2,Aureobasidium pullulans,0,
A0ABR0THC9,Aureobasidium pullulans,0,
A0ABR0TI84,Aureobasidium pullulans,0,
A0ABR0TGV1,Aureobasidium pullulans,0,
A0ABR0TGZ7,Aureobasidium pullulans,0,
A0ABR0TH07,Aureobasidium pullulans,0,
A0ABR0TGZ9,Aureobasidium pullulans,0,
A0ABR0THK6,Aureobasidium pullulans,0,
A0ABR0THY5,Aureobasidium pullulans,0,
A0ABR0TH30,Aureobasidium pullulans,0,
A0ABR0TH43,Aureobasidium pullulans,0,
A0ABR0THN1,Aureobasidium pullulans,0,
A0ABR0TH48,Aureobasidium pullulans,0,
A0ABR0TH61,Aureobasidium pullulans,0,
A0ABR0TH89,Aureobasidium pullulans,0,
A0ABR0TIB7,Aureobasidium pullulans,0,
A0ABR0TH96,Aureobasidium pullulans,0,
A0ABR0TI66,Aureobasidium pullulans,0,
A0ABR0TIM3,Aureobasidium pullulans,0,
A0ABR0THB2,Aureobasidium pullulans,0,
A0ABR0THA9,Aureobasidium pullulans,0,
A0ABR0TIU2,Aureobasidium pullulans,0,
A0ABR0THC6,Aureobasidium pullulans,0,
A0ABR0THC8,Aureobasidium pullulans,0,
A0ABR0TIV5,Aureobasidium pullulans,0,
A0ABR0THD8,Aureobasidium pullulans,0,
A0ABR0THE4,Aureobasidium pullulans,0,
A0ABR0THF0,Aureobasidium pullulans,0,
A0ABR0THP6,Aureobasidium pullulans,0,
A0ABR0THF5,Aureobasidium pullulans,0,
A0ABR0THQ9,Aureobasidium pullulans,0,
A0ABR0THH2,Aureobasidium pullulans,0,
A0ABR0THH3,Aureobasidium pullulans,0,
A0ABR0TJ05,Aureobasidium pullulans,0,
A0ABR0TID3,Aureobasidium pullulans,0,
A0ABR0TIE3,Aureobasidium pullulans,0,
A0ABR0TIK6,Aureobasidium pullulans,0,
A0ABR0THT8,Aureobasidium pullulans,0,
A0ABR0THL4,Aureobasidium pullulans,0,
A0ABR0THJ6,Aureobasidium pullulans,0,
A0ABR0THK2,Aureobasidium pullulans,0,
A0ABR0THM1,Aureobasidium pullulans,0,
A0ABR0THL8,Aureobasidium pullulans,0,
A0ABR0THN2,Aureobasidium pullulans,0,
A0ABR0TJ60,Aureobasidium pullulans,0,
A0ABR0TIP9,Aureobasidium pullulans,0,
A0ABR0THQ7,Aureobasidium pullulans,0,
A0ABR0THR5,Aureobasidium pullulans,0,
A0ABR0THT2,Aureobasidium pullulans,0,
A0ABR0TI29,Aureobasidium pullulans,0,
A0ABR0THW5,Aureobasidium pullulans,0,
A0ABR0TJC9,Aureobasidium pullulans,0,
A0ABR0TIP3,Aureobasidium pullulans,0,
A0ABR0TJ83,Aureobasidium pullulans,0,
A0ABR0THV2,Aureobasidium pullulans,0,
A0ABR0THU4,Aureobasidium pullulans,0,
A0ABR0TIQ7,Aureobasidium pullulans,0,
A0ABR0THW0,Aureobasidium pullulans,0,
A0ABR0TJC7,Aureobasidium pullulans,0,
A0ABR0TI93,Aureobasidium pullulans,0,
A0ABR0TI07,Aureobasidium pullulans,0,
A0ABR0TJK2,Aureobasidium pullulans,0,
A0ABR0TI21,Aureobasidium pullulans,0,
A0ABR0TI30,Aureobasidium pullulans,0,
A0ABR0TJM2,Aureobasidium pullulans,0,
A0ABR0TJ48,Aureobasidium pullulans,0,
A0ABR0TI42,Aureobasidium pullulans,0,
A0ABR0TI33,Aureobasidium pullulans,0,
A0ABR0TJ62,Aureobasidium pullulans,0,
A0ABR0TI91,Aureobasidium pullulans,0,
A0ABR0TJT4,Aureobasidium pullulans,0,
A0ABR0TIA2,Aureobasidium pullulans,0,
A0ABR0TJP2,Aureobasidium pullulans,0,
A0ABR0TJA5,Aureobasidium pullulans,0,
A0ABR0TI96,Aureobasidium pullulans,0,
A0ABR0TIU0,Aureobasidium pullulans,0,
A0ABR0TIE2,Aureobasidium pullulans,0,
A0ABR0TIA6,Aureobasidium pullulans,0,
A0ABR0TIC5,Aureobasidium pullulans,0,
A0ABR0TJY8,Aureobasidium pullulans,0,
A0ABR0TID9,Aureobasidium pullulans,0,
A0ABR0TIE4,Aureobasidium pullulans,0,
A0ABR0TID1,Aureobasidium pullulans,0,
A0ABR0TIE7,Aureobasidium pullulans,0,
A0ABR0TIR0,Aureobasidium pullulans,0,
A0ABR0TIF4,Aureobasidium pullulans,0,
A0ABR0TK20,Aureobasidium pullulans,0,
A0ABR0TIH6,Aureobasidium pullulans,0,
A0ABR0TJE0,Aureobasidium pullulans,0,
A0ABR0TJ19,Aureobasidium pullulans,0,
A0ABR0TIW2,Aureobasidium pullulans,0,
A0ABR0TIQ1,Aureobasidium pullulans,0,
A0ABR0TJ67,Aureobasidium pullulans,0,
A0ABR0TK83,Aureobasidium pullulans,0,
A0ABR0TK93,Aureobasidium pullulans,0,
A0ABR0TIP1,Aureobasidium pullulans,0,
A0ABR0TJ84,Aureobasidium pullulans,0,
A0ABR0TK45,Aureobasidium pullulans,0,
A0ABR0TJP8,Aureobasidium pullulans,0,
A0ABR0TIT2,Aureobasidium pullulans,0,
A0ABR0TK59,Aureobasidium pullulans,0,
A0ABR0TJ07,Aureobasidium pullulans,0,
A0ABR0TK75,Aureobasidium pullulans,0,
A0ABR0TJS5,Aureobasidium pullulans,0,
A0ABR0TJ21,Aureobasidium pullulans,0,
A0ABR0TIR3,Aureobasidium pullulans,0,
A0ABR0TIW3,Aureobasidium pullulans,0,
A0ABR0TIR5,Aureobasidium pullulans,0,
A0ABR0TJC4,Aureobasidium pullulans,0,
A0ABR0TIX9,Aureobasidium pullulans,0,
A0ABR0TIT0,Aureobasidium pullulans,0,
A0ABR0TJV2,Aureobasidium pullulans,0,
A0ABR0TIU1,Aureobasidium pullulans,0,
A0ABR0TKF1,Aureobasidium pullulans,0,
A0ABR0TJR6,Aureobasidium pullulans,0,
A0ABR0TJF1,Aureobasidium pullulans,0,
A0ABR0TIW1,Aureobasidium pullulans,0,
A0ABR0TJ04,Aureobasidium pullulans,0,
A0ABR0TIV9,Aureobasidium pullulans,0,
A0ABR0TJG6,Aureobasidium pullulans,0,
A0ABR0TJX7,Aureobasidium pullulans,0,
A0ABR0TIW8,Aureobasidium pullulans,0,
A0ABR0TJU2,Aureobasidium pullulans,0,
A0ABR0TIY3,Aureobasidium pullulans,0,
A0ABR0TJW6,Aureobasidium pullulans,0,
A0ABR0TJ29,Aureobasidium pullulans,0,
A0ABR0TJL6,Aureobasidium pullulans,0,
A0ABR0TKI0,Aureobasidium pullulans,0,
A0ABR0TJ26,Aureobasidium pullulans,0,
A0ABR0TJP6,Aureobasidium pullulans,0,
A0ABR0TKL5,Aureobasidium pullulans,0,
A0ABR0TK67,Aureobasidium pullulans,0,
A0ABR0TJ59,Aureobasidium pullulans,0,
A0ABR0TKP5,Aureobasidium pullulans,0,
A0ABR0TJI3,Aureobasidium pullulans,0,
A0ABR0TJ82,Aureobasidium pullulans,0,
A0ABR0TK95,Aureobasidium pullulans,0,
A0ABR0TKW3,Aureobasidium pullulans,0,
A0ABR0TK64,Aureobasidium pullulans,0,
A0ABR0TKZ0,Aureobasidium pullulans,0,
A0ABR0TKX3,Aureobasidium pullulans,0,
A0ABR0TJF3,Aureobasidium pullulans,0,
A0ABR0TKD9,Aureobasidium pullulans,0,
A0ABR0TJM8,Aureobasidium pullulans,0,
A0ABR0TL54,Aureobasidium pullulans,0,
A0ABR0TL35,Aureobasidium pullulans,0,
A0ABR0TJK5,Aureobasidium pullulans,0,
A0ABR0TJK9,Aureobasidium pullulans,0,
A0ABR0TJK6,Aureobasidium pullulans,0,
A0ABR0TJP1,Aureobasidium pullulans,0,
A0ABR0TJK4,Aureobasidium pullulans,0,
A0ABR0TL49,Aureobasidium pullulans,0,
A0ABR0TL96,Aureobasidium pullulans,0,
A0ABR0TL63,Aureobasidium pullulans,0,
A0ABR0TJN2,Aureobasidium pullulans,0,
A0ABR0TLA0,Aureobasidium pullulans,0,
A0ABR0TJS1,Aureobasidium pullulans,0,
A0ABR0TK96,Aureobasidium pullulans,0,
A0ABR0TKQ8,Aureobasidium pullulans,0,
A0ABR0TJR5,Aureobasidium pullulans,0,
A0ABR0TKT8,Aureobasidium pullulans,0,
A0ABR0TJX6,Aureobasidium pullulans,0,
A0ABR0TLE5,Aureobasidium pullulans,0,
A0ABR0TJZ0,Aureobasidium pullulans,0,
A0ABR0TLG2,Aureobasidium pullulans,0,
A0ABR0TLH6,Aureobasidium pullulans,0,
A0ABR0TKR9,Aureobasidium pullulans,0,
A0ABR0TLE9,Aureobasidium pullulans,0,
A0ABR0TJY7,Aureobasidium pullulans,0,
A0ABR0TLK3,Aureobasidium pullulans,0,
A0ABR0TLK8,Aureobasidium pullulans,0,
A0ABR0TK26,Aureobasidium pullulans,0,
A0ABR0TK06,Aureobasidium pullulans,0,
A0ABR0TKW7,Aureobasidium pullulans,0,
A0ABR0TK66,Aureobasidium pullulans,0,
A0ABR0TK15,Aureobasidium pullulans,0,
A0ABR0TK22,Aureobasidium pullulans,0,
A0ABR0TLN4,Aureobasidium pullulans,0,
A0ABR0TKY1,Aureobasidium pullulans,0,
A0ABR0TK56,Aureobasidium pullulans,0,
A0ABR0TK80,Aureobasidium pullulans,0,
A0ABR0TK33,Aureobasidium pullulans,0,
A0ABR0TK74,Aureobasidium pullulans,0,
A0ABR0TLR0,Aureobasidium pullulans,0,
A0ABR0TKZ7,Aureobasidium pullulans,0,
A0ABR0TK46,Aureobasidium pullulans,0,
A0ABR0TK55,Aureobasidium pullulans,0,
A0ABR0TLS1,Aureobasidium pullulans,0,
A0ABR0TL12,Aureobasidium pullulans,0,
A0ABR0TKA7,Aureobasidium pullulans,0,
A0ABR0TK72,Aureobasidium pullulans,0,
A0ABR0TL22,Aureobasidium pullulans,0,
A0ABR0TK87,Aureobasidium pullulans,0,
A0ABR0TKW4,Aureobasidium pullulans,0,
A0ABR0TLV9,Aureobasidium pullulans,0,
A0ABR0TLY1,Aureobasidium pullulans,0,
A0ABR0TL03,Aureobasidium pullulans,0,
A0ABR0TLZ1,Aureobasidium pullulans,0,
A0ABR0TKQ9,Aureobasidium pullulans,0,
A0ABR0TKF3,Aureobasidium pullulans,0,
A0ABR0TL20,Aureobasidium pullulans,0,
A0ABR0TKK7,Aureobasidium pullulans,0,
A0ABR0TKM0,Aureobasidium pullulans,0,
A0ABR0TKI8,Aureobasidium pullulans,0,
A0ABR0TLL4,Aureobasidium pullulans,0,
A0ABR0TKK2,Aureobasidium pullulans,0,
A0ABR0TKX1,Aureobasidium pullulans,0,
A0ABR0TKL9,Aureobasidium pullulans,0,
A0ABR0TKM1,Aureobasidium pullulans,0,
A0ABR0TKL7,Aureobasidium pullulans,0,
A0ABR0TM78,Aureobasidium pullulans,0,
A0ABR0TL76,Aureobasidium pullulans,0,
A0ABR0TM94,Aureobasidium pullulans,0,
A0ABR0TL02,Aureobasidium pullulans,0,
A0ABR0TKP8,Aureobasidium pullulans,0,
A0ABR0TKP6,Aureobasidium pullulans,0,
A0ABR0TKT1,Aureobasidium pullulans,0,
A0ABR0TKQ2,Aureobasidium pullulans,0,
A0ABR0TMA7,Aureobasidium pullulans,0,
A0ABR0TKV2,Aureobasidium pullulans,0,
A0ABR0TKR3,Aureobasidium pullulans,0,
A0ABR0TKR6,Aureobasidium pullulans,0,
A0ABR0TMC2,Aureobasidium pullulans,0,
A0ABR0TMB6,Aureobasidium pullulans,0,
A0ABR0TKT2,Aureobasidium pullulans,0,
A0ABR0TKS6,Aureobasidium pullulans,0,
A0ABR0TLM7,Aureobasidium pullulans,0,
A0ABR0TKW8,Aureobasidium pullulans,0,
A0ABR0TMF7,Aureobasidium pullulans,0,
A0ABR0TLI6,Aureobasidium pullulans,0,
A0ABR0TMJ5,Aureobasidium pullulans,0,
A0ABR0TL27,Aureobasidium pullulans,0,
A0ABR0TL29,Aureobasidium pullulans,0,
A0ABR0TL25,Aureobasidium pullulans,0,
A0ABR0TMM1,Aureobasidium pullulans,0,
A0ABR0TMK8,Aureobasidium pullulans,0,
A0ABR0TL41,Aureobasidium pullulans,0,
A0ABR0TL58,Aureobasidium pullulans,0,
A0ABR0TL57,Aureobasidium pullulans,0,
A0ABR0TL65,Aureobasidium pullulans,0,
A0ABR0TLB2,Aureobasidium pullulans,0,
A0ABR0TMS3,Aureobasidium pullulans,0,
A0ABR0TMT2,Aureobasidium pullulans,0,
A0ABR0TL99,Aureobasidium pullulans,0,
A0ABR0TMQ2,Aureobasidium pullulans,0,
A0ABR0TLJ9,Aureobasidium pullulans,0,
A0ABR0TLD5,Aureobasidium pullulans,0,
A0ABR0TLB3,Aureobasidium pullulans,0,
A0ABR0TM58,Aureobasidium pullulans,0,
A0ABR0TLD7,Aureobasidium pullulans,0,
A0ABR0TLE3,Aureobasidium pullulans,0,
A0ABR0TLD6,Aureobasidium pullulans,0,
A0ABR0TLF3,Aureobasidium pullulans,0,
A0ABR0TMX8,Aureobasidium pullulans,0,
A0ABR0TLP5,Aureobasidium pullulans,0,
A0ABR0TLK2,Aureobasidium pullulans,0,
A0ABR0TLK7,Aureobasidium pullulans,0,
A0ABR0TN44,Aureobasidium pullulans,0,
A0ABR0TMD7,Aureobasidium pullulans,0,
A0ABR0TLY3,Aureobasidium pullulans,0,
A0ABR0TLN5,Aureobasidium pullulans,0,
A0ABR0TN97,Aureobasidium pullulans,0,
A0ABR0TN55,Aureobasidium pullulans,0,
A0ABR0TMI0,Aureobasidium pullulans,0,
A0ABR0TLQ6,Aureobasidium pullulans,0,
A0ABR0TLX1,Aureobasidium pullulans,0,
A0ABR0TLR5,Aureobasidium pullulans,0,
A0ABR0TM25,Aureobasidium pullulans,0,
A0ABR0TLX2,Aureobasidium pullulans,0,
A0ABR0TLW7,Aureobasidium pullulans,0,
A0ABR0TM30,Aureobasidium pullulans,0,
A0ABR0TNJ7,Aureobasidium pullulans,0,
A0ABR0TML1,Aureobasidium pullulans,0,
A0ABR0TM26,Aureobasidium pullulans,0,
A0ABR0TM71,Aureobasidium pullulans,0,
A0ABR0TMP1,Aureobasidium pullulans,0,
A0ABR0TMD9,Aureobasidium pullulans,0,
A0ABR0TM65,Aureobasidium pullulans,0,
A0ABR0TMZ8,Aureobasidium pullulans,0,
A0ABR0TNM6,Aureobasidium pullulans,0,
A0ABR0TNR6,Aureobasidium pullulans,0,
A0ABR0TN20,Aureobasidium pullulans,0,
A0ABR0TNN5,Aureobasidium pullulans,0,
A0ABR0TN30,Aureobasidium pullulans,0,
A0ABR0TMA2,Aureobasidium pullulans,0,
A0ABR0TMD1,Aureobasidium pullulans,0,
A0ABR0TN52,Aureobasidium pullulans,0,
A0ABR0TNB4,Aureobasidium pullulans,0,
A0ABR0TMC0,Aureobasidium pullulans,0,
A0ABR0TNZ2,Aureobasidium pullulans,0,
A0ABR0TNX0,Aureobasidium pullulans,0,
A0ABR0TN83,Aureobasidium pullulans,0,
A0ABR0TN92,Aureobasidium pullulans,0,
A0ABR0TNF3,Aureobasidium pullulans,0,
A0ABR0TMI8,Aureobasidium pullulans,0,
A0ABR0TNC4,Aureobasidium pullulans,0,
A0ABR0TMK4,Aureobasidium pullulans,0,
A0ABR0TNZ6,Aureobasidium pullulans,0,
A0ABR0TMJ7,Aureobasidium pullulans,0,
A0ABR0TN64,Aureobasidium pullulans,0,
A0ABR0TMM2,Aureobasidium pullulans,0,
A0ABR0TMP6,Aureobasidium pullulans,0,
A0ABR0TNI5,Aureobasidium pullulans,0,
A0ABR0TMR0,Aureobasidium pullulans,0,
A0ABR0TMU3,Aureobasidium pullulans,0,
A0ABR0TMR2,Aureobasidium pullulans,0,
A0ABR0TMQ9,Aureobasidium pullulans,0,
A0ABR0TN09,Aureobasidium pullulans,0,
A0ABR0TMS1,Aureobasidium pullulans,0,
A0ABR0TMV8,Aureobasidium pullulans,0,
A0ABR0TMS5,Aureobasidium pullulans,0,
A0ABR0TP71,Aureobasidium pullulans,0,
A0ABR0TPD7,Aureobasidium pullulans,0,
A0ABR0TMU7,Aureobasidium pullulans,0,
A0ABR0TMX0,Aureobasidium pullulans,0,
A0ABR0TMW7,Aureobasidium pullulans,0,
A0ABR0TMX5,Aureobasidium pullulans,0,
A0ABR0TNS6,Aureobasidium pullulans,0,
A0ABR0TMZ3,Aureobasidium pullulans,0,
A0ABR0TN29,Aureobasidium pullulans,0,
A0ABR0TPP0,Aureobasidium pullulans,0,
A0ABR0TN53,Aureobasidium pullulans,0,
A0ABR0TP29,Aureobasidium pullulans,0,
A0ABR0TND4,Aureobasidium pullulans,0,
A0ABR0TN33,Aureobasidium pullulans,0,
A0ABR0TN56,Aureobasidium pullulans,0,
A0ABR0TNY8,Aureobasidium pullulans,0,
A0ABR0TNQ1,Aureobasidium pullulans,0,
A0ABR0TN54,Aureobasidium pullulans,0,
A0ABR0TN65,Aureobasidium pullulans,0,
A0ABR0TN63,Aureobasidium pullulans,0,
A0ABR0TPN1,Aureobasidium pullulans,0,
A0ABR0TN96,Aureobasidium pullulans,0,
A0ABR0TNB3,Aureobasidium pullulans,0,
A0ABR0TPN9,Aureobasidium pullulans,0,
A0ABR0TN87,Aureobasidium pullulans,0,
A0ABR0TPV4,Aureobasidium pullulans,0,
A0ABR0TP56,Aureobasidium pullulans,0,
A0ABR0TNB1,Aureobasidium pullulans,0,
A0ABR0TND9,Aureobasidium pullulans,0,
A0ABR0TNC5,Aureobasidium pullulans,0,
A0ABR0TND1,Aureobasidium pullulans,0,
A0ABR0TNB8,Aureobasidium pullulans,0,
A0ABR0TNY0,Aureobasidium pullulans,0,
A0ABR0TPC6,Aureobasidium pullulans,0,
A0ABR0TND5,Aureobasidium pullulans,0,
A0ABR0TNE5,Aureobasidium pullulans,0,
A0ABR0TND8,Aureobasidium pullulans,0,
A0ABR0TNE6,Aureobasidium pullulans,0,
A0ABR0TNE7,Aureobasidium pullulans,0,
A0ABR0TQ18,Aureobasidium pullulans,0,
A0ABR0TND6,Aureobasidium pullulans,0,
A0ABR0TPD8,Aureobasidium pullulans,0,
A0ABR0TNF7,Aureobasidium pullulans,0,
A0ABR0TNH5,Aureobasidium pullulans,0,
A0ABR0TNF5,Aureobasidium pullulans,0,
A0ABR0TNH1,Aureobasidium pullulans,0,
A0ABR0TPH5,Aureobasidium pullulans,0,
A0ABR0TNM9,Aureobasidium pullulans,0,
A0ABR0TNN8,Aureobasidium pullulans,0,
A0ABR0TNN3,Aureobasidium pullulans,0,
A0ABR0TPA0,Aureobasidium pullulans,0,
A0ABR0TPB4,Aureobasidium pullulans,0,
A0ABR0TNT8,Aureobasidium pullulans,0,
A0ABR0TQ95,Aureobasidium pullulans,0,
A0ABR0TPT7,Aureobasidium pullulans,0,
A0ABR0TP61,Aureobasidium pullulans,0,
A0ABR0TNZ0,Aureobasidium pullulans,0,
A0ABR0TPZ5,Aureobasidium pullulans,0,
A0ABR0TP13,Aureobasidium pullulans,0,
A0ABR0TQP5,Aureobasidium pullulans,0,
A0ABR0TP37,Aureobasidium pullulans,0,
A0ABR0TP31,Aureobasidium pullulans,0,
A0ABR0TP51,Aureobasidium pullulans,0,
A0ABR0TP15,Aureobasidium pullulans,0,
A0ABR0TQ28,Aureobasidium pullulans,0,
A0ABR0TP40,Aureobasidium pullulans,0,
A0ABR0TP65,Aureobasidium pullulans,0,
A0ABR0TP52,Aureobasidium pullulans,0,
A0ABR0TQS1,Aureobasidium pullulans,0,
A0ABR0TP94,Aureobasidium pullulans,0,
A0ABR0TP68,Aureobasidium pullulans,0,
A0ABR0TQT6,Aureobasidium pullulans,0,
A0ABR0TP77,Aureobasidium pullulans,0,
A0ABR0TQP2,Aureobasidium pullulans,0,
A0ABR0TPJ3,Aureobasidium pullulans,0,
A0ABR0TP93,Aureobasidium pullulans,0,
A0ABR0TPM1,Aureobasidium pullulans,0,
A0ABR0TPC5,Aureobasidium pullulans,0,
A0ABR0TQZ6,Aureobasidium pullulans,0,
A0ABR0TQY2,Aureobasidium pullulans,0,
A0ABR0TPM4,Aureobasidium pullulans,0,
A0ABR0TPF5,Aureobasidium pullulans,0,
A0ABR0TPP7,Aureobasidium pullulans,0,
A0ABR0TPD5,Aureobasidium pullulans,0,
A0ABR0TQE3,Aureobasidium pullulans,0,
A0ABR0TPI6,Aureobasidium pullulans,0,
A0ABR0TR57,Aureobasidium pullulans,0,
A0ABR0TPH6,Aureobasidium pullulans,0,
A0ABR0TPJ9,Aureobasidium pullulans,0,
A0ABR0TPK0,Aureobasidium pullulans,0,
A0ABR0TR89,Aureobasidium pullulans,0,
A0ABR0TQJ0,Aureobasidium pullulans,0,
A0ABR0TQL6,Aureobasidium pullulans,0,
A0ABR0TPP4,Aureobasidium pullulans,0,
A0ABR0TRA3,Aureobasidium pullulans,0,
A0ABR0TPN8,Aureobasidium pullulans,0,
A0ABR0TRB5,Aureobasidium pullulans,0,
A0ABR0TQP6,Aureobasidium pullulans,0,
A0ABR0TQ87,Aureobasidium pullulans,0,
A0ABR0TQQ4,Aureobasidium pullulans,0,
A0ABR0TPQ2,Aureobasidium pullulans,0,
A0ABR0TPQ3,Aureobasidium pullulans,0,
A0ABR0TRE9,Aureobasidium pullulans,0,
A0ABR0TR81,Aureobasidium pullulans,0,
A0ABR0TQR8,Aureobasidium pullulans,0,
A0ABR0TPT4,Aureobasidium pullulans,0,
A0ABR0TPV9,Aureobasidium pullulans,0,
A0ABR0TQV5,Aureobasidium pullulans,0,
A0ABR0TPY4,Aureobasidium pullulans,0,
A0ABR0TPY2,Aureobasidium pullulans,0,
A0ABR0TQX3,Aureobasidium pullulans,0,
A0ABR0TPX9,Aureobasidium pullulans,0,
A0ABR0TRH1,Aureobasidium pullulans,0,
A0ABR0TQ23,Aureobasidium pullulans,0,
A0ABR0TQ31,Aureobasidium pullulans,0,
A0ABR0TQG1,Aureobasidium pullulans,0,
A0ABR0TQ72,Aureobasidium pullulans,0,
A0ABR0TRL3,Aureobasidium pullulans,0,
A0ABR0TQ85,Aureobasidium pullulans,0,
A0ABR0TRT4,Aureobasidium pullulans,0,
A0ABR0TR58,Aureobasidium pullulans,0,
A0ABR0TQJ2,Aureobasidium pullulans,0,
A0ABR0TQ89,Aureobasidium pullulans,0,
A0ABR0TQ98,Aureobasidium pullulans,0,
A0ABR0TR71,Aureobasidium pullulans,0,
A0ABR0TRX0,Aureobasidium pullulans,0,
A0ABR0TQ97,Aureobasidium pullulans,0,
A0ABR0TQC1,Aureobasidium pullulans,0,
A0ABR0TQC2,Aureobasidium pullulans,0,
A0ABR0TQU7,Aureobasidium pullulans,0,
A0ABR0TR99,Aureobasidium pullulans,0,
A0ABR0TQP3,Aureobasidium pullulans,0,
A0ABR0TQV6,Aureobasidium pullulans,0,
A0ABR0TRV0,Aureobasidium pullulans,0,
A0ABR0TRB3,Aureobasidium pullulans,0,
A0ABR0TQE9,Aureobasidium pullulans,0,
A0ABR0TS04,Aureobasidium pullulans,0,
A0ABR0TRE4,Aureobasidium pullulans,0,
A0ABR0TQE8,Aureobasidium pullulans,0,
A0ABR0TQG9,Aureobasidium pullulans,0,
A0ABR0TS52,Aureobasidium pullulans,0,
A0ABR0TQK0,Aureobasidium pullulans,0,
A0ABR0TQJ3,Aureobasidium pullulans,0,
A0ABR0TQL3,Aureobasidium pullulans,0,
A0ABR0TQK9,Aureobasidium pullulans,0,
A0ABR0TQQ1,Aureobasidium pullulans,0,
A0ABR0TQN3,Aureobasidium pullulans,0,
A0ABR0TR64,Aureobasidium pullulans,0,
A0ABR0TQN9,Aureobasidium pullulans,0,
A0ABR0TRM3,Aureobasidium pullulans,0,
A0ABR0TQR4,Aureobasidium pullulans,0,
A0ABR0TQR5,Aureobasidium pullulans,0,
A0ABR0TSG2,Aureobasidium pullulans,0,
A0ABR0TQT0,Aureobasidium pullulans,0,
A0ABR0TRQ1,Aureobasidium pullulans,0,
A0ABR0TRU4,Aureobasidium pullulans,0,
A0ABR0TR87,Aureobasidium pullulans,0,
A0ABR0TQU9,Aureobasidium pullulans,0,
A0ABR0TSI9,Aureobasidium pullulans,0,
A0ABR0TRE8,Aureobasidium pullulans,0,
A0ABR0TR97,Aureobasidium pullulans,0,
A0ABR0TQV8,Aureobasidium pullulans,0,
A0ABR0TSJ2,Aureobasidium pullulans,0,
A0ABR0TQX7,Aureobasidium pullulans,0,
A0ABR0TRG2,Aureobasidium pullulans,0,
A0ABR0TSE3,Aureobasidium pullulans,0,
A0ABR0TQX2,Aureobasidium pullulans,0,
A0ABR0TSL6,Aureobasidium pullulans,0,
A0ABR0TSF8,Aureobasidium pullulans,0,
A0ABR0TRC7,Aureobasidium pullulans,0,
A0ABR0TSP6,Aureobasidium pullulans,0,
A0ABR0TRL1,Aureobasidium pullulans,0,
A0ABR0TSJ1,Aureobasidium pullulans,0,
A0ABR0TRF7,Aureobasidium pullulans,0,
A0ABR0TR22,Aureobasidium pullulans,0,
A0ABR0TRM4,Aureobasidium pullulans,0,
A0ABR0TRY8,Aureobasidium pullulans,0,
A0ABR0TSS4,Aureobasidium pullulans,0,
A0ABR0TS18,Aureobasidium pullulans,0,
A0ABR0TR63,Aureobasidium pullulans,0,
A0ABR0TS34,Aureobasidium pullulans,0,
A0ABR0TRL4,Aureobasidium pullulans,0,
A0ABR0TRD4,Aureobasidium pullulans,0,
A0ABR0TRC9,Aureobasidium pullulans,0,
A0ABR0TRW6,Aureobasidium pullulans,0,
A0ABR0TRU0,Aureobasidium pullulans,0,
A0ABR0TSH4,Aureobasidium pullulans,0,
A0ABR0TS24,Aureobasidium pullulans,0,
A0ABR0TRX3,Aureobasidium pullulans,0,
A0ABR0TRL2,Aureobasidium pullulans,0,
A0ABR0TRY5,Aureobasidium pullulans,0,
A0ABR0TRK0,Aureobasidium pullulans,0,
A0ABR0TS56,Aureobasidium pullulans,0,
A0ABR0TRM0,Aureobasidium pullulans,0,
A0ABR0TRP4,Aureobasidium pullulans,0,
A0ABR0TRU1,Aureobasidium pullulans,0,
A0ABR0TTH4,Aureobasidium pullulans,0,
A0ABR0TRW0,Aureobasidium pullulans,0,
A0ABR0TRV4,Aureobasidium pullulans,0,
A0ABR0TSR2,Aureobasidium pullulans,0,
A0ABR0TS25,Aureobasidium pullulans,0,
A0ABR0TS38,Aureobasidium pullulans,0,
A0ABR0TRY6,Aureobasidium pullulans,0,
A0ABR0TS03,Aureobasidium pullulans,0,
A0ABR0TTQ0,Aureobasidium pullulans,0,
A0ABR0TT17,Aureobasidium pullulans,0,
A0ABR0TS09,Aureobasidium pullulans,0,
A0ABR0TTK7,Aureobasidium pullulans,0,
A0ABR0TSU2,Aureobasidium pullulans,0,
A0ABR0TRZ8,Aureobasidium pullulans,0,
A0ABR0TRZ9,Aureobasidium pullulans,0,
A0ABR0TTR5,Aureobasidium pullulans,0,
A0ABR0TTQ2,Aureobasidium pullulans,0,
A0ABR0TS22,Aureobasidium pullulans,0,
A0ABR0TS37,Aureobasidium pullulans,0,
A0ABR0TS30,Aureobasidium pullulans,0,
A0ABR0TS36,Aureobasidium pullulans,0,
A0ABR0TSR4,Aureobasidium pullulans,0,
A0ABR0TS59,Aureobasidium pullulans,0,
A0ABR0TTW4,Aureobasidium pullulans,0,
A0ABR0TSL3,Aureobasidium pullulans,0,
A0ABR0TTS8,Aureobasidium pullulans,0,
A0ABR0TS78,Aureobasidium pullulans,0,
A0ABR0TSA2,Aureobasidium pullulans,0,
A0ABR0TSE0,Aureobasidium pullulans,0,
A0ABR0TSR8,Aureobasidium pullulans,0,
A0ABR0TSC6,Aureobasidium pullulans,0,
A0ABR0TTE8,Aureobasidium pullulans,0,
A0ABR0TSD6,Aureobasidium pullulans,0,
A0ABR0TSC3,Aureobasidium pullulans,0,
A0ABR0TSJ9,Aureobasidium pullulans,0,
A0ABR0TU58,Aureobasidium pullulans,0,
A0ABR0TSL9,Aureobasidium pullulans,0,
A0ABR0TSM1,Aureobasidium pullulans,0,
A0ABR0TUC7,Aureobasidium pullulans,0,
A0ABR0TSP3,Aureobasidium pullulans,0,
A0ABR0TSS0,Aureobasidium pullulans,0,
A0ABR0TTC7,Aureobasidium pullulans,0,
A0ABR0TSQ0,Aureobasidium pullulans,0,
A0ABR0TSR6,Aureobasidium pullulans,0,
A0ABR0TSP9,Aureobasidium pullulans,0,
A0ABR0TUI2,Aureobasidium pullulans,0,
A0ABR0TSW0,Aureobasidium pullulans,0,
A0ABR0TSU4,Aureobasidium pullulans,0,
A0ABR0TT93,Aureobasidium pullulans,0,
A0ABR0TSV8,Aureobasidium pullulans,0,
A0ABR0TSZ6,Aureobasidium pullulans,0,
A0ABR0TSX3,Aureobasidium pullulans,0,
A0ABR0TUK6,Aureobasidium pullulans,0,
A0ABR0TSY5,Aureobasidium pullulans,0,
A0ABR0TUK7,Aureobasidium pullulans,0,
A0ABR0TT04,Aureobasidium pullulans,0,
A0ABR0TTW7,Aureobasidium pullulans,0,
A0ABR0TT09,Aureobasidium pullulans,0,
A0ABR0TT18,Aureobasidium pullulans,0,
A0ABR0TT41,Aureobasidium pullulans,0,
A0ABR0TT68,Aureobasidium pullulans,0,
A0ABR0TTT0,Aureobasidium pullulans,0,
A0ABR0TT62,Aureobasidium pullulans,0,
A0ABR0TT61,Aureobasidium pullulans,0,
A0ABR0TTA7,Aureobasidium pullulans,0,
A0ABR0TV21,Aureobasidium pullulans,0,
A0ABR0TV36,Aureobasidium pullulans,0,
A0ABR0TU14,Aureobasidium pullulans,0,
A0ABR0TTS2,Aureobasidium pullulans,0,
A0ABR0TTJ1,Aureobasidium pullulans,0,
A0ABR0TUG9,Aureobasidium pullulans,0,
A0ABR0TV25,Aureobasidium pullulans,0,
A0ABR0TTF7,Aureobasidium pullulans,0,
A0ABR0TUA9,Aureobasidium pullulans,0,
A0ABR0TTX0,Aureobasidium pullulans,0,
A0ABR0TTP4,Aureobasidium pullulans,0,
A0ABR0TUF1,Aureobasidium pullulans,0,
A0ABR0TTL2,Aureobasidium pullulans,0,
A0ABR0TVB0,Aureobasidium pullulans,0,
A0ABR0TUG5,Aureobasidium pullulans,0,
A0ABR0TTK4,Aureobasidium pullulans,0,
A0ABR0TTM4,Aureobasidium pullulans,0,
A0ABR0TVE3,Aureobasidium pullulans,0,
A0ABR0TVC5,Aureobasidium pullulans,0,
A0ABR0TTP0,Aureobasidium pullulans,0,
A0ABR0TU48,Aureobasidium pullulans,0,
A0ABR0TVF5,Aureobasidium pullulans,0,
A0ABR0TTS6,Aureobasidium pullulans,0,
A0ABR0TVG9,Aureobasidium pullulans,0,
A0ABR0TUU8,Aureobasidium pullulans,0,
A0ABR0TTW6,Aureobasidium pullulans,0,
A0ABR0TUM1,Aureobasidium pullulans,0,
A0ABR0TTQ9,Aureobasidium pullulans,0,
A0ABR0TTU3,Aureobasidium pullulans,0,
A0ABR0TUL6,Aureobasidium pullulans,0,
A0ABR0TTU7,Aureobasidium pullulans,0,
A0ABR0TU11,Aureobasidium pullulans,0,
A0ABR0TU69,Aureobasidium pullulans,0,
A0ABR0TU06,Aureobasidium pullulans,0,
A0ABR0TVU1,Aureobasidium pullulans,0,
A0ABR0TVV3,Aureobasidium pullulans,0,
A0ABR0TUS2,Aureobasidium pullulans,0,
A0ABR0TU40,Aureobasidium pullulans,0,
A0ABR0TUT7,Aureobasidium pullulans,0,
A0ABR0TUK2,Aureobasidium pullulans,0,
A0ABR0TVU5,Aureobasidium pullulans,0,
A0ABR0TU77,Aureobasidium pullulans,0,
A0ABR0TW18,Aureobasidium pullulans,0,
A0ABR0TUD1,Aureobasidium pullulans,0,
A0ABR0TUX5,Aureobasidium pullulans,0,
A0ABR0TVW4,Aureobasidium pullulans,0,
A0ABR0TVY1,Aureobasidium pullulans,0,
A0ABR0TVX9,Aureobasidium pullulans,0,
A0ABR0TUA4,Aureobasidium pullulans,0,
A0ABR0TW47,Aureobasidium pullulans,0,
A0ABR0TVE8,Aureobasidium pullulans,0,
A0ABR0TV68,Aureobasidium pullulans,0,
A0ABR0TUF9,Aureobasidium pullulans,0,
A0ABR0TUD5,Aureobasidium pullulans,0,
A0ABR0TUN2,Aureobasidium pullulans,0,
A0ABR0TUH0,Aureobasidium pullulans,0,
A0ABR0TUF0,Aureobasidium pullulans,0,
A0ABR0TUL2,Aureobasidium pullulans,0,
A0ABR0TV57,Aureobasidium pullulans,0,
A0ABR0TW38,Aureobasidium pullulans,0,
A0ABR0TUP9,Aureobasidium pullulans,0,
A0ABR0TUI7,Aureobasidium pullulans,0,
A0ABR0TUF8,Aureobasidium pullulans,0,
A0ABR0TUI0,Aureobasidium pullulans,0,
A0ABR0TW63,Aureobasidium pullulans,0,
A0ABR0TVM7,Aureobasidium pullulans,0,
A0ABR0TUP6,Aureobasidium pullulans,0,
A0ABR0TW71,Aureobasidium pullulans,0,
A0ABR0TUT0,Aureobasidium pullulans,0,
A0ABR0TVP2,Aureobasidium pullulans,0,
A0ABR0TVA7,Aureobasidium pullulans,0,
A0ABR0TW88,Aureobasidium pullulans,0,
A0ABR0TUP1,Aureobasidium pullulans,0,
A0ABR0TUJ5,Aureobasidium pullulans,0,
A0ABR0TVQ3,Aureobasidium pullulans,0,
A0ABR0TWG7,Aureobasidium pullulans,0,
A0ABR0TVC9,Aureobasidium pullulans,0,
A0ABR0TUS5,Aureobasidium pullulans,0,
A0ABR0TUP2,Aureobasidium pullulans,0,
A0ABR0TVX3,Aureobasidium pullulans,0,
A0ABR0TUQ5,Aureobasidium pullulans,0,
A0ABR0TUV9,Aureobasidium pullulans,0,
A0ABR0TWF7,Aureobasidium pullulans,0,
A0ABR0TUT9,Aureobasidium pullulans,0,
A0ABR0TUU2,Aureobasidium pullulans,0,
A0ABR0TWN8,Aureobasidium pullulans,0,
A0ABR0TV19,Aureobasidium pullulans,0,
A0ABR0TUX6,Aureobasidium pullulans,0,
A0ABR0TUY9,Aureobasidium pullulans,0,
A0ABR0TVP6,Aureobasidium pullulans,0,
A0ABR0TVT9,Aureobasidium pullulans,0,
A0ABR0TV05,Aureobasidium pullulans,0,
A0ABR0TWN0,Aureobasidium pullulans,0,
A0ABR0TW57,Aureobasidium pullulans,0,
A0ABR0TV15,Aureobasidium pullulans,0,
A0ABR0TVA4,Aureobasidium pullulans,0,
A0ABR0TV34,Aureobasidium pullulans,0,
A0ABR0TV73,Aureobasidium pullulans,0,
A0ABR0TVW9,Aureobasidium pullulans,0,
A0ABR0TVM4,Aureobasidium pullulans,0,
A0ABR0TV84,Aureobasidium pullulans,0,
A0ABR0TV64,Aureobasidium pullulans,0,
A0ABR0TWT5,Aureobasidium pullulans,0,
A0ABR0TVN9,Aureobasidium pullulans,0,
A0ABR0TVA2,Aureobasidium pullulans,0,
A0ABR0TX05,Aureobasidium pullulans,0,
A0ABR0TW04,Aureobasidium pullulans,0,
A0ABR0TWU8,Aureobasidium pullulans,0,
A0ABR0TVB2,Aureobasidium pullulans,0,
A0ABR0TVI9,Aureobasidium pullulans,0,
A0ABR0TWV8,Aureobasidium pullulans,0,
A0ABR0TVD8,Aureobasidium pullulans,0,
A0ABR0TWG5,Aureobasidium pullulans,0,
A0ABR0TVB4,Aureobasidium pullulans,0,
A0ABR0TWI0,Aureobasidium pullulans,0,
A0ABR0TVC2,Aureobasidium pullulans,0,
A0ABR0TX51,Aureobasidium pullulans,0,
A0ABR0TVD9,Aureobasidium pullulans,0,
A0ABR0TWK9,Aureobasidium pullulans,0,
A0ABR0TW76,Aureobasidium pullulans,0,
A0ABR0TWB5,Aureobasidium pullulans,0,
A0ABR0TVN8,Aureobasidium pullulans,0,
A0ABR0TX13,Aureobasidium pullulans,0,
A0ABR0TVK8,Aureobasidium pullulans,0,
A0ABR0TVS7,Aureobasidium pullulans,0,
A0ABR0TWB9,Aureobasidium pullulans,0,
A0ABR0TW33,Aureobasidium pullulans,0,
A0ABR0TVM0,Aureobasidium pullulans,0,
A0ABR0TVR3,Aureobasidium pullulans,0,
A0ABR0TX53,Aureobasidium pullulans,0,
A0ABR0TWT0,Aureobasidium pullulans,0,
A0ABR0TVU9,Aureobasidium pullulans,0,
A0ABR0TWF0,Aureobasidium pullulans,0,
A0ABR0TVN3,Aureobasidium pullulans,0,
A0ABR0TVS4,Aureobasidium pullulans,0,
A0ABR0TW73,Aureobasidium pullulans,0,
A0ABR0TVX0,Aureobasidium pullulans,0,
A0ABR0TVU6,Aureobasidium pullulans,0,
A0ABR0TXF9,Aureobasidium pullulans,0,
A0ABR0TX97,Aureobasidium pullulans,0,
A0ABR0TXA4,Aureobasidium pullulans,0,
A0ABR0TVW2,Aureobasidium pullulans,0,
A0ABR0TWN9,Aureobasidium pullulans,0,
A0ABR0TVW3,Aureobasidium pullulans,0,
A0ABR0TXJ7,Aureobasidium pullulans,0,
A0ABR0TWU3,Aureobasidium pullulans,0,
A0ABR0TWH6,Aureobasidium pullulans,0,
A0ABR0TW46,Aureobasidium pullulans,0,
A0ABR0TXK8,Aureobasidium pullulans,0,
A0ABR0TW80,Aureobasidium pullulans,0,
A0ABR0TW28,Aureobasidium pullulans,0,
A0ABR0TWD3,Aureobasidium pullulans,0,
A0ABR0TWC0,Aureobasidium pullulans,0,
A0ABR0TXN7,Aureobasidium pullulans,0,
A0ABR0TW78,Aureobasidium pullulans,0,
A0ABR0TWQ1,Aureobasidium pullulans,0,
A0ABR0TW61,Aureobasidium pullulans,0,
A0ABR0TW65,Aureobasidium pullulans,0,
A0ABR0TXQ8,Aureobasidium pullulans,0,
A0ABR0TW70,Aureobasidium pullulans,0,
A0ABR0TWH9,Aureobasidium pullulans,0,
A0ABR0TWA0,Aureobasidium pullulans,0,
A0ABR0TXS5,Aureobasidium pullulans,0,
A0ABR0TXM2,Aureobasidium pullulans,0,
A0ABR0TXB0,Aureobasidium pullulans,0,
A0ABR0TXC1,Aureobasidium pullulans,0,
A0ABR0TXN9,Aureobasidium pullulans,0,
A0ABR0TWU4,Aureobasidium pullulans,0,
A0ABR0TWP9,Aureobasidium pullulans,0,
A0ABR0TWC3,Aureobasidium pullulans,0,
A0ABR0TWQ8,Aureobasidium pullulans,0,
A0ABR0TXU3,Aureobasidium pullulans,0,
A0ABR0TX69,Aureobasidium pullulans,0,
A0ABR0TWH2,Aureobasidium pullulans,0,
A0ABR0TWS2,Aureobasidium pullulans,0,
A0ABR0TWG6,Aureobasidium pullulans,0,
A0ABR0TXU7,Aureobasidium pullulans,0,
A0ABR0TWI7,Aureobasidium pullulans,0,
A0ABR0TWK8,Aureobasidium pullulans,0,
A0ABR0TXV8,Aureobasidium pullulans,0,
A0ABR0TXR4,Aureobasidium pullulans,0,
A0ABR0TX95,Aureobasidium pullulans,0,
A0ABR0TWF8,Aureobasidium pullulans,0,
A0ABR0TWI8,Aureobasidium pullulans,0,
A0ABR0TXS0,Aureobasidium pullulans,0,
A0ABR0TWL3,Aureobasidium pullulans,0,
A0ABR0TWT6,Aureobasidium pullulans,0,
A0ABR0TXU2,Aureobasidium pullulans,0,
A0ABR0TXB6,Aureobasidium pullulans,0,
A0ABR0TQH2,Aureobasidium pullulans,0,
A0ABR0TEK9,Aureobasidium pullulans,0,
A0ABR0TGL0,Aureobasidium pullulans,0,
A0ABR0TE67,Aureobasidium pullulans,0,
A0ABR0TVT6,Aureobasidium pullulans,0,
A0ABR0TV55,Aureobasidium pullulans,0,
A0ABR0TWV7,Aureobasidium pullulans,0,
A0ABR0T9C8,Aureobasidium pullulans,0,
A0ABR0TSE9,Aureobasidium pullulans,0,
A0ABR0TQB7,Aureobasidium pullulans,0,
A0ABR0TQT9,Aureobasidium pullulans,0,
A0ABR0TWY5,Aureobasidium pullulans,0,
A0ABR0TVB1,Aureobasidium pullulans,0,
A0ABR0TVF0,Aureobasidium pullulans,0,
A0ABR0TVK9,Aureobasidium pullulans,0,
A0ABR0TWW5,Aureobasidium pullulans,0,
A0ABR0TWQ5,Aureobasidium pullulans,0,
A0ABR0TV61,Aureobasidium pullulans,0,
A0ABR0TIR9,Aureobasidium pullulans,0,
A0ABR0TIV2,Aureobasidium pullulans,0,
A0ABR0TIG3,Aureobasidium pullulans,0,
A0ABR0TI80,Aureobasidium pullulans,0,
A0ABR0THK3,Aureobasidium pullulans,0,
A0ABR0THK9,Aureobasidium pullulans,0,
A0ABR0TAF9,Aureobasidium pullulans,0,
A0ABR0THI7,Aureobasidium pullulans,0,
A0ABR0THD9,Aureobasidium pullulans,0,
A0ABR0TLR1,Aureobasidium pullulans,0,
A0ABR0TM53,Aureobasidium pullulans,0,
A0ABR0TR01,Aureobasidium pullulans,0,
A0ABR0TKZ2,Aureobasidium pullulans,0,
A0ABR0TBA5,Aureobasidium pullulans,0,
A0ABR0TIA0,Aureobasidium pullulans,0,
A0ABR0TIJ5,Aureobasidium pullulans,0,
A0ABR0T9T6,Aureobasidium pullulans,0,
A0ABR0TGS5,Aureobasidium pullulans,0,
A0ABR0TGT3,Aureobasidium pullulans,0,
A0ABR0TPE0,Aureobasidium pullulans,0,
A0ABR0TNW3,Aureobasidium pullulans,0,
A0ABR0T744,Aureobasidium pullulans,0,
A0ABR0TPI2,Aureobasidium pullulans,0,
A0ABR0TNY3,Aureobasidium pullulans,0,
A0ABR0TPN4,Aureobasidium pullulans,0,
A0ABR0TPH2,Aureobasidium pullulans,0,
A0ABR0TMX6,Aureobasidium pullulans,0,
A0ABR0TMT6,Aureobasidium pullulans,0,
A0ABR0TP22,Aureobasidium pullulans,0,
A0ABR0TNU7,Aureobasidium pullulans,0,
A0ABR0T5Z4,Aureobasidium pullulans,0,
A0ABR0TCL9,Aureobasidium pullulans,0,
A0ABR0TDA4,Aureobasidium pullulans,0,
A0ABR0TDM0,Aureobasidium pullulans,0,
A0ABR0TEA8,Aureobasidium pullulans,0,
A0ABR0T626,Aureobasidium pullulans,0,
A0ABR0TB43,Aureobasidium pullulans,0,
A0ABR0TGZ1,Aureobasidium pullulans,0,
A0ABR0T9M7,Aureobasidium pullulans,0,
A0ABR0T992,Aureobasidium pullulans,0,
A0ABR0T8Z3,Aureobasidium pullulans,0,
A0ABR0T629,Aureobasidium pullulans,0,
A0ABR0TCQ8,Aureobasidium pullulans,0,
A0ABR0T5X9,Aureobasidium pullulans,0,
A0ABR0T649,Aureobasidium pullulans,0,
A0ABR0TMJ4,Aureobasidium pullulans,0,
A0ABR0TCC5,Aureobasidium pullulans,0,
A0ABR0TM84,Aureobasidium pullulans,0,
A0ABR0TNG5,Aureobasidium pullulans,0,
A0ABR0TNP6,Aureobasidium pullulans,0,
A0ABR0T7J7,Aureobasidium pullulans,0,
A0ABR0TSB1,Aureobasidium pullulans,0,
A0A1A7MGC9,Aureobasidium pullulans,0,
A0ABR0TRY0,Aureobasidium pullulans,0,
A0ABR0TS88,Aureobasidium pullulans,0,
A0ABR0TRT8,Aureobasidium pullulans,0,
A0ABR0TRQ2,Aureobasidium pullulans,0,
A0ABR0TT44,Aureobasidium pullulans,0,
A0ABR0TRJ6,Aureobasidium pullulans,0,
A0ABR0TRS3,Aureobasidium pullulans,0,
A0ABR0TTD7,Aureobasidium pullulans,0,
A0ABR0TS23,Aureobasidium pullulans,0,
A0ABR0TSI0,Aureobasidium pullulans,0,
A0ABR0TRN2,Aureobasidium pullulans,0,
A0ABR0TBJ1,Aureobasidium pullulans,0,
A0ABR0TC19,Aureobasidium pullulans,0,
A0ABR0TCY5,Aureobasidium pullulans,0,
A0ABR0TCH9,Aureobasidium pullulans,0,
A0ABR0TCT9,Aureobasidium pullulans,0,
A0ABR0TC64,Aureobasidium pullulans,0,
A0ABR0TFP0,Aureobasidium pullulans,0,
A0ABR0T5U1,Aureobasidium pullulans,0,
A0ABR0T511,Aureobasidium pullulans,0,
A0A4V4L0A3,Aureobasidium pullulans,0,
A0ABR0TV69,Aureobasidium pullulans,0,
A0ABR0TVP0,Aureobasidium pullulans,0,
A0ABR0TTR9,Aureobasidium pullulans,0,
A0ABR0TU92,Aureobasidium pullulans,0,
A0ABR0TTB0,Aureobasidium pullulans,0,
A0ABR0TT08,Aureobasidium pullulans,0,
A0ABR0TUU5,Aureobasidium pullulans,0,
A0ABR0TTB8,Aureobasidium pullulans,0,
A0ABR0TUD8,Aureobasidium pullulans,0,
A0ABR0TSF3,Aureobasidium pullulans,0,
A0ABR0TK10,Aureobasidium pullulans,0,
A0ABR0TK05,Aureobasidium pullulans,0,
A0ABR0TKF4,Aureobasidium pullulans,0,
A0ABR0TKS9,Aureobasidium pullulans,0,
A0ABR0TJV6,Aureobasidium pullulans,0,
A0A4V4KB15,Aureobasidium pullulans,0,
A0ABR0TIT4,Aureobasidium pullulans,0,
A0ABR0TIU8,Aureobasidium pullulans,0,
A0ABR0TKA4,Aureobasidium pullulans,0,
A0ABR0TN61,Aureobasidium pullulans,0,
A0ABR0TLP2,Aureobasidium pullulans,0,
A0ABR0TMG7,Aureobasidium pullulans,0,
A0ABR0TEC3,Aureobasidium pullulans,0,
A0ABR0TDN2,Aureobasidium pullulans,0,
A0ABR0T6G4,Aureobasidium pullulans,0,
A0ABR0T7C3,Aureobasidium pullulans,0,
A0ABR0TE52,Aureobasidium pullulans,0,
A0ABR0TEU5,Aureobasidium pullulans,0,
A0ABR0TE13,Aureobasidium pullulans,0,
A0ABR0TET0,Aureobasidium pullulans,0,
A0ABR0TEJ2,Aureobasidium pullulans,0,
A0ABR0TM45,Aureobasidium pullulans,0,
A0ABR0TLP1,Aureobasidium pullulans,0,
A0ABR0TRQ8,Aureobasidium pullulans,0,
A0ABR0TSS7,Aureobasidium pullulans,0,
A0ABR0TS21,Aureobasidium pullulans,0,
A0ABR0TTP9,Aureobasidium pullulans,0,
A0ABR0TSV0,Aureobasidium pullulans,0,
A0ABR0TMH3,Aureobasidium pullulans,0,
A0ABR0TNE2,Aureobasidium pullulans,0,
A0ABR0TLU1,Aureobasidium pullulans,0,
A0ABR0TLW4,Aureobasidium pullulans,0,
A0ABR0TNV0,Aureobasidium pullulans,0,
A0ABR0T7C4,Aureobasidium pullulans,0,
A0ABR0TM81,Aureobasidium pullulans,0,
A0ABR0TMH1,Aureobasidium pullulans,0,
A0ABR0TMW8,Aureobasidium pullulans,0,
A0ABR0TCK0,Aureobasidium pullulans,0,
A0ABR0TMJ8,Aureobasidium pullulans,0,
A0ABR0TLZ9,Aureobasidium pullulans,0,
A0ABR0T7A3,Aureobasidium pullulans,0,
A0ABR0T707,Aureobasidium pullulans,0,
A0ABR0TCF8,Aureobasidium pullulans,0,
A0ABR0TC92,Aureobasidium pullulans,0,
A0ABR0T7E3,Aureobasidium pullulans,0,
A0ABR0T783,Aureobasidium pullulans,0,
A0ABR0T7T0,Aureobasidium pullulans,0,
A0ABR0THZ3,Aureobasidium pullulans,0,
A0ABR0TJN7,Aureobasidium pullulans,0,
A0ABR0T593,Aureobasidium pullulans,0,
A0ABR0TAS7,Aureobasidium pullulans,0,
A0ABR0TB87,Aureobasidium pullulans,0,
A0ABR0TMI5,Aureobasidium pullulans,0,
A0ABR0TCW2,Aureobasidium pullulans,0,
A0ABR0TGA5,Aureobasidium pullulans,0,
A0ABR0THA3,Aureobasidium pullulans,0,
A0ABR0TGH5,Aureobasidium pullulans,0,
A0ABR0TGP9,Aureobasidium pullulans,0,
A0ABR0TPJ2,Aureobasidium pullulans,0,
A0A1A7MJ80,Aureobasidium pullulans,0,
A0ABR0TNQ5,Aureobasidium pullulans,0,
A0ABR0TQK6,Aureobasidium pullulans,0,
A0ABR0T6S3,Aureobasidium pullulans,0,
A0ABR0TAU5,Aureobasidium pullulans,0,
A0ABR0TGG0,Aureobasidium pullulans,0,
A0ABR0TG88,Aureobasidium pullulans,0,
A0ABR0THJ5,Aureobasidium pullulans,0,
A0ABR0TFT9,Aureobasidium pullulans,0,
A0ABR0TAC8,Aureobasidium pullulans,0,
A0ABR0TIL2,Aureobasidium pullulans,0,
A0ABR0TLS5,Aureobasidium pullulans,0,
A0ABR0TM19,Aureobasidium pullulans,0,
A0ABR0TLH9,Aureobasidium pullulans,0,
A0ABR0TLH3,Aureobasidium pullulans,0,
A0ABR0TU29,Aureobasidium pullulans,0,
A0ABR0TTF1,Aureobasidium pullulans,0,
A0ABR0TTF3,Aureobasidium pullulans,0,
A0ABR0TT78,Aureobasidium pullulans,0,
A0ABR0TUM0,Aureobasidium pullulans,0,
A0ABR0TSX2,Aureobasidium pullulans,0,
A0ABR0TU39,Aureobasidium pullulans,0,
A0ABR0TUV4,Aureobasidium pullulans,0,
A0ABR0TUC2,Aureobasidium pullulans,0,
A0ABR0TMR6,Aureobasidium pullulans,0,
A0ABR0TEB1,Aureobasidium pullulans,0,
A0ABR0T5V9,Aureobasidium pullulans,0,
A0ABR0T8E2,Aureobasidium pullulans,0,
A0ABR0T8S9,Aureobasidium pullulans,0,
A0ABR0TRQ3,Aureobasidium pullulans,0,
A0ABR0TS17,Aureobasidium pullulans,0,
A0ABR0TWJ9,Aureobasidium pullulans,0,
A0ABR0TW27,Aureobasidium pullulans,0,
A0ABR0TWS0,Aureobasidium pullulans,0,
A0ABR0TW55,Aureobasidium pullulans,0,
A0ABR0TVP5,Aureobasidium pullulans,0,
A0ABR0TVY5,Aureobasidium pullulans,0,
A0ABR0TUW4,Aureobasidium pullulans,0,
A0ABR0TV18,Aureobasidium pullulans,0,
A0ABR0TE34,Aureobasidium pullulans,0,
A0ABR0TEJ5,Aureobasidium pullulans,0,
A0ABR0TEG4,Aureobasidium pullulans,0,
A0ABR0TG51,Aureobasidium pullulans,0,
A0ABR0TIJ0,Aureobasidium pullulans,0,
A0ABR0TJD0,Aureobasidium pullulans,0,
A0ABR0TBL0,Aureobasidium pullulans,0,
A0ABR0TC16,Aureobasidium pullulans,0,
A0ABR0TRB0,Aureobasidium pullulans,0,
A0ABR0TRH5,Aureobasidium pullulans,0,
A0ABR0TSB9,Aureobasidium pullulans,0,
A0ABR0TMI4,Aureobasidium pullulans,0,
A0ABR0TDK7,Aureobasidium pullulans,0,
A0ABR0TTL1,Aureobasidium pullulans,0,
A0ABR0TT48,Aureobasidium pullulans,0,
A0ABR0TTZ5,Aureobasidium pullulans,0,
A0ABR0TU25,Aureobasidium pullulans,0,
A0ABR0T7P3,Aureobasidium pullulans,0,
A0ABR0TBP9,Aureobasidium pullulans,0,
A0A1A7MQX0,Aureobasidium pullulans,0,
A0ABR0TIU4,Aureobasidium pullulans,0,
A0ABR0TJR1,Aureobasidium pullulans,0,
A0A4S9M3R8,Aureobasidium pullulans,0,
A0ABR0TQV7,Aureobasidium pullulans,0,
A0ABR0TRD5,Aureobasidium pullulans,0,
A0ABR0T5P3,Aureobasidium pullulans,0,
A0ABR0TN50,Aureobasidium pullulans,0,
A0ABR0TCZ3,Aureobasidium pullulans,0,
A0ABR0TCR1,Aureobasidium pullulans,0,
A0ABR0T4X6,Aureobasidium pullulans,0,
A0ABR0TGX5,Aureobasidium pullulans,0,
A0ABR0TEY9,Aureobasidium pullulans,0,
A0ABR0T9A7,Aureobasidium pullulans,0,
A0ABR0T9M3,Aureobasidium pullulans,0,
A0ABR0TJ93,Aureobasidium pullulans,0,
A0ABR0TJV8,Aureobasidium pullulans,0,
A0ABR0TWV5,Aureobasidium pullulans,0,
A0ABR0TM43,Aureobasidium pullulans,0,
A0ABR0TV49,Aureobasidium pullulans,0,
A0ABR0TVR6,Aureobasidium pullulans,0,
A0ABR0TVX8,Aureobasidium pullulans,0,
A0ABR0TXR5,Aureobasidium pullulans,0,
A0ABR0TXE5,Aureobasidium pullulans,0,
A0ABR0TQB1,Aureobasidium pullulans,0,
A0ABR0TRW4,Aureobasidium pullulans,0,
A0ABR0T8A9,Aureobasidium pullulans,0,
A0ABR0T8I6,Aureobasidium pullulans,0,
A0ABR0TKH6,Aureobasidium pullulans,0,
A0ABR0TKC3,Aureobasidium pullulans,0,
A0ABR0TCX2,Aureobasidium pullulans,0,
A0ABR0TIG4,Aureobasidium pullulans,0,
A0ABR0TGX3,Aureobasidium pullulans,0,
A0ABR0THS0,Aureobasidium pullulans,0,
A0ABR0THG3,Aureobasidium pullulans,0,
A0ABR0T7Z0,Aureobasidium pullulans,0,
A0ABR0TMQ6,Aureobasidium pullulans,0,
A0ABR0TRS9,Aureobasidium pullulans,0,
A0ABR0TRN5,Aureobasidium pullulans,0,
A0ABR0TME4,Aureobasidium pullulans,0,
A0ABR0TCV5,Aureobasidium pullulans,0,
A0ABR0TXJ1,Aureobasidium pullulans,0,
A0ABR0TWF1,Aureobasidium pullulans,0,
A0ABR0TXD0,Aureobasidium pullulans,0,
A0ABR0TRS7,Aureobasidium pullulans,0,
A0ABR0TMQ5,Aureobasidium pullulans,0,
A0ABR0T904,Aureobasidium pullulans,0,
A0ABR0T8T5,Aureobasidium pullulans,0,
A0ABR0T8R1,Aureobasidium pullulans,0,
A0ABR0T587,Aureobasidium pullulans,0,
A0ABR0TBZ6,Aureobasidium pullulans,0,
A0ABR0TQQ5,Aureobasidium pullulans,0,
A0ABR0TNY9,Aureobasidium pullulans,0,
A0ABR0TPG2,Aureobasidium pullulans,0,
A0ABR0TPR8,Aureobasidium pullulans,0,
A0ABR0TRM5,Aureobasidium pullulans,0,
A0ABR0TBY8,Aureobasidium pullulans,0,
A0ABR0TGN6,Aureobasidium pullulans,0,
A0ABR0TE08,Aureobasidium pullulans,0,
A0ABR0TDQ4,Aureobasidium pullulans,0,
A0ABR0T7E8,Aureobasidium pullulans,0,
A0ABR0TCA7,Aureobasidium pullulans,0,
A0ABR0TNK7,Aureobasidium pullulans,0,
A0ABR0TN62,Aureobasidium pullulans,0,
A0ABR0TK35,Aureobasidium pullulans,0,
A0ABR0TKE5,Aureobasidium pullulans,0,
A0ABR0TJ92,Aureobasidium pullulans,0,
A0ABR0TLJ3,Aureobasidium pullulans,0,
A0ABR0TQP0,Aureobasidium pullulans,0,
A0ABR0TN40,Aureobasidium pullulans,0,
A0ABR0TFL1,Aureobasidium pullulans,0,
A0ABR0TFP8,Aureobasidium pullulans,0,
A0ABR0T550,Aureobasidium pullulans,0,
A0ABR0T7S8,Aureobasidium pullulans,0,
A0ABR0TVP3,Aureobasidium pullulans,0,
A0ABR0TUW0,Aureobasidium pullulans,0,
A0ABR0TTK0,Aureobasidium pullulans,0,
A0ABR0TTT5,Aureobasidium pullulans,0,
A0ABR0TUN6,Aureobasidium pullulans,0,
A0ABR0TTF4,Aureobasidium pullulans,0,
A0ABR0T9K7,Aureobasidium pullulans,0,
A0ABR0TAH5,Aureobasidium pullulans,0,
A0ABR0T6R7,Aureobasidium pullulans,0,
A0ABR0T829,Aureobasidium pullulans,0,
A0A1A7MSJ1,Aureobasidium pullulans,0,
A0ABR0TEA4,Aureobasidium pullulans,0,
A0ABR0TEJ8,Aureobasidium pullulans,0,
A0ABR0T779,Aureobasidium pullulans,0,
A0A4S9V848,Aureobasidium pullulans,0,
A0ABR0TNN1,Aureobasidium pullulans,0,
A0ABR0TS02,Aureobasidium pullulans,0,
A0ABR0TRS5,Aureobasidium pullulans,0,
A0ABR0TD01,Aureobasidium pullulans,0,
A0ABR0T9C0,Aureobasidium pullulans,0,
A0ABR0T969,Aureobasidium pullulans,0,
A0ABR0T8C4,Aureobasidium pullulans,0,
A0ABR0T9A2,Aureobasidium pullulans,0,
A0ABR0TVA9,Aureobasidium pullulans,0,
A0ABR0TVV2,Aureobasidium pullulans,0,
A0ABR0TUS4,Aureobasidium pullulans,0,
A0ABR0TWL8,Aureobasidium pullulans,0,
A0ABR0T8P2,Aureobasidium pullulans,0,
A0ABR0TG47,Aureobasidium pullulans,0,
A0ABR0T9V0,Aureobasidium pullulans,0,
A0ABR0TBC4,Aureobasidium pullulans,0,
A0ABR0TBE6,Aureobasidium pullulans,0,
A0ABR0TCC1,Aureobasidium pullulans,0,
A0ABR0TMI6,Aureobasidium pullulans,0,
A0ABR0TMH6,Aureobasidium pullulans,0,
A0ABR0TGA4,Aureobasidium pullulans,0,
A0ABR0TFI2,Aureobasidium pullulans,0,
A0ABR0TE12,Aureobasidium pullulans,0,
A0ABR0T7N3,Aureobasidium pullulans,0,
A0ABR0TPE6,Aureobasidium pullulans,0,
A0ABR0T5S3,Aureobasidium pullulans,0,
A0ABR0TNT1,Aureobasidium pullulans,0,
A0ABR0TN91,Aureobasidium pullulans,0,
A0ABR0TEH9,Aureobasidium pullulans,0,
A0ABR0TL10,Aureobasidium pullulans,0,
A0ABR0TIW9,Aureobasidium pullulans,0,
A0ABR0TLJ5,Aureobasidium pullulans,0,
A0ABR0TQH7,Aureobasidium pullulans,0,
A0ABR0TQI6,Aureobasidium pullulans,0,
A0ABR0T5F6,Aureobasidium pullulans,0,
A0ABR0T5A6,Aureobasidium pullulans,0,
A0ABR0T6T2,Aureobasidium pullulans,0,
A0ABR0TC09,Aureobasidium pullulans,0,
A0ABR0TMP7,Aureobasidium pullulans,0,
A0ABR0TDF1,Aureobasidium pullulans,0,
A0ABR0TWE8,Aureobasidium pullulans,0,
A0ABR0TXA1,Aureobasidium pullulans,0,
A0ABR0TIL0,Aureobasidium pullulans,0,
A0ABR0TA74,Aureobasidium pullulans,0,
A0ABR0TUB2,Aureobasidium pullulans,0,
A0ABR0TV65,Aureobasidium pullulans,0,
A0ABR0TPN7,Aureobasidium pullulans,0,
A0ABR0TLW2,Aureobasidium pullulans,0,
A0ABR0TE83,Aureobasidium pullulans,0,
A0ABR0TM97,Aureobasidium pullulans,0,
A0ABR0TKU0,Aureobasidium pullulans,0,
A0ABR0TC29,Aureobasidium pullulans,0,
A0ABR0TDF8,Aureobasidium pullulans,0,
A0ABR0TK50,Aureobasidium pullulans,0,
A0ABR0TMN3,Aureobasidium pullulans,0,
A0ABR0TQP8,Aureobasidium pullulans,0,
A0ABR0TL83,Aureobasidium pullulans,0,
A0ABR0T9C1,Aureobasidium pullulans,0,
A0ABR0TKA1,Aureobasidium pullulans,0,
A0ABR0TR52,Aureobasidium pullulans,0,
A0ABR0TGQ2,Aureobasidium pullulans,0,
A0ABR0TWD4,Aureobasidium pullulans,0,
A0ABR0TQQ3,Aureobasidium pullulans,0,
A0ABR0TL36,Aureobasidium pullulans,0,
A0ABR0TAW4,Aureobasidium pullulans,0,
A0ABR0TAK7,Aureobasidium pullulans,0,
A0ABR0THZ1,Aureobasidium pullulans,0,
A0ABR0TK16,Aureobasidium pullulans,0,
A0ABR0T8T0,Aureobasidium pullulans,0,
A0ABR0T7Q8,Aureobasidium pullulans,0,
A0ABR0TUI1,Aureobasidium pullulans,0,
A0ABR0TDU2,Aureobasidium pullulans,0,
A0ABR0T6K4,Aureobasidium pullulans,0,
A0ABR0TDK1,Aureobasidium pullulans,0,
A0ABR0TQ34,Aureobasidium pullulans,0,
A0ABR0TNX4,Aureobasidium pullulans,0,
A0ABR0TQJ8,Aureobasidium pullulans,0,
A0ABR0TPT9,Aureobasidium pullulans,0,
A0ABR0T504,Aureobasidium pullulans,0,
A0ABR0TDZ9,Aureobasidium pullulans,0,
