"Protein_ID","UniProt_ID","Identity","Alignment_length","E_value","Bit_score","UniProt_accession"
"KAK6003449.1","tr|A0ABR0TG94|A0ABR0TG94_AURPU",100,4901,0,9535,"A0ABR0TG94"
"KAK6006637.1","tr|A0ABR0TRA8|A0ABR0TRA8_AURPU",100,5451,0,9062,"A0ABR0TRA8"
"CAD0029489.1","tr|A0ABR0TXB7|A0ABR0TXB7_AURPU",88.3,4982,0,8252,"A0ABR0TXB7"
"KEQ84556.1","tr|A0ABR0TP87|A0ABR0TP87_AURPU",95.8,4331,0,8114,"A0ABR0TP87"
"KAK6004625.1","tr|A0ABR0TL54|A0ABR0TL54_AURPU",100,3801,0,7415,"A0ABR0TL54"
"KAK6008139.1","tr|A0ABR0TV85|A0ABR0TV85_AURPU",100,3812,0,7007,"A0ABR0TV85"
"KAK6002475.1","tr|A0ABR0TDG3|A0ABR0TDG3_AURPU",100,3943,0,6992,"A0ABR0TDG3"
"KAK6008025.1","tr|A0ABR0TUA1|A0ABR0TUA1_AURPU",100,3601,0,6906,"A0ABR0TUA1"
"KAK6000257.1","tr|A0ABR0T741|A0ABR0T741_AURPU",100,3211,0,6229,"A0ABR0T741"
"KAK6001180.1","tr|A0ABR0TB04|A0ABR0TB04_AURPU",100,2962,0,5908,"A0ABR0TB04"
"THW55832.1","tr|A0ABR0TQE2|A0ABR0TQE2_AURPU",94.5,3186,0,5845,"A0ABR0TQE2"
"KAK6005962.1","tr|A0ABR0TPA3|A0ABR0TPA3_AURPU",100,2973,0,5793,"A0ABR0TPA3"
"KAK6004854.1","tr|A0ABR0TKT3|A0ABR0TKT3_AURPU",100,2959,0,5735,"A0ABR0TKT3"
"KAK6004960.1","tr|A0ABR0TM13|A0ABR0TM13_AURPU",100,2929,0,5684,"A0ABR0TM13"
"KAK6001797.1","tr|A0ABR0TBW6|A0ABR0TBW6_AURPU",100,3943,0,5347,"A0ABR0TBW6"
"KAK6007544.1","tr|A0ABR0TSW9|A0ABR0TSW9_AURPU",100,3112,0,5286,"A0ABR0TSW9"
"KAK6003787.1","tr|A0ABR0TI35|A0ABR0TI35_AURPU",100,2573,0,5042,"A0ABR0TI35"
"KAK6000852.1","tr|A0ABR0T960|A0ABR0T960_AURPU",100,2578,0,5036,"A0ABR0T960"
"KAK6001612.1","tr|A0ABR0TBV5|A0ABR0TBV5_AURPU",100,2519,0,4929,"A0ABR0TBV5"
"KAK6007081.1","tr|A0ABR0TRK8|A0ABR0TRK8_AURPU",100,2405,0,4849,"A0ABR0TRK8"
"KAK6001793.1","tr|A0ABR0TBH1|A0ABR0TBH1_AURPU",100,2454,0,4791,"A0ABR0TBH1"
"KAK6002826.1","tr|A0ABR0TFX9|A0ABR0TFX9_AURPU",100,2407,0,4776,"A0ABR0TFX9"
"KAK6000101.1","tr|A0ABR0T7Z6|A0ABR0T7Z6_AURPU",100,2436,0,4773,"A0ABR0T7Z6"
"KAK5999829.1","tr|A0ABR0T6H3|A0ABR0T6H3_AURPU",100,2462,0,4685,"A0ABR0T6H3"
"THX97490.1","tr|A0ABR0TLG1|A0ABR0TLG1_AURPU",92.1,2676,0,4677,"A0ABR0TLG1"
"THX25863.1","tr|A0ABR0TH46|A0ABR0TH46_AURPU",99.1,2338,0,4673,"A0ABR0TH46"
"KAK6003179.1","tr|A0ABR0TFG7|A0ABR0TFG7_AURPU",100,2340,0,4655,"A0ABR0TFG7"
"KAK6006773.1","tr|A0ABR0TQP7|A0ABR0TQP7_AURPU",100,2385,0,4619,"A0ABR0TQP7"
"CAR1018008.1","tr|A0ABR0TMQ5|A0ABR0TMQ5_AURPU",91.2,2644,0,4611,"A0ABR0TMQ5"
"CAD0049813.1","tr|A0ABR0TGN6|A0ABR0TGN6_AURPU",97.5,2407,0,4603,"A0ABR0TGN6"
"KAK6000150.1","tr|A0ABR0T6T0|A0ABR0T6T0_AURPU",100,4331,0,4587,"A0ABR0T6T0"
"KAK6006667.1","tr|A0ABR0TRE4|A0ABR0TRE4_AURPU",100,2328,0,4508,"A0ABR0TRE4"
"CAR4730096.1","tr|A0ABR0TGX3|A0ABR0TGX3_AURPU",96.7,2277,0,4393,"A0ABR0TGX3"
"KAK6002405.1","tr|A0ABR0TEM4|A0ABR0TEM4_AURPU",100,2190,0,4331,"A0ABR0TEM4"
"KAK6008844.1","tr|A0ABR0TX56|A0ABR0TX56_AURPU",100,2403,0,4324,"A0ABR0TX56"
"KAK6007644.1","tr|A0ABR0TTT0|A0ABR0TTT0_AURPU",100,2250,0,4290,"A0ABR0TTT0"
"KAK6001171.1","tr|A0ABR0T9Q2|A0ABR0T9Q2_AURPU",100,2278,0,4284,"A0ABR0T9Q2"
"KAK6000972.1","tr|A0ABR0T9I1|A0ABR0T9I1_AURPU",100,2235,0,4278,"A0ABR0T9I1"
"THX50200.1","tr|A0ABR0TMY7|A0ABR0TMY7_AURPU",94.5,2235,0,4268,"A0ABR0TMY7"
"KAK6001595.1","tr|A0ABR0TCD1|A0ABR0TCD1_AURPU",100,2194,0,4264,"A0ABR0TCD1"
"KAK6005261.1","tr|A0ABR0TME5|A0ABR0TME5_AURPU",100,2190,0,4261,"A0ABR0TME5"
"TIA70008.1","tr|A0ABR0TBJ8|A0ABR0TBJ8_AURPU",97.2,2139,0,4201,"A0ABR0TBJ8"
"KAK6008333.1","tr|A0ABR0TV91|A0ABR0TV91_AURPU",100,2279,0,4133,"A0ABR0TV91"
"KAK6002135.1","tr|A0ABR0TDX2|A0ABR0TDX2_AURPU",100,2103,0,4127,"A0ABR0TDX2"
"KAK6008064.1","tr|A0ABR0TV12|A0ABR0TV12_AURPU",100,2073,0,4073,"A0ABR0TV12"
"KAK6004696.1","tr|A0ABR0TJR4|A0ABR0TJR4_AURPU",100,2087,0,4071,"A0ABR0TJR4"
"THY93377.1","tr|A0ABR0TME3|A0ABR0TME3_AURPU",95.4,2161,0,4043,"A0ABR0TME3"
"THV76285.1","tr|A0ABR0TM82|A0ABR0TM82_AURPU",96.5,2085,0,4014,"A0ABR0TM82"
"KAK6006413.1","tr|A0ABR0TPP2|A0ABR0TPP2_AURPU",100,2045,0,3940,"A0ABR0TPP2"
"KAK6002849.1","tr|A0ABR0TEK6|A0ABR0TEK6_AURPU",100,2053,0,3902,"A0ABR0TEK6"
"CAD0049584.1","tr|A0ABR0TGJ2|A0ABR0TGJ2_AURPU",89.5,2237,0,3896,"A0ABR0TGJ2"
"THV76289.1","tr|A0ABR0TM50|A0ABR0TM50_AURPU",92.9,2399,0,3873,"A0ABR0TM50"
"KAK6002869.1","tr|A0ABR0TEM7|A0ABR0TEM7_AURPU",100,1980,0,3872,"A0ABR0TEM7"
"KAK6001461.1","tr|A0ABR0TC08|A0ABR0TC08_AURPU",100,2029,0,3833,"A0ABR0TC08"
"KAK6008698.1","tr|A0ABR0TW36|A0ABR0TW36_AURPU",100,2000,0,3826,"A0ABR0TW36"
"KAK6001062.1","tr|A0ABR0T9T2|A0ABR0T9T2_AURPU",100,1974,0,3800,"A0ABR0T9T2"
"KAK6005616.1","tr|A0ABR0TNX0|A0ABR0TNX0_AURPU",100,1923,0,3786,"A0ABR0TNX0"
"KAK5999726.1","tr|A0ABR0T6W5|A0ABR0T6W5_AURPU",100,1974,0,3778,"A0ABR0T6W5"
"THW95407.1","tr|A0ABR0TB84|A0ABR0TB84_AURPU",95.4,1979,0,3754,"A0ABR0TB84"
"CAC9888457.1","tr|A0ABR0TPN4|A0ABR0TPN4_AURPU",93.7,2002,0,3739,"A0ABR0TPN4"
"KAK6000270.1","tr|A0ABR0T757|A0ABR0T757_AURPU",100,1931,0,3721,"A0ABR0T757"
"KAK5999297.1","tr|A0ABR0T4G7|A0ABR0T4G7_AURPU",100,2063,0,3606,"A0ABR0T4G7"
"KAK6004674.1","tr|A0ABR0TK96|A0ABR0TK96_AURPU",100,1985,0,3604,"A0ABR0TK96"
"KAK5999800.1","tr|A0ABR0T711|A0ABR0T711_AURPU",100,1862,0,3603,"A0ABR0T711"
"THY34779.1","tr|A0ABR0TBH7|A0ABR0TBH7_AURPU",91.2,2023,0,3566,"A0ABR0TBH7"
"KAK5999781.1","tr|A0ABR0T773|A0ABR0T773_AURPU",100,2114,0,3563,"A0ABR0T773"
"KAK6005549.1","tr|A0ABR0TMA9|A0ABR0TMA9_AURPU",100,1853,0,3559,"A0ABR0TMA9"
"KAK6007350.1","tr|A0ABR0TSB3|A0ABR0TSB3_AURPU",100,1832,0,3559,"A0ABR0TSB3"
"KAK6007886.1","tr|A0ABR0TUN9|A0ABR0TUN9_AURPU",100,1939,0,3520,"A0ABR0TUN9"
"KAK6001263.1","tr|A0ABR0TA00|A0ABR0TA00_AURPU",100,1816,0,3508,"A0ABR0TA00"
"KAK6006428.1","tr|A0ABR0TPR6|A0ABR0TPR6_AURPU",100,1808,0,3506,"A0ABR0TPR6"
"THV92081.1","tr|A0ABR0T9K3|A0ABR0T9K3_AURPU",96.2,1832,0,3500,"A0ABR0T9K3"
"THY92740.1","tr|A0ABR0TN71|A0ABR0TN71_AURPU",96.2,1832,0,3500,"A0ABR0TN71"
"KAK5999658.1","tr|A0ABR0T5D2|A0ABR0T5D2_AURPU",100,1801,0,3491,"A0ABR0T5D2"
"KAK6004923.1","tr|A0ABR0TKE2|A0ABR0TKE2_AURPU",100,1811,0,3491,"A0ABR0TKE2"
"KAK6004548.1","tr|A0ABR0TJC3|A0ABR0TJC3_AURPU",100,1956,0,3487,"A0ABR0TJC3"
"CAD0028364.1","tr|A0ABR0TJ93|A0ABR0TJ93_AURPU",93.8,1879,0,3482,"A0ABR0TJ93"
"KAK6000974.1","tr|A0ABR0T9B4|A0ABR0T9B4_AURPU",100,1846,0,3445,"A0ABR0T9B4"
"KAK6002383.1","tr|A0ABR0TD63|A0ABR0TD63_AURPU",100,1851,0,3440,"A0ABR0TD63"
"KAK6005418.1","tr|A0ABR0TLU5|A0ABR0TLU5_AURPU",100,1951,0,3436,"A0ABR0TLU5"
"KAK6007415.1","tr|A0ABR0TU90|A0ABR0TU90_AURPU",100,1795,0,3432,"A0ABR0TU90"
"THX89786.1","tr|A0ABR0TRW8|A0ABR0TRW8_AURPU",94.4,1825,0,3420,"A0ABR0TRW8"
"KAK6002576.1","tr|A0ABR0TEW0|A0ABR0TEW0_AURPU",100,1813,0,3413,"A0ABR0TEW0"
"KAK6008858.1","tr|A0ABR0TWS7|A0ABR0TWS7_AURPU",100,1747,0,3413,"A0ABR0TWS7"
"KAK6004540.1","tr|A0ABR0TKU1|A0ABR0TKU1_AURPU",100,1720,0,3405,"A0ABR0TKU1"
"CAD0014016.1","tr|A0ABR0TQP1|A0ABR0TQP1_AURPU",93.4,1892,0,3385,"A0ABR0TQP1"
"CAD0048806.1","tr|A0ABR0TFE1|A0ABR0TFE1_AURPU",92.9,1938,0,3365,"A0ABR0TFE1"
"KAK6007243.1","tr|A0ABR0TS29|A0ABR0TS29_AURPU",100,1800,0,3360,"A0ABR0TS29"
"THV86009.1","tr|A0ABR0TKZ4|A0ABR0TKZ4_AURPU",89,1993,0,3357,"A0ABR0TKZ4"
"KAK6003058.1","tr|A0ABR0TF61|A0ABR0TF61_AURPU",100,1793,0,3334,"A0ABR0TF61"
"THV80320.1","tr|A0ABR0TLD4|A0ABR0TLD4_AURPU",89,2229,0,3289,"A0ABR0TLD4"
"KAK6004279.1","tr|A0ABR0TIL4|A0ABR0TIL4_AURPU",100,2020,0,3285,"A0ABR0TIL4"
"KAK5999538.1","tr|A0ABR0T518|A0ABR0T518_AURPU",100,1648,0,3260,"A0ABR0T518"
"KAK6005413.1","tr|A0ABR0TLU4|A0ABR0TLU4_AURPU",100,1882,0,3252,"A0ABR0TLU4"
"CAD0052239.1","tr|A0ABR0TJD2|A0ABR0TJD2_AURPU",92.1,1770,0,3236,"A0ABR0TJD2"
"KEQ86731.1","tr|A0ABR0TJX5|A0ABR0TJX5_AURPU",91.8,2049,0,3222,"A0ABR0TJX5"
"KAK6007723.1","tr|A0ABR0TTC0|A0ABR0TTC0_AURPU",100,1952,0,3221,"A0ABR0TTC0"
"KAK6007498.1","tr|A0ABR0TSP9|A0ABR0TSP9_AURPU",100,1764,0,3184,"A0ABR0TSP9"
"KAK6003907.1","tr|A0ABR0TIE3|A0ABR0TIE3_AURPU",100,1653,0,3178,"A0ABR0TIE3"
"KAK6006756.1","tr|A0ABR0TSA1|A0ABR0TSA1_AURPU",100,1680,0,3177,"A0ABR0TSA1"
"KAK5999634.1","tr|A0ABR0T5Y2|A0ABR0T5Y2_AURPU",100,1710,0,3157,"A0ABR0T5Y2"
"KAK6006915.1","tr|A0ABR0TR29|A0ABR0TR29_AURPU",100,1652,0,3156,"A0ABR0TR29"
"KAK6008632.1","tr|A0ABR0TX07|A0ABR0TX07_AURPU",100,1644,0,3154,"A0ABR0TX07"
"THW65773.1","tr|A0ABR0TQU2|A0ABR0TQU2_AURPU",93.3,1737,0,3142,"A0ABR0TQU2"
"KAK6003296.1","tr|A0ABR0TGX9|A0ABR0TGX9_AURPU",100,1824,0,3141,"A0ABR0TGX9"
"KAK6007266.1","tr|A0ABR0TTT2|A0ABR0TTT2_AURPU",100,1701,0,3135,"A0ABR0TTT2"
"KAK6005143.1","tr|A0ABR0TL19|A0ABR0TL19_AURPU",100,1635,0,3128,"A0ABR0TL19"
"KAK6005292.1","tr|A0ABR0TLS2|A0ABR0TLS2_AURPU",100,1652,0,3128,"A0ABR0TLS2"
"KAK6007846.1","tr|A0ABR0TTN1|A0ABR0TTN1_AURPU",100,1650,0,3127,"A0ABR0TTN1"
"KAK6003231.1","tr|A0ABR0TH44|A0ABR0TH44_AURPU",100,1597,0,3126,"A0ABR0TH44"
"KAK6008746.1","tr|A0ABR0TW87|A0ABR0TW87_AURPU",100,1632,0,3124,"A0ABR0TW87"
"OBW66287.1","tr|A0ABR0TP27|A0ABR0TP27_AURPU",90,1837,0,3123,"A0ABR0TP27"
"KAK6003346.1","tr|A0ABR0TFW9|A0ABR0TFW9_AURPU",100,1763,0,3121,"A0ABR0TFW9"
"KAK6005635.1","tr|A0ABR0TNW6|A0ABR0TNW6_AURPU",100,1633,0,3102,"A0ABR0TNW6"
"THX07090.1","tr|A0ABR0TKN2|A0ABR0TKN2_AURPU",93.6,1794,0,3095,"A0ABR0TKN2"
"CAD0014208.1","tr|A0ABR0TNW5|A0ABR0TNW5_AURPU",90.5,1691,0,3092,"A0ABR0TNW5"
"TIA51670.1","tr|A0ABR0TIH4|A0ABR0TIH4_AURPU",90,1758,0,3085,"A0ABR0TIH4"
"KAK6003994.1","tr|A0ABR0THT0|A0ABR0THT0_AURPU",100,1582,0,3084,"A0ABR0THT0"
"KAK6004372.1","tr|A0ABR0TJR6|A0ABR0TJR6_AURPU",100,1541,0,3077,"A0ABR0TJR6"
"KAK6000037.1","tr|A0ABR0T7F9|A0ABR0T7F9_AURPU",100,1501,0,3075,"A0ABR0T7F9"
"KAK6005891.1","tr|A0ABR0TP70|A0ABR0TP70_AURPU",100,1615,0,3060,"A0ABR0TP70"
"KAK6008018.1","tr|A0ABR0TUB6|A0ABR0TUB6_AURPU",100,1527,0,3053,"A0ABR0TUB6"
"KAK6005183.1","tr|A0ABR0TL68|A0ABR0TL68_AURPU",100,1579,0,3049,"A0ABR0TL68"
"KAK6003036.1","tr|A0ABR0TGK4|A0ABR0TGK4_AURPU",100,1579,0,3035,"A0ABR0TGK4"
"KAK6004140.1","tr|A0ABR0TI74|A0ABR0TI74_AURPU",100,1513,0,3031,"A0ABR0TI74"
"KAK5999518.1","tr|A0ABR0T4W6|A0ABR0T4W6_AURPU",100,1658,0,3029,"A0ABR0T4W6"
"CAD0042661.1","tr|A0ABR0TVG4|A0ABR0TVG4_AURPU",90.7,1716,0,3029,"A0ABR0TVG4"
"KAK6001669.1","tr|A0ABR0TB45|A0ABR0TB45_AURPU",100,1559,0,3028,"A0ABR0TB45"
"KAK6005684.1","tr|A0ABR0TMN8|A0ABR0TMN8_AURPU",100,1548,0,3018,"A0ABR0TMN8"
"KAK6000077.1","tr|A0ABR0T6M4|A0ABR0T6M4_AURPU",100,1612,0,3010,"A0ABR0T6M4"
"KAK6000594.1","tr|A0ABR0T8M0|A0ABR0T8M0_AURPU",100,1697,0,2991,"A0ABR0T8M0"
"KAK6005196.1","tr|A0ABR0TMQ0|A0ABR0TMQ0_AURPU",100,1529,0,2985,"A0ABR0TMQ0"
"KAK6001075.1","tr|A0ABR0TAN8|A0ABR0TAN8_AURPU",100,1775,0,2984,"A0ABR0TAN8"
"KAK6003395.1","tr|A0ABR0THJ4|A0ABR0THJ4_AURPU",100,1494,0,2982,"A0ABR0THJ4"
"KAK6003887.1","tr|A0ABR0THH7|A0ABR0THH7_AURPU",100,1519,0,2975,"A0ABR0THH7"
"THX98658.1","tr|A0ABR0TLJ0|A0ABR0TLJ0_AURPU",91.4,1644,0,2974,"A0ABR0TLJ0"
"KAK6007572.1","tr|A0ABR0TTC2|A0ABR0TTC2_AURPU",100,1590,0,2974,"A0ABR0TTC2"
"KAK6002092.1","tr|A0ABR0TD76|A0ABR0TD76_AURPU",100,1941,0,2973,"A0ABR0TD76"
"KAK6007734.1","tr|A0ABR0TU35|A0ABR0TU35_AURPU",100,1609,0,2958,"A0ABR0TU35"
"CAC9891534.1","tr|A0ABR0TTD7|A0ABR0TTD7_AURPU",94.5,1584,0,2949,"A0ABR0TTD7"
"CAC9895234.1","tr|A0ABR0T718|A0ABR0T718_AURPU",93,1662,0,2948,"A0ABR0T718"
"KAK6000023.1","tr|A0ABR0T6G1|A0ABR0T6G1_AURPU",100,1508,0,2940,"A0ABR0T6G1"
"KAK6001413.1","tr|A0ABR0TAE3|A0ABR0TAE3_AURPU",100,1617,0,2940,"A0ABR0TAE3"
"KAK6004655.1","tr|A0ABR0TL89|A0ABR0TL89_AURPU",100,1509,0,2939,"A0ABR0TL89"
"KAK6005691.1","tr|A0ABR0TP73|A0ABR0TP73_AURPU",100,1524,0,2939,"A0ABR0TP73"
"CAD0020017.1","tr|A0ABR0TE34|A0ABR0TE34_AURPU",89.4,1560,0,2919,"A0ABR0TE34"
"KAK6006938.1","tr|A0ABR0TR70|A0ABR0TR70_AURPU",100,1704,0,2915,"A0ABR0TR70"
"KAK6004138.1","tr|A0ABR0TI65|A0ABR0TI65_AURPU",100,1540,0,2907,"A0ABR0TI65"
"KAK6007200.1","tr|A0ABR0TRX8|A0ABR0TRX8_AURPU",100,1570,0,2907,"A0ABR0TRX8"
"KAK6007047.1","tr|A0ABR0TRV6|A0ABR0TRV6_AURPU",100,1483,0,2900,"A0ABR0TRV6"
"KAK6001822.1","tr|A0ABR0TCG6|A0ABR0TCG6_AURPU",100,1441,0,2896,"A0ABR0TCG6"
"KEQ85517.1","tr|A0ABR0TAR5|A0ABR0TAR5_AURPU",94.3,1568,0,2881,"A0ABR0TAR5"
"KAK6000350.1","tr|A0ABR0T8N8|A0ABR0T8N8_AURPU",100,1509,0,2879,"A0ABR0T8N8"
"THV75573.1","tr|A0ABR0TWG8|A0ABR0TWG8_AURPU",96,1490,0,2866,"A0ABR0TWG8"
"THY13809.1","tr|A0ABR0TIH0|A0ABR0TIH0_AURPU",91.8,1859,0,2865,"A0ABR0TIH0"
"KAK6008261.1","tr|A0ABR0TVQ8|A0ABR0TVQ8_AURPU",100,1475,0,2864,"A0ABR0TVQ8"
"KAK6002893.1","tr|A0ABR0TEP0|A0ABR0TEP0_AURPU",100,1558,0,2854,"A0ABR0TEP0"
"KAK6000572.1","tr|A0ABR0T800|A0ABR0T800_AURPU",100,1616,0,2853,"A0ABR0T800"
"KAK6001441.1","tr|A0ABR0TAH8|A0ABR0TAH8_AURPU",100,1825,0,2840,"A0ABR0TAH8"
"KAK6008647.1","tr|A0ABR0TX17|A0ABR0TX17_AURPU",100,1502,0,2835,"A0ABR0TX17"
"KAK6002349.1","tr|A0ABR0TDM7|A0ABR0TDM7_AURPU",100,1489,0,2833,"A0ABR0TDM7"
"KAK6003927.1","tr|A0ABR0THV4|A0ABR0THV4_AURPU",100,1485,0,2833,"A0ABR0THV4"
"KAK6001276.1","tr|A0ABR0TA09|A0ABR0TA09_AURPU",100,1436,0,2832,"A0ABR0TA09"
"KAK6000267.1","tr|A0ABR0T7H6|A0ABR0T7H6_AURPU",100,1453,0,2828,"A0ABR0T7H6"
"KAK6003095.1","tr|A0ABR0TGP8|A0ABR0TGP8_AURPU",100,1417,0,2823,"A0ABR0TGP8"
"KAK6007717.1","tr|A0ABR0TUF4|A0ABR0TUF4_AURPU",100,1519,0,2818,"A0ABR0TUF4"
"KAK6007425.1","tr|A0ABR0TSJ7|A0ABR0TSJ7_AURPU",100,1410,0,2814,"A0ABR0TSJ7"
"KAK5999914.1","tr|A0ABR0T639|A0ABR0T639_AURPU",100,1709,0,2809,"A0ABR0T639"
"THY23601.1","tr|A0ABR0TA91|A0ABR0TA91_AURPU",94.9,1483,0,2802,"A0ABR0TA91"
"THY34976.1","tr|A0ABR0TDG4|A0ABR0TDG4_AURPU",94.4,1545,0,2799,"A0ABR0TDG4"
"KAK6001254.1","tr|A0ABR0TAK3|A0ABR0TAK3_AURPU",100,1394,0,2788,"A0ABR0TAK3"
"KAK6005188.1","tr|A0ABR0TL65|A0ABR0TL65_AURPU",100,1476,0,2786,"A0ABR0TL65"
"KEQ88050.1","tr|A0ABR0TU07|A0ABR0TU07_AURPU",92.5,1603,0,2784,"A0ABR0TU07"
"KAK6004972.1","tr|A0ABR0TLE0|A0ABR0TLE0_AURPU",100,1452,0,2782,"A0ABR0TLE0"
"KAK6007001.1","tr|A0ABR0TS75|A0ABR0TS75_AURPU",100,1453,0,2779,"A0ABR0TS75"
"KAK6004227.1","tr|A0ABR0TIS3|A0ABR0TIS3_AURPU",100,1407,0,2773,"A0ABR0TIS3"
"KAK6003323.1","tr|A0ABR0TFW0|A0ABR0TFW0_AURPU",100,1489,0,2771,"A0ABR0TFW0"
"KAK6007029.1","tr|A0ABR0TRZ3|A0ABR0TRZ3_AURPU",100,1622,0,2771,"A0ABR0TRZ3"
"THV72727.1","tr|A0ABR0TLI7|A0ABR0TLI7_AURPU",93.1,1529,0,2767,"A0ABR0TLI7"
"KAK6003670.1","tr|A0ABR0TI84|A0ABR0TI84_AURPU",100,1411,0,2763,"A0ABR0TI84"
"KEQ80029.1","tr|A0ABR0TCQ5|A0ABR0TCQ5_AURPU",90.5,1541,0,2759,"A0ABR0TCQ5"
"KAK6008433.1","tr|A0ABR0TVF2|A0ABR0TVF2_AURPU",100,1454,0,2759,"A0ABR0TVF2"
"KAK6003328.1","tr|A0ABR0TFX3|A0ABR0TFX3_AURPU",100,1491,0,2758,"A0ABR0TFX3"
"KAK6001583.1","tr|A0ABR0TAW5|A0ABR0TAW5_AURPU",100,1443,0,2755,"A0ABR0TAW5"
"KAK6003365.1","tr|A0ABR0THH0|A0ABR0THH0_AURPU",100,1438,0,2752,"A0ABR0THH0"
"THV78767.1","tr|A0ABR0TU16|A0ABR0TU16_AURPU",90.6,1566,0,2748,"A0ABR0TU16"
"KAK6008719.1","tr|A0ABR0TW75|A0ABR0TW75_AURPU",100,1502,0,2748,"A0ABR0TW75"
"KAK6003221.1","tr|A0ABR0TGR0|A0ABR0TGR0_AURPU",100,1436,0,2745,"A0ABR0TGR0"
"THZ53078.1","tr|A0ABR0TU83|A0ABR0TU83_AURPU",91.7,1527,0,2744,"A0ABR0TU83"
"KAK6000299.1","tr|A0ABR0T7F3|A0ABR0T7F3_AURPU",100,1471,0,2742,"A0ABR0T7F3"
"KAK6004613.1","tr|A0ABR0TJK3|A0ABR0TJK3_AURPU",100,1482,0,2736,"A0ABR0TJK3"
"KAK6001266.1","tr|A0ABR0TBH5|A0ABR0TBH5_AURPU",100,1779,0,2730,"A0ABR0TBH5"
"KAK6006025.1","tr|A0ABR0TQ10|A0ABR0TQ10_AURPU",100,1425,0,2725,"A0ABR0TQ10"
"KAK6004633.1","tr|A0ABR0TJK5|A0ABR0TJK5_AURPU",100,1390,0,2717,"A0ABR0TJK5"
"THY95976.1","tr|A0ABR0TGV3|A0ABR0TGV3_AURPU",92.3,1526,0,2709,"A0ABR0TGV3"
"KAK6001629.1","tr|A0ABR0TBK6|A0ABR0TBK6_AURPU",100,1331,0,2704,"A0ABR0TBK6"
"KAK6004228.1","tr|A0ABR0TIG1|A0ABR0TIG1_AURPU",100,1409,0,2704,"A0ABR0TIG1"
"KAK6000891.1","tr|A0ABR0TAB3|A0ABR0TAB3_AURPU",100,1407,0,2703,"A0ABR0TAB3"
"KAK6000534.1","tr|A0ABR0T8G1|A0ABR0T8G1_AURPU",100,1423,0,2702,"A0ABR0T8G1"
"KAK6008629.1","tr|A0ABR0TVX5|A0ABR0TVX5_AURPU",100,1494,0,2701,"A0ABR0TVX5"
"THW20303.1","tr|A0ABR0TUE8|A0ABR0TUE8_AURPU",94.8,1472,0,2696,"A0ABR0TUE8"
"THX70993.1","tr|A0ABR0T5S6|A0ABR0T5S6_AURPU",90.6,1505,0,2694,"A0ABR0T5S6"
"KAK6004968.1","tr|A0ABR0TKI8|A0ABR0TKI8_AURPU",100,1406,0,2691,"A0ABR0TKI8"
"KAK6002785.1","tr|A0ABR0TFQ2|A0ABR0TFQ2_AURPU",100,1369,0,2685,"A0ABR0TFQ2"
"KAK6001187.1","tr|A0ABR0T9R8|A0ABR0T9R8_AURPU",100,1371,0,2683,"A0ABR0T9R8"
"KAK6002072.1","tr|A0ABR0TCA2|A0ABR0TCA2_AURPU",100,1516,0,2683,"A0ABR0TCA2"
"KAK6006238.1","tr|A0ABR0TP79|A0ABR0TP79_AURPU",100,1426,0,2682,"A0ABR0TP79"
"KAK6003812.1","tr|A0ABR0THA2|A0ABR0THA2_AURPU",100,1354,0,2680,"A0ABR0THA2"
"KAK6000118.1","tr|A0ABR0T6R1|A0ABR0T6R1_AURPU",100,1412,0,2677,"A0ABR0T6R1"
"KAK6008701.1","tr|A0ABR0TW40|A0ABR0TW40_AURPU",100,1550,0,2674,"A0ABR0TW40"
"KAK6006072.1","tr|A0ABR0TP01|A0ABR0TP01_AURPU",100,1382,0,2673,"A0ABR0TP01"
"KAK6002515.1","tr|A0ABR0TEV8|A0ABR0TEV8_AURPU",100,1404,0,2669,"A0ABR0TEV8"
"KAK5999325.1","tr|A0ABR0T4G5|A0ABR0T4G5_AURPU",100,1392,0,2667,"A0ABR0T4G5"
"CAD0015670.1","tr|A0ABR0T9L3|A0ABR0T9L3_AURPU",93.7,1454,0,2662,"A0ABR0T9L3"
"KAK5999284.1","tr|A0ABR0T4E2|A0ABR0T4E2_AURPU",100,1398,0,2658,"A0ABR0T4E2"
"KAK6003258.1","tr|A0ABR0TFQ0|A0ABR0TFQ0_AURPU",100,1423,0,2652,"A0ABR0TFQ0"
"KAK6002238.1","tr|A0ABR0TCS0|A0ABR0TCS0_AURPU",100,1318,0,2651,"A0ABR0TCS0"
"KAK6003933.1","tr|A0ABR0THL5|A0ABR0THL5_AURPU",100,1378,0,2649,"A0ABR0THL5"
"KAK6004671.1","tr|A0ABR0TLA1|A0ABR0TLA1_AURPU",100,1347,0,2633,"A0ABR0TLA1"
"CAD0049062.1","tr|A0ABR0T7J1|A0ABR0T7J1_AURPU",89.2,1640,0,2632,"A0ABR0T7J1"
"THY68025.1","tr|A0ABR0TBE1|A0ABR0TBE1_AURPU",94.1,1382,0,2629,"A0ABR0TBE1"
"KAK6002783.1","tr|A0ABR0TED0|A0ABR0TED0_AURPU",100,2263,0,2628,"A0ABR0TED0"
"KAK6006918.1","tr|A0ABR0TR36|A0ABR0TR36_AURPU",100,1358,0,2627,"A0ABR0TR36"
"KAK6005755.1","tr|A0ABR0TP85|A0ABR0TP85_AURPU",100,1508,0,2625,"A0ABR0TP85"
"KAK6004648.1","tr|A0ABR0TJL7|A0ABR0TJL7_AURPU",100,1512,0,2620,"A0ABR0TJL7"
"KAK6000978.1","tr|A0ABR0T962|A0ABR0T962_AURPU",100,1410,0,2619,"A0ABR0T962"
"THV74384.1","tr|A0ABR0TR90|A0ABR0TR90_AURPU",95.3,1392,0,2612,"A0ABR0TR90"
"KAK6005682.1","tr|A0ABR0TMV5|A0ABR0TMV5_AURPU",100,1440,0,2610,"A0ABR0TMV5"
"KAK6008202.1","tr|A0ABR0TV59|A0ABR0TV59_AURPU",100,1374,0,2609,"A0ABR0TV59"
"KAK6001675.1","tr|A0ABR0TCG1|A0ABR0TCG1_AURPU",100,1336,0,2605,"A0ABR0TCG1"
"KEQ86512.1","tr|A0ABR0TL59|A0ABR0TL59_AURPU",95.4,1370,0,2603,"A0ABR0TL59"
"KAK6000219.1","tr|A0ABR0T7K4|A0ABR0T7K4_AURPU",100,1411,0,2602,"A0ABR0T7K4"
"KEQ85029.1","tr|A0ABR0TFM0|A0ABR0TFM0_AURPU",95.6,1363,0,2601,"A0ABR0TFM0"
"KAK6000127.1","tr|A0ABR0T7Q0|A0ABR0T7Q0_AURPU",100,1309,0,2595,"A0ABR0T7Q0"
"CAD0050660.1","tr|A0ABR0TDQ4|A0ABR0TDQ4_AURPU",93.4,1396,0,2591,"A0ABR0TDQ4"
"KAK6004011.1","tr|A0ABR0TJC8|A0ABR0TJC8_AURPU",100,1923,0,2590,"A0ABR0TJC8"
"KAK6006145.1","tr|A0ABR0TQC6|A0ABR0TQC6_AURPU",100,1407,0,2582,"A0ABR0TQC6"
"KAK6003740.1","tr|A0ABR0TIJ2|A0ABR0TIJ2_AURPU",100,1474,0,2580,"A0ABR0TIJ2"
"KAK6002613.1","tr|A0ABR0TDU9|A0ABR0TDU9_AURPU",100,1274,0,2575,"A0ABR0TDU9"
"KAK6005872.1","tr|A0ABR0TP03|A0ABR0TP03_AURPU",100,1537,0,2574,"A0ABR0TP03"
"KAK6006870.1","tr|A0ABR0TQY9|A0ABR0TQY9_AURPU",100,1318,0,2574,"A0ABR0TQY9"
"KAK6002199.1","tr|A0ABR0TD64|A0ABR0TD64_AURPU",100,1358,0,2561,"A0ABR0TD64"
"KAK6008531.1","tr|A0ABR0TWH4|A0ABR0TWH4_AURPU",100,1336,0,2550,"A0ABR0TWH4"
"KAK6006790.1","tr|A0ABR0TS81|A0ABR0TS81_AURPU",100,1633,0,2548,"A0ABR0TS81"
"TIA08344.1","tr|A0ABR0TA61|A0ABR0TA61_AURPU",94.5,1423,0,2546,"A0ABR0TA61"
"KAK6005777.1","tr|A0ABR0TMY8|A0ABR0TMY8_AURPU",100,1323,0,2545,"A0ABR0TMY8"
"TIA06696.1","tr|A0ABR0TX25|A0ABR0TX25_AURPU",95.4,1342,0,2534,"A0ABR0TX25"
"KAK6004266.1","tr|A0ABR0TK62|A0ABR0TK62_AURPU",100,1319,0,2532,"A0ABR0TK62"
"THV79245.1","tr|A0ABR0TCX7|A0ABR0TCX7_AURPU",92.5,1506,0,2531,"A0ABR0TCX7"
"TIA17005.1","tr|A0ABR0TVL4|A0ABR0TVL4_AURPU",93.4,1355,0,2528,"A0ABR0TVL4"
"KAK5999601.1","tr|A0ABR0T6L5|A0ABR0T6L5_AURPU",100,1337,0,2524,"A0ABR0T6L5"
"THV79530.1","tr|A0ABR0TDK9|A0ABR0TDK9_AURPU",97,1316,0,2521,"A0ABR0TDK9"
"KAK6002818.1","tr|A0ABR0TEG8|A0ABR0TEG8_AURPU",100,1470,0,2514,"A0ABR0TEG8"
"KAK6004481.1","tr|A0ABR0TK67|A0ABR0TK67_AURPU",100,1328,0,2514,"A0ABR0TK67"
"KAK6005280.1","tr|A0ABR0TLG5|A0ABR0TLG5_AURPU",100,1752,0,2513,"A0ABR0TLG5"
"KAK5999822.1","tr|A0ABR0T603|A0ABR0T603_AURPU",100,1303,0,2509,"A0ABR0T603"
"KAK6005424.1","tr|A0ABR0TMG3|A0ABR0TMG3_AURPU",100,1290,0,2505,"A0ABR0TMG3"
"KAK6006945.1","tr|A0ABR0TR61|A0ABR0TR61_AURPU",100,1262,0,2504,"A0ABR0TR61"
"KAK6000451.1","tr|A0ABR0T7M8|A0ABR0T7M8_AURPU",100,1499,0,2501,"A0ABR0T7M8"
"KAK6004123.1","tr|A0ABR0TI50|A0ABR0TI50_AURPU",100,1520,0,2500,"A0ABR0TI50"
"KAK6006429.1","tr|A0ABR0TQ87|A0ABR0TQ87_AURPU",100,1308,0,2500,"A0ABR0TQ87"
"KAK6007651.1","tr|A0ABR0TT62|A0ABR0TT62_AURPU",100,1272,0,2500,"A0ABR0TT62"
"KAK6001218.1","tr|A0ABR0T9W1|A0ABR0T9W1_AURPU",100,1257,0,2498,"A0ABR0T9W1"
"KAK6005071.1","tr|A0ABR0TKU5|A0ABR0TKU5_AURPU",100,1320,0,2496,"A0ABR0TKU5"
"KEQ88750.1","tr|A0ABR0T9U3|A0ABR0T9U3_AURPU",90.5,1403,0,2492,"A0ABR0T9U3"
"KAK6000373.1","tr|A0ABR0T7G0|A0ABR0T7G0_AURPU",100,1285,0,2491,"A0ABR0T7G0"
"KAK6000196.1","tr|A0ABR0T6X1|A0ABR0T6X1_AURPU",100,1341,0,2489,"A0ABR0T6X1"
"KAK6001735.1","tr|A0ABR0TCN6|A0ABR0TCN6_AURPU",100,1278,0,2484,"A0ABR0TCN6"
"KAK6004413.1","tr|A0ABR0TIY2|A0ABR0TIY2_AURPU",100,1294,0,2481,"A0ABR0TIY2"
"KAK6001562.1","tr|A0ABR0TAU8|A0ABR0TAU8_AURPU",100,1356,0,2480,"A0ABR0TAU8"
"KAK6001551.1","tr|A0ABR0TC98|A0ABR0TC98_AURPU",100,1260,0,2477,"A0ABR0TC98"
"KAK6007343.1","tr|A0ABR0TSC5|A0ABR0TSC5_AURPU",100,1397,0,2476,"A0ABR0TSC5"
"KAK6008344.1","tr|A0ABR0TV31|A0ABR0TV31_AURPU",100,1420,0,2476,"A0ABR0TV31"
"KAK6004451.1","tr|A0ABR0TK37|A0ABR0TK37_AURPU",100,1264,0,2473,"A0ABR0TK37"
"THV71969.1","tr|A0ABR0TL30|A0ABR0TL30_AURPU",96.4,1314,0,2472,"A0ABR0TL30"
"KAK6001681.1","tr|A0ABR0TB59|A0ABR0TB59_AURPU",100,1286,0,2472,"A0ABR0TB59"
"KAK6002834.1","tr|A0ABR0TEJ1|A0ABR0TEJ1_AURPU",100,1292,0,2472,"A0ABR0TEJ1"
"THX99166.1","tr|A0ABR0T6Y9|A0ABR0T6Y9_AURPU",94.4,1314,0,2470,"A0ABR0T6Y9"
"TIA66565.1","tr|A0ABR0TUZ1|A0ABR0TUZ1_AURPU",92,1370,0,2469,"A0ABR0TUZ1"
"KAK6003811.1","tr|A0ABR0TH91|A0ABR0TH91_AURPU",100,1687,0,2467,"A0ABR0TH91"
"KAK6008434.1","tr|A0ABR0TVD3|A0ABR0TVD3_AURPU",100,1353,0,2466,"A0ABR0TVD3"
"KAK6007297.1","tr|A0ABR0TT83|A0ABR0TT83_AURPU",100,1336,0,2464,"A0ABR0TT83"
"KAK6001247.1","tr|A0ABR0T9Y8|A0ABR0T9Y8_AURPU",100,1488,0,2463,"A0ABR0T9Y8"
"KAK6003448.1","tr|A0ABR0TG91|A0ABR0TG91_AURPU",100,1302,0,2454,"A0ABR0TG91"
"KAK6005142.1","tr|A0ABR0TLB6|A0ABR0TLB6_AURPU",100,1279,0,2453,"A0ABR0TLB6"
"KAK6007639.1","tr|A0ABR0TT49|A0ABR0TT49_AURPU",100,1289,0,2452,"A0ABR0TT49"
"KAK6008297.1","tr|A0ABR0TV88|A0ABR0TV88_AURPU",100,1441,0,2451,"A0ABR0TV88"
"KAK6004920.1","tr|A0ABR0TKD8|A0ABR0TKD8_AURPU",100,1301,0,2448,"A0ABR0TKD8"
"KAK6005680.1","tr|A0ABR0TP12|A0ABR0TP12_AURPU",100,1498,0,2448,"A0ABR0TP12"
"KAK6000332.1","tr|A0ABR0T7B6|A0ABR0T7B6_AURPU",100,1418,0,2447,"A0ABR0T7B6"
"KAK6005652.1","tr|A0ABR0TMR9|A0ABR0TMR9_AURPU",100,1249,0,2447,"A0ABR0TMR9"
"KAK6005606.1","tr|A0ABR0TND0|A0ABR0TND0_AURPU",100,1311,0,2446,"A0ABR0TND0"
"CAD0010700.1","tr|A0ABR0TSS7|A0ABR0TSS7_AURPU",93.9,1342,0,2446,"A0ABR0TSS7"
"KAK6001076.1","tr|A0ABR0TAM6|A0ABR0TAM6_AURPU",100,1327,0,2445,"A0ABR0TAM6"
"KAK6007564.1","tr|A0ABR0TSY2|A0ABR0TSY2_AURPU",100,1379,0,2443,"A0ABR0TSY2"
"KAK5999828.1","tr|A0ABR0T5W2|A0ABR0T5W2_AURPU",100,1291,0,2441,"A0ABR0T5W2"
"KAK6003880.1","tr|A0ABR0TIT9|A0ABR0TIT9_AURPU",100,1323,0,2441,"A0ABR0TIT9"
"KAK5999832.1","tr|A0ABR0T690|A0ABR0T690_AURPU",100,1217,0,2440,"A0ABR0T690"
"KAK6002491.1","tr|A0ABR0TDI3|A0ABR0TDI3_AURPU",100,1232,0,2439,"A0ABR0TDI3"
"KAK6006698.1","tr|A0ABR0TQH3|A0ABR0TQH3_AURPU",100,1242,0,2425,"A0ABR0TQH3"
"KAK6001391.1","tr|A0ABR0TBK0|A0ABR0TBK0_AURPU",100,1234,0,2424,"A0ABR0TBK0"
"KAK6003570.1","tr|A0ABR0TGM1|A0ABR0TGM1_AURPU",100,1215,0,2418,"A0ABR0TGM1"
"KAK6000273.1","tr|A0ABR0T755|A0ABR0T755_AURPU",100,1565,0,2416,"A0ABR0T755"
"KAK6002308.1","tr|A0ABR0TCY8|A0ABR0TCY8_AURPU",100,1357,0,2416,"A0ABR0TCY8"
"KAK6004016.1","tr|A0ABR0TIW0|A0ABR0TIW0_AURPU",100,1241,0,2416,"A0ABR0TIW0"
"THV66503.1","tr|A0ABR0TVF1|A0ABR0TVF1_AURPU",94.7,1292,0,2413,"A0ABR0TVF1"
"CAD0040552.1","tr|A0ABR0TCV5|A0ABR0TCV5_AURPU",97,1222,0,2413,"A0ABR0TCV5"
"THY21787.1","tr|A0ABR0TEA6|A0ABR0TEA6_AURPU",95.1,1281,0,2409,"A0ABR0TEA6"
"THY23868.1","tr|A0ABR0TAS2|A0ABR0TAS2_AURPU",92.6,1373,0,2408,"A0ABR0TAS2"
"KAK6007550.1","tr|A0ABR0TUM7|A0ABR0TUM7_AURPU",100,1226,0,2408,"A0ABR0TUM7"
"THW96546.1","tr|A0ABR0T9U2|A0ABR0T9U2_AURPU",96.5,1214,0,2406,"A0ABR0T9U2"
"THZ66412.1","tr|A0ABR0TFA5|A0ABR0TFA5_AURPU",96.8,1302,0,2403,"A0ABR0TFA5"
"KAK6000733.1","tr|A0ABR0T8G5|A0ABR0T8G5_AURPU",100,1216,0,2403,"A0ABR0T8G5"
"KAK6000215.1","tr|A0ABR0T897|A0ABR0T897_AURPU",100,1255,0,2400,"A0ABR0T897"
"KAK6007673.1","tr|A0ABR0TTB7|A0ABR0TTB7_AURPU",100,1202,0,2400,"A0ABR0TTB7"
"KAK6002342.1","tr|A0ABR0TD30|A0ABR0TD30_AURPU",100,1224,0,2397,"A0ABR0TD30"
"THZ01420.1","tr|A0ABR0TRV8|A0ABR0TRV8_AURPU",95,1256,0,2396,"A0ABR0TRV8"
"KAK5999813.1","tr|A0ABR0T5U7|A0ABR0T5U7_AURPU",100,1216,0,2394,"A0ABR0T5U7"
"KAK6005709.1","tr|A0ABR0TNB5|A0ABR0TNB5_AURPU",100,1290,0,2387,"A0ABR0TNB5"
"KAK6003269.1","tr|A0ABR0TFQ9|A0ABR0TFQ9_AURPU",100,1214,0,2377,"A0ABR0TFQ9"
"KAK6003871.1","tr|A0ABR0THF3|A0ABR0THF3_AURPU",100,1259,0,2375,"A0ABR0THF3"
"KAK5999975.1","tr|A0ABR0T7K5|A0ABR0T7K5_AURPU",100,1178,0,2363,"A0ABR0T7K5"
"THW88469.1","tr|A0ABR0TFY6|A0ABR0TFY6_AURPU",93.1,1322,0,2360,"A0ABR0TFY6"
"KAK6001704.1","tr|A0ABR0TBS8|A0ABR0TBS8_AURPU",100,1215,0,2359,"A0ABR0TBS8"
"KEQ87739.1","tr|A0ABR0TUZ4|A0ABR0TUZ4_AURPU",90.9,1310,0,2353,"A0ABR0TUZ4"
"KAK6003594.1","tr|A0ABR0TH70|A0ABR0TH70_AURPU",100,1266,0,2353,"A0ABR0TH70"
"KAK6006901.1","tr|A0ABR0TR42|A0ABR0TR42_AURPU",100,1226,0,2353,"A0ABR0TR42"
"KAK6004192.1","tr|A0ABR0TJ97|A0ABR0TJ97_AURPU",100,1380,0,2352,"A0ABR0TJ97"
"KAK6002346.1","tr|A0ABR0TEI3|A0ABR0TEI3_AURPU",100,1223,0,2350,"A0ABR0TEI3"
"THX55290.1","tr|A0ABR0TQC0|A0ABR0TQC0_AURPU",89.5,1403,0,2348,"A0ABR0TQC0"
"KAK6005722.1","tr|A0ABR0TNK0|A0ABR0TNK0_AURPU",100,1185,0,2348,"A0ABR0TNK0"
"KAK6003388.1","tr|A0ABR0TG27|A0ABR0TG27_AURPU",100,1339,0,2345,"A0ABR0TG27"
"THW68713.1","tr|A0ABR0TLU3|A0ABR0TLU3_AURPU",92.5,1376,0,2341,"A0ABR0TLU3"
"THX69734.1","tr|A0ABR0TNW1|A0ABR0TNW1_AURPU",91.1,1266,0,2340,"A0ABR0TNW1"
"KAK6003123.1","tr|A0ABR0TFA7|A0ABR0TFA7_AURPU",100,1300,0,2337,"A0ABR0TFA7"
"KAK6001607.1","tr|A0ABR0TAZ1|A0ABR0TAZ1_AURPU",100,1222,0,2336,"A0ABR0TAZ1"
"THX42024.1","tr|A0ABR0TK34|A0ABR0TK34_AURPU",98.4,1187,0,2331,"A0ABR0TK34"
"KAK6004957.1","tr|A0ABR0TLC6|A0ABR0TLC6_AURPU",100,1172,0,2331,"A0ABR0TLC6"
"KAK6001781.1","tr|A0ABR0TCP0|A0ABR0TCP0_AURPU",100,1203,0,2327,"A0ABR0TCP0"
"KAK6001996.1","tr|A0ABR0TC27|A0ABR0TC27_AURPU",100,1198,0,2326,"A0ABR0TC27"
"KAK5999860.1","tr|A0ABR0T768|A0ABR0T768_AURPU",100,1291,0,2324,"A0ABR0T768"
"KAK6005177.1","tr|A0ABR0TL72|A0ABR0TL72_AURPU",100,1150,0,2323,"A0ABR0TL72"
"KAK6007563.1","tr|A0ABR0TSY5|A0ABR0TSY5_AURPU",100,1208,0,2322,"A0ABR0TSY5"
"KAK6002163.1","tr|A0ABR0TCJ9|A0ABR0TCJ9_AURPU",100,1176,0,2320,"A0ABR0TCJ9"
"KAK6002945.1","tr|A0ABR0TG95|A0ABR0TG95_AURPU",100,1265,0,2318,"A0ABR0TG95"
"KAK6005563.1","tr|A0ABR0TM98|A0ABR0TM98_AURPU",100,1190,0,2318,"A0ABR0TM98"
"TIA62628.1","tr|A0ABR0TH79|A0ABR0TH79_AURPU",86.7,1430,0,2311,"A0ABR0TH79"
"KAK5999817.1","tr|A0ABR0T680|A0ABR0T680_AURPU",100,1172,0,2310,"A0ABR0T680"
"KAK6006884.1","tr|A0ABR0TR02|A0ABR0TR02_AURPU",100,1185,0,2307,"A0ABR0TR02"
"KAK6003878.1","tr|A0ABR0THG5|A0ABR0THG5_AURPU",100,1599,0,2305,"A0ABR0THG5"
"KAK6008379.1","tr|A0ABR0TVY4|A0ABR0TVY4_AURPU",100,1221,0,2305,"A0ABR0TVY4"
"KAK6004502.1","tr|A0ABR0TJB9|A0ABR0TJB9_AURPU",100,1158,0,2304,"A0ABR0TJB9"
"KAK6007889.1","tr|A0ABR0TTV2|A0ABR0TTV2_AURPU",100,1221,0,2304,"A0ABR0TTV2"
"KAK6006022.1","tr|A0ABR0TPG9|A0ABR0TPG9_AURPU",100,2198,0,2300,"A0ABR0TPG9"
"KAK6003076.1","tr|A0ABR0TF63|A0ABR0TF63_AURPU",100,1205,0,2298,"A0ABR0TF63"
"THV65778.1","tr|A0ABR0TWE0|A0ABR0TWE0_AURPU",91.1,1375,0,2295,"A0ABR0TWE0"
"KAK6000192.1","tr|A0ABR0T7A2|A0ABR0T7A2_AURPU",100,1165,0,2293,"A0ABR0T7A2"
"KAK6002725.1","tr|A0ABR0TFJ1|A0ABR0TFJ1_AURPU",100,1209,0,2291,"A0ABR0TFJ1"
"KAK6005165.1","tr|A0ABR0TMP2|A0ABR0TMP2_AURPU",100,1144,0,2288,"A0ABR0TMP2"
"KAK6001041.1","tr|A0ABR0TAR6|A0ABR0TAR6_AURPU",100,1313,0,2285,"A0ABR0TAR6"
"KAK6003188.1","tr|A0ABR0TFH6|A0ABR0TFH6_AURPU",100,1140,0,2283,"A0ABR0TFH6"
"THZ86289.1","tr|A0ABR0TDR7|A0ABR0TDR7_AURPU",93.2,1224,0,2278,"A0ABR0TDR7"
"THW27420.1","tr|A0ABR0TGU7|A0ABR0TGU7_AURPU",94.2,1278,0,2275,"A0ABR0TGU7"
"KAK6002149.1","tr|A0ABR0TCI5|A0ABR0TCI5_AURPU",100,1198,0,2274,"A0ABR0TCI5"
"THW02485.1","tr|A0ABR0TL78|A0ABR0TL78_AURPU",93,1263,0,2271,"A0ABR0TL78"
"KAK6005058.1","tr|A0ABR0TKT0|A0ABR0TKT0_AURPU",100,1219,0,2271,"A0ABR0TKT0"
"KAK6008443.1","tr|A0ABR0TVC2|A0ABR0TVC2_AURPU",100,2474,0,2271,"A0ABR0TVC2"
"KAK6004650.1","tr|A0ABR0TJM7|A0ABR0TJM7_AURPU",100,1187,0,2268,"A0ABR0TJM7"
"KAK6005762.1","tr|A0ABR0TMX4|A0ABR0TMX4_AURPU",100,1222,0,2267,"A0ABR0TMX4"
"KAK6008166.1","tr|A0ABR0TW86|A0ABR0TW86_AURPU",100,1179,0,2265,"A0ABR0TW86"
"KAK6003840.1","tr|A0ABR0THC4|A0ABR0THC4_AURPU",100,1171,0,2263,"A0ABR0THC4"
"KAK5999676.1","tr|A0ABR0T6U6|A0ABR0T6U6_AURPU",100,1308,0,2262,"A0ABR0T6U6"
"KAK6002378.1","tr|A0ABR0TD50|A0ABR0TD50_AURPU",100,1229,0,2261,"A0ABR0TD50"
"KAK6007051.1","tr|A0ABR0TRI1|A0ABR0TRI1_AURPU",100,1339,0,2258,"A0ABR0TRI1"
"KAK6000598.1","tr|A0ABR0T832|A0ABR0T832_AURPU",100,1173,0,2257,"A0ABR0T832"
"KAK6006920.1","tr|A0ABR0TSS4|A0ABR0TSS4_AURPU",100,1197,0,2257,"A0ABR0TSS4"
"KAK6004746.1","tr|A0ABR0TLH5|A0ABR0TLH5_AURPU",100,1182,0,2253,"A0ABR0TLH5"
"KAK6002219.1","tr|A0ABR0TCT1|A0ABR0TCT1_AURPU",100,1241,0,2251,"A0ABR0TCT1"
"KAK6006689.1","tr|A0ABR0TQF9|A0ABR0TQF9_AURPU",100,1103,0,2249,"A0ABR0TQF9"
"KAK6005096.1","tr|A0ABR0TLY5|A0ABR0TLY5_AURPU",100,1196,0,2248,"A0ABR0TLY5"
"KAK6003784.1","tr|A0ABR0TH68|A0ABR0TH68_AURPU",100,1070,0,2243,"A0ABR0TH68"
"CAD0040785.1","tr|A0ABR0T8C4|A0ABR0T8C4_AURPU",95.3,1161,0,2243,"A0ABR0T8C4"
"THY25341.1","tr|A0ABR0TCX1|A0ABR0TCX1_AURPU",96.2,1173,0,2240,"A0ABR0TCX1"
"THW87661.1","tr|A0ABR0T9I3|A0ABR0T9I3_AURPU",91.6,1308,0,2238,"A0ABR0T9I3"
"CAR1024569.1","tr|A0ABR0THZ1|A0ABR0THZ1_AURPU",94.4,1193,0,2237,"A0ABR0THZ1"
"KAK6002024.1","tr|A0ABR0TC88|A0ABR0TC88_AURPU",100,1138,0,2236,"A0ABR0TC88"
"KAK6003431.1","tr|A0ABR0THB0|A0ABR0THB0_AURPU",100,1140,0,2236,"A0ABR0THB0"
"KAK6007432.1","tr|A0ABR0TTM1|A0ABR0TTM1_AURPU",100,1148,0,2235,"A0ABR0TTM1"
"KAK6001145.1","tr|A0ABR0TB17|A0ABR0TB17_AURPU",100,1145,0,2234,"A0ABR0TB17"
"KAK6002971.1","tr|A0ABR0TEW5|A0ABR0TEW5_AURPU",100,1488,0,2234,"A0ABR0TEW5"
"KAK6000837.1","tr|A0ABR0T949|A0ABR0T949_AURPU",100,1120,0,2232,"A0ABR0T949"
"KAK6001731.1","tr|A0ABR0TCR8|A0ABR0TCR8_AURPU",100,1412,0,2232,"A0ABR0TCR8"
"KAK6005403.1","tr|A0ABR0TLT1|A0ABR0TLT1_AURPU",100,1170,0,2227,"A0ABR0TLT1"
"KAK5999308.1","tr|A0ABR0T4B1|A0ABR0T4B1_AURPU",100,1162,0,2226,"A0ABR0T4B1"
"THV77106.1","tr|A0ABR0TEK8|A0ABR0TEK8_AURPU",95.5,1185,0,2224,"A0ABR0TEK8"
"KAK6003573.1","tr|A0ABR0TGK5|A0ABR0TGK5_AURPU",100,1205,0,2222,"A0ABR0TGK5"
"KAK6007941.1","tr|A0ABR0TVN5|A0ABR0TVN5_AURPU",100,1172,0,2219,"A0ABR0TVN5"
"KAK6005399.1","tr|A0ABR0TLY0|A0ABR0TLY0_AURPU",100,1273,0,2217,"A0ABR0TLY0"
"KAK5999917.1","tr|A0ABR0T739|A0ABR0T739_AURPU",100,1239,0,2215,"A0ABR0T739"
"OBW68768.1","tr|A0ABR0TC95|A0ABR0TC95_AURPU",91.6,1164,0,2212,"A0ABR0TC95"
"KAK6002179.1","tr|A0ABR0TCL6|A0ABR0TCL6_AURPU",100,1131,0,2212,"A0ABR0TCL6"
"KAK6008577.1","tr|A0ABR0TW90|A0ABR0TW90_AURPU",100,1152,0,2211,"A0ABR0TW90"
"KAK6008145.1","tr|A0ABR0TUM5|A0ABR0TUM5_AURPU",100,1059,0,2210,"A0ABR0TUM5"
"KAK6004678.1","tr|A0ABR0TJQ1|A0ABR0TJQ1_AURPU",100,1153,0,2207,"A0ABR0TJQ1"
"KAK6006788.1","tr|A0ABR0TQR4|A0ABR0TQR4_AURPU",100,1191,0,2206,"A0ABR0TQR4"
"KAK6003648.1","tr|A0ABR0TGS8|A0ABR0TGS8_AURPU",100,1129,0,2202,"A0ABR0TGS8"
"KAK6008034.1","tr|A0ABR0TUX5|A0ABR0TUX5_AURPU",100,1185,0,2202,"A0ABR0TUX5"
"KAK6001328.1","tr|A0ABR0TA76|A0ABR0TA76_AURPU",100,1311,0,2199,"A0ABR0TA76"
"KAK6000277.1","tr|A0ABR0T844|A0ABR0T844_AURPU",100,1087,0,2194,"A0ABR0T844"
"KAK6002138.1","tr|A0ABR0TCH1|A0ABR0TCH1_AURPU",100,1102,0,2194,"A0ABR0TCH1"
"KAK6008108.1","tr|A0ABR0TUL2|A0ABR0TUL2_AURPU",100,1094,0,2194,"A0ABR0TUL2"
"KAK6007379.1","tr|A0ABR0TSF0|A0ABR0TSF0_AURPU",100,1125,0,2189,"A0ABR0TSF0"
"KAK6002203.1","tr|A0ABR0TCM7|A0ABR0TCM7_AURPU",100,1108,0,2187,"A0ABR0TCM7"
"KAK6006151.1","tr|A0ABR0TP05|A0ABR0TP05_AURPU",100,1203,0,2185,"A0ABR0TP05"
"KAK6001539.1","tr|A0ABR0TBC8|A0ABR0TBC8_AURPU",100,1154,0,2183,"A0ABR0TBC8"
"KAK6004144.1","tr|A0ABR0TI72|A0ABR0TI72_AURPU",100,1091,0,2183,"A0ABR0TI72"
"KAK6001306.1","tr|A0ABR0TA41|A0ABR0TA41_AURPU",100,1178,0,2182,"A0ABR0TA41"
"KAK6002828.1","tr|A0ABR0TEI1|A0ABR0TEI1_AURPU",100,1181,0,2181,"A0ABR0TEI1"
"KAK6006577.1","tr|A0ABR0TR51|A0ABR0TR51_AURPU",100,1102,0,2180,"A0ABR0TR51"
"KAK6006851.1","tr|A0ABR0TRU2|A0ABR0TRU2_AURPU",100,1178,0,2178,"A0ABR0TRU2"
"KAK6000875.1","tr|A0ABR0TA68|A0ABR0TA68_AURPU",100,1119,0,2176,"A0ABR0TA68"
"KAK6005139.1","tr|A0ABR0TLL2|A0ABR0TLL2_AURPU",100,1102,0,2176,"A0ABR0TLL2"
"KAK6003756.1","tr|A0ABR0TIL9|A0ABR0TIL9_AURPU",100,1084,0,2174,"A0ABR0TIL9"
"CAC9894943.1","tr|A0ABR0TLP2|A0ABR0TLP2_AURPU",90.1,1200,0,2174,"A0ABR0TLP2"
"CAD0010860.1","tr|A0ABR0TNE2|A0ABR0TNE2_AURPU",91.2,1256,0,2174,"A0ABR0TNE2"
"KAK6007703.1","tr|A0ABR0TTE7|A0ABR0TTE7_AURPU",100,1130,0,2172,"A0ABR0TTE7"
"KAK5999774.1","tr|A0ABR0T613|A0ABR0T613_AURPU",100,1135,0,2171,"A0ABR0T613"
"KAK6000501.1","tr|A0ABR0T996|A0ABR0T996_AURPU",100,1163,0,2170,"A0ABR0T996"
"KAK6000253.1","tr|A0ABR0T743|A0ABR0T743_AURPU",100,1111,0,2169,"A0ABR0T743"
"KAK6000909.1","tr|A0ABR0T9J5|A0ABR0T9J5_AURPU",100,1136,0,2169,"A0ABR0T9J5"
"KAK6007961.1","tr|A0ABR0TUW8|A0ABR0TUW8_AURPU",100,1155,0,2169,"A0ABR0TUW8"
"THW66835.1","tr|A0ABR0TIG9|A0ABR0TIG9_AURPU",95.4,1169,0,2168,"A0ABR0TIG9"
"KAK6001475.1","tr|A0ABR0TC12|A0ABR0TC12_AURPU",100,1074,0,2166,"A0ABR0TC12"
"KAK6000922.1","tr|A0ABR0T9X1|A0ABR0T9X1_AURPU",100,1131,0,2165,"A0ABR0T9X1"
"KAK6003848.1","tr|A0ABR0THD6|A0ABR0THD6_AURPU",100,1110,0,2165,"A0ABR0THD6"
"KAK6003865.1","tr|A0ABR0TIS0|A0ABR0TIS0_AURPU",100,1120,0,2165,"A0ABR0TIS0"
"THW58718.1","tr|A0ABR0TKD1|A0ABR0TKD1_AURPU",91.2,1238,0,2164,"A0ABR0TKD1"
"KAK6004347.1","tr|A0ABR0TJ38|A0ABR0TJ38_AURPU",100,1107,0,2162,"A0ABR0TJ38"
"CAD0026707.1","tr|A0ABR0TDD4|A0ABR0TDD4_AURPU",95.4,1209,0,2159,"A0ABR0TDD4"
"THZ51156.1","tr|A0ABR0TTA3|A0ABR0TTA3_AURPU",98.9,1100,0,2157,"A0ABR0TTA3"
"KEQ82241.1","tr|A0ABR0TIM6|A0ABR0TIM6_AURPU",93.4,1248,0,2155,"A0ABR0TIM6"
"OBW67207.1","tr|A0ABR0TDY8|A0ABR0TDY8_AURPU",95.1,1129,0,2155,"A0ABR0TDY8"
"KAK6002637.1","tr|A0ABR0TE74|A0ABR0TE74_AURPU",100,1146,0,2154,"A0ABR0TE74"
"THV81428.1","tr|A0ABR0TTV8|A0ABR0TTV8_AURPU",90.9,1238,0,2153,"A0ABR0TTV8"
"CAD0044465.1","tr|A0ABR0TIL6|A0ABR0TIL6_AURPU",92.2,1238,0,2150,"A0ABR0TIL6"
"KEQ83597.1","tr|A0ABR0TDK6|A0ABR0TDK6_AURPU",95,1112,0,2147,"A0ABR0TDK6"
"KAK6000728.1","tr|A0ABR0T8G2|A0ABR0T8G2_AURPU",100,1152,0,2146,"A0ABR0T8G2"
"KAK6001501.1","tr|A0ABR0TAN4|A0ABR0TAN4_AURPU",100,1185,0,2146,"A0ABR0TAN4"
"KAK6006759.1","tr|A0ABR0TR64|A0ABR0TR64_AURPU",100,1195,0,2145,"A0ABR0TR64"
"THV72550.1","tr|A0ABR0THH6|A0ABR0THH6_AURPU",96.6,1177,0,2144,"A0ABR0THH6"
"KAK6007372.1","tr|A0ABR0TTF8|A0ABR0TTF8_AURPU",100,1109,0,2144,"A0ABR0TTF8"
"KAK6001834.1","tr|A0ABR0TBK8|A0ABR0TBK8_AURPU",100,1216,0,2143,"A0ABR0TBK8"
"KAK6002428.1","tr|A0ABR0TDA8|A0ABR0TDA8_AURPU",100,1054,0,2140,"A0ABR0TDA8"
"KAK6006478.1","tr|A0ABR0TPU8|A0ABR0TPU8_AURPU",100,1078,0,2137,"A0ABR0TPU8"
"KAK6007986.1","tr|A0ABR0TVT0|A0ABR0TVT0_AURPU",100,1100,0,2136,"A0ABR0TVT0"
"KAK6007242.1","tr|A0ABR0TSG1|A0ABR0TSG1_AURPU",100,1085,0,2135,"A0ABR0TSG1"
"KAK6000198.1","tr|A0ABR0T6X3|A0ABR0T6X3_AURPU",100,1059,0,2132,"A0ABR0T6X3"
"THX67924.1","tr|A0ABR0TKY2|A0ABR0TKY2_AURPU",96.6,1097,0,2130,"A0ABR0TKY2"
"KAK6002759.1","tr|A0ABR0TEC8|A0ABR0TEC8_AURPU",100,1118,0,2129,"A0ABR0TEC8"
"CAD0029875.1","tr|A0ABR0TVX8|A0ABR0TVX8_AURPU",94.2,1160,0,2129,"A0ABR0TVX8"
"KAK6001816.1","tr|A0ABR0TBJ6|A0ABR0TBJ6_AURPU",100,1171,0,2127,"A0ABR0TBJ6"
"KAK6002396.1","tr|A0ABR0TEC4|A0ABR0TEC4_AURPU",100,1287,0,2126,"A0ABR0TEC4"
"KAK6005028.1","tr|A0ABR0TKQ2|A0ABR0TKQ2_AURPU",100,1115,0,2126,"A0ABR0TKQ2"
"KAK6000211.1","tr|A0ABR0T6Y6|A0ABR0T6Y6_AURPU",100,1131,0,2124,"A0ABR0T6Y6"
"KAK6003779.1","tr|A0ABR0TH76|A0ABR0TH76_AURPU",100,1058,0,2123,"A0ABR0TH76"
"KAK6008467.1","tr|A0ABR0TWK9|A0ABR0TWK9_AURPU",100,1181,0,2122,"A0ABR0TWK9"
"KAK6003792.1","tr|A0ABR0THH4|A0ABR0THH4_AURPU",100,1207,0,2120,"A0ABR0THH4"
"KAK6003533.1","tr|A0ABR0TGG5|A0ABR0TGG5_AURPU",100,1164,0,2118,"A0ABR0TGG5"
"KAK6002800.1","tr|A0ABR0TFR8|A0ABR0TFR8_AURPU",100,1066,0,2117,"A0ABR0TFR8"
"KAK6007635.1","tr|A0ABR0TT50|A0ABR0TT50_AURPU",100,1117,0,2108,"A0ABR0TT50"
"KAK6004423.1","tr|A0ABR0TIZ7|A0ABR0TIZ7_AURPU",100,1115,0,2107,"A0ABR0TIZ7"
"OBW67830.1","tr|A0ABR0TEU8|A0ABR0TEU8_AURPU",95.5,1038,0,2104,"A0ABR0TEU8"
"THV88172.1","tr|A0ABR0TPN6|A0ABR0TPN6_AURPU",98.3,1048,0,2104,"A0ABR0TPN6"
"KAK6004810.1","tr|A0ABR0TLK5|A0ABR0TLK5_AURPU",100,1078,0,2103,"A0ABR0TLK5"
"KAK6002701.1","tr|A0ABR0TE62|A0ABR0TE62_AURPU",100,1077,0,2102,"A0ABR0TE62"
"KAK5999993.1","tr|A0ABR0T6D8|A0ABR0T6D8_AURPU",100,1075,0,2101,"A0ABR0T6D8"
"KAK6008771.1","tr|A0ABR0TX34|A0ABR0TX34_AURPU",100,1143,0,2100,"A0ABR0TX34"
"KEQ87982.1","tr|A0ABR0TTY0|A0ABR0TTY0_AURPU",92.5,1146,0,2099,"A0ABR0TTY0"
"KAK6000429.1","tr|A0ABR0T859|A0ABR0T859_AURPU",100,1114,0,2098,"A0ABR0T859"
"KEQ83135.1","tr|A0ABR0TLA8|A0ABR0TLA8_AURPU",91.8,1196,0,2093,"A0ABR0TLA8"
"THV74403.1","tr|A0ABR0TFK5|A0ABR0TFK5_AURPU",90.8,1220,0,2090,"A0ABR0TFK5"
"KAK6004180.1","tr|A0ABR0TJQ9|A0ABR0TJQ9_AURPU",100,1041,0,2090,"A0ABR0TJQ9"
"KAK6003546.1","tr|A0ABR0TI09|A0ABR0TI09_AURPU",100,1041,0,2089,"A0ABR0TI09"
"KAK6007689.1","tr|A0ABR0TTY4|A0ABR0TTY4_AURPU",100,1073,0,2089,"A0ABR0TTY4"
"KAK6000200.1","tr|A0ABR0T883|A0ABR0T883_AURPU",100,1065,0,2086,"A0ABR0T883"
"KAK6005206.1","tr|A0ABR0TL82|A0ABR0TL82_AURPU",100,1089,0,2084,"A0ABR0TL82"
"THY15449.1","tr|A0ABR0TNK3|A0ABR0TNK3_AURPU",90.3,1084,0,2081,"A0ABR0TNK3"
"TIA67876.1","tr|A0ABR0T9V2|A0ABR0T9V2_AURPU",96.4,1055,0,2081,"A0ABR0T9V2"
"KAK6002133.1","tr|A0ABR0TCG4|A0ABR0TCG4_AURPU",100,1074,0,2081,"A0ABR0TCG4"
"KAK6006960.1","tr|A0ABR0TR77|A0ABR0TR77_AURPU",100,1155,0,2081,"A0ABR0TR77"
"THV71260.1","tr|A0ABR0TA98|A0ABR0TA98_AURPU",91,1178,0,2080,"A0ABR0TA98"
"THZ20399.1","tr|A0ABR0TNN4|A0ABR0TNN4_AURPU",92.8,1241,0,2080,"A0ABR0TNN4"
"KAK6006367.1","tr|A0ABR0TQH8|A0ABR0TQH8_AURPU",100,1104,0,2080,"A0ABR0TQH8"
"KAK6002523.1","tr|A0ABR0TDL6|A0ABR0TDL6_AURPU",100,1068,0,2079,"A0ABR0TDL6"
"KAK6000935.1","tr|A0ABR0TAD7|A0ABR0TAD7_AURPU",100,1002,0,2078,"A0ABR0TAD7"
"KAK6001398.1","tr|A0ABR0TAC7|A0ABR0TAC7_AURPU",100,1100,0,2077,"A0ABR0TAC7"
"KAK6005951.1","tr|A0ABR0TPC6|A0ABR0TPC6_AURPU",100,1036,0,2077,"A0ABR0TPC6"
"KAK6008552.1","tr|A0ABR0TW00|A0ABR0TW00_AURPU",100,1094,0,2077,"A0ABR0TW00"
"KAK6002045.1","tr|A0ABR0TDN4|A0ABR0TDN4_AURPU",100,1077,0,2076,"A0ABR0TDN4"
"KAK6003042.1","tr|A0ABR0TFB7|A0ABR0TFB7_AURPU",100,1087,0,2076,"A0ABR0TFB7"
"KAK6007123.1","tr|A0ABR0TRP6|A0ABR0TRP6_AURPU",100,1097,0,2076,"A0ABR0TRP6"
"KAK6003360.1","tr|A0ABR0TG16|A0ABR0TG16_AURPU",100,1060,0,2073,"A0ABR0TG16"
"THV87422.1","tr|A0ABR0TC62|A0ABR0TC62_AURPU",95.2,1103,0,2071,"A0ABR0TC62"
"KAK6005254.1","tr|A0ABR0TLC0|A0ABR0TLC0_AURPU",100,1049,0,2071,"A0ABR0TLC0"
"KAK6001116.1","tr|A0ABR0TB02|A0ABR0TB02_AURPU",100,1052,0,2070,"A0ABR0TB02"
"KAK6005910.1","tr|A0ABR0TN94|A0ABR0TN94_AURPU",100,1151,0,2070,"A0ABR0TN94"
"KAK6006909.1","tr|A0ABR0TRM4|A0ABR0TRM4_AURPU",100,1091,0,2070,"A0ABR0TRM4"
"KAK6000284.1","tr|A0ABR0T7D7|A0ABR0T7D7_AURPU",100,1085,0,2065,"A0ABR0T7D7"
"OBW68086.1","tr|A0ABR0T7I0|A0ABR0T7I0_AURPU",94.5,1181,0,2064,"A0ABR0T7I0"
"KAK6000076.1","tr|A0ABR0T6L0|A0ABR0T6L0_AURPU",100,1059,0,2063,"A0ABR0T6L0"
"THY55361.1","tr|A0ABR0TEY4|A0ABR0TEY4_AURPU",88.6,1216,0,2060,"A0ABR0TEY4"
"KAK6003081.1","tr|A0ABR0TGP3|A0ABR0TGP3_AURPU",100,1036,0,2059,"A0ABR0TGP3"
"KAK6007510.1","tr|A0ABR0TUD9|A0ABR0TUD9_AURPU",100,1019,0,2058,"A0ABR0TUD9"
"KAK5999578.1","tr|A0ABR0T536|A0ABR0T536_AURPU",100,1092,0,2057,"A0ABR0T536"
"KAK6008545.1","tr|A0ABR0TX57|A0ABR0TX57_AURPU",100,1222,0,2056,"A0ABR0TX57"
"KAK6003728.1","tr|A0ABR0TH18|A0ABR0TH18_AURPU",100,1112,0,2055,"A0ABR0TH18"
"CAC9894197.1","tr|A0ABR0TKS9|A0ABR0TKS9_AURPU",95.8,1140,0,2052,"A0ABR0TKS9"
"KAK6004470.1","tr|A0ABR0TJ52|A0ABR0TJ52_AURPU",100,1074,0,2050,"A0ABR0TJ52"
"KAK6004131.1","tr|A0ABR0TJQ7|A0ABR0TJQ7_AURPU",100,1003,0,2048,"A0ABR0TJQ7"
"THV84546.1","tr|A0ABR0TSH9|A0ABR0TSH9_AURPU",91.5,1128,0,2046,"A0ABR0TSH9"
"KAK6006368.1","tr|A0ABR0TPK6|A0ABR0TPK6_AURPU",100,1173,0,2046,"A0ABR0TPK6"
"KEQ88706.1","tr|A0ABR0TGV8|A0ABR0TGV8_AURPU",94.5,1080,0,2039,"A0ABR0TGV8"
"KAK6005487.1","tr|A0ABR0TMA4|A0ABR0TMA4_AURPU",100,1062,0,2039,"A0ABR0TMA4"
"KAK6001478.1","tr|A0ABR0TAL5|A0ABR0TAL5_AURPU",100,1017,0,2038,"A0ABR0TAL5"
"KAK6008841.1","tr|A0ABR0TXR4|A0ABR0TXR4_AURPU",100,1057,0,2038,"A0ABR0TXR4"
"KAK5999805.1","tr|A0ABR0T5U9|A0ABR0T5U9_AURPU",100,1108,0,2037,"A0ABR0T5U9"
"THV91946.1","tr|A0ABR0TJG1|A0ABR0TJG1_AURPU",87.4,1408,0,2036,"A0ABR0TJG1"
"OBW69154.1","tr|A0ABR0TCF6|A0ABR0TCF6_AURPU",95.3,1118,0,2032,"A0ABR0TCF6"
"THZ12231.1","tr|A0ABR0TSS6|A0ABR0TSS6_AURPU",97,1068,0,2029,"A0ABR0TSS6"
"KAK6002066.1","tr|A0ABR0TDF5|A0ABR0TDF5_AURPU",100,1062,0,2028,"A0ABR0TDF5"
"KAK6007969.1","tr|A0ABR0TU15|A0ABR0TU15_AURPU",100,1002,0,2028,"A0ABR0TU15"
"KAK6003502.1","tr|A0ABR0THA1|A0ABR0THA1_AURPU",100,999,0,2027,"A0ABR0THA1"
"THZ63701.1","tr|A0ABR0T7I9|A0ABR0T7I9_AURPU",95.1,1068,0,2026,"A0ABR0T7I9"
"KAK6005534.1","tr|A0ABR0TM96|A0ABR0TM96_AURPU",100,1051,0,2026,"A0ABR0TM96"
"KAK6006452.1","tr|A0ABR0TPS5|A0ABR0TPS5_AURPU",100,1032,0,2026,"A0ABR0TPS5"
"KAK6006438.1","tr|A0ABR0TPQ8|A0ABR0TPQ8_AURPU",100,1061,0,2024,"A0ABR0TPQ8"
"KAK6002444.1","tr|A0ABR0TDE7|A0ABR0TDE7_AURPU",100,1040,0,2023,"A0ABR0TDE7"
"KAK6002949.1","tr|A0ABR0TFB6|A0ABR0TFB6_AURPU",100,1102,0,2022,"A0ABR0TFB6"
"KAK6005525.1","tr|A0ABR0TNR8|A0ABR0TNR8_AURPU",100,1248,0,2022,"A0ABR0TNR8"
"KAK6007752.1","tr|A0ABR0TTV4|A0ABR0TTV4_AURPU",100,1114,0,2022,"A0ABR0TTV4"
"THV96767.1","tr|A0ABR0TTE0|A0ABR0TTE0_AURPU",93.5,1082,0,2021,"A0ABR0TTE0"
"KAK6003602.1","tr|A0ABR0TGP2|A0ABR0TGP2_AURPU",100,1028,0,2021,"A0ABR0TGP2"
"KAK6008770.1","tr|A0ABR0TXN1|A0ABR0TXN1_AURPU",100,2380,0,2018,"A0ABR0TXN1"
"KAK6006227.1","tr|A0ABR0TP55|A0ABR0TP55_AURPU",100,1010,0,2016,"A0ABR0TP55"
"KAK6006643.1","tr|A0ABR0TQB6|A0ABR0TQB6_AURPU",100,1084,0,2013,"A0ABR0TQB6"
"KAK5999752.1","tr|A0ABR0T6N3|A0ABR0T6N3_AURPU",100,1078,0,2011,"A0ABR0T6N3"
"KAK6006660.1","tr|A0ABR0TQE9|A0ABR0TQE9_AURPU",100,1036,0,2011,"A0ABR0TQE9"
"KAK6007298.1","tr|A0ABR0TS76|A0ABR0TS76_AURPU",100,1040,0,2011,"A0ABR0TS76"
"THY14734.1","tr|A0ABR0TB96|A0ABR0TB96_AURPU",89.6,1175,0,2009,"A0ABR0TB96"
"KAK6004530.1","tr|A0ABR0TJB1|A0ABR0TJB1_AURPU",100,1077,0,2009,"A0ABR0TJB1"
"KAK6003152.1","tr|A0ABR0TFE2|A0ABR0TFE2_AURPU",100,1035,0,2008,"A0ABR0TFE2"
"KAK6005736.1","tr|A0ABR0TPC1|A0ABR0TPC1_AURPU",100,1144,0,2008,"A0ABR0TPC1"
"CAD0040924.1","tr|A0ABR0TRW4|A0ABR0TRW4_AURPU",97.7,1223,0,2008,"A0ABR0TRW4"
"KAK6000708.1","tr|A0ABR0T8D8|A0ABR0T8D8_AURPU",100,1056,0,2007,"A0ABR0T8D8"
"KAK6001011.1","tr|A0ABR0TAN7|A0ABR0TAN7_AURPU",100,1109,0,2007,"A0ABR0TAN7"
"THX83072.1","tr|A0ABR0TCI2|A0ABR0TCI2_AURPU",86.3,1324,0,2006,"A0ABR0TCI2"
"KAK6000420.1","tr|A0ABR0T7K1|A0ABR0T7K1_AURPU",100,1086,0,2005,"A0ABR0T7K1"
"CAD0013494.1","tr|A0ABR0TGA5|A0ABR0TGA5_AURPU",97.7,1051,0,2003,"A0ABR0TGA5"
"KAK6004555.1","tr|A0ABR0TKV9|A0ABR0TKV9_AURPU",100,1033,0,1999,"A0ABR0TKV9"
"KAK6007395.1","tr|A0ABR0TSG0|A0ABR0TSG0_AURPU",100,1128,0,1999,"A0ABR0TSG0"
"KAK6002986.1","tr|A0ABR0TEX9|A0ABR0TEX9_AURPU",100,1024,0,1998,"A0ABR0TEX9"
"KAK6002152.1","tr|A0ABR0TDD6|A0ABR0TDD6_AURPU",100,1018,0,1997,"A0ABR0TDD6"
"THZ37534.1","tr|A0ABR0TIS7|A0ABR0TIS7_AURPU",90.5,1281,0,1995,"A0ABR0TIS7"
"KAK6007810.1","tr|A0ABR0TVA5|A0ABR0TVA5_AURPU",100,1058,0,1995,"A0ABR0TVA5"
"KAK6003217.1","tr|A0ABR0TGH1|A0ABR0TGH1_AURPU",100,989,0,1993,"A0ABR0TGH1"
"THZ54829.1","tr|A0ABR0TUA7|A0ABR0TUA7_AURPU",94,1113,0,1992,"A0ABR0TUA7"
"KAK6000426.1","tr|A0ABR0T907|A0ABR0T907_AURPU",100,999,0,1988,"A0ABR0T907"
"THW20839.1","tr|A0ABR0TVE7|A0ABR0TVE7_AURPU",95.5,1081,0,1987,"A0ABR0TVE7"
"CAD0047369.1","tr|A0ABR0TNY9|A0ABR0TNY9_AURPU",92,1130,0,1987,"A0ABR0TNY9"
"KEQ78814.1","tr|A0ABR0TV76|A0ABR0TV76_AURPU",94.4,1175,0,1986,"A0ABR0TV76"
"KAK6004981.1","tr|A0ABR0TKK5|A0ABR0TKK5_AURPU",100,985,0,1985,"A0ABR0TKK5"
"OBW66916.1","tr|A0ABR0TTD2|A0ABR0TTD2_AURPU",95.6,1063,0,1983,"A0ABR0TTD2"
"KAK6003067.1","tr|A0ABR0TG26|A0ABR0TG26_AURPU",100,1013,0,1983,"A0ABR0TG26"
"KAK6003096.1","tr|A0ABR0TGQ6|A0ABR0TGQ6_AURPU",100,1083,0,1982,"A0ABR0TGQ6"
"KAK6005751.1","tr|A0ABR0TPD7|A0ABR0TPD7_AURPU",100,1031,0,1980,"A0ABR0TPD7"
"KEQ80564.1","tr|A0ABR0TNQ9|A0ABR0TNQ9_AURPU",93.2,1097,0,1979,"A0ABR0TNQ9"
"KAK6000522.1","tr|A0ABR0T877|A0ABR0T877_AURPU",100,1007,0,1979,"A0ABR0T877"
"KAK6003426.1","tr|A0ABR0THP2|A0ABR0THP2_AURPU",100,971,0,1979,"A0ABR0THP2"
"THX10505.1","tr|A0ABR0T5B4|A0ABR0T5B4_AURPU",96.6,1064,0,1978,"A0ABR0T5B4"
"KAK6001721.1","tr|A0ABR0TCH6|A0ABR0TCH6_AURPU",100,1105,0,1977,"A0ABR0TCH6"
"KAK6003482.1","tr|A0ABR0TGB6|A0ABR0TGB6_AURPU",100,1011,0,1976,"A0ABR0TGB6"
"KAK6007114.1","tr|A0ABR0TRP3|A0ABR0TRP3_AURPU",100,1021,0,1976,"A0ABR0TRP3"
"KAK6008220.1","tr|A0ABR0TUU4|A0ABR0TUU4_AURPU",100,1027,0,1975,"A0ABR0TUU4"
"THX50249.1","tr|A0ABR0T7D4|A0ABR0T7D4_AURPU",87,1181,0,1974,"A0ABR0T7D4"
"THY23892.1","tr|A0ABR0TMG2|A0ABR0TMG2_AURPU",90.7,1134,0,1971,"A0ABR0TMG2"
"KAK5999743.1","tr|A0ABR0T5L7|A0ABR0T5L7_AURPU",100,1001,0,1969,"A0ABR0T5L7"
"KAK6000784.1","tr|A0ABR0T8M6|A0ABR0T8M6_AURPU",100,1068,0,1969,"A0ABR0T8M6"
"KAK6008772.1","tr|A0ABR0TWT3|A0ABR0TWT3_AURPU",100,1035,0,1969,"A0ABR0TWT3"
"KAK5999433.1","tr|A0ABR0T4R4|A0ABR0T4R4_AURPU",100,1071,0,1967,"A0ABR0T4R4"
"KAK6005849.1","tr|A0ABR0TN56|A0ABR0TN56_AURPU",100,997,0,1967,"A0ABR0TN56"
"KAK6002536.1","tr|A0ABR0TDM4|A0ABR0TDM4_AURPU",100,1135,0,1965,"A0ABR0TDM4"
"THZ24580.1","tr|A0ABR0T674|A0ABR0T674_AURPU",95.8,1098,0,1960,"A0ABR0T674"
"THY91280.1","tr|A0ABR0TMS0|A0ABR0TMS0_AURPU",90.2,1063,0,1960,"A0ABR0TMS0"
"CAC9887268.1","tr|A0ABR0TM53|A0ABR0TM53_AURPU",87,1163,0,1960,"A0ABR0TM53"
"KEQ83047.1","tr|A0ABR0TLT6|A0ABR0TLT6_AURPU",92.2,1105,0,1959,"A0ABR0TLT6"
"CAD0024944.1","tr|A0ABR0TJR1|A0ABR0TJR1_AURPU",96.5,1071,0,1959,"A0ABR0TJR1"
"KAK6001496.1","tr|A0ABR0TBV4|A0ABR0TBV4_AURPU",100,1018,0,1958,"A0ABR0TBV4"
"KAK6003115.1","tr|A0ABR0TGM5|A0ABR0TGM5_AURPU",100,1061,0,1958,"A0ABR0TGM5"
"THZ73346.1","tr|A0ABR0TCT6|A0ABR0TCT6_AURPU",94.7,1056,0,1957,"A0ABR0TCT6"
"KAK6008645.1","tr|A0ABR0TXI9|A0ABR0TXI9_AURPU",100,986,0,1956,"A0ABR0TXI9"
"KAK6006256.1","tr|A0ABR0TPA9|A0ABR0TPA9_AURPU",100,988,0,1955,"A0ABR0TPA9"
"THV77644.1","tr|A0ABR0TE42|A0ABR0TE42_AURPU",92.2,1086,0,1954,"A0ABR0TE42"
"CAD0047964.1","tr|A0ABR0TRM5|A0ABR0TRM5_AURPU",89.3,1112,0,1954,"A0ABR0TRM5"
"KAK6006864.1","tr|A0ABR0TRI0|A0ABR0TRI0_AURPU",100,1011,0,1953,"A0ABR0TRI0"
"KAK6004507.1","tr|A0ABR0TK38|A0ABR0TK38_AURPU",100,1030,0,1952,"A0ABR0TK38"
"THW12623.1","tr|A0ABR0T702|A0ABR0T702_AURPU",90.9,1180,0,1950,"A0ABR0T702"
"THX74907.1","tr|A0ABR0T9R2|A0ABR0T9R2_AURPU",92,1063,0,1950,"A0ABR0T9R2"
"THX49416.1","tr|A0ABR0TRC2|A0ABR0TRC2_AURPU",95.5,1020,0,1950,"A0ABR0TRC2"
"KAK6004762.1","tr|A0ABR0TKT6|A0ABR0TKT6_AURPU",100,1067,0,1950,"A0ABR0TKT6"
"KAK6008302.1","tr|A0ABR0TW44|A0ABR0TW44_AURPU",100,986,0,1949,"A0ABR0TW44"
"CAD0041101.1","tr|A0ABR0T9A2|A0ABR0T9A2_AURPU",94.3,1061,0,1949,"A0ABR0T9A2"
"KAK6000089.1","tr|A0ABR0T6V5|A0ABR0T6V5_AURPU",100,1016,0,1947,"A0ABR0T6V5"
"KAK6004610.1","tr|A0ABR0TL38|A0ABR0TL38_AURPU",100,1013,0,1947,"A0ABR0TL38"
"KAK6008380.1","tr|A0ABR0TWT5|A0ABR0TWT5_AURPU",100,1001,0,1947,"A0ABR0TWT5"
"KAK6004302.1","tr|A0ABR0TIZ3|A0ABR0TIZ3_AURPU",100,1004,0,1945,"A0ABR0TIZ3"
"KAK6003736.1","tr|A0ABR0TH15|A0ABR0TH15_AURPU",100,1115,0,1944,"A0ABR0TH15"
"KAK6001543.1","tr|A0ABR0TAS8|A0ABR0TAS8_AURPU",100,1042,0,1943,"A0ABR0TAS8"
"KAK6007727.1","tr|A0ABR0TTJ1|A0ABR0TTJ1_AURPU",100,1148,0,1942,"A0ABR0TTJ1"
"KAK6005171.1","tr|A0ABR0TM64|A0ABR0TM64_AURPU",100,975,0,1941,"A0ABR0TM64"
"KAK6002090.1","tr|A0ABR0TDT1|A0ABR0TDT1_AURPU",100,1009,0,1940,"A0ABR0TDT1"
"KAK6006067.1","tr|A0ABR0TPL3|A0ABR0TPL3_AURPU",100,996,0,1939,"A0ABR0TPL3"
"KAK6008460.1","tr|A0ABR0TVH0|A0ABR0TVH0_AURPU",100,1037,0,1939,"A0ABR0TVH0"
"KAK6002354.1","tr|A0ABR0TD53|A0ABR0TD53_AURPU",100,1035,0,1937,"A0ABR0TD53"
"KAK6006590.1","tr|A0ABR0TRU3|A0ABR0TRU3_AURPU",100,1023,0,1937,"A0ABR0TRU3"
"KEQ87497.1","tr|A0ABR0TT79|A0ABR0TT79_AURPU",92.6,1118,0,1936,"A0ABR0TT79"
"KAK5999761.1","tr|A0ABR0T5Q0|A0ABR0T5Q0_AURPU",100,985,0,1935,"A0ABR0T5Q0"
"KAK6001576.1","tr|A0ABR0TAV9|A0ABR0TAV9_AURPU",100,1090,0,1935,"A0ABR0TAV9"
"THX17182.1","tr|A0ABR0TB66|A0ABR0TB66_AURPU",91.1,1065,0,1934,"A0ABR0TB66"
"KAK6000458.1","tr|A0ABR0T7Q2|A0ABR0T7Q2_AURPU",100,1143,0,1934,"A0ABR0T7Q2"
"CAR4697993.1","tr|A0ABR0TKE7|A0ABR0TKE7_AURPU",94.1,1127,0,1934,"A0ABR0TKE7"
"CAR0998481.1","tr|A0ABR0TNA6|A0ABR0TNA6_AURPU",91.7,1039,0,1928,"A0ABR0TNA6"
"THW56738.1","tr|A0ABR0TQL2|A0ABR0TQL2_AURPU",95.9,1012,0,1927,"A0ABR0TQL2"
"KAK6006214.1","tr|A0ABR0TP48|A0ABR0TP48_AURPU",100,958,0,1927,"A0ABR0TP48"
"KAK6007254.1","tr|A0ABR0TSQ3|A0ABR0TSQ3_AURPU",100,982,0,1925,"A0ABR0TSQ3"
"KAK6002217.1","tr|A0ABR0TD56|A0ABR0TD56_AURPU",100,1039,0,1924,"A0ABR0TD56"
"KAK6006048.1","tr|A0ABR0TNK9|A0ABR0TNK9_AURPU",100,946,0,1924,"A0ABR0TNK9"
"KAK6006065.1","tr|A0ABR0TQB9|A0ABR0TQB9_AURPU",100,983,0,1924,"A0ABR0TQB9"
"KAK6006893.1","tr|A0ABR0TR25|A0ABR0TR25_AURPU",100,1182,0,1924,"A0ABR0TR25"
"CAD0031519.1","tr|A0ABR0THG3|A0ABR0THG3_AURPU",91.3,1089,0,1924,"A0ABR0THG3"
"THY07341.1","tr|A0ABR0THW1|A0ABR0THW1_AURPU",96.2,1005,0,1923,"A0ABR0THW1"
"KAK6006262.1","tr|A0ABR0TQ67|A0ABR0TQ67_AURPU",100,992,0,1920,"A0ABR0TQ67"
"KAK6004157.1","tr|A0ABR0TIC1|A0ABR0TIC1_AURPU",100,1118,0,1917,"A0ABR0TIC1"
"CAD0053455.1","tr|A0ABR0TN40|A0ABR0TN40_AURPU",90.9,1080,0,1917,"A0ABR0TN40"
"KAK6001109.1","tr|A0ABR0T9P6|A0ABR0T9P6_AURPU",100,998,0,1916,"A0ABR0T9P6"
"KAK6003700.1","tr|A0ABR0TIB3|A0ABR0TIB3_AURPU",100,1009,0,1915,"A0ABR0TIB3"
"THV68382.1","tr|A0ABR0TRE0|A0ABR0TRE0_AURPU",93.7,1029,0,1914,"A0ABR0TRE0"
"OBW66823.1","tr|A0ABR0TGD5|A0ABR0TGD5_AURPU",84.7,1388,0,1913,"A0ABR0TGD5"
"KAK6005337.1","tr|A0ABR0TLW5|A0ABR0TLW5_AURPU",100,970,0,1912,"A0ABR0TLW5"
"KAK6008109.1","tr|A0ABR0TV57|A0ABR0TV57_AURPU",100,992,0,1912,"A0ABR0TV57"
"KAK6008482.1","tr|A0ABR0TWM4|A0ABR0TWM4_AURPU",100,1022,0,1912,"A0ABR0TWM4"
"KAK6000045.1","tr|A0ABR0T6H6|A0ABR0T6H6_AURPU",100,1111,0,1911,"A0ABR0T6H6"
"KAK6004985.1","tr|A0ABR0TM62|A0ABR0TM62_AURPU",100,918,0,1910,"A0ABR0TM62"
"KAK6008185.1","tr|A0ABR0TWA9|A0ABR0TWA9_AURPU",100,1066,0,1905,"A0ABR0TWA9"
"KAK6006847.1","tr|A0ABR0TRW9|A0ABR0TRW9_AURPU",100,1013,0,1904,"A0ABR0TRW9"
"CAD0023690.1","tr|A0ABR0TU10|A0ABR0TU10_AURPU",89,1072,0,1902,"A0ABR0TU10"
"KAK6005804.1","tr|A0ABR0TN22|A0ABR0TN22_AURPU",100,1124,0,1901,"A0ABR0TN22"
"THZ21057.1","tr|A0ABR0TAY1|A0ABR0TAY1_AURPU",94.2,1026,0,1900,"A0ABR0TAY1"
"KAK6007294.1","tr|A0ABR0TS79|A0ABR0TS79_AURPU",100,967,0,1900,"A0ABR0TS79"
"KAK6003045.1","tr|A0ABR0TF41|A0ABR0TF41_AURPU",100,967,0,1897,"A0ABR0TF41"
"KAK6000624.1","tr|A0ABR0T8P9|A0ABR0T8P9_AURPU",100,1049,0,1896,"A0ABR0T8P9"
"KAK6005636.1","tr|A0ABR0TNF3|A0ABR0TNF3_AURPU",100,1593,0,1896,"A0ABR0TNF3"
"KAK6005862.1","tr|A0ABR0TNE9|A0ABR0TNE9_AURPU",100,1205,0,1896,"A0ABR0TNE9"
"KAK6003157.1","tr|A0ABR0TGB0|A0ABR0TGB0_AURPU",100,938,0,1895,"A0ABR0TGB0"
"KAK6005924.1","tr|A0ABR0TNB6|A0ABR0TNB6_AURPU",100,912,0,1895,"A0ABR0TNB6"
"KAK6006420.1","tr|A0ABR0TPR1|A0ABR0TPR1_AURPU",100,1002,0,1893,"A0ABR0TPR1"
"KAK6005521.1","tr|A0ABR0TM48|A0ABR0TM48_AURPU",100,978,0,1890,"A0ABR0TM48"
"TIA64318.1","tr|A0ABR0T945|A0ABR0T945_AURPU",91.6,1076,0,1889,"A0ABR0T945"
"KAK6003147.1","tr|A0ABR0TFM2|A0ABR0TFM2_AURPU",100,1159,0,1886,"A0ABR0TFM2"
"KAK6004677.1","tr|A0ABR0TK12|A0ABR0TK12_AURPU",100,963,0,1886,"A0ABR0TK12"
"TIA17957.1","tr|A0ABR0T902|A0ABR0T902_AURPU",95.6,1011,0,1885,"A0ABR0T902"
"KAK6003545.1","tr|A0ABR0TI01|A0ABR0TI01_AURPU",100,984,0,1885,"A0ABR0TI01"
"KAK6007234.1","tr|A0ABR0TS19|A0ABR0TS19_AURPU",100,1003,0,1883,"A0ABR0TS19"
"KAK6003798.1","tr|A0ABR0TH78|A0ABR0TH78_AURPU",100,1002,0,1881,"A0ABR0TH78"
"KAK6007610.1","tr|A0ABR0TUT3|A0ABR0TUT3_AURPU",100,983,0,1880,"A0ABR0TUT3"
"THY52950.1","tr|A0ABR0TUK5|A0ABR0TUK5_AURPU",94.2,1033,0,1879,"A0ABR0TUK5"
"KAK6003066.1","tr|A0ABR0TGN2|A0ABR0TGN2_AURPU",100,948,0,1879,"A0ABR0TGN2"
"KAK6006793.1","tr|A0ABR0TQR9|A0ABR0TQR9_AURPU",100,941,0,1878,"A0ABR0TQR9"
"CAC9894957.1","tr|A0ABR0TMG7|A0ABR0TMG7_AURPU",95.6,1003,0,1878,"A0ABR0TMG7"
"KAK6001646.1","tr|A0ABR0TCA9|A0ABR0TCA9_AURPU",100,928,0,1877,"A0ABR0TCA9"
"KAK6002639.1","tr|A0ABR0TE03|A0ABR0TE03_AURPU",100,973,0,1876,"A0ABR0TE03"
"KAK6008547.1","tr|A0ABR0TW56|A0ABR0TW56_AURPU",100,955,0,1875,"A0ABR0TW56"
"KAK6006801.1","tr|A0ABR0TSE2|A0ABR0TSE2_AURPU",100,907,0,1872,"A0ABR0TSE2"
"KAK6005146.1","tr|A0ABR0TL21|A0ABR0TL21_AURPU",100,907,0,1870,"A0ABR0TL21"
"KAK6006099.1","tr|A0ABR0TPB4|A0ABR0TPB4_AURPU",100,961,0,1870,"A0ABR0TPB4"
"KAK6007825.1","tr|A0ABR0TVB8|A0ABR0TVB8_AURPU",100,1051,0,1870,"A0ABR0TVB8"
"CAD0018645.1","tr|A0ABR0T8S9|A0ABR0T8S9_AURPU",95.7,1031,0,1870,"A0ABR0T8S9"
"CAC9892568.1","tr|A0ABR0T511|A0ABR0T511_AURPU",92.5,1020,0,1869,"A0ABR0T511"
"KAK6006228.1","tr|A0ABR0TP50|A0ABR0TP50_AURPU",100,963,0,1867,"A0ABR0TP50"
"KAK6006542.1","tr|A0ABR0TQ19|A0ABR0TQ19_AURPU",100,1031,0,1867,"A0ABR0TQ19"
"KAK6008398.1","tr|A0ABR0TV78|A0ABR0TV78_AURPU",100,979,0,1867,"A0ABR0TV78"
"THV85871.1","tr|A0ABR0TJA8|A0ABR0TJA8_AURPU",93.8,957,0,1866,"A0ABR0TJA8"
"KAK6002831.1","tr|A0ABR0TFN1|A0ABR0TFN1_AURPU",100,902,0,1862,"A0ABR0TFN1"
"KAK6001794.1","tr|A0ABR0TC17|A0ABR0TC17_AURPU",100,968,0,1861,"A0ABR0TC17"
"KAK6002925.1","tr|A0ABR0TES7|A0ABR0TES7_AURPU",100,1035,0,1859,"A0ABR0TES7"
"THV73442.1","tr|A0ABR0T9Y0|A0ABR0T9Y0_AURPU",96,992,0,1857,"A0ABR0T9Y0"
"KAK6001958.1","tr|A0ABR0TBZ1|A0ABR0TBZ1_AURPU",100,953,0,1857,"A0ABR0TBZ1"
"KAK6000385.1","tr|A0ABR0T8M1|A0ABR0T8M1_AURPU",100,952,0,1855,"A0ABR0T8M1"
"THY28282.1","tr|A0ABR0T8Y7|A0ABR0T8Y7_AURPU",96.1,970,0,1854,"A0ABR0T8Y7"
"KAK6001507.1","tr|A0ABR0TBK3|A0ABR0TBK3_AURPU",100,978,0,1853,"A0ABR0TBK3"
"KAK6005763.1","tr|A0ABR0TMU5|A0ABR0TMU5_AURPU",100,914,0,1852,"A0ABR0TMU5"
"THW18329.1","tr|A0ABR0TC48|A0ABR0TC48_AURPU",90.6,1027,0,1850,"A0ABR0TC48"
"KAK6000485.1","tr|A0ABR0T934|A0ABR0T934_AURPU",100,990,0,1850,"A0ABR0T934"
"KAK6002953.1","tr|A0ABR0TEV1|A0ABR0TEV1_AURPU",100,1043,0,1850,"A0ABR0TEV1"
"KAK6006343.1","tr|A0ABR0TPH3|A0ABR0TPH3_AURPU",100,971,0,1850,"A0ABR0TPH3"
"KAK6002647.1","tr|A0ABR0TER5|A0ABR0TER5_AURPU",100,948,0,1848,"A0ABR0TER5"
"KAK6007346.1","tr|A0ABR0TT58|A0ABR0TT58_AURPU",100,924,0,1848,"A0ABR0TT58"
"KAK6003764.1","tr|A0ABR0TH59|A0ABR0TH59_AURPU",100,984,0,1847,"A0ABR0TH59"
"KAK6003080.1","tr|A0ABR0TGN4|A0ABR0TGN4_AURPU",100,964,0,1846,"A0ABR0TGN4"
"KAK6001314.1","tr|A0ABR0TAQ8|A0ABR0TAQ8_AURPU",100,942,0,1845,"A0ABR0TAQ8"
"KAK6001544.1","tr|A0ABR0TAX0|A0ABR0TAX0_AURPU",100,945,0,1845,"A0ABR0TAX0"
"THW95856.1","tr|A0ABR0TV23|A0ABR0TV23_AURPU",93.3,965,0,1844,"A0ABR0TV23"
"KAK5999938.1","tr|A0ABR0T673|A0ABR0T673_AURPU",100,936,0,1844,"A0ABR0T673"
"THW07881.1","tr|A0ABR0TXG4|A0ABR0TXG4_AURPU",88.1,1231,0,1843,"A0ABR0TXG4"
"OBW64779.1","tr|A0ABR0TPJ6|A0ABR0TPJ6_AURPU",93.8,949,0,1842,"A0ABR0TPJ6"
"KAK6007399.1","tr|A0ABR0TSI1|A0ABR0TSI1_AURPU",100,1133,0,1842,"A0ABR0TSI1"
"KAK6000463.1","tr|A0ABR0T7P5|A0ABR0T7P5_AURPU",100,1064,0,1841,"A0ABR0T7P5"
"KAK6002464.1","tr|A0ABR0TDF0|A0ABR0TDF0_AURPU",100,954,0,1841,"A0ABR0TDF0"
"THW12680.1","tr|A0ABR0TA24|A0ABR0TA24_AURPU",91.8,1001,0,1840,"A0ABR0TA24"
"KAK6001085.1","tr|A0ABR0TAU7|A0ABR0TAU7_AURPU",100,988,0,1839,"A0ABR0TAU7"
"TIA30429.1","tr|A0ABR0T659|A0ABR0T659_AURPU",96.5,999,0,1837,"A0ABR0T659"
"KAK6004089.1","tr|A0ABR0TIJ4|A0ABR0TIJ4_AURPU",100,948,0,1837,"A0ABR0TIJ4"
"KAK6004438.1","tr|A0ABR0TJ12|A0ABR0TJ12_AURPU",100,936,0,1837,"A0ABR0TJ12"
"KAK6000346.1","tr|A0ABR0T7C1|A0ABR0T7C1_AURPU",100,956,0,1835,"A0ABR0T7C1"
"KAK6006047.1","tr|A0ABR0TNM8|A0ABR0TNM8_AURPU",100,923,0,1834,"A0ABR0TNM8"
"KAK6006589.1","tr|A0ABR0TQ85|A0ABR0TQ85_AURPU",100,966,0,1834,"A0ABR0TQ85"
"THX34470.1","tr|A0ABR0TIV3|A0ABR0TIV3_AURPU",95.8,942,0,1833,"A0ABR0TIV3"
"KAK6001985.1","tr|A0ABR0TDI1|A0ABR0TDI1_AURPU",100,957,0,1831,"A0ABR0TDI1"
"THY98610.1","tr|A0ABR0TA77|A0ABR0TA77_AURPU",92.9,971,0,1830,"A0ABR0TA77"
"KAK6000518.1","tr|A0ABR0T7W4|A0ABR0T7W4_AURPU",100,1086,0,1830,"A0ABR0T7W4"
"KAK6005854.1","tr|A0ABR0TN43|A0ABR0TN43_AURPU",100,995,0,1830,"A0ABR0TN43"
"KAK6006043.1","tr|A0ABR0TNP3|A0ABR0TNP3_AURPU",100,934,0,1829,"A0ABR0TNP3"
"KAK6003002.1","tr|A0ABR0TEZ5|A0ABR0TEZ5_AURPU",100,904,0,1828,"A0ABR0TEZ5"
"KAK6006642.1","tr|A0ABR0TQP3|A0ABR0TQP3_AURPU",100,952,0,1828,"A0ABR0TQP3"
"KAK6006076.1","tr|A0ABR0TNT0|A0ABR0TNT0_AURPU",100,1055,0,1826,"A0ABR0TNT0"
"KAK6000597.1","tr|A0ABR0T8G0|A0ABR0T8G0_AURPU",100,1127,0,1825,"A0ABR0T8G0"
"KAK6003796.1","tr|A0ABR0TH77|A0ABR0TH77_AURPU",100,928,0,1825,"A0ABR0TH77"
"KAK6006191.1","tr|A0ABR0TQ12|A0ABR0TQ12_AURPU",100,925,0,1825,"A0ABR0TQ12"
"KAK6006837.1","tr|A0ABR0TR97|A0ABR0TR97_AURPU",100,906,0,1825,"A0ABR0TR97"
"KAK6001407.1","tr|A0ABR0TAU9|A0ABR0TAU9_AURPU",100,954,0,1822,"A0ABR0TAU9"
"KAK6002089.1","tr|A0ABR0TCC2|A0ABR0TCC2_AURPU",100,912,0,1821,"A0ABR0TCC2"
"KAK6006482.1","tr|A0ABR0TPW1|A0ABR0TPW1_AURPU",100,980,0,1821,"A0ABR0TPW1"
"THY17970.1","tr|A0ABR0TVA6|A0ABR0TVA6_AURPU",91.6,1024,0,1820,"A0ABR0TVA6"
"KAK6000353.1","tr|A0ABR0T7E7|A0ABR0T7E7_AURPU",100,985,0,1820,"A0ABR0T7E7"
"KAK6001389.1","tr|A0ABR0TAY2|A0ABR0TAY2_AURPU",100,972,0,1819,"A0ABR0TAY2"
"KAK6002919.1","tr|A0ABR0TF87|A0ABR0TF87_AURPU",100,967,0,1818,"A0ABR0TF87"
"KAK6006990.1","tr|A0ABR0TRA6|A0ABR0TRA6_AURPU",100,1071,0,1818,"A0ABR0TRA6"
"KAK5999838.1","tr|A0ABR0T5X6|A0ABR0T5X6_AURPU",100,953,0,1816,"A0ABR0T5X6"
"KAK6008206.1","tr|A0ABR0TUP3|A0ABR0TUP3_AURPU",100,1016,0,1814,"A0ABR0TUP3"
"KAK6005778.1","tr|A0ABR0TMW5|A0ABR0TMW5_AURPU",100,927,0,1813,"A0ABR0TMW5"
"KAK6008022.1","tr|A0ABR0TUN3|A0ABR0TUN3_AURPU",100,949,0,1813,"A0ABR0TUN3"
"KAK5999952.1","tr|A0ABR0T6L2|A0ABR0T6L2_AURPU",100,935,0,1811,"A0ABR0T6L2"
"KAK6007224.1","tr|A0ABR0TSL8|A0ABR0TSL8_AURPU",100,1099,0,1811,"A0ABR0TSL8"
"CAR4715316.1","tr|A0ABR0THU5|A0ABR0THU5_AURPU",94.9,959,0,1811,"A0ABR0THU5"
"KAK6003515.1","tr|A0ABR0THW9|A0ABR0THW9_AURPU",100,936,0,1810,"A0ABR0THW9"
"KAK6006287.1","tr|A0ABR0TPB1|A0ABR0TPB1_AURPU",100,969,0,1809,"A0ABR0TPB1"
"KAK6005573.1","tr|A0ABR0TMA2|A0ABR0TMA2_AURPU",100,930,0,1808,"A0ABR0TMA2"
"KAK6007862.1","tr|A0ABR0TTX6|A0ABR0TTX6_AURPU",100,1089,0,1808,"A0ABR0TTX6"
"KAK6007077.1","tr|A0ABR0TRY5|A0ABR0TRY5_AURPU",100,925,0,1807,"A0ABR0TRY5"
"KAK6005945.1","tr|A0ABR0TQ04|A0ABR0TQ04_AURPU",100,905,0,1805,"A0ABR0TQ04"
"KAK6002589.1","tr|A0ABR0TE98|A0ABR0TE98_AURPU",100,1113,0,1804,"A0ABR0TE98"
"KAK6006846.1","tr|A0ABR0TSJ2|A0ABR0TSJ2_AURPU",100,930,0,1804,"A0ABR0TSJ2"
"KAK6000435.1","tr|A0ABR0T7L7|A0ABR0T7L7_AURPU",100,911,0,1803,"A0ABR0T7L7"
"KAK6000898.1","tr|A0ABR0T8X6|A0ABR0T8X6_AURPU",100,886,0,1803,"A0ABR0T8X6"
"KAK5999850.1","tr|A0ABR0T5Z5|A0ABR0T5Z5_AURPU",100,978,0,1802,"A0ABR0T5Z5"
"KAK6000639.1","tr|A0ABR0T8R3|A0ABR0T8R3_AURPU",100,893,0,1801,"A0ABR0T8R3"
"THX05895.1","tr|A0ABR0TME1|A0ABR0TME1_AURPU",90.2,985,0,1800,"A0ABR0TME1"
"KAK6002570.1","tr|A0ABR0TF65|A0ABR0TF65_AURPU",100,908,0,1800,"A0ABR0TF65"
"KAK6008809.1","tr|A0ABR0TWF4|A0ABR0TWF4_AURPU",100,918,0,1799,"A0ABR0TWF4"
"KAK6003446.1","tr|A0ABR0THC5|A0ABR0THC5_AURPU",100,887,0,1798,"A0ABR0THC5"
"KAK6004609.1","tr|A0ABR0TJH2|A0ABR0TJH2_AURPU",100,928,0,1798,"A0ABR0TJH2"
"THW65403.1","tr|A0ABR0TUI4|A0ABR0TUI4_AURPU",91.5,1015,0,1795,"A0ABR0TUI4"
"KAK6001770.1","tr|A0ABR0TBF4|A0ABR0TBF4_AURPU",100,888,0,1794,"A0ABR0TBF4"
"KAK6001131.1","tr|A0ABR0TB18|A0ABR0TB18_AURPU",100,925,0,1793,"A0ABR0TB18"
"KAK6006838.1","tr|A0ABR0TQW2|A0ABR0TQW2_AURPU",100,976,0,1793,"A0ABR0TQW2"
"KEQ81040.1","tr|A0ABR0TN45|A0ABR0TN45_AURPU",91.4,977,0,1792,"A0ABR0TN45"
"KAK6006970.1","tr|A0ABR0TSS5|A0ABR0TSS5_AURPU",100,913,0,1792,"A0ABR0TSS5"
"KAK6006059.1","tr|A0ABR0TNP2|A0ABR0TNP2_AURPU",100,917,0,1791,"A0ABR0TNP2"
"KAK6003003.1","tr|A0ABR0TEZ1|A0ABR0TEZ1_AURPU",100,922,0,1787,"A0ABR0TEZ1"
"KAK6003951.1","tr|A0ABR0TJ60|A0ABR0TJ60_AURPU",100,874,0,1786,"A0ABR0TJ60"
"KAK6004043.1","tr|A0ABR0THX8|A0ABR0THX8_AURPU",100,945,0,1786,"A0ABR0THX8"
"KAK6001574.1","tr|A0ABR0TAZ8|A0ABR0TAZ8_AURPU",100,890,0,1785,"A0ABR0TAZ8"
"KAK6002088.1","tr|A0ABR0TCB9|A0ABR0TCB9_AURPU",100,961,0,1785,"A0ABR0TCB9"
"KAK6006778.1","tr|A0ABR0TQQ6|A0ABR0TQQ6_AURPU",100,929,0,1784,"A0ABR0TQQ6"
"KAK5999519.1","tr|A0ABR0T597|A0ABR0T597_AURPU",100,980,0,1783,"A0ABR0T597"
"CAD0049473.1","tr|A0ABR0T7N3|A0ABR0T7N3_AURPU",91.4,1020,0,1782,"A0ABR0T7N3"
"THV77342.1","tr|A0ABR0TPT8|A0ABR0TPT8_AURPU",98.3,958,0,1781,"A0ABR0TPT8"
"KAK6007720.1","tr|A0ABR0TV06|A0ABR0TV06_AURPU",100,965,0,1781,"A0ABR0TV06"
"THZ53866.1","tr|A0ABR0TPU4|A0ABR0TPU4_AURPU",88.5,1196,0,1780,"A0ABR0TPU4"
"KAK6004528.1","tr|A0ABR0TJ99|A0ABR0TJ99_AURPU",100,945,0,1780,"A0ABR0TJ99"
"CAC9885959.1","tr|A0ABR0TIR9|A0ABR0TIR9_AURPU",94.3,963,0,1778,"A0ABR0TIR9"
"THW27414.1","tr|A0ABR0TH27|A0ABR0TH27_AURPU",89.3,989,0,1777,"A0ABR0TH27"
"KAK5999566.1","tr|A0ABR0T558|A0ABR0T558_AURPU",100,850,0,1777,"A0ABR0T558"
"KAK6003481.1","tr|A0ABR0TGA7|A0ABR0TGA7_AURPU",100,1007,0,1775,"A0ABR0TGA7"
"KAK6002868.1","tr|A0ABR0TEL7|A0ABR0TEL7_AURPU",100,878,0,1774,"A0ABR0TEL7"
"KAK6001459.1","tr|A0ABR0TAI6|A0ABR0TAI6_AURPU",100,884,0,1773,"A0ABR0TAI6"
"CAD0018796.1","tr|A0ABR0TS17|A0ABR0TS17_AURPU",93.3,936,0,1771,"A0ABR0TS17"
"KAK6007417.1","tr|A0ABR0TTK5|A0ABR0TTK5_AURPU",100,901,0,1769,"A0ABR0TTK5"
"TIA49703.1","tr|A0ABR0TAH4|A0ABR0TAH4_AURPU",94.3,952,0,1768,"A0ABR0TAH4"
"KAK6002855.1","tr|A0ABR0TG06|A0ABR0TG06_AURPU",100,953,0,1767,"A0ABR0TG06"
"KAK6005847.1","tr|A0ABR0TND4|A0ABR0TND4_AURPU",100,870,0,1765,"A0ABR0TND4"
"CAD0041602.1","tr|A0ABR0TW68|A0ABR0TW68_AURPU",92.3,979,0,1765,"A0ABR0TW68"
"TIA39280.1","tr|A0ABR0TUN0|A0ABR0TUN0_AURPU",97,902,0,1764,"A0ABR0TUN0"
"KAK6002688.1","tr|A0ABR0TE25|A0ABR0TE25_AURPU",100,1031,0,1764,"A0ABR0TE25"
"KAK5999522.1","tr|A0ABR0T543|A0ABR0T543_AURPU",100,899,0,1763,"A0ABR0T543"
"KAK6007625.1","tr|A0ABR0TUV2|A0ABR0TUV2_AURPU",100,912,0,1763,"A0ABR0TUV2"
"THV65834.1","tr|A0ABR0T754|A0ABR0T754_AURPU",82.5,1453,0,1761,"A0ABR0T754"
"KAK6004883.1","tr|A0ABR0TKC9|A0ABR0TKC9_AURPU",100,932,0,1761,"A0ABR0TKC9"
"KAK6001579.1","tr|A0ABR0TAV2|A0ABR0TAV2_AURPU",100,889,0,1760,"A0ABR0TAV2"
"KAK6006035.1","tr|A0ABR0TQ91|A0ABR0TQ91_AURPU",100,930,0,1760,"A0ABR0TQ91"
"THW52133.1","tr|A0ABR0T6X6|A0ABR0T6X6_AURPU",97.6,885,0,1759,"A0ABR0T6X6"
"THZ72015.1","tr|A0ABR0T557|A0ABR0T557_AURPU",92.8,957,0,1759,"A0ABR0T557"
"KAK6005439.1","tr|A0ABR0TMH7|A0ABR0TMH7_AURPU",100,881,0,1759,"A0ABR0TMH7"
"THX17805.1","tr|A0ABR0TKP7|A0ABR0TKP7_AURPU",94,934,0,1758,"A0ABR0TKP7"
"KAK6004791.1","tr|A0ABR0TLM1|A0ABR0TLM1_AURPU",100,852,0,1757,"A0ABR0TLM1"
"KAK6003270.1","tr|A0ABR0TFR4|A0ABR0TFR4_AURPU",100,946,0,1756,"A0ABR0TFR4"
"KAK6003982.1","tr|A0ABR0TIL5|A0ABR0TIL5_AURPU",100,899,0,1756,"A0ABR0TIL5"
"OBW67422.1","tr|A0ABR0TV53|A0ABR0TV53_AURPU",96.2,920,0,1754,"A0ABR0TV53"
"THV74030.1","tr|A0ABR0T8H0|A0ABR0T8H0_AURPU",84.8,1202,0,1753,"A0ABR0T8H0"
"THX68662.1","tr|A0ABR0T8M5|A0ABR0T8M5_AURPU",92.8,1002,0,1753,"A0ABR0T8M5"
"KAK6000546.1","tr|A0ABR0T9E1|A0ABR0T9E1_AURPU",100,1214,0,1753,"A0ABR0T9E1"
"THY22310.1","tr|A0ABR0TW26|A0ABR0TW26_AURPU",94.2,1024,0,1752,"A0ABR0TW26"
"KAK6007125.1","tr|A0ABR0TRP2|A0ABR0TRP2_AURPU",100,891,0,1752,"A0ABR0TRP2"
"KAK6006567.1","tr|A0ABR0TQG1|A0ABR0TQG1_AURPU",100,870,0,1751,"A0ABR0TQG1"
"KAK5999723.1","tr|A0ABR0T5L2|A0ABR0T5L2_AURPU",100,876,0,1750,"A0ABR0T5L2"
"KAK6006957.1","tr|A0ABR0TRL4|A0ABR0TRL4_AURPU",100,972,0,1750,"A0ABR0TRL4"
"KAK6007497.1","tr|A0ABR0TT60|A0ABR0TT60_AURPU",100,928,0,1750,"A0ABR0TT60"
"KAK6008538.1","tr|A0ABR0TVR3|A0ABR0TVR3_AURPU",100,889,0,1750,"A0ABR0TVR3"
"KAK6001140.1","tr|A0ABR0T9M1|A0ABR0T9M1_AURPU",100,892,0,1749,"A0ABR0T9M1"
"KAK6008665.1","tr|A0ABR0TXE6|A0ABR0TXE6_AURPU",100,908,0,1749,"A0ABR0TXE6"
"CAD0056922.1","tr|A0ABR0TTT5|A0ABR0TTT5_AURPU",94.9,939,0,1746,"A0ABR0TTT5"
"KAK6005971.1","tr|A0ABR0TNF9|A0ABR0TNF9_AURPU",100,1074,0,1744,"A0ABR0TNF9"
"KAK6003330.1","tr|A0ABR0TFX6|A0ABR0TFX6_AURPU",100,890,0,1742,"A0ABR0TFX6"
"KAK6008012.1","tr|A0ABR0TUC9|A0ABR0TUC9_AURPU",100,924,0,1741,"A0ABR0TUC9"
"CAR4709845.1","tr|A0ABR0T9X2|A0ABR0T9X2_AURPU",88.9,1105,0,1741,"A0ABR0T9X2"
"KAK6007705.1","tr|A0ABR0TUZ2|A0ABR0TUZ2_AURPU",100,907,0,1740,"A0ABR0TUZ2"
"KAK6008372.1","tr|A0ABR0TVF9|A0ABR0TVF9_AURPU",100,888,0,1740,"A0ABR0TVF9"
"KAK6002892.1","tr|A0ABR0TEW4|A0ABR0TEW4_AURPU",100,890,0,1739,"A0ABR0TEW4"
"KEQ85864.1","tr|A0ABR0TAH7|A0ABR0TAH7_AURPU",96.9,883,0,1738,"A0ABR0TAH7"
"KAK6008760.1","tr|A0ABR0TWC4|A0ABR0TWC4_AURPU",100,952,0,1738,"A0ABR0TWC4"
"THY23063.1","tr|A0ABR0TW11|A0ABR0TW11_AURPU",93.9,914,0,1736,"A0ABR0TW11"
"KAK6005113.1","tr|A0ABR0TKY5|A0ABR0TKY5_AURPU",100,933,0,1736,"A0ABR0TKY5"
"KAK6003138.1","tr|A0ABR0TFC1|A0ABR0TFC1_AURPU",100,995,0,1735,"A0ABR0TFC1"
"OBW69802.1","tr|A0ABR0TMR5|A0ABR0TMR5_AURPU",92.9,960,0,1733,"A0ABR0TMR5"
"CAC9889334.1","tr|A0ABR0TEA8|A0ABR0TEA8_AURPU",91.6,903,0,1733,"A0ABR0TEA8"
"CAD0012519.1","tr|A0ABR0TAG6|A0ABR0TAG6_AURPU",88.7,1288,0,1733,"A0ABR0TAG6"
"KAK6003684.1","tr|A0ABR0THG1|A0ABR0THG1_AURPU",100,871,0,1731,"A0ABR0THG1"
"KAK6007987.1","tr|A0ABR0TV67|A0ABR0TV67_AURPU",100,906,0,1731,"A0ABR0TV67"
"KAK6001827.1","tr|A0ABR0TC01|A0ABR0TC01_AURPU",100,858,0,1730,"A0ABR0TC01"
"KAK6005102.1","tr|A0ABR0TL00|A0ABR0TL00_AURPU",100,892,0,1730,"A0ABR0TL00"
"CAC9889167.1","tr|A0ABR0T5Z4|A0ABR0T5Z4_AURPU",91.5,962,0,1729,"A0ABR0T5Z4"
"KAK6001465.1","tr|A0ABR0TBV8|A0ABR0TBV8_AURPU",100,903,0,1728,"A0ABR0TBV8"
"KAK6003462.1","tr|A0ABR0TGI6|A0ABR0TGI6_AURPU",100,1153,0,1728,"A0ABR0TGI6"
"THZ17152.1","tr|A0ABR0TF94|A0ABR0TF94_AURPU",88.3,1012,0,1727,"A0ABR0TF94"
"CAC9890935.1","tr|A0ABR0TNP6|A0ABR0TNP6_AURPU",94.1,929,0,1727,"A0ABR0TNP6"
"KAK6002462.1","tr|A0ABR0TDE8|A0ABR0TDE8_AURPU",100,881,0,1726,"A0ABR0TDE8"
"KAK6003185.1","tr|A0ABR0TGZ0|A0ABR0TGZ0_AURPU",100,859,0,1726,"A0ABR0TGZ0"
"KAK6003857.1","tr|A0ABR0THE9|A0ABR0THE9_AURPU",100,883,0,1726,"A0ABR0THE9"
"KAK6000423.1","tr|A0ABR0T7J6|A0ABR0T7J6_AURPU",100,945,0,1724,"A0ABR0T7J6"
"KAK6007824.1","tr|A0ABR0TUC6|A0ABR0TUC6_AURPU",100,1077,0,1723,"A0ABR0TUC6"
"KAK6002306.1","tr|A0ABR0TE32|A0ABR0TE32_AURPU",100,894,0,1722,"A0ABR0TE32"
"KAK6007033.1","tr|A0ABR0TRF1|A0ABR0TRF1_AURPU",100,880,0,1722,"A0ABR0TRF1"
"KAK6007518.1","tr|A0ABR0TST5|A0ABR0TST5_AURPU",100,874,0,1722,"A0ABR0TST5"
"KAK6003793.1","tr|A0ABR0TH81|A0ABR0TH81_AURPU",100,847,0,1721,"A0ABR0TH81"
"KAK6007647.1","tr|A0ABR0TTJ8|A0ABR0TTJ8_AURPU",100,911,0,1721,"A0ABR0TTJ8"
"KAK6002715.1","tr|A0ABR0TE75|A0ABR0TE75_AURPU",100,915,0,1719,"A0ABR0TE75"
"KAK6001285.1","tr|A0ABR0TBC7|A0ABR0TBC7_AURPU",100,933,0,1718,"A0ABR0TBC7"
"THV75085.1","tr|A0ABR0TC41|A0ABR0TC41_AURPU",96.4,882,0,1717,"A0ABR0TC41"
"KAK6004912.1","tr|A0ABR0TL81|A0ABR0TL81_AURPU",100,881,0,1717,"A0ABR0TL81"
"KAK6006559.1","tr|A0ABR0TQ58|A0ABR0TQ58_AURPU",100,910,0,1717,"A0ABR0TQ58"
"KAK6002424.1","tr|A0ABR0TDV1|A0ABR0TDV1_AURPU",100,982,0,1716,"A0ABR0TDV1"
"KAK6002513.1","tr|A0ABR0TDJ1|A0ABR0TDJ1_AURPU",100,855,0,1716,"A0ABR0TDJ1"
"KAK6006943.1","tr|A0ABR0TR60|A0ABR0TR60_AURPU",100,840,0,1715,"A0ABR0TR60"
"KEQ80249.1","tr|A0ABR0TDL4|A0ABR0TDL4_AURPU",92.1,897,0,1714,"A0ABR0TDL4"
"THZ96484.1","tr|A0ABR0TRG9|A0ABR0TRG9_AURPU",90,1035,0,1714,"A0ABR0TRG9"
"KAK5999976.1","tr|A0ABR0T7S2|A0ABR0T7S2_AURPU",100,869,0,1714,"A0ABR0T7S2"
"KAK6008442.1","tr|A0ABR0TVV1|A0ABR0TVV1_AURPU",100,905,0,1713,"A0ABR0TVV1"
"THX06578.1","tr|A0ABR0TRU8|A0ABR0TRU8_AURPU",80.4,1289,0,1712,"A0ABR0TRU8"
"THZ62504.1","tr|A0ABR0TLB5|A0ABR0TLB5_AURPU",95.2,918,0,1712,"A0ABR0TLB5"
"KAK6001875.1","tr|A0ABR0TBR5|A0ABR0TBR5_AURPU",100,900,0,1712,"A0ABR0TBR5"
"KAK5999986.1","tr|A0ABR0T6B4|A0ABR0T6B4_AURPU",100,843,0,1711,"A0ABR0T6B4"
"KAK6000880.1","tr|A0ABR0TA33|A0ABR0TA33_AURPU",100,836,0,1711,"A0ABR0TA33"
"KAK6006389.1","tr|A0ABR0TPL1|A0ABR0TPL1_AURPU",100,856,0,1711,"A0ABR0TPL1"
"KAK5999588.1","tr|A0ABR0T567|A0ABR0T567_AURPU",100,863,0,1710,"A0ABR0T567"
"KAK5999760.1","tr|A0ABR0T5Q9|A0ABR0T5Q9_AURPU",100,893,0,1709,"A0ABR0T5Q9"
"KAK6008800.1","tr|A0ABR0TXQ2|A0ABR0TXQ2_AURPU",100,979,0,1709,"A0ABR0TXQ2"
"KAK6004865.1","tr|A0ABR0TLT3|A0ABR0TLT3_AURPU",100,913,0,1708,"A0ABR0TLT3"
"KAK6002260.1","tr|A0ABR0TE55|A0ABR0TE55_AURPU",100,881,0,1706,"A0ABR0TE55"
"KAK6004230.1","tr|A0ABR0TIH3|A0ABR0TIH3_AURPU",100,875,0,1705,"A0ABR0TIH3"
"KAK6006253.1","tr|A0ABR0TP89|A0ABR0TP89_AURPU",100,872,0,1705,"A0ABR0TP89"
"KAK6004418.1","tr|A0ABR0TJ16|A0ABR0TJ16_AURPU",100,857,0,1704,"A0ABR0TJ16"
"KAK6002287.1","tr|A0ABR0TDR3|A0ABR0TDR3_AURPU",100,1084,0,1702,"A0ABR0TDR3"
"KAK6002006.1","tr|A0ABR0TD95|A0ABR0TD95_AURPU",100,879,0,1701,"A0ABR0TD95"
"KAK6008827.1","tr|A0ABR0TXF6|A0ABR0TXF6_AURPU",100,924,0,1701,"A0ABR0TXF6"
"KAK6001698.1","tr|A0ABR0TB71|A0ABR0TB71_AURPU",100,864,0,1700,"A0ABR0TB71"
"THV68858.1","tr|A0ABR0TCD7|A0ABR0TCD7_AURPU",92.1,978,0,1698,"A0ABR0TCD7"
"KAK6003785.1","tr|A0ABR0TIP6|A0ABR0TIP6_AURPU",100,904,0,1698,"A0ABR0TIP6"
"THX94941.1","tr|A0ABR0TAE4|A0ABR0TAE4_AURPU",92.8,954,0,1697,"A0ABR0TAE4"
"KAK6004141.1","tr|A0ABR0TI62|A0ABR0TI62_AURPU",100,849,0,1697,"A0ABR0TI62"
"KAK6004310.1","tr|A0ABR0TK98|A0ABR0TK98_AURPU",100,864,0,1697,"A0ABR0TK98"
"KAK6006013.1","tr|A0ABR0TNL6|A0ABR0TNL6_AURPU",100,877,0,1697,"A0ABR0TNL6"
"KAK6004466.1","tr|A0ABR0TK54|A0ABR0TK54_AURPU",100,860,0,1696,"A0ABR0TK54"
"CAD0041432.1","tr|A0ABR0TX39|A0ABR0TX39_AURPU",93.1,918,0,1696,"A0ABR0TX39"
"KAK6005494.1","tr|A0ABR0TM16|A0ABR0TM16_AURPU",100,872,0,1693,"A0ABR0TM16"
"KAK6007869.1","tr|A0ABR0TUH7|A0ABR0TUH7_AURPU",100,827,0,1693,"A0ABR0TUH7"
"THZ41341.1","tr|A0ABR0TD31|A0ABR0TD31_AURPU",95.7,930,0,1691,"A0ABR0TD31"
"KAK5999783.1","tr|A0ABR0T5S0|A0ABR0T5S0_AURPU",100,880,0,1691,"A0ABR0T5S0"
"KAK6008003.1","tr|A0ABR0TUA2|A0ABR0TUA2_AURPU",100,879,0,1691,"A0ABR0TUA2"
"THW07581.1","tr|A0ABR0TNX9|A0ABR0TNX9_AURPU",95.6,883,0,1690,"A0ABR0TNX9"
"KAK6005583.1","tr|A0ABR0TMB2|A0ABR0TMB2_AURPU",100,878,0,1690,"A0ABR0TMB2"
"KAK6005712.1","tr|A0ABR0TN03|A0ABR0TN03_AURPU",100,913,0,1688,"A0ABR0TN03"
"THY27505.1","tr|A0ABR0TLX9|A0ABR0TLX9_AURPU",97.5,870,0,1686,"A0ABR0TLX9"
"KAK6006313.1","tr|A0ABR0TPE5|A0ABR0TPE5_AURPU",100,811,0,1686,"A0ABR0TPE5"
"KAK6007998.1","tr|A0ABR0TU63|A0ABR0TU63_AURPU",100,1003,0,1686,"A0ABR0TU63"
"THZ70491.1","tr|A0ABR0TH34|A0ABR0TH34_AURPU",93.9,915,0,1685,"A0ABR0TH34"
"KAK6003154.1","tr|A0ABR0TFD9|A0ABR0TFD9_AURPU",100,938,0,1684,"A0ABR0TFD9"
"THX08482.1","tr|A0ABR0THA6|A0ABR0THA6_AURPU",92.2,945,0,1683,"A0ABR0THA6"
"KAK6005783.1","tr|A0ABR0TMX1|A0ABR0TMX1_AURPU",100,845,0,1683,"A0ABR0TMX1"
"KAK6005394.1","tr|A0ABR0TMD2|A0ABR0TMD2_AURPU",100,844,0,1682,"A0ABR0TMD2"
"KAK6008689.1","tr|A0ABR0TW34|A0ABR0TW34_AURPU",100,873,0,1682,"A0ABR0TW34"
"THW03475.1","tr|A0ABR0TSS3|A0ABR0TSS3_AURPU",98.1,904,0,1681,"A0ABR0TSS3"
"KAK6004675.1","tr|A0ABR0TL80|A0ABR0TL80_AURPU",100,911,0,1681,"A0ABR0TL80"
"KAK5999873.1","tr|A0ABR0T607|A0ABR0T607_AURPU",100,847,0,1680,"A0ABR0T607"
"KAK6007356.1","tr|A0ABR0TU23|A0ABR0TU23_AURPU",100,871,0,1680,"A0ABR0TU23"
"KAK6006770.1","tr|A0ABR0TSD5|A0ABR0TSD5_AURPU",100,840,0,1679,"A0ABR0TSD5"
"CAD0020125.1","tr|A0ABR0TDR0|A0ABR0TDR0_AURPU",91.4,954,0,1679,"A0ABR0TDR0"
"KAK6008486.1","tr|A0ABR0TWC9|A0ABR0TWC9_AURPU",100,887,0,1677,"A0ABR0TWC9"
"KAK6008314.1","tr|A0ABR0TV01|A0ABR0TV01_AURPU",100,835,0,1675,"A0ABR0TV01"
"KAK6000428.1","tr|A0ABR0T7M2|A0ABR0T7M2_AURPU",100,895,0,1674,"A0ABR0T7M2"
"KAK6005706.1","tr|A0ABR0TP98|A0ABR0TP98_AURPU",100,1067,0,1674,"A0ABR0TP98"
"CAD0027656.1","tr|A0ABR0T9A7|A0ABR0T9A7_AURPU",95.7,898,0,1674,"A0ABR0T9A7"
"KAK6004687.1","tr|A0ABR0TKK9|A0ABR0TKK9_AURPU",100,843,0,1673,"A0ABR0TKK9"
"KAK6006249.1","tr|A0ABR0TPQ6|A0ABR0TPQ6_AURPU",100,870,0,1673,"A0ABR0TPQ6"
"KAK6006615.1","tr|A0ABR0TQA6|A0ABR0TQA6_AURPU",100,907,0,1672,"A0ABR0TQA6"
"KAK5999572.1","tr|A0ABR0T631|A0ABR0T631_AURPU",100,959,0,1670,"A0ABR0T631"
"KAK6004282.1","tr|A0ABR0TJI2|A0ABR0TJI2_AURPU",100,858,0,1670,"A0ABR0TJI2"
"KAK6004235.1","tr|A0ABR0TK29|A0ABR0TK29_AURPU",100,1046,0,1669,"A0ABR0TK29"
"THV99847.1","tr|A0ABR0TM56|A0ABR0TM56_AURPU",95.3,886,0,1667,"A0ABR0TM56"
"KAK6003004.1","tr|A0ABR0TF07|A0ABR0TF07_AURPU",100,898,0,1667,"A0ABR0TF07"
"KAK6003381.1","tr|A0ABR0THJ3|A0ABR0THJ3_AURPU",100,870,0,1667,"A0ABR0THJ3"
"KAK6004374.1","tr|A0ABR0TJF1|A0ABR0TJF1_AURPU",100,815,0,1667,"A0ABR0TJF1"
"KAK6008420.1","tr|A0ABR0TX27|A0ABR0TX27_AURPU",100,952,0,1667,"A0ABR0TX27"
"KAK6004539.1","tr|A0ABR0TJW4|A0ABR0TJW4_AURPU",100,971,0,1665,"A0ABR0TJW4"
"KAK6005605.1","tr|A0ABR0TNT4|A0ABR0TNT4_AURPU",100,872,0,1664,"A0ABR0TNT4"
"KAK6005888.1","tr|A0ABR0TN69|A0ABR0TN69_AURPU",100,901,0,1664,"A0ABR0TN69"
"CAD0050256.1","tr|A0ABR0TEB1|A0ABR0TEB1_AURPU",92.4,946,0,1664,"A0ABR0TEB1"
"KAK6004445.1","tr|A0ABR0TKM4|A0ABR0TKM4_AURPU",100,1051,0,1663,"A0ABR0TKM4"
"KAK6000741.1","tr|A0ABR0T9W5|A0ABR0T9W5_AURPU",100,833,0,1662,"A0ABR0T9W5"
"KAK6002882.1","tr|A0ABR0TEM2|A0ABR0TEM2_AURPU",100,805,0,1662,"A0ABR0TEM2"
"KAK6002053.1","tr|A0ABR0TC76|A0ABR0TC76_AURPU",100,875,0,1661,"A0ABR0TC76"
"KAK6005256.1","tr|A0ABR0TMW2|A0ABR0TMW2_AURPU",100,827,0,1661,"A0ABR0TMW2"
"THW59601.1","tr|A0ABR0TTR1|A0ABR0TTR1_AURPU",90.3,982,0,1660,"A0ABR0TTR1"
"THZ93213.1","tr|A0ABR0TF95|A0ABR0TF95_AURPU",92.1,907,0,1659,"A0ABR0TF95"
"KAK6006219.1","tr|A0ABR0TPN3|A0ABR0TPN3_AURPU",100,865,0,1659,"A0ABR0TPN3"
"KAK6004636.1","tr|A0ABR0TJK6|A0ABR0TJK6_AURPU",100,876,0,1658,"A0ABR0TJK6"
"KAK6006441.1","tr|A0ABR0TRD0|A0ABR0TRD0_AURPU",100,804,0,1656,"A0ABR0TRD0"
"KEQ81741.1","tr|A0ABR0T7M6|A0ABR0T7M6_AURPU",93.6,925,0,1654,"A0ABR0T7M6"
"KAK6003886.1","tr|A0ABR0THG8|A0ABR0THG8_AURPU",100,902,0,1653,"A0ABR0THG8"
"KAK5999779.1","tr|A0ABR0T5R4|A0ABR0T5R4_AURPU",100,803,0,1652,"A0ABR0T5R4"
"KAK5999821.1","tr|A0ABR0T5V7|A0ABR0T5V7_AURPU",100,885,0,1652,"A0ABR0T5V7"
"KAK6000615.1","tr|A0ABR0T842|A0ABR0T842_AURPU",100,951,0,1651,"A0ABR0T842"
"KAK6003315.1","tr|A0ABR0TFW3|A0ABR0TFW3_AURPU",100,852,0,1651,"A0ABR0TFW3"
"KAK6006894.1","tr|A0ABR0TRL1|A0ABR0TRL1_AURPU",100,892,0,1651,"A0ABR0TRL1"
"KAK6004901.1","tr|A0ABR0TLE2|A0ABR0TLE2_AURPU",100,824,0,1650,"A0ABR0TLE2"
"KAK6005138.1","tr|A0ABR0TL24|A0ABR0TL24_AURPU",100,998,0,1650,"A0ABR0TL24"
"KAK6006839.1","tr|A0ABR0TQW5|A0ABR0TQW5_AURPU",100,902,0,1650,"A0ABR0TQW5"
"KEQ81967.1","tr|A0ABR0T882|A0ABR0T882_AURPU",91.6,1006,0,1649,"A0ABR0T882"
"THX15739.1","tr|A0ABR0TDV5|A0ABR0TDV5_AURPU",89.7,1032,0,1648,"A0ABR0TDV5"
"KAK6000845.1","tr|A0ABR0TA37|A0ABR0TA37_AURPU",100,862,0,1648,"A0ABR0TA37"
"KAK6002763.1","tr|A0ABR0TEB2|A0ABR0TEB2_AURPU",100,972,0,1648,"A0ABR0TEB2"
"CAD0031118.1","tr|A0ABR0TIG4|A0ABR0TIG4_AURPU",96.1,969,0,1648,"A0ABR0TIG4"
"CAR1019753.1","tr|A0ABR0T9C8|A0ABR0T9C8_AURPU",90,962,0,1648,"A0ABR0T9C8"
"THV79985.1","tr|A0ABR0TII2|A0ABR0TII2_AURPU",89.7,893,0,1647,"A0ABR0TII2"
"KAK6001310.1","tr|A0ABR0TBI8|A0ABR0TBI8_AURPU",100,988,0,1647,"A0ABR0TBI8"
"KAK6003520.1","tr|A0ABR0THT5|A0ABR0THT5_AURPU",100,874,0,1647,"A0ABR0THT5"
"KAK6005837.1","tr|A0ABR0TN53|A0ABR0TN53_AURPU",100,853,0,1647,"A0ABR0TN53"
"KAK6006247.1","tr|A0ABR0TQ53|A0ABR0TQ53_AURPU",100,896,0,1647,"A0ABR0TQ53"
"KAK6007313.1","tr|A0ABR0TS93|A0ABR0TS93_AURPU",100,825,0,1647,"A0ABR0TS93"
"KAK6008000.1","tr|A0ABR0TVY2|A0ABR0TVY2_AURPU",100,836,0,1647,"A0ABR0TVY2"
"KAK6003161.1","tr|A0ABR0TGK3|A0ABR0TGK3_AURPU",100,810,0,1645,"A0ABR0TGK3"
"KAK6007928.1","tr|A0ABR0TU33|A0ABR0TU33_AURPU",100,818,0,1645,"A0ABR0TU33"
"KAK6000165.1","tr|A0ABR0T6U9|A0ABR0T6U9_AURPU",100,871,0,1644,"A0ABR0T6U9"
"KAK6003035.1","tr|A0ABR0TGI7|A0ABR0TGI7_AURPU",100,893,0,1644,"A0ABR0TGI7"
"KAK6001599.1","tr|A0ABR0TBI4|A0ABR0TBI4_AURPU",100,839,0,1643,"A0ABR0TBI4"
"KAK6007083.1","tr|A0ABR0TRK0|A0ABR0TRK0_AURPU",100,854,0,1643,"A0ABR0TRK0"
"KAK6006054.1","tr|A0ABR0TP76|A0ABR0TP76_AURPU",100,868,0,1642,"A0ABR0TP76"
"KAK6001538.1","tr|A0ABR0TAS5|A0ABR0TAS5_AURPU",100,878,0,1641,"A0ABR0TAS5"
"KAK6006565.1","tr|A0ABR0TRJ9|A0ABR0TRJ9_AURPU",100,789,0,1641,"A0ABR0TRJ9"
"KAK6007665.1","tr|A0ABR0TT84|A0ABR0TT84_AURPU",100,873,0,1639,"A0ABR0TT84"
"THZ10506.1","tr|A0ABR0TQG8|A0ABR0TQG8_AURPU",91.2,968,0,1638,"A0ABR0TQG8"
"KAK6005368.1","tr|A0ABR0TLP8|A0ABR0TLP8_AURPU",100,922,0,1638,"A0ABR0TLP8"
"THY19283.1","tr|A0ABR0TL70|A0ABR0TL70_AURPU",89.3,996,0,1637,"A0ABR0TL70"
"THY17227.1","tr|A0ABR0T6E7|A0ABR0T6E7_AURPU",95,873,0,1636,"A0ABR0T6E7"
"KAK6000201.1","tr|A0ABR0T8E1|A0ABR0T8E1_AURPU",100,864,0,1635,"A0ABR0T8E1"
"KAK6006555.1","tr|A0ABR0TQ44|A0ABR0TQ44_AURPU",100,808,0,1635,"A0ABR0TQ44"
"KAK6008818.1","tr|A0ABR0TWD5|A0ABR0TWD5_AURPU",100,868,0,1635,"A0ABR0TWD5"
"CAD0030003.1","tr|A0ABR0TXE5|A0ABR0TXE5_AURPU",88.3,990,0,1635,"A0ABR0TXE5"
"KAK6004013.1","tr|A0ABR0THU6|A0ABR0THU6_AURPU",100,832,0,1634,"A0ABR0THU6"
"KAK6008741.1","tr|A0ABR0TX10|A0ABR0TX10_AURPU",100,843,0,1634,"A0ABR0TX10"
"KAK6008848.1","tr|A0ABR0TWF8|A0ABR0TWF8_AURPU",100,811,0,1632,"A0ABR0TWF8"
"THV69511.1","tr|A0ABR0T6P5|A0ABR0T6P5_AURPU",90.5,947,0,1631,"A0ABR0T6P5"
"KAK6001090.1","tr|A0ABR0TAQ4|A0ABR0TAQ4_AURPU",100,812,0,1631,"A0ABR0TAQ4"
"KAK6002200.1","tr|A0ABR0TE10|A0ABR0TE10_AURPU",100,811,0,1631,"A0ABR0TE10"
"KAK6001396.1","tr|A0ABR0TAD4|A0ABR0TAD4_AURPU",100,888,0,1630,"A0ABR0TAD4"
"KAK6007274.1","tr|A0ABR0TS45|A0ABR0TS45_AURPU",100,836,0,1630,"A0ABR0TS45"
"KAK6008870.1","tr|A0ABR0TXX5|A0ABR0TXX5_AURPU",100,825,0,1630,"A0ABR0TXX5"
"THX06003.1","tr|A0ABR0TTX4|A0ABR0TTX4_AURPU",90.5,964,0,1629,"A0ABR0TTX4"
"TIA22307.1","tr|A0ABR0THN0|A0ABR0THN0_AURPU",92.2,916,0,1628,"A0ABR0THN0"
"KAK6001167.1","tr|A0ABR0TA35|A0ABR0TA35_AURPU",100,784,0,1627,"A0ABR0TA35"
"KAK6003419.1","tr|A0ABR0TG65|A0ABR0TG65_AURPU",100,803,0,1627,"A0ABR0TG65"
"KAK6001766.1","tr|A0ABR0TCM5|A0ABR0TCM5_AURPU",100,851,0,1624,"A0ABR0TCM5"
"KAK6003868.1","tr|A0ABR0THF2|A0ABR0THF2_AURPU",100,920,0,1624,"A0ABR0THF2"
"KAK6000678.1","tr|A0ABR0T8A8|A0ABR0T8A8_AURPU",100,833,0,1623,"A0ABR0T8A8"
"THY35060.1","tr|A0ABR0THA0|A0ABR0THA0_AURPU",94.8,833,0,1622,"A0ABR0THA0"
"KAK6004827.1","tr|A0ABR0TKF9|A0ABR0TKF9_AURPU",100,807,0,1622,"A0ABR0TKF9"
"KAK6000334.1","tr|A0ABR0T7A1|A0ABR0T7A1_AURPU",100,833,0,1621,"A0ABR0T7A1"
"KAK6005578.1","tr|A0ABR0TMB3|A0ABR0TMB3_AURPU",100,839,0,1621,"A0ABR0TMB3"
"KAK6006663.1","tr|A0ABR0TQE0|A0ABR0TQE0_AURPU",100,961,0,1621,"A0ABR0TQE0"
"KAK6007062.1","tr|A0ABR0TRX3|A0ABR0TRX3_AURPU",100,850,0,1620,"A0ABR0TRX3"
"THV93739.1","tr|A0ABR0TGW8|A0ABR0TGW8_AURPU",95.4,884,0,1619,"A0ABR0TGW8"
"KAK6004012.1","tr|A0ABR0TIP3|A0ABR0TIP3_AURPU",100,814,0,1618,"A0ABR0TIP3"
"KAK6002455.1","tr|A0ABR0TEP6|A0ABR0TEP6_AURPU",100,918,0,1617,"A0ABR0TEP6"
"KAK6005663.1","tr|A0ABR0TMK4|A0ABR0TMK4_AURPU",100,826,0,1617,"A0ABR0TMK4"
"THZ84821.1","tr|A0ABR0TFF5|A0ABR0TFF5_AURPU",97.7,869,0,1616,"A0ABR0TFF5"
"KAK6000323.1","tr|A0ABR0T7B4|A0ABR0T7B4_AURPU",100,856,0,1616,"A0ABR0T7B4"
"KAK6002516.1","tr|A0ABR0TEQ1|A0ABR0TEQ1_AURPU",100,800,0,1615,"A0ABR0TEQ1"
"KAK6005656.1","tr|A0ABR0TMI8|A0ABR0TMI8_AURPU",100,883,0,1615,"A0ABR0TMI8"
"KAK6005946.1","tr|A0ABR0TPY9|A0ABR0TPY9_AURPU",100,811,0,1615,"A0ABR0TPY9"
"KAK6000436.1","tr|A0ABR0T7L5|A0ABR0T7L5_AURPU",100,838,0,1614,"A0ABR0T7L5"
"KAK6008266.1","tr|A0ABR0TUV3|A0ABR0TUV3_AURPU",100,900,0,1613,"A0ABR0TUV3"
"THW32135.1","tr|A0ABR0TKW5|A0ABR0TKW5_AURPU",91,880,0,1612,"A0ABR0TKW5"
"KAK6006049.1","tr|A0ABR0TNN3|A0ABR0TNN3_AURPU",100,822,0,1612,"A0ABR0TNN3"
"KAK6006292.1","tr|A0ABR0TQA1|A0ABR0TQA1_AURPU",100,845,0,1612,"A0ABR0TQA1"
"KAK6007007.1","tr|A0ABR0TRF0|A0ABR0TRF0_AURPU",100,912,0,1612,"A0ABR0TRF0"
"KAK6008585.1","tr|A0ABR0TXE7|A0ABR0TXE7_AURPU",100,797,0,1612,"A0ABR0TXE7"
"KAK6001786.1","tr|A0ABR0TBG6|A0ABR0TBG6_AURPU",100,864,0,1611,"A0ABR0TBG6"
"KAK6002714.1","tr|A0ABR0TE92|A0ABR0TE92_AURPU",100,820,0,1610,"A0ABR0TE92"
"THY05867.1","tr|A0ABR0TWG0|A0ABR0TWG0_AURPU",90.6,950,0,1609,"A0ABR0TWG0"
"THY48192.1","tr|A0ABR0TV16|A0ABR0TV16_AURPU",95.5,924,0,1609,"A0ABR0TV16"
"KAK6002740.1","tr|A0ABR0TFJ9|A0ABR0TFJ9_AURPU",100,851,0,1608,"A0ABR0TFJ9"
"KAK6004894.1","tr|A0ABR0TKB0|A0ABR0TKB0_AURPU",100,796,0,1608,"A0ABR0TKB0"
"KAK6008159.1","tr|A0ABR0TUM3|A0ABR0TUM3_AURPU",100,802,0,1608,"A0ABR0TUM3"
"KAK5999281.1","tr|A0ABR0T4C0|A0ABR0T4C0_AURPU",100,832,0,1607,"A0ABR0T4C0"
"KAK6005322.1","tr|A0ABR0TLV0|A0ABR0TLV0_AURPU",100,817,0,1606,"A0ABR0TLV0"
"KAK6007681.1","tr|A0ABR0TT92|A0ABR0TT92_AURPU",100,830,0,1606,"A0ABR0TT92"
"THW86223.1","tr|A0ABR0TEE0|A0ABR0TEE0_AURPU",89,869,0,1605,"A0ABR0TEE0"
"TIA69039.1","tr|A0ABR0TI57|A0ABR0TI57_AURPU",88.4,934,0,1605,"A0ABR0TI57"
"KAK6000905.1","tr|A0ABR0TAA4|A0ABR0TAA4_AURPU",100,815,0,1605,"A0ABR0TAA4"
"CAD0030265.1","tr|A0ABR0TQB1|A0ABR0TQB1_AURPU",90.6,942,0,1605,"A0ABR0TQB1"
"KAK6007235.1","tr|A0ABR0TTR5|A0ABR0TTR5_AURPU",100,854,0,1604,"A0ABR0TTR5"
"TIA70595.1","tr|A0ABR0TDY5|A0ABR0TDY5_AURPU",93.2,953,0,1603,"A0ABR0TDY5"
"CAD0017078.1","tr|A0ABR0TTJ9|A0ABR0TTJ9_AURPU",90.8,991,0,1603,"A0ABR0TTJ9"
"KAK6005782.1","tr|A0ABR0TNR7|A0ABR0TNR7_AURPU",100,812,0,1602,"A0ABR0TNR7"
"KAK6002359.1","tr|A0ABR0TD46|A0ABR0TD46_AURPU",100,811,0,1600,"A0ABR0TD46"
"THY29750.1","tr|A0ABR0T733|A0ABR0T733_AURPU",97.7,829,0,1598,"A0ABR0T733"
"KAK6002498.1","tr|A0ABR0TDH5|A0ABR0TDH5_AURPU",100,861,0,1597,"A0ABR0TDH5"
"KAK5999474.1","tr|A0ABR0T553|A0ABR0T553_AURPU",100,790,0,1595,"A0ABR0T553"
"KAK6008023.1","tr|A0ABR0TU44|A0ABR0TU44_AURPU",100,819,0,1595,"A0ABR0TU44"
"KAK6000160.1","tr|A0ABR0T810|A0ABR0T810_AURPU",100,795,0,1593,"A0ABR0T810"
"KAK6001519.1","tr|A0ABR0TAP5|A0ABR0TAP5_AURPU",100,843,0,1593,"A0ABR0TAP5"
"KAK6003861.1","tr|A0ABR0TIY0|A0ABR0TIY0_AURPU",100,825,0,1593,"A0ABR0TIY0"
"KAK5999882.1","tr|A0ABR0T656|A0ABR0T656_AURPU",100,797,0,1592,"A0ABR0T656"
"KAK6002049.1","tr|A0ABR0TCR6|A0ABR0TCR6_AURPU",100,802,0,1592,"A0ABR0TCR6"
"KAK6005272.1","tr|A0ABR0TM80|A0ABR0TM80_AURPU",100,786,0,1592,"A0ABR0TM80"
"KAK6006077.1","tr|A0ABR0TNQ0|A0ABR0TNQ0_AURPU",100,851,0,1592,"A0ABR0TNQ0"
"THZ07725.1","tr|A0ABR0TNL0|A0ABR0TNL0_AURPU",94.5,859,0,1590,"A0ABR0TNL0"
"KAK6000803.1","tr|A0ABR0T8N9|A0ABR0T8N9_AURPU",100,835,0,1590,"A0ABR0T8N9"
"KAK6006483.1","tr|A0ABR0TPW4|A0ABR0TPW4_AURPU",100,817,0,1590,"A0ABR0TPW4"
"KEQ82342.1","tr|A0ABR0TJV5|A0ABR0TJV5_AURPU",96.4,830,0,1589,"A0ABR0TJV5"
"KAK6003999.1","tr|A0ABR0TIB6|A0ABR0TIB6_AURPU",100,842,0,1588,"A0ABR0TIB6"
"KAK6002033.1","tr|A0ABR0TC58|A0ABR0TC58_AURPU",100,807,0,1587,"A0ABR0TC58"
"KAK5999830.1","tr|A0ABR0T737|A0ABR0T737_AURPU",100,806,0,1586,"A0ABR0T737"
"KAK6006536.1","tr|A0ABR0TQZ7|A0ABR0TQZ7_AURPU",100,807,0,1585,"A0ABR0TQZ7"
"KAK6007956.1","tr|A0ABR0TVQ0|A0ABR0TVQ0_AURPU",100,861,0,1585,"A0ABR0TVQ0"
"KAK6002472.1","tr|A0ABR0TDT2|A0ABR0TDT2_AURPU",100,843,0,1584,"A0ABR0TDT2"
"KAK6003131.1","tr|A0ABR0TGH3|A0ABR0TGH3_AURPU",100,789,0,1584,"A0ABR0TGH3"
"KAK6007054.1","tr|A0ABR0TRJ2|A0ABR0TRJ2_AURPU",100,869,0,1584,"A0ABR0TRJ2"
"KAK6004644.1","tr|A0ABR0TK65|A0ABR0TK65_AURPU",100,760,0,1583,"A0ABR0TK65"
"KAK6004875.1","tr|A0ABR0TK92|A0ABR0TK92_AURPU",100,804,0,1582,"A0ABR0TK92"
"KAK6003979.1","tr|A0ABR0THR2|A0ABR0THR2_AURPU",100,790,0,1581,"A0ABR0THR2"
"KAK6006179.1","tr|A0ABR0TP13|A0ABR0TP13_AURPU",100,765,0,1580,"A0ABR0TP13"
"KAK6007219.1","tr|A0ABR0TS03|A0ABR0TS03_AURPU",100,800,0,1580,"A0ABR0TS03"
"KAK6007900.1","tr|A0ABR0TVI8|A0ABR0TVI8_AURPU",100,814,0,1580,"A0ABR0TVI8"
"THW27453.1","tr|A0ABR0TGJ0|A0ABR0TGJ0_AURPU",89.9,974,0,1578,"A0ABR0TGJ0"
"KAK6002028.1","tr|A0ABR0TC63|A0ABR0TC63_AURPU",100,807,0,1578,"A0ABR0TC63"
"KAK6007006.1","tr|A0ABR0TRD3|A0ABR0TRD3_AURPU",100,849,0,1578,"A0ABR0TRD3"
"KAK6000151.1","tr|A0ABR0T6S8|A0ABR0T6S8_AURPU",100,802,0,1577,"A0ABR0T6S8"
"THW11036.1","tr|A0ABR0TQU8|A0ABR0TQU8_AURPU",86.8,1069,0,1576,"A0ABR0TQU8"
"KAK6007277.1","tr|A0ABR0TS97|A0ABR0TS97_AURPU",100,795,0,1576,"A0ABR0TS97"
"CAC9893345.1","tr|A0ABR0TU67|A0ABR0TU67_AURPU",89.7,892,0,1576,"A0ABR0TU67"
"KAK6004519.1","tr|A0ABR0TJ86|A0ABR0TJ86_AURPU",100,954,0,1575,"A0ABR0TJ86"
"THX22480.1","tr|A0ABR0TK17|A0ABR0TK17_AURPU",94.2,906,0,1574,"A0ABR0TK17"
"KAK6005923.1","tr|A0ABR0TNA7|A0ABR0TNA7_AURPU",100,789,0,1574,"A0ABR0TNA7"
"OBW66560.1","tr|A0ABR0TUY8|A0ABR0TUY8_AURPU",90.1,923,0,1573,"A0ABR0TUY8"
"THZ11717.1","tr|A0ABR0T9J3|A0ABR0T9J3_AURPU",89.7,882,0,1573,"A0ABR0T9J3"
"KAK6002240.1","tr|A0ABR0TE60|A0ABR0TE60_AURPU",100,871,0,1573,"A0ABR0TE60"
"KAK6005176.1","tr|A0ABR0TL52|A0ABR0TL52_AURPU",100,822,0,1573,"A0ABR0TL52"
"KAK6005822.1","tr|A0ABR0TN29|A0ABR0TN29_AURPU",100,798,0,1573,"A0ABR0TN29"
"KAK6008284.1","tr|A0ABR0TUX1|A0ABR0TUX1_AURPU",100,803,0,1572,"A0ABR0TUX1"
"KAK6000156.1","tr|A0ABR0T8A0|A0ABR0T8A0_AURPU",100,832,0,1571,"A0ABR0T8A0"
"KAK6000488.1","tr|A0ABR0T7S7|A0ABR0T7S7_AURPU",100,776,0,1571,"A0ABR0T7S7"
"KAK6002061.1","tr|A0ABR0TDQ7|A0ABR0TDQ7_AURPU",100,792,0,1571,"A0ABR0TDQ7"
"KAK6007588.1","tr|A0ABR0TSZ4|A0ABR0TSZ4_AURPU",100,814,0,1570,"A0ABR0TSZ4"
"CAC9887347.1","tr|A0ABR0TR01|A0ABR0TR01_AURPU",88.4,935,0,1570,"A0ABR0TR01"
"KAK6003047.1","tr|A0ABR0TF37|A0ABR0TF37_AURPU",100,805,0,1569,"A0ABR0TF37"
"THX51363.1","tr|A0ABR0TKM3|A0ABR0TKM3_AURPU",91.3,920,0,1568,"A0ABR0TKM3"
"KAK6002158.1","tr|A0ABR0TCI1|A0ABR0TCI1_AURPU",100,804,0,1568,"A0ABR0TCI1"
"KAK6004309.1","tr|A0ABR0TIP4|A0ABR0TIP4_AURPU",100,790,0,1568,"A0ABR0TIP4"
"KAK6005817.1","tr|A0ABR0TNA9|A0ABR0TNA9_AURPU",100,815,0,1568,"A0ABR0TNA9"
"KAK6006293.1","tr|A0ABR0TPD3|A0ABR0TPD3_AURPU",100,799,0,1566,"A0ABR0TPD3"
"KAK6000753.1","tr|A0ABR0T8I8|A0ABR0T8I8_AURPU",100,867,0,1565,"A0ABR0T8I8"
"KAK6001002.1","tr|A0ABR0T9M0|A0ABR0T9M0_AURPU",100,796,0,1565,"A0ABR0T9M0"
"KAK6004766.1","tr|A0ABR0TKZ9|A0ABR0TKZ9_AURPU",100,808,0,1565,"A0ABR0TKZ9"
"KAK6005053.1","tr|A0ABR0TKT2|A0ABR0TKT2_AURPU",100,813,0,1565,"A0ABR0TKT2"
"KAK6005764.1","tr|A0ABR0TMU7|A0ABR0TMU7_AURPU",100,836,0,1563,"A0ABR0TMU7"
"KAK6001045.1","tr|A0ABR0TAK9|A0ABR0TAK9_AURPU",100,868,0,1562,"A0ABR0TAK9"
"KAK6007387.1","tr|A0ABR0TTH3|A0ABR0TTH3_AURPU",100,862,0,1562,"A0ABR0TTH3"
"KAK6008847.1","tr|A0ABR0TWZ3|A0ABR0TWZ3_AURPU",100,765,0,1562,"A0ABR0TWZ3"
"THZ92067.1","tr|A0ABR0TFS1|A0ABR0TFS1_AURPU",92.8,835,0,1561,"A0ABR0TFS1"
"THV95129.1","tr|A0ABR0TJU9|A0ABR0TJU9_AURPU",92,812,0,1560,"A0ABR0TJU9"
"KAK6001369.1","tr|A0ABR0TA99|A0ABR0TA99_AURPU",100,785,0,1560,"A0ABR0TA99"
"KAK6002833.1","tr|A0ABR0TEI4|A0ABR0TEI4_AURPU",100,800,0,1560,"A0ABR0TEI4"
"KAK6004058.1","tr|A0ABR0THZ4|A0ABR0THZ4_AURPU",100,805,0,1560,"A0ABR0THZ4"
"TIA35625.1","tr|A0ABR0TBC0|A0ABR0TBC0_AURPU",92.5,891,0,1558,"A0ABR0TBC0"
"KEQ81486.1","tr|A0ABR0TRK3|A0ABR0TRK3_AURPU",91.3,1034,0,1557,"A0ABR0TRK3"
"KEQ90085.1","tr|A0ABR0T9K4|A0ABR0T9K4_AURPU",95.2,917,0,1557,"A0ABR0T9K4"
"KAK6005503.1","tr|A0ABR0TM39|A0ABR0TM39_AURPU",100,788,0,1557,"A0ABR0TM39"
"KAK6006266.1","tr|A0ABR0TQ79|A0ABR0TQ79_AURPU",100,824,0,1556,"A0ABR0TQ79"
"KAK6006991.1","tr|A0ABR0TRC0|A0ABR0TRC0_AURPU",100,781,0,1556,"A0ABR0TRC0"
"KAK6003685.1","tr|A0ABR0TI99|A0ABR0TI99_AURPU",100,829,0,1554,"A0ABR0TI99"
"THV73135.1","tr|A0ABR0TL55|A0ABR0TL55_AURPU",91.8,804,0,1553,"A0ABR0TL55"
"KAK6000103.1","tr|A0ABR0T6P6|A0ABR0T6P6_AURPU",100,791,0,1553,"A0ABR0T6P6"
"KAK6002735.1","tr|A0ABR0TFP2|A0ABR0TFP2_AURPU",100,795,0,1553,"A0ABR0TFP2"
"THY16426.1","tr|A0ABR0T8E5|A0ABR0T8E5_AURPU",95.6,816,0,1552,"A0ABR0T8E5"
"KAK6000775.1","tr|A0ABR0T9S7|A0ABR0T9S7_AURPU",100,823,0,1552,"A0ABR0T9S7"
"THV74311.1","tr|A0ABR0TWZ4|A0ABR0TWZ4_AURPU",94.4,838,0,1551,"A0ABR0TWZ4"
"THX82703.1","tr|A0ABR0TB58|A0ABR0TB58_AURPU",96.1,813,0,1551,"A0ABR0TB58"
"KAK6000318.1","tr|A0ABR0T799|A0ABR0T799_AURPU",100,777,0,1551,"A0ABR0T799"
"KAK6000290.1","tr|A0ABR0T8H9|A0ABR0T8H9_AURPU",100,842,0,1550,"A0ABR0T8H9"
"KAK6005195.1","tr|A0ABR0TMS3|A0ABR0TMS3_AURPU",100,833,0,1550,"A0ABR0TMS3"
"KAK6006730.1","tr|A0ABR0TS15|A0ABR0TS15_AURPU",100,777,0,1550,"A0ABR0TS15"
"CAD0041931.1","tr|A0ABR0TX45|A0ABR0TX45_AURPU",93.1,908,0,1549,"A0ABR0TX45"
"KAK6001670.1","tr|A0ABR0TCL3|A0ABR0TCL3_AURPU",100,778,0,1548,"A0ABR0TCL3"
"KAK6005061.1","tr|A0ABR0TMD8|A0ABR0TMD8_AURPU",100,806,0,1548,"A0ABR0TMD8"
"KAK6005305.1","tr|A0ABR0TN01|A0ABR0TN01_AURPU",100,829,0,1548,"A0ABR0TN01"
"KAK6008161.1","tr|A0ABR0TUJ5|A0ABR0TUJ5_AURPU",100,760,0,1548,"A0ABR0TUJ5"
"KAK6008787.1","tr|A0ABR0TWU4|A0ABR0TWU4_AURPU",100,932,0,1548,"A0ABR0TWU4"
"TIA65424.1","tr|A0ABR0T965|A0ABR0T965_AURPU",98.2,784,0,1547,"A0ABR0T965"
"KAK6000137.1","tr|A0ABR0T6S6|A0ABR0T6S6_AURPU",100,778,0,1547,"A0ABR0T6S6"
"KAK6002338.1","tr|A0ABR0TD19|A0ABR0TD19_AURPU",100,778,0,1546,"A0ABR0TD19"
"THW22516.1","tr|A0ABR0TAJ4|A0ABR0TAJ4_AURPU",92.8,846,0,1545,"A0ABR0TAJ4"
"KAK6002301.1","tr|A0ABR0TED8|A0ABR0TED8_AURPU",100,850,0,1545,"A0ABR0TED8"
"THX81460.1","tr|A0ABR0TKX8|A0ABR0TKX8_AURPU",90.5,926,0,1544,"A0ABR0TKX8"
"THX01705.1","tr|A0ABR0TJA7|A0ABR0TJA7_AURPU",97.7,823,0,1544,"A0ABR0TJA7"
"KAK6001856.1","tr|A0ABR0TCW0|A0ABR0TCW0_AURPU",100,770,0,1544,"A0ABR0TCW0"
"THV68859.1","tr|A0ABR0TD48|A0ABR0TD48_AURPU",92.1,873,0,1543,"A0ABR0TD48"
"KAK6005026.1","tr|A0ABR0TKP4|A0ABR0TKP4_AURPU",100,798,0,1543,"A0ABR0TKP4"
"KAK6002616.1","tr|A0ABR0TF98|A0ABR0TF98_AURPU",100,841,0,1541,"A0ABR0TF98"
"KAK6001762.1","tr|A0ABR0TCA3|A0ABR0TCA3_AURPU",100,968,0,1540,"A0ABR0TCA3"
"KAK6005132.1","tr|A0ABR0TL27|A0ABR0TL27_AURPU",100,809,0,1540,"A0ABR0TL27"
"KAK6005347.1","tr|A0ABR0TMF0|A0ABR0TMF0_AURPU",100,831,0,1540,"A0ABR0TMF0"
"KAK6008150.1","tr|A0ABR0TWD2|A0ABR0TWD2_AURPU",100,930,0,1539,"A0ABR0TWD2"
"KAK6003354.1","tr|A0ABR0TGG9|A0ABR0TGG9_AURPU",100,881,0,1538,"A0ABR0TGG9"
"KAK6005371.1","tr|A0ABR0TLN9|A0ABR0TLN9_AURPU",100,807,0,1538,"A0ABR0TLN9"
"KAK6002426.1","tr|A0ABR0TEE7|A0ABR0TEE7_AURPU",100,878,0,1536,"A0ABR0TEE7"
"KAK6005232.1","tr|A0ABR0TLL1|A0ABR0TLL1_AURPU",100,887,0,1536,"A0ABR0TLL1"
"KAK6005482.1","tr|A0ABR0TMT8|A0ABR0TMT8_AURPU",100,825,0,1536,"A0ABR0TMT8"
"THZ02330.1","tr|A0ABR0TH72|A0ABR0TH72_AURPU",97.3,769,0,1535,"A0ABR0TH72"
"KAK6004224.1","tr|A0ABR0TJ08|A0ABR0TJ08_AURPU",100,740,0,1535,"A0ABR0TJ08"
"CAC9895528.1","tr|A0ABR0TEU5|A0ABR0TEU5_AURPU",90.8,880,0,1535,"A0ABR0TEU5"
"THV78061.1","tr|A0ABR0TV80|A0ABR0TV80_AURPU",89.1,894,0,1533,"A0ABR0TV80"
"KAK6005859.1","tr|A0ABR0TNQ1|A0ABR0TNQ1_AURPU",100,869,0,1533,"A0ABR0TNQ1"
"KAK6001655.1","tr|A0ABR0TCJ3|A0ABR0TCJ3_AURPU",100,754,0,1532,"A0ABR0TCJ3"
"TIA67333.1","tr|A0ABR0TM36|A0ABR0TM36_AURPU",97.8,773,0,1531,"A0ABR0TM36"
"KAK6000360.1","tr|A0ABR0T7E4|A0ABR0T7E4_AURPU",100,772,0,1531,"A0ABR0T7E4"
"KAK6003005.1","tr|A0ABR0TGF7|A0ABR0TGF7_AURPU",100,779,0,1531,"A0ABR0TGF7"
"KAK6006312.1","tr|A0ABR0TPP7|A0ABR0TPP7_AURPU",100,837,0,1531,"A0ABR0TPP7"
"KAK6007706.1","tr|A0ABR0TU71|A0ABR0TU71_AURPU",100,766,0,1531,"A0ABR0TU71"
"KAK5999429.1","tr|A0ABR0T509|A0ABR0T509_AURPU",100,879,0,1530,"A0ABR0T509"
"KAK6004820.1","tr|A0ABR0TLP9|A0ABR0TLP9_AURPU",100,748,0,1530,"A0ABR0TLP9"
"KAK6001067.1","tr|A0ABR0T9F1|A0ABR0T9F1_AURPU",100,757,0,1529,"A0ABR0T9F1"
"KAK6002962.1","tr|A0ABR0TFR7|A0ABR0TFR7_AURPU",100,763,0,1529,"A0ABR0TFR7"
"KAK6007241.1","tr|A0ABR0TSV5|A0ABR0TSV5_AURPU",100,774,0,1529,"A0ABR0TSV5"
"KAK6001772.1","tr|A0ABR0TBE9|A0ABR0TBE9_AURPU",100,789,0,1528,"A0ABR0TBE9"
"KAK6002531.1","tr|A0ABR0TER7|A0ABR0TER7_AURPU",100,774,0,1528,"A0ABR0TER7"
"KAK6005024.1","tr|A0ABR0TKT7|A0ABR0TKT7_AURPU",100,790,0,1527,"A0ABR0TKT7"
"KAK6008382.1","tr|A0ABR0TVN9|A0ABR0TVN9_AURPU",100,831,0,1527,"A0ABR0TVN9"
"KAK5999673.1","tr|A0ABR0T5E7|A0ABR0T5E7_AURPU",100,888,0,1526,"A0ABR0T5E7"
"KAK6003498.1","tr|A0ABR0TGC9|A0ABR0TGC9_AURPU",100,825,0,1526,"A0ABR0TGC9"
"KAK6004267.1","tr|A0ABR0TJG8|A0ABR0TJG8_AURPU",100,795,0,1526,"A0ABR0TJG8"
"KAK6006044.1","tr|A0ABR0TNN0|A0ABR0TNN0_AURPU",100,774,0,1526,"A0ABR0TNN0"
"KAK6008183.1","tr|A0ABR0TUU1|A0ABR0TUU1_AURPU",100,822,0,1526,"A0ABR0TUU1"
"KAK6003495.1","tr|A0ABR0TGF3|A0ABR0TGF3_AURPU",100,739,0,1524,"A0ABR0TGF3"
"KAK6004631.1","tr|A0ABR0TKL3|A0ABR0TKL3_AURPU",100,908,0,1524,"A0ABR0TKL3"
"THV75649.1","tr|A0ABR0TGW2|A0ABR0TGW2_AURPU",91,822,0,1522,"A0ABR0TGW2"
"KAK6008854.1","tr|A0ABR0TWJ0|A0ABR0TWJ0_AURPU",100,744,0,1521,"A0ABR0TWJ0"
"KAK6005253.1","tr|A0ABR0TLD7|A0ABR0TLD7_AURPU",100,752,0,1519,"A0ABR0TLD7"
"KAK6002790.1","tr|A0ABR0TEE2|A0ABR0TEE2_AURPU",100,813,0,1518,"A0ABR0TEE2"
"KAK6001061.1","tr|A0ABR0TAL2|A0ABR0TAL2_AURPU",100,819,0,1515,"A0ABR0TAL2"
"KAK6008345.1","tr|A0ABR0TWW6|A0ABR0TWW6_AURPU",100,745,0,1514,"A0ABR0TWW6"
"THW70443.1","tr|A0ABR0TLU6|A0ABR0TLU6_AURPU",92.1,801,0,1513,"A0ABR0TLU6"
"THZ98686.1","tr|A0ABR0TA31|A0ABR0TA31_AURPU",92.9,790,0,1513,"A0ABR0TA31"
"KAK6008477.1","tr|A0ABR0TVS5|A0ABR0TVS5_AURPU",100,775,0,1513,"A0ABR0TVS5"
"CAC9891554.1","tr|A0ABR0TRN2|A0ABR0TRN2_AURPU",91.5,881,0,1513,"A0ABR0TRN2"
"TIA54787.1","tr|A0ABR0TD82|A0ABR0TD82_AURPU",94.2,811,0,1512,"A0ABR0TD82"
"KAK5999341.1","tr|A0ABR0T4H8|A0ABR0T4H8_AURPU",100,778,0,1512,"A0ABR0T4H8"
"KAK6005461.1","tr|A0ABR0TLZ0|A0ABR0TLZ0_AURPU",100,748,0,1512,"A0ABR0TLZ0"
"KAK6001521.1","tr|A0ABR0TC68|A0ABR0TC68_AURPU",100,731,0,1511,"A0ABR0TC68"
"KAK6002084.1","tr|A0ABR0TCE7|A0ABR0TCE7_AURPU",100,760,0,1511,"A0ABR0TCE7"
"KAK6003672.1","tr|A0ABR0TH56|A0ABR0TH56_AURPU",100,778,0,1511,"A0ABR0TH56"
"THW84664.1","tr|A0ABR0TAA3|A0ABR0TAA3_AURPU",89.8,834,0,1510,"A0ABR0TAA3"
"THX47467.1","tr|A0ABR0T6H2|A0ABR0T6H2_AURPU",95.6,765,0,1510,"A0ABR0T6H2"
"KAK6008402.1","tr|A0ABR0TVI9|A0ABR0TVI9_AURPU",100,792,0,1510,"A0ABR0TVI9"
"THZ33171.1","tr|A0ABR0THZ5|A0ABR0THZ5_AURPU",93.5,836,0,1508,"A0ABR0THZ5"
"KAK6000815.1","tr|A0ABR0TA07|A0ABR0TA07_AURPU",100,764,0,1508,"A0ABR0TA07"
"KAK6005708.1","tr|A0ABR0TMQ7|A0ABR0TMQ7_AURPU",100,756,0,1508,"A0ABR0TMQ7"
"KAK6007205.1","tr|A0ABR0TTN7|A0ABR0TTN7_AURPU",100,740,0,1508,"A0ABR0TTN7"
"CAD0017156.1","tr|A0ABR0TVX1|A0ABR0TVX1_AURPU",91.5,840,0,1508,"A0ABR0TVX1"
"KAK6000838.1","tr|A0ABR0T8R9|A0ABR0T8R9_AURPU",100,791,0,1507,"A0ABR0T8R9"
"THW00437.1","tr|A0ABR0TI38|A0ABR0TI38_AURPU",93.1,845,0,1506,"A0ABR0TI38"
"KAK6000593.1","tr|A0ABR0T836|A0ABR0T836_AURPU",100,924,0,1506,"A0ABR0T836"
"KAK6007671.1","tr|A0ABR0TUX9|A0ABR0TUX9_AURPU",100,744,0,1506,"A0ABR0TUX9"
"KAK5999861.1","tr|A0ABR0T7A5|A0ABR0T7A5_AURPU",100,769,0,1504,"A0ABR0T7A5"
"KAK6006461.1","tr|A0ABR0TQT3|A0ABR0TQT3_AURPU",100,798,0,1504,"A0ABR0TQT3"
"TIA37388.1","tr|A0ABR0T636|A0ABR0T636_AURPU",90.3,808,0,1503,"A0ABR0T636"
"KAK6002357.1","tr|A0ABR0TD39|A0ABR0TD39_AURPU",100,767,0,1503,"A0ABR0TD39"
"KAK6004376.1","tr|A0ABR0TJW7|A0ABR0TJW7_AURPU",100,853,0,1503,"A0ABR0TJW7"
"KAK6003650.1","tr|A0ABR0TIA8|A0ABR0TIA8_AURPU",100,741,0,1502,"A0ABR0TIA8"
"KAK6007902.1","tr|A0ABR0TUB0|A0ABR0TUB0_AURPU",100,817,0,1502,"A0ABR0TUB0"
"KAK6003465.1","tr|A0ABR0TGC3|A0ABR0TGC3_AURPU",100,718,0,1501,"A0ABR0TGC3"
"KAK6007680.1","tr|A0ABR0TT95|A0ABR0TT95_AURPU",100,787,0,1501,"A0ABR0TT95"
"KAK6004572.1","tr|A0ABR0TJR0|A0ABR0TJR0_AURPU",100,803,0,1500,"A0ABR0TJR0"
"KAK6006060.1","tr|A0ABR0TNQ3|A0ABR0TNQ3_AURPU",100,779,0,1500,"A0ABR0TNQ3"
"KAK6003950.1","tr|A0ABR0TJ70|A0ABR0TJ70_AURPU",100,844,0,1499,"A0ABR0TJ70"
"KAK6002863.1","tr|A0ABR0TEL0|A0ABR0TEL0_AURPU",100,845,0,1498,"A0ABR0TEL0"
"THX40794.1","tr|A0ABR0TNG7|A0ABR0TNG7_AURPU",90,773,0,1497,"A0ABR0TNG7"
"THY39638.1","tr|A0ABR0T5J3|A0ABR0T5J3_AURPU",89.8,836,0,1497,"A0ABR0T5J3"
"KAK5999436.1","tr|A0ABR0T650|A0ABR0T650_AURPU",100,867,0,1497,"A0ABR0T650"
"KAK6000341.1","tr|A0ABR0T8N4|A0ABR0T8N4_AURPU",100,812,0,1497,"A0ABR0T8N4"
"KAK6008081.1","tr|A0ABR0TV82|A0ABR0TV82_AURPU",100,834,0,1497,"A0ABR0TV82"
"KEQ79536.1","tr|A0ABR0TJU0|A0ABR0TJU0_AURPU",93,818,0,1496,"A0ABR0TJU0"
"THY13268.1","tr|A0ABR0TLS8|A0ABR0TLS8_AURPU",96,802,0,1496,"A0ABR0TLS8"
"KAK5999465.1","tr|A0ABR0T5Y8|A0ABR0T5Y8_AURPU",100,879,0,1496,"A0ABR0T5Y8"
"THW44612.1","tr|A0ABR0TP26|A0ABR0TP26_AURPU",96.2,781,0,1495,"A0ABR0TP26"
"KAK6000722.1","tr|A0ABR0T8F4|A0ABR0T8F4_AURPU",100,775,0,1494,"A0ABR0T8F4"
"KAK6004122.1","tr|A0ABR0TIE6|A0ABR0TIE6_AURPU",100,730,0,1494,"A0ABR0TIE6"
"KAK6001132.1","tr|A0ABR0TAI1|A0ABR0TAI1_AURPU",100,768,0,1493,"A0ABR0TAI1"
"KAK6003273.1","tr|A0ABR0TFR3|A0ABR0TFR3_AURPU",100,814,0,1492,"A0ABR0TFR3"
"KAK6008779.1","tr|A0ABR0TWC6|A0ABR0TWC6_AURPU",100,716,0,1491,"A0ABR0TWC6"
"THX86395.1","tr|A0ABR0TM92|A0ABR0TM92_AURPU",95.6,779,0,1490,"A0ABR0TM92"
"KAK6005443.1","tr|A0ABR0TLX4|A0ABR0TLX4_AURPU",100,776,0,1489,"A0ABR0TLX4"
"KAK6006501.1","tr|A0ABR0TRJ5|A0ABR0TRJ5_AURPU",100,724,0,1489,"A0ABR0TRJ5"
"THV65083.1","tr|A0ABR0TLQ5|A0ABR0TLQ5_AURPU",96,781,0,1488,"A0ABR0TLQ5"
"KAK6003496.1","tr|A0ABR0TGC0|A0ABR0TGC0_AURPU",100,727,0,1488,"A0ABR0TGC0"
"THV78542.1","tr|A0ABR0TTI5|A0ABR0TTI5_AURPU",94.6,791,0,1487,"A0ABR0TTI5"
"KAK6002439.1","tr|A0ABR0TDW8|A0ABR0TDW8_AURPU",100,882,0,1486,"A0ABR0TDW8"
"KAK6003517.1","tr|A0ABR0THB4|A0ABR0THB4_AURPU",100,730,0,1486,"A0ABR0THB4"
"CAC9894074.1","tr|A0ABR0TKF4|A0ABR0TKF4_AURPU",89.1,883,0,1486,"A0ABR0TKF4"
"KAK6007796.1","tr|A0ABR0TUF1|A0ABR0TUF1_AURPU",100,760,0,1485,"A0ABR0TUF1"
"KAK6008517.1","tr|A0ABR0TW33|A0ABR0TW33_AURPU",100,820,0,1485,"A0ABR0TW33"
"CAD0010525.1","tr|A0ABR0TS05|A0ABR0TS05_AURPU",90.6,900,0,1485,"A0ABR0TS05"
"CAD0056374.1","tr|A0ABR0TVP3|A0ABR0TVP3_AURPU",97.9,767,0,1485,"A0ABR0TVP3"
"KAK6004280.1","tr|A0ABR0TK68|A0ABR0TK68_AURPU",100,715,0,1482,"A0ABR0TK68"
"KAK6000721.1","tr|A0ABR0T8F3|A0ABR0T8F3_AURPU",100,732,0,1481,"A0ABR0T8F3"
"KAK6001638.1","tr|A0ABR0TB15|A0ABR0TB15_AURPU",100,781,0,1481,"A0ABR0TB15"
"KAK6001672.1","tr|A0ABR0TC11|A0ABR0TC11_AURPU",100,762,0,1481,"A0ABR0TC11"
"KAK6002082.1","tr|A0ABR0TCR7|A0ABR0TCR7_AURPU",100,774,0,1481,"A0ABR0TCR7"
"KAK6003751.1","tr|A0ABR0TH31|A0ABR0TH31_AURPU",100,745,0,1481,"A0ABR0TH31"
"KAK6004187.1","tr|A0ABR0TIE5|A0ABR0TIE5_AURPU",100,783,0,1481,"A0ABR0TIE5"
"KAK6004902.1","tr|A0ABR0TKN0|A0ABR0TKN0_AURPU",100,753,0,1481,"A0ABR0TKN0"
"KAK6008155.1","tr|A0ABR0TW88|A0ABR0TW88_AURPU",100,870,0,1481,"A0ABR0TW88"
"KAK6006250.1","tr|A0ABR0TQM5|A0ABR0TQM5_AURPU",100,856,0,1480,"A0ABR0TQM5"
"KAK6007567.1","tr|A0ABR0TU03|A0ABR0TU03_AURPU",100,821,0,1479,"A0ABR0TU03"
"KAK6004656.1","tr|A0ABR0TL96|A0ABR0TL96_AURPU",100,797,0,1478,"A0ABR0TL96"
"THV96433.1","tr|A0ABR0T862|A0ABR0T862_AURPU",89.7,806,0,1477,"A0ABR0T862"
"TIA82228.1","tr|A0ABR0TTC1|A0ABR0TTC1_AURPU",90.5,833,0,1477,"A0ABR0TTC1"
"KAK6003065.1","tr|A0ABR0TGL9|A0ABR0TGL9_AURPU",100,819,0,1477,"A0ABR0TGL9"
"KAK6008736.1","tr|A0ABR0TXK7|A0ABR0TXK7_AURPU",100,753,0,1477,"A0ABR0TXK7"
"KAK5999293.1","tr|A0ABR0T479|A0ABR0T479_AURPU",100,739,0,1476,"A0ABR0T479"
"KAK6001839.1","tr|A0ABR0TC56|A0ABR0TC56_AURPU",100,782,0,1476,"A0ABR0TC56"
"KAK6006804.1","tr|A0ABR0TRB7|A0ABR0TRB7_AURPU",100,801,0,1476,"A0ABR0TRB7"
"KAK6005284.1","tr|A0ABR0TLF9|A0ABR0TLF9_AURPU",100,765,0,1474,"A0ABR0TLF9"
"THW85075.1","tr|A0ABR0TJG3|A0ABR0TJG3_AURPU",92,845,0,1473,"A0ABR0TJG3"
"THX47990.1","tr|A0ABR0T6M3|A0ABR0T6M3_AURPU",97,810,0,1473,"A0ABR0T6M3"
"THZ92205.1","tr|A0ABR0TRG6|A0ABR0TRG6_AURPU",92.1,796,0,1472,"A0ABR0TRG6"
"KAK6000265.1","tr|A0ABR0T8B4|A0ABR0T8B4_AURPU",100,756,0,1472,"A0ABR0T8B4"
"KAK6004857.1","tr|A0ABR0TKI7|A0ABR0TKI7_AURPU",100,796,0,1472,"A0ABR0TKI7"
"KEQ83881.1","tr|A0ABR0TCW4|A0ABR0TCW4_AURPU",94.8,772,0,1471,"A0ABR0TCW4"
"THY25756.1","tr|A0ABR0TJM1|A0ABR0TJM1_AURPU",93.4,757,0,1469,"A0ABR0TJM1"
"CAD0057055.1","tr|A0ABR0TAK5|A0ABR0TAK5_AURPU",90.6,954,0,1467,"A0ABR0TAK5"
"KEQ83784.1","tr|A0ABR0TNI8|A0ABR0TNI8_AURPU",93.7,778,0,1466,"A0ABR0TNI8"
"THY59336.1","tr|A0ABR0TW35|A0ABR0TW35_AURPU",92.6,821,0,1466,"A0ABR0TW35"
"TIA60361.1","tr|A0ABR0T8P1|A0ABR0T8P1_AURPU",92.3,810,0,1466,"A0ABR0T8P1"
"TIA35762.1","tr|A0ABR0TGW4|A0ABR0TGW4_AURPU",93.6,903,0,1464,"A0ABR0TGW4"
"KAK6005726.1","tr|A0ABR0TNT3|A0ABR0TNT3_AURPU",100,800,0,1464,"A0ABR0TNT3"
"CAD0016231.1","tr|A0ABR0TM19|A0ABR0TM19_AURPU",90.9,810,0,1464,"A0ABR0TM19"
"KAK6004217.1","tr|A0ABR0TIJ3|A0ABR0TIJ3_AURPU",100,762,0,1463,"A0ABR0TIJ3"
"KAK6006674.1","tr|A0ABR0TQE4|A0ABR0TQE4_AURPU",100,729,0,1463,"A0ABR0TQE4"
"KAK6001541.1","tr|A0ABR0TBZ8|A0ABR0TBZ8_AURPU",100,756,0,1461,"A0ABR0TBZ8"
"KAK6004287.1","tr|A0ABR0TIX8|A0ABR0TIX8_AURPU",100,734,0,1461,"A0ABR0TIX8"
"THV71625.1","tr|A0ABR0TN85|A0ABR0TN85_AURPU",94.1,784,0,1460,"A0ABR0TN85"
"KAK6001963.1","tr|A0ABR0TBZ2|A0ABR0TBZ2_AURPU",100,782,0,1459,"A0ABR0TBZ2"
"KAK6000356.1","tr|A0ABR0T8Q0|A0ABR0T8Q0_AURPU",100,764,0,1458,"A0ABR0T8Q0"
"KAK6001988.1","tr|A0ABR0TC20|A0ABR0TC20_AURPU",100,770,0,1458,"A0ABR0TC20"
"KAK6001419.1","tr|A0ABR0TB08|A0ABR0TB08_AURPU",100,734,0,1455,"A0ABR0TB08"
"KAK6003870.1","tr|A0ABR0THF4|A0ABR0THF4_AURPU",100,724,0,1455,"A0ABR0THF4"
"THV76350.1","tr|A0ABR0TBB8|A0ABR0TBB8_AURPU",92.5,787,0,1454,"A0ABR0TBB8"
"THY50750.1","tr|A0ABR0TEJ3|A0ABR0TEJ3_AURPU",90.2,882,0,1454,"A0ABR0TEJ3"
"KAK6001823.1","tr|A0ABR0TBK5|A0ABR0TBK5_AURPU",100,739,0,1454,"A0ABR0TBK5"
"KAK6003237.1","tr|A0ABR0TFV6|A0ABR0TFV6_AURPU",100,803,0,1454,"A0ABR0TFV6"
"KAK6007513.1","tr|A0ABR0TSS2|A0ABR0TSS2_AURPU",100,727,0,1454,"A0ABR0TSS2"
"OBW64313.1","tr|A0ABR0TQS8|A0ABR0TQS8_AURPU",92.9,822,0,1452,"A0ABR0TQS8"
"KAK6008489.1","tr|A0ABR0TVJ4|A0ABR0TVJ4_AURPU",100,790,0,1452,"A0ABR0TVJ4"
"KAK6000617.1","tr|A0ABR0T852|A0ABR0T852_AURPU",100,742,0,1451,"A0ABR0T852"
"KAK6003942.1","tr|A0ABR0THX4|A0ABR0THX4_AURPU",100,763,0,1450,"A0ABR0THX4"
"CAD0041018.1","tr|A0ABR0TSE9|A0ABR0TSE9_AURPU",96.4,785,0,1450,"A0ABR0TSE9"
"KAK6006290.1","tr|A0ABR0TQZ6|A0ABR0TQZ6_AURPU",100,728,0,1449,"A0ABR0TQZ6"
"THZ04919.1","tr|A0ABR0TIL8|A0ABR0TIL8_AURPU",96.9,743,0,1448,"A0ABR0TIL8"
"KAK6006328.1","tr|A0ABR0TPG0|A0ABR0TPG0_AURPU",100,767,0,1447,"A0ABR0TPG0"
"THY86026.1","tr|A0ABR0TKU3|A0ABR0TKU3_AURPU",90.4,764,0,1446,"A0ABR0TKU3"
"KAK6000364.1","tr|A0ABR0T7D0|A0ABR0T7D0_AURPU",100,929,0,1446,"A0ABR0T7D0"
"KAK6000716.1","tr|A0ABR0T9P2|A0ABR0T9P2_AURPU",100,718,0,1446,"A0ABR0T9P2"
"KAK6004419.1","tr|A0ABR0TJJ5|A0ABR0TJJ5_AURPU",100,733,0,1446,"A0ABR0TJJ5"
"CAD0010088.1","tr|A0ABR0TCH9|A0ABR0TCH9_AURPU",95.1,775,0,1446,"A0ABR0TCH9"
"KAK6000605.1","tr|A0ABR0T9F6|A0ABR0T9F6_AURPU",100,765,0,1444,"A0ABR0T9F6"
"KAK6001955.1","tr|A0ABR0TDF2|A0ABR0TDF2_AURPU",100,779,0,1443,"A0ABR0TDF2"
"THV79401.1","tr|A0ABR0TIL7|A0ABR0TIL7_AURPU",90.8,804,0,1442,"A0ABR0TIL7"
"THY37271.1","tr|A0ABR0TCG7|A0ABR0TCG7_AURPU",92.8,713,0,1442,"A0ABR0TCG7"
"KAK6005017.1","tr|A0ABR0TLI5|A0ABR0TLI5_AURPU",100,794,0,1442,"A0ABR0TLI5"
"KAK6007169.1","tr|A0ABR0TRT9|A0ABR0TRT9_AURPU",100,842,0,1442,"A0ABR0TRT9"
"KAK6008492.1","tr|A0ABR0TVU0|A0ABR0TVU0_AURPU",100,819,0,1442,"A0ABR0TVU0"
"KAK5999574.1","tr|A0ABR0T5S7|A0ABR0T5S7_AURPU",100,869,0,1441,"A0ABR0T5S7"
"KAK6007292.1","tr|A0ABR0TSA8|A0ABR0TSA8_AURPU",100,748,0,1441,"A0ABR0TSA8"
"KAK6002711.1","tr|A0ABR0TFB3|A0ABR0TFB3_AURPU",100,767,0,1440,"A0ABR0TFB3"
"KAK6001811.1","tr|A0ABR0TCS4|A0ABR0TCS4_AURPU",100,836,0,1439,"A0ABR0TCS4"
"KAK6003022.1","tr|A0ABR0TFX2|A0ABR0TFX2_AURPU",100,1062,0,1439,"A0ABR0TFX2"
"KAK6007553.1","tr|A0ABR0TSY9|A0ABR0TSY9_AURPU",100,989,0,1439,"A0ABR0TSY9"
"KAK6007591.1","tr|A0ABR0TT03|A0ABR0TT03_AURPU",100,735,0,1439,"A0ABR0TT03"
"CAR1038718.1","tr|A0ABR0TPM3|A0ABR0TPM3_AURPU",88.9,880,0,1439,"A0ABR0TPM3"
"KAK6006820.1","tr|A0ABR0TSB0|A0ABR0TSB0_AURPU",100,754,0,1438,"A0ABR0TSB0"
"KAK6008011.1","tr|A0ABR0TU43|A0ABR0TU43_AURPU",100,716,0,1438,"A0ABR0TU43"
"KEQ83612.1","tr|A0ABR0TD69|A0ABR0TD69_AURPU",95,765,0,1437,"A0ABR0TD69"
"THV75145.1","tr|A0ABR0TVE2|A0ABR0TVE2_AURPU",96.2,760,0,1437,"A0ABR0TVE2"
"KAK6001175.1","tr|A0ABR0TB38|A0ABR0TB38_AURPU",100,742,0,1437,"A0ABR0TB38"
"KAK6001181.1","tr|A0ABR0TAX6|A0ABR0TAX6_AURPU",100,712,0,1437,"A0ABR0TAX6"
"KAK6004015.1","tr|A0ABR0TJ83|A0ABR0TJ83_AURPU",100,815,0,1437,"A0ABR0TJ83"
"KAK6004987.1","tr|A0ABR0TLF5|A0ABR0TLF5_AURPU",100,715,0,1436,"A0ABR0TLF5"
"KAK6008581.1","tr|A0ABR0TVR4|A0ABR0TVR4_AURPU",100,783,0,1435,"A0ABR0TVR4"
"KAK6002281.1","tr|A0ABR0TCW3|A0ABR0TCW3_AURPU",100,808,0,1434,"A0ABR0TCW3"
"THV66141.1","tr|A0ABR0TLC5|A0ABR0TLC5_AURPU",95.3,767,0,1432,"A0ABR0TLC5"
"THW54215.1","tr|A0ABR0TMA8|A0ABR0TMA8_AURPU",87.1,954,0,1432,"A0ABR0TMA8"
"THX78846.1","tr|A0ABR0TDY4|A0ABR0TDY4_AURPU",91,1111,0,1432,"A0ABR0TDY4"
"KAK6002400.1","tr|A0ABR0TD92|A0ABR0TD92_AURPU",100,694,0,1432,"A0ABR0TD92"
"KAK6003965.1","tr|A0ABR0TJ81|A0ABR0TJ81_AURPU",100,720,0,1432,"A0ABR0TJ81"
"KAK6005140.1","tr|A0ABR0TMJ3|A0ABR0TMJ3_AURPU",100,747,0,1432,"A0ABR0TMJ3"
"KAK6007500.1","tr|A0ABR0TSR5|A0ABR0TSR5_AURPU",100,718,0,1432,"A0ABR0TSR5"
"KAK6008124.1","tr|A0ABR0TV74|A0ABR0TV74_AURPU",100,701,0,1432,"A0ABR0TV74"
"KAK6008707.1","tr|A0ABR0TX72|A0ABR0TX72_AURPU",100,799,0,1432,"A0ABR0TX72"
"KAK6003613.1","tr|A0ABR0TGQ1|A0ABR0TGQ1_AURPU",100,790,0,1431,"A0ABR0TGQ1"
"KAK6007076.1","tr|A0ABR0TSD7|A0ABR0TSD7_AURPU",100,746,0,1431,"A0ABR0TSD7"
"THX30257.1","tr|A0ABR0T5J0|A0ABR0T5J0_AURPU",93,725,0,1428,"A0ABR0T5J0"
"KAK6002554.1","tr|A0ABR0TDP6|A0ABR0TDP6_AURPU",100,728,0,1428,"A0ABR0TDP6"
"KAK6006810.1","tr|A0ABR0TQT2|A0ABR0TQT2_AURPU",100,745,0,1428,"A0ABR0TQT2"
"KAK6005085.1","tr|A0ABR0TKW1|A0ABR0TKW1_AURPU",100,727,0,1427,"A0ABR0TKW1"
"OBW65775.1","tr|A0ABR0TQD7|A0ABR0TQD7_AURPU",91.9,829,0,1426,"A0ABR0TQD7"
"THW16090.1","tr|A0ABR0T7R0|A0ABR0T7R0_AURPU",89.2,841,0,1426,"A0ABR0T7R0"
"KAK6004835.1","tr|A0ABR0TLR4|A0ABR0TLR4_AURPU",100,712,0,1426,"A0ABR0TLR4"
"KAK6003432.1","tr|A0ABR0TGF4|A0ABR0TGF4_AURPU",100,814,0,1425,"A0ABR0TGF4"
"KAK6008607.1","tr|A0ABR0TWC2|A0ABR0TWC2_AURPU",100,770,0,1425,"A0ABR0TWC2"
"KAK6008563.1","tr|A0ABR0TVN7|A0ABR0TVN7_AURPU",100,708,0,1424,"A0ABR0TVN7"
"KAK5999867.1","tr|A0ABR0T645|A0ABR0T645_AURPU",100,715,0,1423,"A0ABR0T645"
"KAK6001452.1","tr|A0ABR0TB00|A0ABR0TB00_AURPU",100,838,0,1423,"A0ABR0TB00"
"KAK6001481.1","tr|A0ABR0TBT9|A0ABR0TBT9_AURPU",100,894,0,1423,"A0ABR0TBT9"
"KAK5999728.1","tr|A0ABR0T5K6|A0ABR0T5K6_AURPU",100,778,0,1421,"A0ABR0T5K6"
"THW11244.1","tr|A0ABR0TGZ8|A0ABR0TGZ8_AURPU",88.5,916,0,1420,"A0ABR0TGZ8"
"KAK6008238.1","tr|A0ABR0TUV6|A0ABR0TUV6_AURPU",100,710,0,1420,"A0ABR0TUV6"
"KAK6001608.1","tr|A0ABR0TAY6|A0ABR0TAY6_AURPU",100,679,0,1419,"A0ABR0TAY6"
"KAK6002629.1","tr|A0ABR0TDX4|A0ABR0TDX4_AURPU",100,729,0,1419,"A0ABR0TDX4"
"KAK6004311.1","tr|A0ABR0TKA9|A0ABR0TKA9_AURPU",100,722,0,1419,"A0ABR0TKA9"
"KAK6004922.1","tr|A0ABR0TKH8|A0ABR0TKH8_AURPU",100,714,0,1419,"A0ABR0TKH8"
"KAK6000982.1","tr|A0ABR0TA36|A0ABR0TA36_AURPU",100,752,0,1418,"A0ABR0TA36"
"THZ86876.1","tr|A0ABR0TBG3|A0ABR0TBG3_AURPU",97.1,800,0,1417,"A0ABR0TBG3"
"KAK5999972.1","tr|A0ABR0T6D6|A0ABR0T6D6_AURPU",100,711,0,1417,"A0ABR0T6D6"
"KAK6000700.1","tr|A0ABR0T9K0|A0ABR0T9K0_AURPU",100,833,0,1417,"A0ABR0T9K0"
"KAK6002577.1","tr|A0ABR0TE22|A0ABR0TE22_AURPU",100,703,0,1417,"A0ABR0TE22"
"KAK5999714.1","tr|A0ABR0T5V5|A0ABR0T5V5_AURPU",100,711,0,1416,"A0ABR0T5V5"
"KAK6006275.1","tr|A0ABR0TQY1|A0ABR0TQY1_AURPU",100,714,0,1415,"A0ABR0TQY1"
"THW60949.1","tr|A0ABR0TNJ9|A0ABR0TNJ9_AURPU",88.4,987,0,1413,"A0ABR0TNJ9"
"KAK6001265.1","tr|A0ABR0TBE5|A0ABR0TBE5_AURPU",100,743,0,1413,"A0ABR0TBE5"
"KAK5999816.1","tr|A0ABR0T759|A0ABR0T759_AURPU",100,742,0,1412,"A0ABR0T759"
"KAK6005038.1","tr|A0ABR0TKR5|A0ABR0TKR5_AURPU",100,707,0,1412,"A0ABR0TKR5"
"KAK6004248.1","tr|A0ABR0TII8|A0ABR0TII8_AURPU",100,689,0,1411,"A0ABR0TII8"
"KAK6005046.1","tr|A0ABR0TMC2|A0ABR0TMC2_AURPU",100,752,0,1411,"A0ABR0TMC2"
"THV77196.1","tr|A0ABR0TLV3|A0ABR0TLV3_AURPU",91.6,730,0,1410,"A0ABR0TLV3"
"THZ76557.1","tr|A0ABR0TJW0|A0ABR0TJW0_AURPU",90.4,800,0,1410,"A0ABR0TJW0"
"KAK6002618.1","tr|A0ABR0TDW2|A0ABR0TDW2_AURPU",100,699,0,1410,"A0ABR0TDW2"
"KAK6001633.1","tr|A0ABR0TB13|A0ABR0TB13_AURPU",100,702,0,1409,"A0ABR0TB13"
"KAK6004350.1","tr|A0ABR0TIT0|A0ABR0TIT0_AURPU",100,907,0,1409,"A0ABR0TIT0"
"KAK6003953.1","tr|A0ABR0THP0|A0ABR0THP0_AURPU",100,777,0,1408,"A0ABR0THP0"
"KAK6005799.1","tr|A0ABR0TNJ8|A0ABR0TNJ8_AURPU",100,706,0,1408,"A0ABR0TNJ8"
"KAK6008395.1","tr|A0ABR0TWU8|A0ABR0TWU8_AURPU",100,728,0,1408,"A0ABR0TWU8"
"KAK5999638.1","tr|A0ABR0T595|A0ABR0T595_AURPU",100,828,0,1407,"A0ABR0T595"
"KAK6002171.1","tr|A0ABR0TDP3|A0ABR0TDP3_AURPU",100,715,0,1407,"A0ABR0TDP3"
"KAK6003909.1","tr|A0ABR0TI23|A0ABR0TI23_AURPU",100,704,0,1407,"A0ABR0TI23"
"KAK6004474.1","tr|A0ABR0TJ41|A0ABR0TJ41_AURPU",100,870,0,1407,"A0ABR0TJ41"
"KAK6005734.1","tr|A0ABR0TMS4|A0ABR0TMS4_AURPU",100,708,0,1407,"A0ABR0TMS4"
"KAK6005020.1","tr|A0ABR0TM88|A0ABR0TM88_AURPU",100,710,0,1406,"A0ABR0TM88"
"KEQ82235.1","tr|A0ABR0TI75|A0ABR0TI75_AURPU",91.2,781,0,1405,"A0ABR0TI75"
"KAK6000782.1","tr|A0ABR0T8L2|A0ABR0T8L2_AURPU",100,773,0,1405,"A0ABR0T8L2"
"KAK6001066.1","tr|A0ABR0T9E5|A0ABR0T9E5_AURPU",100,750,0,1405,"A0ABR0T9E5"
"KAK6008294.1","tr|A0ABR0TV05|A0ABR0TV05_AURPU",100,946,0,1405,"A0ABR0TV05"
"THX40233.1","tr|A0ABR0TL51|A0ABR0TL51_AURPU",93,859,0,1404,"A0ABR0TL51"
"KAK6007331.1","tr|A0ABR0TT39|A0ABR0TT39_AURPU",100,745,0,1404,"A0ABR0TT39"
"THX76245.1","tr|A0ABR0TSQ5|A0ABR0TSQ5_AURPU",92.1,837,0,1402,"A0ABR0TSQ5"
"THX10531.1","tr|A0ABR0TVK3|A0ABR0TVK3_AURPU",94.3,749,0,1402,"A0ABR0TVK3"
"THZ51743.1","tr|A0ABR0TJU3|A0ABR0TJU3_AURPU",90.8,786,0,1402,"A0ABR0TJU3"
"KAK6006618.1","tr|A0ABR0TQ93|A0ABR0TQ93_AURPU",100,730,0,1402,"A0ABR0TQ93"
"KAK6007454.1","tr|A0ABR0TSL9|A0ABR0TSL9_AURPU",100,763,0,1402,"A0ABR0TSL9"
"THW67695.1","tr|A0ABR0TDI5|A0ABR0TDI5_AURPU",92.4,812,0,1401,"A0ABR0TDI5"
"THY36403.1","tr|A0ABR0TNW8|A0ABR0TNW8_AURPU",96.9,716,0,1401,"A0ABR0TNW8"
"KAK6000139.1","tr|A0ABR0T6R4|A0ABR0T6R4_AURPU",100,714,0,1401,"A0ABR0T6R4"
"KAK6003839.1","tr|A0ABR0THD7|A0ABR0THD7_AURPU",100,727,0,1401,"A0ABR0THD7"
"KAK6007857.1","tr|A0ABR0TU65|A0ABR0TU65_AURPU",100,693,0,1401,"A0ABR0TU65"
"KAK5999845.1","tr|A0ABR0T758|A0ABR0T758_AURPU",100,714,0,1400,"A0ABR0T758"
"KAK6005458.1","tr|A0ABR0TLY7|A0ABR0TLY7_AURPU",100,720,0,1400,"A0ABR0TLY7"
"KAK6005644.1","tr|A0ABR0TMH2|A0ABR0TMH2_AURPU",100,700,0,1400,"A0ABR0TMH2"
"KAK6008542.1","tr|A0ABR0TWT0|A0ABR0TWT0_AURPU",100,701,0,1400,"A0ABR0TWT0"
"KAK5999969.1","tr|A0ABR0T6I9|A0ABR0T6I9_AURPU",100,698,0,1399,"A0ABR0T6I9"
"THW94654.1","tr|A0ABR0THV3|A0ABR0THV3_AURPU",94.4,771,0,1398,"A0ABR0THV3"
"KAK6003370.1","tr|A0ABR0THD1|A0ABR0THD1_AURPU",100,891,0,1398,"A0ABR0THD1"
"THV70291.1","tr|A0ABR0TF57|A0ABR0TF57_AURPU",92.4,738,0,1397,"A0ABR0TF57"
"THV70780.1","tr|A0ABR0T6T6|A0ABR0T6T6_AURPU",92.5,822,0,1397,"A0ABR0T6T6"
"KAK6003622.1","tr|A0ABR0THL9|A0ABR0THL9_AURPU",100,794,0,1397,"A0ABR0THL9"
"KAK6007456.1","tr|A0ABR0TSM7|A0ABR0TSM7_AURPU",100,707,0,1397,"A0ABR0TSM7"
"KAK6006213.1","tr|A0ABR0TP33|A0ABR0TP33_AURPU",100,856,0,1396,"A0ABR0TP33"
"THW67750.1","tr|A0ABR0T6I2|A0ABR0T6I2_AURPU",89.4,830,0,1395,"A0ABR0T6I2"
"KAK6000042.1","tr|A0ABR0T6U8|A0ABR0T6U8_AURPU",100,705,0,1395,"A0ABR0T6U8"
"KAK6000366.1","tr|A0ABR0T8U8|A0ABR0T8U8_AURPU",100,716,0,1395,"A0ABR0T8U8"
"KAK6003656.1","tr|A0ABR0THX0|A0ABR0THX0_AURPU",100,710,0,1395,"A0ABR0THX0"
"THV77192.1","tr|A0ABR0TLV7|A0ABR0TLV7_AURPU",93.3,759,0,1394,"A0ABR0TLV7"
"KAK6003055.1","tr|A0ABR0TGG1|A0ABR0TGG1_AURPU",100,702,0,1394,"A0ABR0TGG1"
"KAK6003345.1","tr|A0ABR0TG05|A0ABR0TG05_AURPU",100,758,0,1394,"A0ABR0TG05"
"CAD0047949.1","tr|A0ABR0TPT0|A0ABR0TPT0_AURPU",94.1,782,0,1394,"A0ABR0TPT0"
"THV64828.1","tr|A0ABR0T7W0|A0ABR0T7W0_AURPU",95.5,719,0,1393,"A0ABR0T7W0"
"KAK6007724.1","tr|A0ABR0TTF5|A0ABR0TTF5_AURPU",100,723,0,1393,"A0ABR0TTF5"
"CAD0039197.1","tr|A0ABR0T7Z0|A0ABR0T7Z0_AURPU",93.9,723,0,1393,"A0ABR0T7Z0"
"THV68650.1","tr|A0ABR0TC04|A0ABR0TC04_AURPU",94,701,0,1392,"A0ABR0TC04"
"KAK6001857.1","tr|A0ABR0TC33|A0ABR0TC33_AURPU",100,704,0,1392,"A0ABR0TC33"
"KAK6005897.1","tr|A0ABR0TNB3|A0ABR0TNB3_AURPU",100,705,0,1392,"A0ABR0TNB3"
"KEQ80292.1","tr|A0ABR0TE23|A0ABR0TE23_AURPU",94.7,696,0,1391,"A0ABR0TE23"
"THW37095.1","tr|A0ABR0TD99|A0ABR0TD99_AURPU",90.5,797,0,1391,"A0ABR0TD99"
"KAK6007898.1","tr|A0ABR0TU02|A0ABR0TU02_AURPU",100,755,0,1391,"A0ABR0TU02"
"THV84813.1","tr|A0ABR0T663|A0ABR0T663_AURPU",91.6,807,0,1390,"A0ABR0T663"
"THX91699.1","tr|A0ABR0TA20|A0ABR0TA20_AURPU",91.8,804,0,1390,"A0ABR0TA20"
"KAK6000145.1","tr|A0ABR0T7Z7|A0ABR0T7Z7_AURPU",100,761,0,1390,"A0ABR0T7Z7"
"KAK6005529.1","tr|A0ABR0TMQ3|A0ABR0TMQ3_AURPU",100,684,0,1390,"A0ABR0TMQ3"
"KAK6000244.1","tr|A0ABR0T716|A0ABR0T716_AURPU",100,733,0,1389,"A0ABR0T716"
"KAK6000937.1","tr|A0ABR0T9Y9|A0ABR0T9Y9_AURPU",100,652,0,1389,"A0ABR0T9Y9"
"KAK6002970.1","tr|A0ABR0TEX0|A0ABR0TEX0_AURPU",100,681,0,1389,"A0ABR0TEX0"
"KAK6003121.1","tr|A0ABR0TFA8|A0ABR0TFA8_AURPU",100,736,0,1389,"A0ABR0TFA8"
"KAK6006066.1","tr|A0ABR0TQA8|A0ABR0TQA8_AURPU",100,1448,0,1389,"A0ABR0TQA8"
"KAK6002794.1","tr|A0ABR0TEF9|A0ABR0TEF9_AURPU",100,701,0,1388,"A0ABR0TEF9"
"KAK6004326.1","tr|A0ABR0TKC7|A0ABR0TKC7_AURPU",100,748,0,1388,"A0ABR0TKC7"
"KAK6008728.1","tr|A0ABR0TW61|A0ABR0TW61_AURPU",100,755,0,1388,"A0ABR0TW61"
"KEQ90038.1","tr|A0ABR0TQA3|A0ABR0TQA3_AURPU",97.2,744,0,1387,"A0ABR0TQA3"
"KAK6005658.1","tr|A0ABR0TMI7|A0ABR0TMI7_AURPU",100,679,0,1387,"A0ABR0TMI7"
"KAK6006477.1","tr|A0ABR0TQ73|A0ABR0TQ73_AURPU",100,713,0,1387,"A0ABR0TQ73"
"KAK6007371.1","tr|A0ABR0TU42|A0ABR0TU42_AURPU",100,685,0,1387,"A0ABR0TU42"
"THX28464.1","tr|A0ABR0TUH6|A0ABR0TUH6_AURPU",94.1,747,0,1386,"A0ABR0TUH6"
"KAK6000129.1","tr|A0ABR0T7A9|A0ABR0T7A9_AURPU",100,774,0,1386,"A0ABR0T7A9"
"KAK6007538.1","tr|A0ABR0TSX6|A0ABR0TSX6_AURPU",100,708,0,1386,"A0ABR0TSX6"
"KAK6001100.1","tr|A0ABR0TAW2|A0ABR0TAW2_AURPU",100,695,0,1385,"A0ABR0TAW2"
"KAK6000040.1","tr|A0ABR0T7P6|A0ABR0T7P6_AURPU",100,835,0,1383,"A0ABR0T7P6"
"KAK6004189.1","tr|A0ABR0TIC4|A0ABR0TIC4_AURPU",100,678,0,1383,"A0ABR0TIC4"
"KAK6002591.1","tr|A0ABR0TEX6|A0ABR0TEX6_AURPU",100,720,0,1382,"A0ABR0TEX6"
"KAK6002931.1","tr|A0ABR0TG96|A0ABR0TG96_AURPU",100,707,0,1382,"A0ABR0TG96"
"KAK6004283.1","tr|A0ABR0TIM4|A0ABR0TIM4_AURPU",100,657,0,1382,"A0ABR0TIM4"
"THW09588.1","tr|A0ABR0TB44|A0ABR0TB44_AURPU",94,699,0,1381,"A0ABR0TB44"
"KAK6001705.1","tr|A0ABR0TCJ7|A0ABR0TCJ7_AURPU",100,731,0,1381,"A0ABR0TCJ7"
"KAK6005623.1","tr|A0ABR0TME8|A0ABR0TME8_AURPU",100,680,0,1381,"A0ABR0TME8"
"KAK6008871.1","tr|A0ABR0TXS6|A0ABR0TXS6_AURPU",100,661,0,1381,"A0ABR0TXS6"
"KAK6002815.1","tr|A0ABR0TFT0|A0ABR0TFT0_AURPU",100,687,0,1380,"A0ABR0TFT0"
"KAK6004495.1","tr|A0ABR0TKP5|A0ABR0TKP5_AURPU",100,762,0,1380,"A0ABR0TKP5"
"KAK6005959.1","tr|A0ABR0TNE7|A0ABR0TNE7_AURPU",100,696,0,1380,"A0ABR0TNE7"
"CAD0019318.1","tr|A0ABR0TUW4|A0ABR0TUW4_AURPU",92.4,815,0,1380,"A0ABR0TUW4"
"KAK5999386.1","tr|A0ABR0T4M4|A0ABR0T4M4_AURPU",100,740,0,1379,"A0ABR0T4M4"
"KAK6005007.1","tr|A0ABR0TKY6|A0ABR0TKY6_AURPU",100,730,0,1379,"A0ABR0TKY6"
"KAK6008207.1","tr|A0ABR0TUZ7|A0ABR0TUZ7_AURPU",100,705,0,1379,"A0ABR0TUZ7"
"KAK6006411.1","tr|A0ABR0TRA3|A0ABR0TRA3_AURPU",100,784,0,1378,"A0ABR0TRA3"
"KAK6007770.1","tr|A0ABR0TTI8|A0ABR0TTI8_AURPU",100,745,0,1378,"A0ABR0TTI8"
"KAK6000190.1","tr|A0ABR0T843|A0ABR0T843_AURPU",100,706,0,1377,"A0ABR0T843"
"KAK6000872.1","tr|A0ABR0T8V0|A0ABR0T8V0_AURPU",100,731,0,1377,"A0ABR0T8V0"
"KAK6005798.1","tr|A0ABR0TMY4|A0ABR0TMY4_AURPU",100,777,0,1377,"A0ABR0TMY4"
"KAK6005895.1","tr|A0ABR0TN79|A0ABR0TN79_AURPU",100,729,0,1377,"A0ABR0TN79"
"KAK6007655.1","tr|A0ABR0TUY0|A0ABR0TUY0_AURPU",100,760,0,1377,"A0ABR0TUY0"
"CAD0017067.1","tr|A0ABR0TTL8|A0ABR0TTL8_AURPU",85,873,0,1377,"A0ABR0TTL8"
"THX42357.1","tr|A0ABR0TRW2|A0ABR0TRW2_AURPU",92,758,0,1376,"A0ABR0TRW2"
"KAK6005626.1","tr|A0ABR0TMF6|A0ABR0TMF6_AURPU",100,676,0,1376,"A0ABR0TMF6"
"KAK6003398.1","tr|A0ABR0TG35|A0ABR0TG35_AURPU",100,663,0,1375,"A0ABR0TG35"
"THW89998.1","tr|A0ABR0TSJ5|A0ABR0TSJ5_AURPU",91.2,769,0,1374,"A0ABR0TSJ5"
"KAK6000378.1","tr|A0ABR0T7F2|A0ABR0T7F2_AURPU",100,693,0,1374,"A0ABR0T7F2"
"OBW69288.1","tr|A0ABR0T9W4|A0ABR0T9W4_AURPU",90.6,802,0,1373,"A0ABR0T9W4"
"KAK5999423.1","tr|A0ABR0T4P9|A0ABR0T4P9_AURPU",100,701,0,1373,"A0ABR0T4P9"
"KAK6002926.1","tr|A0ABR0TER6|A0ABR0TER6_AURPU",100,694,0,1373,"A0ABR0TER6"
"KAK6004337.1","tr|A0ABR0TIW4|A0ABR0TIW4_AURPU",100,678,0,1373,"A0ABR0TIW4"
"THY34526.1","tr|A0ABR0TB91|A0ABR0TB91_AURPU",93.8,745,0,1372,"A0ABR0TB91"
"KAK5999913.1","tr|A0ABR0T658|A0ABR0T658_AURPU",100,831,0,1372,"A0ABR0T658"
"KAK6005499.1","tr|A0ABR0TMM6|A0ABR0TMM6_AURPU",100,700,0,1372,"A0ABR0TMM6"
"KAK6005590.1","tr|A0ABR0TNQ8|A0ABR0TNQ8_AURPU",100,681,0,1372,"A0ABR0TNQ8"
"KAK6007694.1","tr|A0ABR0TTC5|A0ABR0TTC5_AURPU",100,691,0,1372,"A0ABR0TTC5"
"CAD0044377.1","tr|A0ABR0TSX5|A0ABR0TSX5_AURPU",92.5,744,0,1372,"A0ABR0TSX5"
"THW30772.1","tr|A0ABR0TIH8|A0ABR0TIH8_AURPU",93.4,740,0,1371,"A0ABR0TIH8"
"KAK5999804.1","tr|A0ABR0T641|A0ABR0T641_AURPU",100,746,0,1371,"A0ABR0T641"
"KAK6002122.1","tr|A0ABR0TDA7|A0ABR0TDA7_AURPU",100,774,0,1371,"A0ABR0TDA7"
"KAK6000573.1","tr|A0ABR0T7Z4|A0ABR0T7Z4_AURPU",100,674,0,1370,"A0ABR0T7Z4"
"KAK6004425.1","tr|A0ABR0TJ00|A0ABR0TJ00_AURPU",100,682,0,1370,"A0ABR0TJ00"
"KAK6004064.1","tr|A0ABR0TI28|A0ABR0TI28_AURPU",100,674,0,1369,"A0ABR0TI28"
"KAK6006545.1","tr|A0ABR0TRQ4|A0ABR0TRQ4_AURPU",100,681,0,1369,"A0ABR0TRQ4"
"THV67765.1","tr|A0ABR0T9H9|A0ABR0T9H9_AURPU",88.7,822,0,1368,"A0ABR0T9H9"
"KAK6002243.1","tr|A0ABR0TCR0|A0ABR0TCR0_AURPU",100,705,0,1368,"A0ABR0TCR0"
"KAK6003660.1","tr|A0ABR0TGW0|A0ABR0TGW0_AURPU",100,714,0,1368,"A0ABR0TGW0"
"KAK6005309.1","tr|A0ABR0TLP5|A0ABR0TLP5_AURPU",100,681,0,1367,"A0ABR0TLP5"
"KAK6007159.1","tr|A0ABR0TRU5|A0ABR0TRU5_AURPU",100,896,0,1367,"A0ABR0TRU5"
"KAK6008401.1","tr|A0ABR0TV87|A0ABR0TV87_AURPU",100,693,0,1367,"A0ABR0TV87"
"CAD0029492.1","tr|A0ABR0TVU2|A0ABR0TVU2_AURPU",90.1,756,0,1367,"A0ABR0TVU2"
"THV76228.1","tr|A0ABR0TCP8|A0ABR0TCP8_AURPU",90.7,806,0,1365,"A0ABR0TCP8"
"THW04139.1","tr|A0ABR0T576|A0ABR0T576_AURPU",90.7,785,0,1365,"A0ABR0T576"
"KAK6001788.1","tr|A0ABR0TBG7|A0ABR0TBG7_AURPU",100,743,0,1365,"A0ABR0TBG7"
"KAK6003690.1","tr|A0ABR0TGY5|A0ABR0TGY5_AURPU",100,812,0,1365,"A0ABR0TGY5"
"CAR1042541.1","tr|A0ABR0TDZ9|A0ABR0TDZ9_AURPU",91.4,747,0,1365,"A0ABR0TDZ9"
"KAK6000954.1","tr|A0ABR0T9P3|A0ABR0T9P3_AURPU",100,686,0,1364,"A0ABR0T9P3"
"THZ45209.1","tr|A0ABR0TL85|A0ABR0TL85_AURPU",94.9,747,0,1363,"A0ABR0TL85"
"TIA41371.1","tr|A0ABR0TDY2|A0ABR0TDY2_AURPU",93.6,722,0,1363,"A0ABR0TDY2"
"KAK6003889.1","tr|A0ABR0THH3|A0ABR0THH3_AURPU",100,715,0,1363,"A0ABR0THH3"
"KAK6005599.1","tr|A0ABR0TMC0|A0ABR0TMC0_AURPU",100,704,0,1363,"A0ABR0TMC0"
"THX00765.1","tr|A0ABR0T507|A0ABR0T507_AURPU",94,753,0,1362,"A0ABR0T507"
"KAK6001192.1","tr|A0ABR0TAQ9|A0ABR0TAQ9_AURPU",100,805,0,1360,"A0ABR0TAQ9"
"KAK6002649.1","tr|A0ABR0TEG2|A0ABR0TEG2_AURPU",100,720,0,1360,"A0ABR0TEG2"
"KAK6008527.1","tr|A0ABR0TWR9|A0ABR0TWR9_AURPU",100,678,0,1360,"A0ABR0TWR9"
"KAK6004781.1","tr|A0ABR0TL16|A0ABR0TL16_AURPU",100,692,0,1359,"A0ABR0TL16"
"THZ40384.1","tr|A0ABR0TRF5|A0ABR0TRF5_AURPU",94,752,0,1358,"A0ABR0TRF5"
"KAK6005059.1","tr|A0ABR0TKS6|A0ABR0TKS6_AURPU",100,676,0,1358,"A0ABR0TKS6"
"KAK6005952.1","tr|A0ABR0TNN9|A0ABR0TNN9_AURPU",100,698,0,1358,"A0ABR0TNN9"
"KAK6004054.1","tr|A0ABR0THY4|A0ABR0THY4_AURPU",100,705,0,1357,"A0ABR0THY4"
"KAK6006465.1","tr|A0ABR0TPV9|A0ABR0TPV9_AURPU",100,684,0,1357,"A0ABR0TPV9"
"KAK6008010.1","tr|A0ABR0TU77|A0ABR0TU77_AURPU",100,693,0,1357,"A0ABR0TU77"
"KAK6005968.1","tr|A0ABR0TNF7|A0ABR0TNF7_AURPU",100,687,0,1355,"A0ABR0TNF7"
"THV88912.1","tr|A0ABR0T7V8|A0ABR0T7V8_AURPU",93.5,713,0,1354,"A0ABR0T7V8"
"KAK6000206.1","tr|A0ABR0T8A2|A0ABR0T8A2_AURPU",100,672,0,1354,"A0ABR0T8A2"
"THV84208.1","tr|A0ABR0TPX2|A0ABR0TPX2_AURPU",96.2,692,0,1353,"A0ABR0TPX2"
"KEQ83616.1","tr|A0ABR0TEF3|A0ABR0TEF3_AURPU",86.8,891,0,1352,"A0ABR0TEF3"
"KAK6001622.1","tr|A0ABR0TB06|A0ABR0TB06_AURPU",100,656,0,1352,"A0ABR0TB06"
"KAK6002774.1","tr|A0ABR0TEE1|A0ABR0TEE1_AURPU",100,699,0,1352,"A0ABR0TEE1"
"KAK6008293.1","tr|A0ABR0TUW6|A0ABR0TUW6_AURPU",100,690,0,1352,"A0ABR0TUW6"
"THW34161.1","tr|A0ABR0TW99|A0ABR0TW99_AURPU",87.5,938,0,1351,"A0ABR0TW99"
"KAK6001157.1","tr|A0ABR0T9N9|A0ABR0T9N9_AURPU",100,728,0,1351,"A0ABR0T9N9"
"KAK6001737.1","tr|A0ABR0TBQ5|A0ABR0TBQ5_AURPU",100,690,0,1351,"A0ABR0TBQ5"
"KEQ81927.1","tr|A0ABR0T8B5|A0ABR0T8B5_AURPU",94.8,732,0,1350,"A0ABR0T8B5"
"THX02957.1","tr|A0ABR0T9A6|A0ABR0T9A6_AURPU",92.6,761,0,1350,"A0ABR0T9A6"
"KAK6005154.1","tr|A0ABR0TLM6|A0ABR0TLM6_AURPU",100,690,0,1350,"A0ABR0TLM6"
"KAK6007455.1","tr|A0ABR0TSM4|A0ABR0TSM4_AURPU",100,730,0,1350,"A0ABR0TSM4"
"KAK6008315.1","tr|A0ABR0TWU1|A0ABR0TWU1_AURPU",100,678,0,1350,"A0ABR0TWU1"
"THV70829.1","tr|A0ABR0T8R5|A0ABR0T8R5_AURPU",93.5,703,0,1349,"A0ABR0T8R5"
"KAK6005523.1","tr|A0ABR0TM52|A0ABR0TM52_AURPU",100,659,0,1349,"A0ABR0TM52"
"KAK6006128.1","tr|A0ABR0TNX6|A0ABR0TNX6_AURPU",100,707,0,1348,"A0ABR0TNX6"
"CAD0038185.1","tr|A0ABR0TS02|A0ABR0TS02_AURPU",91.3,795,0,1348,"A0ABR0TS02"
"THW94359.1","tr|A0ABR0TJA4|A0ABR0TJA4_AURPU",94.1,728,0,1347,"A0ABR0TJA4"
"KAK6006617.1","tr|A0ABR0TQ92|A0ABR0TQ92_AURPU",100,904,0,1347,"A0ABR0TQ92"
"CAD0014838.1","tr|A0ABR0TGG0|A0ABR0TGG0_AURPU",94.2,738,0,1347,"A0ABR0TGG0"
"KAK6001108.1","tr|A0ABR0T9K6|A0ABR0T9K6_AURPU",100,773,0,1346,"A0ABR0T9K6"
"KAK6004852.1","tr|A0ABR0TL22|A0ABR0TL22_AURPU",100,717,0,1344,"A0ABR0TL22"
"KAK6006345.1","tr|A0ABR0TPI5|A0ABR0TPI5_AURPU",100,716,0,1344,"A0ABR0TPI5"
"KAK6007598.1","tr|A0ABR0TT38|A0ABR0TT38_AURPU",100,684,0,1344,"A0ABR0TT38"
"KAK6008235.1","tr|A0ABR0TUV9|A0ABR0TUV9_AURPU",100,679,0,1344,"A0ABR0TUV9"
"THZ90319.1","tr|A0ABR0TUQ7|A0ABR0TUQ7_AURPU",90,792,0,1343,"A0ABR0TUQ7"
"KAK6003835.1","tr|A0ABR0TIN9|A0ABR0TIN9_AURPU",100,716,0,1342,"A0ABR0TIN9"
"KAK6008817.1","tr|A0ABR0TWW9|A0ABR0TWW9_AURPU",100,687,0,1340,"A0ABR0TWW9"
"CAC9885194.1","tr|A0ABR0TWY5|A0ABR0TWY5_AURPU",97,695,0,1340,"A0ABR0TWY5"
"CAC9894893.1","tr|A0ABR0TN61|A0ABR0TN61_AURPU",95.1,731,0,1338,"A0ABR0TN61"
"KAK6002921.1","tr|A0ABR0TFX5|A0ABR0TFX5_AURPU",100,654,0,1337,"A0ABR0TFX5"
"KAK6004296.1","tr|A0ABR0TK93|A0ABR0TK93_AURPU",100,665,0,1337,"A0ABR0TK93"
"KAK6005318.1","tr|A0ABR0TLK2|A0ABR0TLK2_AURPU",100,688,0,1337,"A0ABR0TLK2"
"KAK6006305.1","tr|A0ABR0TR11|A0ABR0TR11_AURPU",100,666,0,1337,"A0ABR0TR11"
"THV81089.1","tr|A0ABR0TL48|A0ABR0TL48_AURPU",95,716,0,1335,"A0ABR0TL48"
"KAK6001047.1","tr|A0ABR0T9S0|A0ABR0T9S0_AURPU",100,656,0,1335,"A0ABR0T9S0"
"KAK6005162.1","tr|A0ABR0TL58|A0ABR0TL58_AURPU",100,652,0,1335,"A0ABR0TL58"
"KAK6008813.1","tr|A0ABR0TWN7|A0ABR0TWN7_AURPU",100,725,0,1335,"A0ABR0TWN7"
"KAK6005631.1","tr|A0ABR0TNY5|A0ABR0TNY5_AURPU",100,688,0,1334,"A0ABR0TNY5"
"KAK6006199.1","tr|A0ABR0TP35|A0ABR0TP35_AURPU",100,692,0,1333,"A0ABR0TP35"
"THX75830.1","tr|A0ABR0TN73|A0ABR0TN73_AURPU",93.6,688,0,1332,"A0ABR0TN73"
"THY30236.1","tr|A0ABR0TJ78|A0ABR0TJ78_AURPU",95.1,698,0,1332,"A0ABR0TJ78"
"KAK6004774.1","tr|A0ABR0TJY1|A0ABR0TJY1_AURPU",100,646,0,1332,"A0ABR0TJY1"
"KAK6006526.1","tr|A0ABR0TQ27|A0ABR0TQ27_AURPU",100,690,0,1332,"A0ABR0TQ27"
"KAK6004297.1","tr|A0ABR0TJJ2|A0ABR0TJJ2_AURPU",100,673,0,1331,"A0ABR0TJJ2"
"KAK6005569.1","tr|A0ABR0TM93|A0ABR0TM93_AURPU",100,669,0,1331,"A0ABR0TM93"
"KAK6006324.1","tr|A0ABR0TPX5|A0ABR0TPX5_AURPU",100,665,0,1331,"A0ABR0TPX5"
"CAD0022082.1","tr|A0ABR0TLU1|A0ABR0TLU1_AURPU",90.8,729,0,1331,"A0ABR0TLU1"
"KAK5999592.1","tr|A0ABR0T5I0|A0ABR0T5I0_AURPU",100,679,0,1330,"A0ABR0T5I0"
"KAK6007273.1","tr|A0ABR0TS59|A0ABR0TS59_AURPU",100,753,0,1330,"A0ABR0TS59"
"KAK6002989.1","tr|A0ABR0TEZ4|A0ABR0TEZ4_AURPU",100,668,0,1329,"A0ABR0TEZ4"
"TIA33183.1","tr|A0ABR0TMR8|A0ABR0TMR8_AURPU",97.5,690,0,1328,"A0ABR0TMR8"
"KAK6002097.1","tr|A0ABR0TCS5|A0ABR0TCS5_AURPU",100,690,0,1328,"A0ABR0TCS5"
"KAK6003286.1","tr|A0ABR0TFR1|A0ABR0TFR1_AURPU",100,678,0,1328,"A0ABR0TFR1"
"KAK6006796.1","tr|A0ABR0TQU6|A0ABR0TQU6_AURPU",100,663,0,1328,"A0ABR0TQU6"
"KAK6006104.1","tr|A0ABR0TNT8|A0ABR0TNT8_AURPU",100,711,0,1327,"A0ABR0TNT8"
"KAK6006616.1","tr|A0ABR0TQB3|A0ABR0TQB3_AURPU",100,656,0,1327,"A0ABR0TQB3"
"KAK6006673.1","tr|A0ABR0TQE5|A0ABR0TQE5_AURPU",100,911,0,1326,"A0ABR0TQE5"
"KAK6007540.1","tr|A0ABR0TUH2|A0ABR0TUH2_AURPU",100,685,0,1326,"A0ABR0TUH2"
"KAK6008469.1","tr|A0ABR0TW76|A0ABR0TW76_AURPU",100,698,0,1326,"A0ABR0TW76"
"OBW68609.1","tr|A0ABR0TDT3|A0ABR0TDT3_AURPU",93.9,659,0,1325,"A0ABR0TDT3"
"THY22554.1","tr|A0ABR0TAE7|A0ABR0TAE7_AURPU",95.4,700,0,1325,"A0ABR0TAE7"
"KAK6001042.1","tr|A0ABR0TA94|A0ABR0TA94_AURPU",100,633,0,1325,"A0ABR0TA94"
"KAK6005144.1","tr|A0ABR0TL60|A0ABR0TL60_AURPU",100,664,0,1325,"A0ABR0TL60"
"KAK6006086.1","tr|A0ABR0TPR0|A0ABR0TPR0_AURPU",100,692,0,1325,"A0ABR0TPR0"
"THV73624.1","tr|A0ABR0TF53|A0ABR0TF53_AURPU",92.4,815,0,1324,"A0ABR0TF53"
"THV73991.1","tr|A0ABR0TAK6|A0ABR0TAK6_AURPU",97,661,0,1324,"A0ABR0TAK6"
"KAK5999454.1","tr|A0ABR0T5G7|A0ABR0T5G7_AURPU",100,664,0,1324,"A0ABR0T5G7"
"KAK5999891.1","tr|A0ABR0T7D2|A0ABR0T7D2_AURPU",100,667,0,1324,"A0ABR0T7D2"
"KAK6008213.1","tr|A0ABR0TUX0|A0ABR0TUX0_AURPU",100,666,0,1324,"A0ABR0TUX0"
"KAK6000128.1","tr|A0ABR0T6S2|A0ABR0T6S2_AURPU",100,820,0,1323,"A0ABR0T6S2"
"KAK6000750.1","tr|A0ABR0T8I1|A0ABR0T8I1_AURPU",100,704,0,1323,"A0ABR0T8I1"
"KAK6003285.1","tr|A0ABR0TFS3|A0ABR0TFS3_AURPU",100,660,0,1323,"A0ABR0TFS3"
"KAK6007180.1","tr|A0ABR0TTE2|A0ABR0TTE2_AURPU",100,685,0,1323,"A0ABR0TTE2"
"KAK6003148.1","tr|A0ABR0TFE8|A0ABR0TFE8_AURPU",100,718,0,1322,"A0ABR0TFE8"
"KAK6000250.1","tr|A0ABR0T899|A0ABR0T899_AURPU",100,626,0,1321,"A0ABR0T899"
"KAK6004623.1","tr|A0ABR0TJJ4|A0ABR0TJJ4_AURPU",100,661,0,1321,"A0ABR0TJJ4"
"KAK6005009.1","tr|A0ABR0TKS2|A0ABR0TKS2_AURPU",100,679,0,1321,"A0ABR0TKS2"
"KAK6008121.1","tr|A0ABR0TW50|A0ABR0TW50_AURPU",100,630,0,1321,"A0ABR0TW50"
"KAK6003379.1","tr|A0ABR0TFZ8|A0ABR0TFZ8_AURPU",100,801,0,1320,"A0ABR0TFZ8"
"KAK6003566.1","tr|A0ABR0THN9|A0ABR0THN9_AURPU",100,657,0,1320,"A0ABR0THN9"
"KAK6008657.1","tr|A0ABR0TWA2|A0ABR0TWA2_AURPU",100,655,0,1320,"A0ABR0TWA2"
"THV74094.1","tr|A0ABR0TBM4|A0ABR0TBM4_AURPU",92.8,709,0,1319,"A0ABR0TBM4"
"KAK5999681.1","tr|A0ABR0T6Q6|A0ABR0T6Q6_AURPU",100,643,0,1319,"A0ABR0T6Q6"
"THY26100.1","tr|A0ABR0TLK6|A0ABR0TLK6_AURPU",94.6,762,0,1318,"A0ABR0TLK6"
"THZ11496.1","tr|A0ABR0TJZ6|A0ABR0TJZ6_AURPU",90.1,771,0,1318,"A0ABR0TJZ6"
"THZ87990.1","tr|A0ABR0TH08|A0ABR0TH08_AURPU",95.6,699,0,1318,"A0ABR0TH08"
"KAK6000683.1","tr|A0ABR0T8C0|A0ABR0T8C0_AURPU",100,669,0,1318,"A0ABR0T8C0"
"KAK6002347.1","tr|A0ABR0TDW5|A0ABR0TDW5_AURPU",100,754,0,1318,"A0ABR0TDW5"
"KAK6005167.1","tr|A0ABR0TLY2|A0ABR0TLY2_AURPU",100,891,0,1318,"A0ABR0TLY2"
"KAK6007746.1","tr|A0ABR0TV60|A0ABR0TV60_AURPU",100,805,0,1318,"A0ABR0TV60"
"KAK6008222.1","tr|A0ABR0TV08|A0ABR0TV08_AURPU",100,647,0,1318,"A0ABR0TV08"
"THX03148.1","tr|A0ABR0TT15|A0ABR0TT15_AURPU",90.4,760,0,1317,"A0ABR0TT15"
"THZ71402.1","tr|A0ABR0T6T8|A0ABR0T6T8_AURPU",97.9,677,0,1317,"A0ABR0T6T8"
"KAK5999531.1","tr|A0ABR0T6B2|A0ABR0T6B2_AURPU",100,742,0,1317,"A0ABR0T6B2"
"KAK6000883.1","tr|A0ABR0T8W3|A0ABR0T8W3_AURPU",100,666,0,1317,"A0ABR0T8W3"
"KAK6008860.1","tr|A0ABR0TXS8|A0ABR0TXS8_AURPU",100,653,0,1317,"A0ABR0TXS8"
"THZ95003.1","tr|A0ABR0T5G2|A0ABR0T5G2_AURPU",94,700,0,1316,"A0ABR0T5G2"
"THZ59913.1","tr|A0ABR0TNZ3|A0ABR0TNZ3_AURPU",90.3,787,0,1316,"A0ABR0TNZ3"
"KAK5999529.1","tr|A0ABR0T5N1|A0ABR0T5N1_AURPU",100,636,0,1316,"A0ABR0T5N1"
"KAK5999770.1","tr|A0ABR0T6Y1|A0ABR0T6Y1_AURPU",100,767,0,1315,"A0ABR0T6Y1"
"KAK6001559.1","tr|A0ABR0TAY5|A0ABR0TAY5_AURPU",100,703,0,1315,"A0ABR0TAY5"
"KAK6003422.1","tr|A0ABR0TG54|A0ABR0TG54_AURPU",100,647,0,1315,"A0ABR0TG54"
"KAK6003604.1","tr|A0ABR0TGP6|A0ABR0TGP6_AURPU",100,674,0,1315,"A0ABR0TGP6"
"KAK6003827.1","tr|A0ABR0THB6|A0ABR0THB6_AURPU",100,655,0,1315,"A0ABR0THB6"
"KAK6004667.1","tr|A0ABR0TJS0|A0ABR0TJS0_AURPU",100,673,0,1315,"A0ABR0TJS0"
"CAD0017201.1","tr|A0ABR0TU61|A0ABR0TU61_AURPU",94.4,694,0,1315,"A0ABR0TU61"
"THV84536.1","tr|A0ABR0TAW3|A0ABR0TAW3_AURPU",96.6,703,0,1314,"A0ABR0TAW3"
"KAK6003317.1","tr|A0ABR0TFV1|A0ABR0TFV1_AURPU",100,696,0,1314,"A0ABR0TFV1"
"KAK6008142.1","tr|A0ABR0TV00|A0ABR0TV00_AURPU",100,656,0,1314,"A0ABR0TV00"
"OBW67164.1","tr|A0ABR0T9D8|A0ABR0T9D8_AURPU",88.8,741,0,1313,"A0ABR0T9D8"
"KAK5999694.1","tr|A0ABR0T652|A0ABR0T652_AURPU",100,671,0,1313,"A0ABR0T652"
"KAK6000124.1","tr|A0ABR0T6P8|A0ABR0T6P8_AURPU",100,747,0,1313,"A0ABR0T6P8"
"KAK6001518.1","tr|A0ABR0TAP9|A0ABR0TAP9_AURPU",100,667,0,1313,"A0ABR0TAP9"
"KAK6003182.1","tr|A0ABR0TFH7|A0ABR0TFH7_AURPU",100,637,0,1313,"A0ABR0TFH7"
"CAD0043091.1","tr|A0ABR0T8R1|A0ABR0T8R1_AURPU",91.6,699,0,1313,"A0ABR0T8R1"
"KEQ82887.1","tr|A0ABR0TSN0|A0ABR0TSN0_AURPU",92.6,714,0,1312,"A0ABR0TSN0"
"THX96302.1","tr|A0ABR0TGF9|A0ABR0TGF9_AURPU",95.9,760,0,1312,"A0ABR0TGF9"
"KAK6007220.1","tr|A0ABR0TTQ0|A0ABR0TTQ0_AURPU",100,662,0,1312,"A0ABR0TTQ0"
"THV76633.1","tr|A0ABR0TV30|A0ABR0TV30_AURPU",91.2,741,0,1311,"A0ABR0TV30"
"KAK6000239.1","tr|A0ABR0T793|A0ABR0T793_AURPU",100,630,0,1311,"A0ABR0T793"
"KAK6000256.1","tr|A0ABR0T732|A0ABR0T732_AURPU",100,667,0,1311,"A0ABR0T732"
"KAK6000342.1","tr|A0ABR0T7Q3|A0ABR0T7Q3_AURPU",100,630,0,1311,"A0ABR0T7Q3"
"KAK6001611.1","tr|A0ABR0TCF9|A0ABR0TCF9_AURPU",100,659,0,1311,"A0ABR0TCF9"
"KAK6004749.1","tr|A0ABR0TKH7|A0ABR0TKH7_AURPU",100,641,0,1311,"A0ABR0TKH7"
"KAK6005997.1","tr|A0ABR0TNS7|A0ABR0TNS7_AURPU",100,648,0,1311,"A0ABR0TNS7"
"KAK6006079.1","tr|A0ABR0TNQ6|A0ABR0TNQ6_AURPU",100,680,0,1311,"A0ABR0TNQ6"
"KAK6007442.1","tr|A0ABR0TSP7|A0ABR0TSP7_AURPU",100,727,0,1310,"A0ABR0TSP7"
"KAK6008118.1","tr|A0ABR0TUI6|A0ABR0TUI6_AURPU",100,675,0,1310,"A0ABR0TUI6"
"CAR1012953.1","tr|A0ABR0TWL8|A0ABR0TWL8_AURPU",89.1,740,0,1310,"A0ABR0TWL8"
"KAK6005943.1","tr|A0ABR0TNB8|A0ABR0TNB8_AURPU",100,637,0,1309,"A0ABR0TNB8"
"KAK6007080.1","tr|A0ABR0TRK2|A0ABR0TRK2_AURPU",100,707,0,1309,"A0ABR0TRK2"
"THW12679.1","tr|A0ABR0TA16|A0ABR0TA16_AURPU",91.6,766,0,1308,"A0ABR0TA16"
"KAK6005191.1","tr|A0ABR0TL67|A0ABR0TL67_AURPU",100,653,0,1308,"A0ABR0TL67"
"KAK6008731.1","tr|A0ABR0TW65|A0ABR0TW65_AURPU",100,706,0,1308,"A0ABR0TW65"
"CAD0029836.1","tr|A0ABR0TVZ0|A0ABR0TVZ0_AURPU",92.2,703,0,1308,"A0ABR0TVZ0"
"THZ48988.1","tr|A0ABR0TD72|A0ABR0TD72_AURPU",94.8,668,0,1307,"A0ABR0TD72"
"KAK6004599.1","tr|A0ABR0TK19|A0ABR0TK19_AURPU",100,663,0,1307,"A0ABR0TK19"
"KAK6006914.1","tr|A0ABR0TR35|A0ABR0TR35_AURPU",100,645,0,1307,"A0ABR0TR35"
"THW73812.1","tr|A0ABR0TR94|A0ABR0TR94_AURPU",89.2,808,0,1306,"A0ABR0TR94"
"KAK6001892.1","tr|A0ABR0TBS2|A0ABR0TBS2_AURPU",100,769,0,1306,"A0ABR0TBS2"
"KAK6006346.1","tr|A0ABR0TPK2|A0ABR0TPK2_AURPU",100,671,0,1306,"A0ABR0TPK2"
"KAK6007532.1","tr|A0ABR0TSY1|A0ABR0TSY1_AURPU",100,663,0,1306,"A0ABR0TSY1"
"KAK6000864.1","tr|A0ABR0T9E7|A0ABR0T9E7_AURPU",100,659,0,1305,"A0ABR0T9E7"
"CAD0050726.1","tr|A0ABR0T7E8|A0ABR0T7E8_AURPU",93.3,690,0,1305,"A0ABR0T7E8"
"KAK5999664.1","tr|A0ABR0T611|A0ABR0T611_AURPU",100,671,0,1304,"A0ABR0T611"
"KAK6002117.1","tr|A0ABR0TCE9|A0ABR0TCE9_AURPU",100,653,0,1304,"A0ABR0TCE9"
"KAK6000671.1","tr|A0ABR0T9J9|A0ABR0T9J9_AURPU",100,821,0,1303,"A0ABR0T9J9"
"KAK6003828.1","tr|A0ABR0THA9|A0ABR0THA9_AURPU",100,673,0,1303,"A0ABR0THA9"
"CAR1000397.1","tr|A0ABR0TL83|A0ABR0TL83_AURPU",92.2,742,0,1303,"A0ABR0TL83"
"THW03327.1","tr|A0ABR0TJA3|A0ABR0TJA3_AURPU",94.4,661,0,1302,"A0ABR0TJA3"
"KAK6002955.1","tr|A0ABR0TEV9|A0ABR0TEV9_AURPU",100,703,0,1302,"A0ABR0TEV9"
"KAK6006220.1","tr|A0ABR0TQJ1|A0ABR0TQJ1_AURPU",100,727,0,1302,"A0ABR0TQJ1"
"KAK6006705.1","tr|A0ABR0TQI7|A0ABR0TQI7_AURPU",100,663,0,1302,"A0ABR0TQI7"
"KAK6008840.1","tr|A0ABR0TXV8|A0ABR0TXV8_AURPU",100,694,0,1302,"A0ABR0TXV8"
"THV79180.1","tr|A0ABR0T8Z1|A0ABR0T8Z1_AURPU",87.7,759,0,1301,"A0ABR0T8Z1"
"KAK6002699.1","tr|A0ABR0TE78|A0ABR0TE78_AURPU",100,662,0,1301,"A0ABR0TE78"
"KAK5999879.1","tr|A0ABR0T6A7|A0ABR0T6A7_AURPU",100,643,0,1300,"A0ABR0T6A7"
"KAK6000609.1","tr|A0ABR0T8N5|A0ABR0T8N5_AURPU",100,636,0,1300,"A0ABR0T8N5"
"KAK6003153.1","tr|A0ABR0TFE0|A0ABR0TFE0_AURPU",100,663,0,1300,"A0ABR0TFE0"
"KAK6006108.1","tr|A0ABR0TNS2|A0ABR0TNS2_AURPU",100,646,0,1300,"A0ABR0TNS2"
"KEQ79577.1","tr|A0ABR0TQI5|A0ABR0TQI5_AURPU",94,668,0,1299,"A0ABR0TQI5"
"KAK6006426.1","tr|A0ABR0TRB5|A0ABR0TRB5_AURPU",100,720,0,1299,"A0ABR0TRB5"
"KAK6006762.1","tr|A0ABR0TR21|A0ABR0TR21_AURPU",100,629,0,1299,"A0ABR0TR21"
"KAK6007678.1","tr|A0ABR0TT76|A0ABR0TT76_AURPU",100,678,0,1299,"A0ABR0TT76"
"THW39948.1","tr|A0ABR0T7U0|A0ABR0T7U0_AURPU",93.1,669,0,1298,"A0ABR0T7U0"
"KAK6000197.1","tr|A0ABR0T6Y0|A0ABR0T6Y0_AURPU",100,636,0,1298,"A0ABR0T6Y0"
"KAK6001980.1","tr|A0ABR0TC22|A0ABR0TC22_AURPU",100,759,0,1298,"A0ABR0TC22"
"KAK6003522.1","tr|A0ABR0TGP1|A0ABR0TGP1_AURPU",100,626,0,1298,"A0ABR0TGP1"
"KAK6004436.1","tr|A0ABR0TK23|A0ABR0TK23_AURPU",100,635,0,1298,"A0ABR0TK23"
"KAK6005580.1","tr|A0ABR0TMB8|A0ABR0TMB8_AURPU",100,641,0,1298,"A0ABR0TMB8"
"KAK6005661.1","tr|A0ABR0TP19|A0ABR0TP19_AURPU",100,692,0,1298,"A0ABR0TP19"
"KAK6007198.1","tr|A0ABR0TRY9|A0ABR0TRY9_AURPU",100,764,0,1298,"A0ABR0TRY9"
"CAR1038479.1","tr|A0ABR0TQJ8|A0ABR0TQJ8_AURPU",97.3,673,0,1298,"A0ABR0TQJ8"
"THY26840.1","tr|A0ABR0T8N6|A0ABR0T8N6_AURPU",93.2,765,0,1297,"A0ABR0T8N6"
"KAK6002437.1","tr|A0ABR0TE49|A0ABR0TE49_AURPU",100,622,0,1297,"A0ABR0TE49"
"KAK6005733.1","tr|A0ABR0TMS5|A0ABR0TMS5_AURPU",100,680,0,1296,"A0ABR0TMS5"
"KAK6002282.1","tr|A0ABR0TCX6|A0ABR0TCX6_AURPU",100,676,0,1295,"A0ABR0TCX6"
"THV70730.1","tr|A0ABR0TAA7|A0ABR0TAA7_AURPU",90.5,706,0,1294,"A0ABR0TAA7"
"KAK6004511.1","tr|A0ABR0TK95|A0ABR0TK95_AURPU",100,660,0,1294,"A0ABR0TK95"
"KAK6007494.1","tr|A0ABR0TTE5|A0ABR0TTE5_AURPU",100,665,0,1294,"A0ABR0TTE5"
"KAK6000513.1","tr|A0ABR0T7T6|A0ABR0T7T6_AURPU",100,659,0,1293,"A0ABR0T7T6"
"KAK6001693.1","tr|A0ABR0TB73|A0ABR0TB73_AURPU",100,651,0,1293,"A0ABR0TB73"
"KAK6003032.1","tr|A0ABR0TF24|A0ABR0TF24_AURPU",100,670,0,1293,"A0ABR0TF24"
"KAK6006792.1","tr|A0ABR0TR53|A0ABR0TR53_AURPU",100,630,0,1293,"A0ABR0TR53"
"KAK6007430.1","tr|A0ABR0TUB4|A0ABR0TUB4_AURPU",100,641,0,1293,"A0ABR0TUB4"
"KAK6005885.1","tr|A0ABR0TPU3|A0ABR0TPU3_AURPU",100,646,0,1292,"A0ABR0TPU3"
"KAK6006574.1","tr|A0ABR0TQ70|A0ABR0TQ70_AURPU",100,697,0,1292,"A0ABR0TQ70"
"KAK6006827.1","tr|A0ABR0TQW3|A0ABR0TQW3_AURPU",100,757,0,1292,"A0ABR0TQW3"
"THY05765.1","tr|A0ABR0TMN6|A0ABR0TMN6_AURPU",91.3,738,0,1291,"A0ABR0TMN6"
"KAK6005619.1","tr|A0ABR0TMZ7|A0ABR0TMZ7_AURPU",100,684,0,1291,"A0ABR0TMZ7"
"KAK6000141.1","tr|A0ABR0T881|A0ABR0T881_AURPU",100,672,0,1290,"A0ABR0T881"
"KAK6000914.1","tr|A0ABR0T959|A0ABR0T959_AURPU",100,679,0,1290,"A0ABR0T959"
"KAK6005740.1","tr|A0ABR0TP71|A0ABR0TP71_AURPU",100,698,0,1290,"A0ABR0TP71"
"KAK6007361.1","tr|A0ABR0TT66|A0ABR0TT66_AURPU",100,630,0,1290,"A0ABR0TT66"
"CAD0028493.1","tr|A0ABR0TJE4|A0ABR0TJE4_AURPU",95.2,715,0,1290,"A0ABR0TJE4"
"KAK5999283.1","tr|A0ABR0T4D4|A0ABR0T4D4_AURPU",100,662,0,1289,"A0ABR0T4D4"
"THV71968.1","tr|A0ABR0TL23|A0ABR0TL23_AURPU",91.3,698,0,1288,"A0ABR0TL23"
"KAK6007411.1","tr|A0ABR0TSI5|A0ABR0TSI5_AURPU",100,658,0,1288,"A0ABR0TSI5"
"CAC9893539.1","tr|A0ABR0TSX4|A0ABR0TSX4_AURPU",94.3,717,0,1288,"A0ABR0TSX4"
"THV85149.1","tr|A0ABR0TTS0|A0ABR0TTS0_AURPU",96.5,652,0,1287,"A0ABR0TTS0"
"KAK6000375.1","tr|A0ABR0T7F6|A0ABR0T7F6_AURPU",100,671,0,1286,"A0ABR0T7F6"
"KAK6000796.1","tr|A0ABR0T8N3|A0ABR0T8N3_AURPU",100,631,0,1286,"A0ABR0T8N3"
"THX42451.1","tr|A0ABR0T914|A0ABR0T914_AURPU",94.5,686,0,1285,"A0ABR0T914"
"KAK6000094.1","tr|A0ABR0T6M1|A0ABR0T6M1_AURPU",100,691,0,1285,"A0ABR0T6M1"
"KAK6005632.1","tr|A0ABR0TN92|A0ABR0TN92_AURPU",100,1171,0,1285,"A0ABR0TN92"
"KAK6006113.1","tr|A0ABR0TNW2|A0ABR0TNW2_AURPU",100,650,0,1285,"A0ABR0TNW2"
"KAK6001864.1","tr|A0ABR0TBN8|A0ABR0TBN8_AURPU",100,630,0,1284,"A0ABR0TBN8"
"KAK6007382.1","tr|A0ABR0TSJ8|A0ABR0TSJ8_AURPU",100,664,0,1284,"A0ABR0TSJ8"
"KAK6008070.1","tr|A0ABR0TUE5|A0ABR0TUE5_AURPU",100,645,0,1284,"A0ABR0TUE5"
"KAK6008119.1","tr|A0ABR0TUG6|A0ABR0TUG6_AURPU",100,624,0,1284,"A0ABR0TUG6"
"THW00149.1","tr|A0ABR0TUU7|A0ABR0TUU7_AURPU",91.7,699,0,1283,"A0ABR0TUU7"
"KAK6004694.1","tr|A0ABR0TJW3|A0ABR0TJW3_AURPU",100,619,0,1283,"A0ABR0TJW3"
"KAK6007238.1","tr|A0ABR0TS22|A0ABR0TS22_AURPU",100,705,0,1283,"A0ABR0TS22"
"KAK6008043.1","tr|A0ABR0TUB1|A0ABR0TUB1_AURPU",100,657,0,1283,"A0ABR0TUB1"
"KAK5999508.1","tr|A0ABR0T4Y2|A0ABR0T4Y2_AURPU",100,640,0,1282,"A0ABR0T4Y2"
"KAK6003243.1","tr|A0ABR0TFN9|A0ABR0TFN9_AURPU",100,768,0,1281,"A0ABR0TFN9"
"KAK6007507.1","tr|A0ABR0TTU4|A0ABR0TTU4_AURPU",100,694,0,1281,"A0ABR0TTU4"
"KAK6008602.1","tr|A0ABR0TWY3|A0ABR0TWY3_AURPU",100,654,0,1281,"A0ABR0TWY3"
"KAK6008678.1","tr|A0ABR0TW80|A0ABR0TW80_AURPU",100,658,0,1281,"A0ABR0TW80"
"CAD0012501.1","tr|A0ABR0TAS7|A0ABR0TAS7_AURPU",91,792,0,1281,"A0ABR0TAS7"
"THY24343.1","tr|A0ABR0TTB5|A0ABR0TTB5_AURPU",90.4,716,0,1280,"A0ABR0TTB5"
"KAK5999940.1","tr|A0ABR0T677|A0ABR0T677_AURPU",100,607,0,1280,"A0ABR0T677"
"KAK6000797.1","tr|A0ABR0T8M9|A0ABR0T8M9_AURPU",100,694,0,1280,"A0ABR0T8M9"
"KAK6002421.1","tr|A0ABR0TEQ5|A0ABR0TEQ5_AURPU",100,739,0,1280,"A0ABR0TEQ5"
"KAK6005950.1","tr|A0ABR0TPT2|A0ABR0TPT2_AURPU",100,601,0,1280,"A0ABR0TPT2"
"KAK6006382.1","tr|A0ABR0TQJ0|A0ABR0TQJ0_AURPU",100,621,0,1280,"A0ABR0TQJ0"
"THV76201.1","tr|A0ABR0T7B1|A0ABR0T7B1_AURPU",88.7,758,0,1279,"A0ABR0T7B1"
"TIA36226.1","tr|A0ABR0T7Q6|A0ABR0T7Q6_AURPU",91.2,701,0,1279,"A0ABR0T7Q6"
"KAK6003072.1","tr|A0ABR0TFE7|A0ABR0TFE7_AURPU",100,641,0,1279,"A0ABR0TFE7"
"KAK6008038.1","tr|A0ABR0TU60|A0ABR0TU60_AURPU",100,632,0,1278,"A0ABR0TU60"
"KAK6008262.1","tr|A0ABR0TVB9|A0ABR0TVB9_AURPU",100,718,0,1278,"A0ABR0TVB9"
"KAK6008774.1","tr|A0ABR0TWC8|A0ABR0TWC8_AURPU",100,724,0,1278,"A0ABR0TWC8"
"KAK6001093.1","tr|A0ABR0T9I9|A0ABR0T9I9_AURPU",100,639,0,1277,"A0ABR0T9I9"
"KAK6001433.1","tr|A0ABR0TAH0|A0ABR0TAH0_AURPU",100,643,0,1277,"A0ABR0TAH0"
"KAK6002984.1","tr|A0ABR0TEX5|A0ABR0TEX5_AURPU",100,633,0,1277,"A0ABR0TEX5"
"CAD0015758.1","tr|A0ABR0T9A0|A0ABR0T9A0_AURPU",91.4,760,0,1276,"A0ABR0T9A0"
"KAK6004660.1","tr|A0ABR0TL63|A0ABR0TL63_AURPU",100,637,0,1275,"A0ABR0TL63"
"THW39328.1","tr|A0ABR0T9R6|A0ABR0T9R6_AURPU",88.3,838,0,1274,"A0ABR0T9R6"
"KAK6004575.1","tr|A0ABR0TJF3|A0ABR0TJF3_AURPU",100,656,0,1274,"A0ABR0TJF3"
"KAK6005151.1","tr|A0ABR0TMM1|A0ABR0TMM1_AURPU",100,628,0,1274,"A0ABR0TMM1"
"KAK6007086.1","tr|A0ABR0TT87|A0ABR0TT87_AURPU",100,668,0,1274,"A0ABR0TT87"
"KAK6008795.1","tr|A0ABR0TXT0|A0ABR0TXT0_AURPU",100,652,0,1274,"A0ABR0TXT0"
"THZ13325.1","tr|A0ABR0T5S1|A0ABR0T5S1_AURPU",90.8,750,0,1273,"A0ABR0T5S1"
"KAK6000563.1","tr|A0ABR0T809|A0ABR0T809_AURPU",100,701,0,1273,"A0ABR0T809"
"KAK6003649.1","tr|A0ABR0TGU2|A0ABR0TGU2_AURPU",100,628,0,1273,"A0ABR0TGU2"
"THV86321.1","tr|A0ABR0T4U9|A0ABR0T4U9_AURPU",92.4,667,0,1272,"A0ABR0T4U9"
"KAK6006036.1","tr|A0ABR0TQ80|A0ABR0TQ80_AURPU",100,624,0,1272,"A0ABR0TQ80"
"KAK6006781.1","tr|A0ABR0TQT1|A0ABR0TQT1_AURPU",100,630,0,1272,"A0ABR0TQT1"
"KAK6007075.1","tr|A0ABR0TT37|A0ABR0TT37_AURPU",100,688,0,1272,"A0ABR0TT37"
"KAK6002183.1","tr|A0ABR0TCK7|A0ABR0TCK7_AURPU",100,617,0,1271,"A0ABR0TCK7"
"KAK6006322.1","tr|A0ABR0TQC5|A0ABR0TQC5_AURPU",100,680,0,1271,"A0ABR0TQC5"
"KAK6007247.1","tr|A0ABR0TS66|A0ABR0TS66_AURPU",100,691,0,1271,"A0ABR0TS66"
"KAK6007376.1","tr|A0ABR0TT82|A0ABR0TT82_AURPU",100,768,0,1270,"A0ABR0TT82"
"KAK6008762.1","tr|A0ABR0TWM7|A0ABR0TWM7_AURPU",100,662,0,1270,"A0ABR0TWM7"
"THX88586.1","tr|A0ABR0TJU6|A0ABR0TJU6_AURPU",91.5,683,0,1269,"A0ABR0TJU6"
"KAK6000320.1","tr|A0ABR0T8K9|A0ABR0T8K9_AURPU",100,637,0,1269,"A0ABR0T8K9"
"KAK6001896.1","tr|A0ABR0TD87|A0ABR0TD87_AURPU",100,703,0,1269,"A0ABR0TD87"
"KAK6003641.1","tr|A0ABR0THV7|A0ABR0THV7_AURPU",100,612,0,1269,"A0ABR0THV7"
"CAC9888400.1","tr|A0ABR0TPI2|A0ABR0TPI2_AURPU",90.3,690,0,1269,"A0ABR0TPI2"
"KEQ86681.1","tr|A0ABR0TK99|A0ABR0TK99_AURPU",95.3,739,0,1268,"A0ABR0TK99"
"KAK6000289.1","tr|A0ABR0T760|A0ABR0T760_AURPU",100,625,0,1268,"A0ABR0T760"
"KAK6005433.1","tr|A0ABR0TLW1|A0ABR0TLW1_AURPU",100,629,0,1268,"A0ABR0TLW1"
"KAK6007873.1","tr|A0ABR0TTQ1|A0ABR0TTQ1_AURPU",100,684,0,1268,"A0ABR0TTQ1"
"KAK5999790.1","tr|A0ABR0T5T8|A0ABR0T5T8_AURPU",100,644,0,1267,"A0ABR0T5T8"
"KAK6003357.1","tr|A0ABR0TG83|A0ABR0TG83_AURPU",100,628,0,1267,"A0ABR0TG83"
"KAK6008245.1","tr|A0ABR0TWH8|A0ABR0TWH8_AURPU",100,666,0,1267,"A0ABR0TWH8"
"KAK6000070.1","tr|A0ABR0T7S4|A0ABR0T7S4_AURPU",100,646,0,1266,"A0ABR0T7S4"
"KAK6004616.1","tr|A0ABR0TKK0|A0ABR0TKK0_AURPU",100,654,0,1266,"A0ABR0TKK0"
"KAK6007897.1","tr|A0ABR0TUX8|A0ABR0TUX8_AURPU",100,697,0,1266,"A0ABR0TUX8"
"KAK6008536.1","tr|A0ABR0TVL9|A0ABR0TVL9_AURPU",100,652,0,1266,"A0ABR0TVL9"
"TIA66922.1","tr|A0ABR0TI64|A0ABR0TI64_AURPU",89.9,731,0,1265,"A0ABR0TI64"
"KAK5999539.1","tr|A0ABR0T525|A0ABR0T525_AURPU",100,703,0,1265,"A0ABR0T525"
"KEQ83120.1","tr|A0ABR0TLM4|A0ABR0TLM4_AURPU",94.7,674,0,1264,"A0ABR0TLM4"
"KAK6004740.1","tr|A0ABR0TJW1|A0ABR0TJW1_AURPU",100,604,0,1264,"A0ABR0TJW1"
"KAK6006964.1","tr|A0ABR0TRB2|A0ABR0TRB2_AURPU",100,683,0,1264,"A0ABR0TRB2"
"KAK6007877.1","tr|A0ABR0TTZ2|A0ABR0TTZ2_AURPU",100,645,0,1264,"A0ABR0TTZ2"
"KAK6004743.1","tr|A0ABR0TJW2|A0ABR0TJW2_AURPU",100,650,0,1263,"A0ABR0TJW2"
"KAK6005900.1","tr|A0ABR0TPV5|A0ABR0TPV5_AURPU",100,653,0,1263,"A0ABR0TPV5"
"KAK6006712.1","tr|A0ABR0TRI8|A0ABR0TRI8_AURPU",100,624,0,1263,"A0ABR0TRI8"
"KAK6008855.1","tr|A0ABR0TXW3|A0ABR0TXW3_AURPU",100,630,0,1263,"A0ABR0TXW3"
"CAD0016250.1","tr|A0ABR0TLH3|A0ABR0TLH3_AURPU",88.4,820,0,1263,"A0ABR0TLH3"
"CAD0058793.1","tr|A0ABR0T6R7|A0ABR0T6R7_AURPU",97.2,653,0,1263,"A0ABR0T6R7"
"OBW65156.1","tr|A0ABR0TMQ8|A0ABR0TMQ8_AURPU",95.4,745,0,1262,"A0ABR0TMQ8"
"KAK6005208.1","tr|A0ABR0TL87|A0ABR0TL87_AURPU",100,655,0,1262,"A0ABR0TL87"
"KAK6005401.1","tr|A0ABR0TLT0|A0ABR0TLT0_AURPU",100,644,0,1262,"A0ABR0TLT0"
"KAK6005629.1","tr|A0ABR0TMF9|A0ABR0TMF9_AURPU",100,605,0,1262,"A0ABR0TMF9"
"THW64642.1","tr|A0ABR0TRC5|A0ABR0TRC5_AURPU",93.2,705,0,1261,"A0ABR0TRC5"
"THW07986.1","tr|A0ABR0TMA5|A0ABR0TMA5_AURPU",88.4,722,0,1261,"A0ABR0TMA5"
"THX42974.1","tr|A0ABR0T6F7|A0ABR0T6F7_AURPU",90.1,847,0,1261,"A0ABR0T6F7"
"KAK6000038.1","tr|A0ABR0T6I5|A0ABR0T6I5_AURPU",100,785,0,1261,"A0ABR0T6I5"
"KAK6004600.1","tr|A0ABR0TL05|A0ABR0TL05_AURPU",100,652,0,1261,"A0ABR0TL05"
"KAK6004785.1","tr|A0ABR0TJZ9|A0ABR0TJZ9_AURPU",100,590,0,1261,"A0ABR0TJZ9"
"KAK6005097.1","tr|A0ABR0TL79|A0ABR0TL79_AURPU",100,674,0,1260,"A0ABR0TL79"
"THW54858.1","tr|A0ABR0TLS0|A0ABR0TLS0_AURPU",89.7,730,0,1259,"A0ABR0TLS0"
"THZ12511.1","tr|A0ABR0T7Y1|A0ABR0T7Y1_AURPU",95,637,0,1259,"A0ABR0T7Y1"
"KAK6005380.1","tr|A0ABR0TN70|A0ABR0TN70_AURPU",100,689,0,1259,"A0ABR0TN70"
"KAK6006348.1","tr|A0ABR0TPG3|A0ABR0TPG3_AURPU",100,638,0,1259,"A0ABR0TPG3"
"KAK6008323.1","tr|A0ABR0TUZ9|A0ABR0TUZ9_AURPU",100,635,0,1259,"A0ABR0TUZ9"
"KAK6000913.1","tr|A0ABR0T8Z0|A0ABR0T8Z0_AURPU",100,1351,0,1258,"A0ABR0T8Z0"
"KAK6006321.1","tr|A0ABR0TR17|A0ABR0TR17_AURPU",100,620,0,1258,"A0ABR0TR17"
"THY41071.1","tr|A0ABR0TK78|A0ABR0TK78_AURPU",93.4,656,0,1257,"A0ABR0TK78"
"KAK6002567.1","tr|A0ABR0TDQ1|A0ABR0TDQ1_AURPU",100,617,0,1257,"A0ABR0TDQ1"
"THZ01395.1","tr|A0ABR0TLQ4|A0ABR0TLQ4_AURPU",93.4,746,0,1256,"A0ABR0TLQ4"
"KAK6000297.1","tr|A0ABR0T7K8|A0ABR0T7K8_AURPU",100,666,0,1256,"A0ABR0T7K8"
"KAK6004836.1","tr|A0ABR0TLS1|A0ABR0TLS1_AURPU",100,636,0,1256,"A0ABR0TLS1"
"KAK6007634.1","tr|A0ABR0TT68|A0ABR0TT68_AURPU",100,748,0,1256,"A0ABR0TT68"
"KAK6007304.1","tr|A0ABR0TS78|A0ABR0TS78_AURPU",100,681,0,1255,"A0ABR0TS78"
"THY22385.1","tr|A0ABR0TQF3|A0ABR0TQF3_AURPU",90.7,690,0,1254,"A0ABR0TQF3"
"KAK6001915.1","tr|A0ABR0TD65|A0ABR0TD65_AURPU",100,637,0,1254,"A0ABR0TD65"
"KAK6003344.1","tr|A0ABR0TFZ5|A0ABR0TFZ5_AURPU",100,642,0,1254,"A0ABR0TFZ5"
"THV68253.1","tr|A0ABR0TGC8|A0ABR0TGC8_AURPU",95.8,689,0,1253,"A0ABR0TGC8"
"THV76120.1","tr|A0ABR0T7D6|A0ABR0T7D6_AURPU",93.9,669,0,1253,"A0ABR0T7D6"
"THY36675.1","tr|A0ABR0TFM7|A0ABR0TFM7_AURPU",97.2,672,0,1253,"A0ABR0TFM7"
"THZ91575.1","tr|A0ABR0TE09|A0ABR0TE09_AURPU",88.3,695,0,1253,"A0ABR0TE09"
"KAK6000419.1","tr|A0ABR0T7S0|A0ABR0T7S0_AURPU",100,630,0,1253,"A0ABR0T7S0"
"KAK6005870.1","tr|A0ABR0TPT3|A0ABR0TPT3_AURPU",100,688,0,1253,"A0ABR0TPT3"
"KAK6008276.1","tr|A0ABR0TVS2|A0ABR0TVS2_AURPU",100,619,0,1253,"A0ABR0TVS2"
"THW28328.1","tr|A0ABR0TBD2|A0ABR0TBD2_AURPU",94.6,635,0,1252,"A0ABR0TBD2"
"KAK6001378.1","tr|A0ABR0TAC2|A0ABR0TAC2_AURPU",100,650,0,1252,"A0ABR0TAC2"
"KAK6004273.1","tr|A0ABR0TIK5|A0ABR0TIK5_AURPU",100,615,0,1252,"A0ABR0TIK5"
"KAK6005298.1","tr|A0ABR0TLH7|A0ABR0TLH7_AURPU",100,638,0,1252,"A0ABR0TLH7"
"KAK6006286.1","tr|A0ABR0TPE3|A0ABR0TPE3_AURPU",100,631,0,1252,"A0ABR0TPE3"
"KAK6006427.1","tr|A0ABR0TQP6|A0ABR0TQP6_AURPU",100,638,0,1251,"A0ABR0TQP6"
"KAK6006786.1","tr|A0ABR0TSD1|A0ABR0TSD1_AURPU",100,642,0,1251,"A0ABR0TSD1"
"KEQ87231.1","tr|A0ABR0TD86|A0ABR0TD86_AURPU",93.2,664,0,1250,"A0ABR0TD86"
"KAK5999478.1","tr|A0ABR0T4V0|A0ABR0T4V0_AURPU",100,587,0,1250,"A0ABR0T4V0"
"KAK6003525.1","tr|A0ABR0TGI2|A0ABR0TGI2_AURPU",100,740,0,1250,"A0ABR0TGI2"
"KAK6005871.1","tr|A0ABR0TPQ7|A0ABR0TPQ7_AURPU",100,609,0,1250,"A0ABR0TPQ7"
"KAK6008497.1","tr|A0ABR0TWP0|A0ABR0TWP0_AURPU",100,628,0,1250,"A0ABR0TWP0"
"KEQ87821.1","tr|A0ABR0TTK8|A0ABR0TTK8_AURPU",91.5,657,0,1249,"A0ABR0TTK8"
"OBW64512.1","tr|A0ABR0TLI1|A0ABR0TLI1_AURPU",97,659,0,1249,"A0ABR0TLI1"
"THY56117.1","tr|A0ABR0TBA7|A0ABR0TBA7_AURPU",93.8,676,0,1249,"A0ABR0TBA7"
"KAK6000432.1","tr|A0ABR0T7Z3|A0ABR0T7Z3_AURPU",100,620,0,1249,"A0ABR0T7Z3"
"KAK6002747.1","tr|A0ABR0TE82|A0ABR0TE82_AURPU",100,689,0,1249,"A0ABR0TE82"
"OBW68390.1","tr|A0ABR0TR62|A0ABR0TR62_AURPU",95,740,0,1248,"A0ABR0TR62"
"OBW68550.1","tr|A0ABR0TNU1|A0ABR0TNU1_AURPU",88.6,718,0,1248,"A0ABR0TNU1"
"THW19147.1","tr|A0ABR0TNV1|A0ABR0TNV1_AURPU",89.9,742,0,1248,"A0ABR0TNV1"
"KAK5999330.1","tr|A0ABR0T5K8|A0ABR0T5K8_AURPU",100,638,0,1248,"A0ABR0T5K8"
"KAK6003091.1","tr|A0ABR0TF74|A0ABR0TF74_AURPU",100,615,0,1248,"A0ABR0TF74"
"KAK6007067.1","tr|A0ABR0TRL2|A0ABR0TRL2_AURPU",100,666,0,1248,"A0ABR0TRL2"
"KAK6008559.1","tr|A0ABR0TWG9|A0ABR0TWG9_AURPU",100,656,0,1248,"A0ABR0TWG9"
"KAK6002154.1","tr|A0ABR0TD18|A0ABR0TD18_AURPU",100,704,0,1247,"A0ABR0TD18"
"KAK6000109.1","tr|A0ABR0T6N6|A0ABR0T6N6_AURPU",100,637,0,1246,"A0ABR0T6N6"
"KAK6000871.1","tr|A0ABR0T8V8|A0ABR0T8V8_AURPU",100,659,0,1246,"A0ABR0T8V8"
"KAK6001598.1","tr|A0ABR0TAY0|A0ABR0TAY0_AURPU",100,671,0,1246,"A0ABR0TAY0"
"KAK6004921.1","tr|A0ABR0TKE0|A0ABR0TKE0_AURPU",100,749,0,1246,"A0ABR0TKE0"
"KAK6005617.1","tr|A0ABR0TN83|A0ABR0TN83_AURPU",100,648,0,1246,"A0ABR0TN83"
"KAK6005027.1","tr|A0ABR0TKT1|A0ABR0TKT1_AURPU",100,646,0,1245,"A0ABR0TKT1"
"KAK6000535.1","tr|A0ABR0T922|A0ABR0T922_AURPU",100,634,0,1244,"A0ABR0T922"
"KAK6005018.1","tr|A0ABR0TKR1|A0ABR0TKR1_AURPU",100,626,0,1244,"A0ABR0TKR1"
"KAK6005033.1","tr|A0ABR0TKS5|A0ABR0TKS5_AURPU",100,629,0,1244,"A0ABR0TKS5"
"THW91109.1","tr|A0ABR0TVX6|A0ABR0TVX6_AURPU",96.3,649,0,1242,"A0ABR0TVX6"
"KAK6001472.1","tr|A0ABR0TAL1|A0ABR0TAL1_AURPU",100,649,0,1242,"A0ABR0TAL1"
"KAK6003640.1","tr|A0ABR0TI51|A0ABR0TI51_AURPU",100,620,0,1242,"A0ABR0TI51"
"KAK6007437.1","tr|A0ABR0TT00|A0ABR0TT00_AURPU",100,714,0,1242,"A0ABR0TT00"
"KAK6008015.1","tr|A0ABR0TW05|A0ABR0TW05_AURPU",100,648,0,1242,"A0ABR0TW05"
"KAK6000035.1","tr|A0ABR0T7R4|A0ABR0T7R4_AURPU",100,617,0,1241,"A0ABR0T7R4"
"KAK6000043.1","tr|A0ABR0T6I1|A0ABR0T6I1_AURPU",100,671,0,1241,"A0ABR0T6I1"
"KAK6007360.1","tr|A0ABR0TTY6|A0ABR0TTY6_AURPU",100,645,0,1241,"A0ABR0TTY6"
"OBW69669.1","tr|A0ABR0TA80|A0ABR0TA80_AURPU",95,662,0,1240,"A0ABR0TA80"
"KAK6002143.1","tr|A0ABR0TCG8|A0ABR0TCG8_AURPU",100,625,0,1240,"A0ABR0TCG8"
"KAK6003343.1","tr|A0ABR0TFY7|A0ABR0TFY7_AURPU",100,700,0,1240,"A0ABR0TFY7"
"KAK6003964.1","tr|A0ABR0THP9|A0ABR0THP9_AURPU",100,772,0,1240,"A0ABR0THP9"
"KAK6005646.1","tr|A0ABR0TNZ9|A0ABR0TNZ9_AURPU",100,808,0,1240,"A0ABR0TNZ9"
"KAK6007291.1","tr|A0ABR0TS73|A0ABR0TS73_AURPU",100,630,0,1240,"A0ABR0TS73"
"KAK6000658.1","tr|A0ABR0T890|A0ABR0T890_AURPU",100,643,0,1239,"A0ABR0T890"
"KAK6001514.1","tr|A0ABR0TAT8|A0ABR0TAT8_AURPU",100,638,0,1239,"A0ABR0TAT8"
"THV66956.1","tr|A0ABR0TWI6|A0ABR0TWI6_AURPU",94.5,636,0,1238,"A0ABR0TWI6"
"KAK6001925.1","tr|A0ABR0TDC4|A0ABR0TDC4_AURPU",100,637,0,1238,"A0ABR0TDC4"
"KAK6003467.1","tr|A0ABR0TG99|A0ABR0TG99_AURPU",100,636,0,1238,"A0ABR0TG99"
"KAK6004239.1","tr|A0ABR0TJ19|A0ABR0TJ19_AURPU",100,649,0,1238,"A0ABR0TJ19"
"CAD0027366.1","tr|A0ABR0TEY9|A0ABR0TEY9_AURPU",92,650,0,1238,"A0ABR0TEY9"
"KAK5999395.1","tr|A0ABR0T5S2|A0ABR0T5S2_AURPU",100,647,0,1237,"A0ABR0T5S2"
"KAK5999974.1","tr|A0ABR0T6A3|A0ABR0T6A3_AURPU",100,595,0,1237,"A0ABR0T6A3"
"KAK6005013.1","tr|A0ABR0TKN4|A0ABR0TKN4_AURPU",100,629,0,1237,"A0ABR0TKN4"
"THX52682.1","tr|A0ABR0TS44|A0ABR0TS44_AURPU",91.1,753,0,1236,"A0ABR0TS44"
"KAK6001555.1","tr|A0ABR0TC52|A0ABR0TC52_AURPU",100,616,0,1236,"A0ABR0TC52"
"KAK6001699.1","tr|A0ABR0TB75|A0ABR0TB75_AURPU",100,648,0,1236,"A0ABR0TB75"
"KAK6003150.1","tr|A0ABR0TFE3|A0ABR0TFE3_AURPU",100,662,0,1236,"A0ABR0TFE3"
"KAK6003222.1","tr|A0ABR0TFU0|A0ABR0TFU0_AURPU",100,601,0,1236,"A0ABR0TFU0"
"KAK6003483.1","tr|A0ABR0TGB1|A0ABR0TGB1_AURPU",100,609,0,1236,"A0ABR0TGB1"
"KAK6004449.1","tr|A0ABR0TJN1|A0ABR0TJN1_AURPU",100,628,0,1236,"A0ABR0TJN1"
"KAK6005678.1","tr|A0ABR0TMM0|A0ABR0TMM0_AURPU",100,634,0,1236,"A0ABR0TMM0"
"KAK6007392.1","tr|A0ABR0TSW1|A0ABR0TSW1_AURPU",100,622,0,1236,"A0ABR0TSW1"
"KAK5999605.1","tr|A0ABR0T6E8|A0ABR0T6E8_AURPU",100,627,0,1235,"A0ABR0T6E8"
"KAK6005294.1","tr|A0ABR0TLM0|A0ABR0TLM0_AURPU",100,630,0,1235,"A0ABR0TLM0"
"KAK6005381.1","tr|A0ABR0TMP3|A0ABR0TMP3_AURPU",100,624,0,1235,"A0ABR0TMP3"
"CAR4692767.1","tr|A0ABR0TDF1|A0ABR0TDF1_AURPU",88.4,726,0,1235,"A0ABR0TDF1"
"THY21169.1","tr|A0ABR0T840|A0ABR0T840_AURPU",95.9,661,0,1234,"A0ABR0T840"
"THX62851.1","tr|A0ABR0TEE4|A0ABR0TEE4_AURPU",93.5,660,0,1234,"A0ABR0TEE4"
"KAK6000748.1","tr|A0ABR0T8I5|A0ABR0T8I5_AURPU",100,708,0,1234,"A0ABR0T8I5"
"KAK6002075.1","tr|A0ABR0TDR2|A0ABR0TDR2_AURPU",100,635,0,1234,"A0ABR0TDR2"
"THX15247.1","tr|A0ABR0TJJ9|A0ABR0TJJ9_AURPU",87.5,760,0,1233,"A0ABR0TJJ9"
"THZ85091.1","tr|A0ABR0TXC6|A0ABR0TXC6_AURPU",93,675,0,1233,"A0ABR0TXC6"
"KAK6001312.1","tr|A0ABR0TB19|A0ABR0TB19_AURPU",100,599,0,1233,"A0ABR0TB19"
"KAK6006539.1","tr|A0ABR0TQ11|A0ABR0TQ11_AURPU",100,593,0,1233,"A0ABR0TQ11"
"KAK6000295.1","tr|A0ABR0T8E0|A0ABR0T8E0_AURPU",100,636,0,1232,"A0ABR0T8E0"
"CAD0018978.1","tr|A0ABR0TWS0|A0ABR0TWS0_AURPU",93.9,684,0,1232,"A0ABR0TWS0"
"OBW67618.1","tr|A0ABR0TR46|A0ABR0TR46_AURPU",90.4,689,0,1231,"A0ABR0TR46"
"KAK6001107.1","tr|A0ABR0T9X6|A0ABR0T9X6_AURPU",100,739,0,1231,"A0ABR0T9X6"
"KAK6002477.1","tr|A0ABR0TDG8|A0ABR0TDG8_AURPU",100,613,0,1231,"A0ABR0TDG8"
"KAK6002750.1","tr|A0ABR0TFQ7|A0ABR0TFQ7_AURPU",100,656,0,1231,"A0ABR0TFQ7"
"KAK6002895.1","tr|A0ABR0TEP1|A0ABR0TEP1_AURPU",100,628,0,1231,"A0ABR0TEP1"
"KAK6005173.1","tr|A0ABR0TL47|A0ABR0TL47_AURPU",100,624,0,1231,"A0ABR0TL47"
"THV77753.1","tr|A0ABR0TTM9|A0ABR0TTM9_AURPU",97.5,642,0,1230,"A0ABR0TTM9"
"KAK5999456.1","tr|A0ABR0T640|A0ABR0T640_AURPU",100,611,0,1230,"A0ABR0T640"
"KAK5999594.1","tr|A0ABR0T5G8|A0ABR0T5G8_AURPU",100,606,0,1230,"A0ABR0T5G8"
"KAK6002102.1","tr|A0ABR0TCD4|A0ABR0TCD4_AURPU",100,603,0,1230,"A0ABR0TCD4"
"KAK6007065.1","tr|A0ABR0TRI9|A0ABR0TRI9_AURPU",100,627,0,1230,"A0ABR0TRI9"
"KAK6000058.1","tr|A0ABR0T6K2|A0ABR0T6K2_AURPU",100,631,0,1229,"A0ABR0T6K2"
"KAK6003820.1","tr|A0ABR0TIM3|A0ABR0TIM3_AURPU",100,612,0,1229,"A0ABR0TIM3"
"KAK6005947.1","tr|A0ABR0TP90|A0ABR0TP90_AURPU",100,592,0,1229,"A0ABR0TP90"
"KAK6007091.1","tr|A0ABR0TSF2|A0ABR0TSF2_AURPU",100,651,0,1229,"A0ABR0TSF2"
"KAK5999987.1","tr|A0ABR0T6E4|A0ABR0T6E4_AURPU",100,618,0,1228,"A0ABR0T6E4"
"KAK6001729.1","tr|A0ABR0TBA6|A0ABR0TBA6_AURPU",100,629,0,1228,"A0ABR0TBA6"
"KAK6002363.1","tr|A0ABR0TD37|A0ABR0TD37_AURPU",100,605,0,1228,"A0ABR0TD37"
"KAK6005231.1","tr|A0ABR0TMC5|A0ABR0TMC5_AURPU",100,618,0,1228,"A0ABR0TMC5"
"KAK6006912.1","tr|A0ABR0TRH2|A0ABR0TRH2_AURPU",100,672,0,1228,"A0ABR0TRH2"
"KAK6000264.1","tr|A0ABR0T7Q1|A0ABR0T7Q1_AURPU",100,609,0,1227,"A0ABR0T7Q1"
"KAK6001016.1","tr|A0ABR0TAG8|A0ABR0TAG8_AURPU",100,615,0,1227,"A0ABR0TAG8"
"KAK6001354.1","tr|A0ABR0TA88|A0ABR0TA88_AURPU",100,616,0,1227,"A0ABR0TA88"
"KEQ87867.1","tr|A0ABR0TTY1|A0ABR0TTY1_AURPU",88.1,721,0,1226,"A0ABR0TTY1"
"KAK6003246.1","tr|A0ABR0TH58|A0ABR0TH58_AURPU",100,981,0,1226,"A0ABR0TH58"
"KEQ82117.1","tr|A0ABR0THP8|A0ABR0THP8_AURPU",97.1,701,0,1225,"A0ABR0THP8"
"KAK6002434.1","tr|A0ABR0TDB1|A0ABR0TDB1_AURPU",100,605,0,1225,"A0ABR0TDB1"
"KAK5999704.1","tr|A0ABR0T5K3|A0ABR0T5K3_AURPU",100,596,0,1224,"A0ABR0T5K3"
"KAK6000240.1","tr|A0ABR0T719|A0ABR0T719_AURPU",100,729,0,1224,"A0ABR0T719"
"KAK6001826.1","tr|A0ABR0TCT7|A0ABR0TCT7_AURPU",100,693,0,1224,"A0ABR0TCT7"
"KAK6002885.1","tr|A0ABR0TG33|A0ABR0TG33_AURPU",100,617,0,1224,"A0ABR0TG33"
"KAK6003767.1","tr|A0ABR0TH54|A0ABR0TH54_AURPU",100,609,0,1223,"A0ABR0TH54"
"KAK6000311.1","tr|A0ABR0T8K4|A0ABR0T8K4_AURPU",100,621,0,1222,"A0ABR0T8K4"
"KAK6003921.1","tr|A0ABR0TJ34|A0ABR0TJ34_AURPU",100,666,0,1222,"A0ABR0TJ34"
"KAK6004258.1","tr|A0ABR0TIJ1|A0ABR0TIJ1_AURPU",100,793,0,1222,"A0ABR0TIJ1"
"KAK6006297.1","tr|A0ABR0TPM4|A0ABR0TPM4_AURPU",100,671,0,1222,"A0ABR0TPM4"
"KAK6002823.1","tr|A0ABR0TEG7|A0ABR0TEG7_AURPU",100,611,0,1221,"A0ABR0TEG7"
"KAK6007070.1","tr|A0ABR0TT72|A0ABR0TT72_AURPU",100,595,0,1221,"A0ABR0TT72"
"KAK6008479.1","tr|A0ABR0TVI3|A0ABR0TVI3_AURPU",100,648,0,1221,"A0ABR0TVI3"
"KAK6001440.1","tr|A0ABR0TAH3|A0ABR0TAH3_AURPU",100,636,0,1220,"A0ABR0TAH3"
"KAK6004704.1","tr|A0ABR0TKD2|A0ABR0TKD2_AURPU",100,607,0,1220,"A0ABR0TKD2"
"KAK6004828.1","tr|A0ABR0TK43|A0ABR0TK43_AURPU",100,602,0,1220,"A0ABR0TK43"
"KAK6008045.1","tr|A0ABR0TW29|A0ABR0TW29_AURPU",100,623,0,1220,"A0ABR0TW29"
"KAK6008100.1","tr|A0ABR0TUH4|A0ABR0TUH4_AURPU",100,618,0,1220,"A0ABR0TUH4"
"KAK6008198.1","tr|A0ABR0TUV7|A0ABR0TUV7_AURPU",100,606,0,1220,"A0ABR0TUV7"
"KAK6000059.1","tr|A0ABR0T6S4|A0ABR0T6S4_AURPU",100,609,0,1219,"A0ABR0T6S4"
"KAK6005809.1","tr|A0ABR0TMZ6|A0ABR0TMZ6_AURPU",100,614,0,1219,"A0ABR0TMZ6"
"CAD0025931.1","tr|A0ABR0TNG2|A0ABR0TNG2_AURPU",91,647,0,1219,"A0ABR0TNG2"
"THX01010.1","tr|A0ABR0TT27|A0ABR0TT27_AURPU",93.8,662,0,1218,"A0ABR0TT27"
"THZ14034.1","tr|A0ABR0TKD4|A0ABR0TKD4_AURPU",97.8,638,0,1218,"A0ABR0TKD4"
"KAK6004976.1","tr|A0ABR0TLL4|A0ABR0TLL4_AURPU",100,613,0,1218,"A0ABR0TLL4"
"KAK6008079.1","tr|A0ABR0TV32|A0ABR0TV32_AURPU",100,647,0,1218,"A0ABR0TV32"
"THX14789.1","tr|A0ABR0TF78|A0ABR0TF78_AURPU",90.9,685,0,1217,"A0ABR0TF78"
"KAK6002139.1","tr|A0ABR0TD02|A0ABR0TD02_AURPU",100,635,0,1217,"A0ABR0TD02"
"KAK6006776.1","tr|A0ABR0TRM3|A0ABR0TRM3_AURPU",100,674,0,1217,"A0ABR0TRM3"
"KAK6007229.1","tr|A0ABR0TS06|A0ABR0TS06_AURPU",100,702,0,1217,"A0ABR0TS06"
"KAK6008033.1","tr|A0ABR0TUD1|A0ABR0TUD1_AURPU",100,673,0,1217,"A0ABR0TUD1"
"KAK5999672.1","tr|A0ABR0T5J8|A0ABR0T5J8_AURPU",100,587,0,1216,"A0ABR0T5J8"
"KAK6005226.1","tr|A0ABR0TMT4|A0ABR0TMT4_AURPU",100,611,0,1216,"A0ABR0TMT4"
"KAK6004060.1","tr|A0ABR0TJC7|A0ABR0TJC7_AURPU",100,629,0,1215,"A0ABR0TJC7"
"KAK6005398.1","tr|A0ABR0TLS7|A0ABR0TLS7_AURPU",100,616,0,1215,"A0ABR0TLS7"
"KAK6005874.1","tr|A0ABR0TNR0|A0ABR0TNR0_AURPU",100,589,0,1214,"A0ABR0TNR0"
"KAK6008561.1","tr|A0ABR0TWK3|A0ABR0TWK3_AURPU",100,612,0,1214,"A0ABR0TWK3"
"KAK6003513.1","tr|A0ABR0TGE4|A0ABR0TGE4_AURPU",100,626,0,1213,"A0ABR0TGE4"
"KAK6008151.1","tr|A0ABR0TW74|A0ABR0TW74_AURPU",100,622,0,1213,"A0ABR0TW74"
"KAK6008413.1","tr|A0ABR0TV93|A0ABR0TV93_AURPU",100,600,0,1213,"A0ABR0TV93"
"CAD0011056.1","tr|A0ABR0TM84|A0ABR0TM84_AURPU",93.9,655,0,1213,"A0ABR0TM84"
"KAK6002825.1","tr|A0ABR0TFX0|A0ABR0TFX0_AURPU",100,603,0,1212,"A0ABR0TFX0"
"KAK6002959.1","tr|A0ABR0TEW7|A0ABR0TEW7_AURPU",100,635,0,1212,"A0ABR0TEW7"
"KEQ88014.1","tr|A0ABR0TU01|A0ABR0TU01_AURPU",96.7,671,0,1211,"A0ABR0TU01"
"OBW69909.1","tr|A0ABR0TTL4|A0ABR0TTL4_AURPU",96,623,0,1211,"A0ABR0TTL4"
"THZ30139.1","tr|A0ABR0TEQ3|A0ABR0TEQ3_AURPU",93.7,647,0,1211,"A0ABR0TEQ3"
"KAK6002401.1","tr|A0ABR0TD84|A0ABR0TD84_AURPU",100,614,0,1211,"A0ABR0TD84"
"KAK6004936.1","tr|A0ABR0TKF3|A0ABR0TKF3_AURPU",100,593,0,1211,"A0ABR0TKF3"
"KAK6005134.1","tr|A0ABR0TL09|A0ABR0TL09_AURPU",100,646,0,1211,"A0ABR0TL09"
"KAK6006188.1","tr|A0ABR0TP36|A0ABR0TP36_AURPU",100,955,0,1211,"A0ABR0TP36"
"KAK6006805.1","tr|A0ABR0TS98|A0ABR0TS98_AURPU",100,674,0,1211,"A0ABR0TS98"
"CAD0011168.1","tr|A0ABR0TCK0|A0ABR0TCK0_AURPU",92.2,664,0,1211,"A0ABR0TCK0"
"KAK5999762.1","tr|A0ABR0T5U8|A0ABR0T5U8_AURPU",100,603,0,1210,"A0ABR0T5U8"
"KAK6003731.1","tr|A0ABR0TI40|A0ABR0TI40_AURPU",100,589,0,1210,"A0ABR0TI40"
"KEQ87334.1","tr|A0ABR0T633|A0ABR0T633_AURPU",88.1,805,0,1209,"A0ABR0T633"
"THV81235.1","tr|A0ABR0TVC7|A0ABR0TVC7_AURPU",90.8,707,0,1209,"A0ABR0TVC7"
"KAK6000881.1","tr|A0ABR0TA38|A0ABR0TA38_AURPU",100,574,0,1209,"A0ABR0TA38"
"KAK6002189.1","tr|A0ABR0TCQ4|A0ABR0TCQ4_AURPU",100,627,0,1209,"A0ABR0TCQ4"
"KAK6005765.1","tr|A0ABR0TPH7|A0ABR0TPH7_AURPU",100,602,0,1209,"A0ABR0TPH7"
"KAK6008488.1","tr|A0ABR0TVG7|A0ABR0TVG7_AURPU",100,619,0,1209,"A0ABR0TVG7"
"THY28621.1","tr|A0ABR0TG57|A0ABR0TG57_AURPU",93.3,631,0,1208,"A0ABR0TG57"
"KAK6008514.1","tr|A0ABR0TWB9|A0ABR0TWB9_AURPU",100,597,0,1208,"A0ABR0TWB9"
"KAK6001602.1","tr|A0ABR0TBD7|A0ABR0TBD7_AURPU",100,656,0,1207,"A0ABR0TBD7"
"KAK6004856.1","tr|A0ABR0TL94|A0ABR0TL94_AURPU",100,605,0,1207,"A0ABR0TL94"
"KAK6006175.1","tr|A0ABR0TQF4|A0ABR0TQF4_AURPU",100,621,0,1207,"A0ABR0TQF4"
"OBW64618.1","tr|A0ABR0TKM7|A0ABR0TKM7_AURPU",94.5,655,0,1206,"A0ABR0TKM7"
"OBW66361.1","tr|A0ABR0TJI8|A0ABR0TJI8_AURPU",93.5,643,0,1206,"A0ABR0TJI8"
"KAK5999546.1","tr|A0ABR0T6C6|A0ABR0T6C6_AURPU",100,584,0,1206,"A0ABR0T6C6"
"KAK6002193.1","tr|A0ABR0TCM8|A0ABR0TCM8_AURPU",100,621,0,1206,"A0ABR0TCM8"
"KAK6002206.1","tr|A0ABR0TCN1|A0ABR0TCN1_AURPU",100,643,0,1206,"A0ABR0TCN1"
"KAK6002527.1","tr|A0ABR0TED3|A0ABR0TED3_AURPU",100,589,0,1206,"A0ABR0TED3"
"KAK6002706.1","tr|A0ABR0TFK9|A0ABR0TFK9_AURPU",100,643,0,1206,"A0ABR0TFK9"
"KAK6004615.1","tr|A0ABR0TL17|A0ABR0TL17_AURPU",100,677,0,1206,"A0ABR0TL17"
"KAK6006606.1","tr|A0ABR0TRU7|A0ABR0TRU7_AURPU",100,592,0,1206,"A0ABR0TRU7"
"KAK6008327.1","tr|A0ABR0TVB3|A0ABR0TVB3_AURPU",100,598,0,1206,"A0ABR0TVB3"
"KAK6008820.1","tr|A0ABR0TWI2|A0ABR0TWI2_AURPU",100,588,0,1206,"A0ABR0TWI2"
"KEQ84144.1","tr|A0ABR0TC72|A0ABR0TC72_AURPU",92.9,634,0,1205,"A0ABR0TC72"
"KAK6001605.1","tr|A0ABR0TAY3|A0ABR0TAY3_AURPU",100,590,0,1205,"A0ABR0TAY3"
"KAK6003378.1","tr|A0ABR0TG15|A0ABR0TG15_AURPU",100,642,0,1205,"A0ABR0TG15"
"KAK6000719.1","tr|A0ABR0T8L5|A0ABR0T8L5_AURPU",100,609,0,1204,"A0ABR0T8L5"
"KAK6005182.1","tr|A0ABR0TLZ5|A0ABR0TLZ5_AURPU",100,660,0,1204,"A0ABR0TLZ5"
"KAK6005855.1","tr|A0ABR0TPS0|A0ABR0TPS0_AURPU",100,580,0,1204,"A0ABR0TPS0"
"KAK6006627.1","tr|A0ABR0TQN0|A0ABR0TQN0_AURPU",100,599,0,1204,"A0ABR0TQN0"
"KAK6006823.1","tr|A0ABR0TQU9|A0ABR0TQU9_AURPU",100,589,0,1204,"A0ABR0TQU9"
"KAK5999554.1","tr|A0ABR0T545|A0ABR0T545_AURPU",100,582,0,1203,"A0ABR0T545"
"KAK6003028.1","tr|A0ABR0TF30|A0ABR0TF30_AURPU",100,599,0,1203,"A0ABR0TF30"
"KAK6007317.1","tr|A0ABR0TSP1|A0ABR0TSP1_AURPU",100,587,0,1203,"A0ABR0TSP1"
"KAK5999705.1","tr|A0ABR0T6S9|A0ABR0T6S9_AURPU",100,577,0,1202,"A0ABR0T6S9"
"KAK6001148.1","tr|A0ABR0T9P8|A0ABR0T9P8_AURPU",100,599,0,1202,"A0ABR0T9P8"
"KAK6001537.1","tr|A0ABR0TBN0|A0ABR0TBN0_AURPU",100,613,0,1202,"A0ABR0TBN0"
"KAK6007286.1","tr|A0ABR0TT07|A0ABR0TT07_AURPU",100,844,0,1202,"A0ABR0TT07"
"KAK6007318.1","tr|A0ABR0TS91|A0ABR0TS91_AURPU",100,605,0,1202,"A0ABR0TS91"
"KAK6000138.1","tr|A0ABR0T6R8|A0ABR0T6R8_AURPU",100,598,0,1201,"A0ABR0T6R8"
"KAK6000269.1","tr|A0ABR0T7C5|A0ABR0T7C5_AURPU",100,624,0,1201,"A0ABR0T7C5"
"KAK6001652.1","tr|A0ABR0TB34|A0ABR0TB34_AURPU",100,657,0,1201,"A0ABR0TB34"
"KAK6004215.1","tr|A0ABR0TIF9|A0ABR0TIF9_AURPU",100,590,0,1201,"A0ABR0TIF9"
"KAK6006357.1","tr|A0ABR0TPU0|A0ABR0TPU0_AURPU",100,593,0,1201,"A0ABR0TPU0"
"CAR4715940.1","tr|A0ABR0THK9|A0ABR0THK9_AURPU",91,645,0,1201,"A0ABR0THK9"
"THW58865.1","tr|A0ABR0TVV9|A0ABR0TVV9_AURPU",93.7,654,0,1200,"A0ABR0TVV9"
"KAK6005211.1","tr|A0ABR0TMR4|A0ABR0TMR4_AURPU",100,586,0,1200,"A0ABR0TMR4"
"KAK6003308.1","tr|A0ABR0TFU3|A0ABR0TFU3_AURPU",100,620,0,1199,"A0ABR0TFU3"
"KAK6003873.1","tr|A0ABR0THF5|A0ABR0THF5_AURPU",100,679,0,1199,"A0ABR0THF5"
"KAK6006140.1","tr|A0ABR0TQJ9|A0ABR0TQJ9_AURPU",100,623,0,1199,"A0ABR0TQJ9"
"KAK6006380.1","tr|A0ABR0TR89|A0ABR0TR89_AURPU",100,588,0,1199,"A0ABR0TR89"
"KAK6006498.1","tr|A0ABR0TPX6|A0ABR0TPX6_AURPU",100,618,0,1199,"A0ABR0TPX6"
"KAK6006993.1","tr|A0ABR0TRA5|A0ABR0TRA5_AURPU",100,613,0,1199,"A0ABR0TRA5"
"KAK6008093.1","tr|A0ABR0TUJ6|A0ABR0TUJ6_AURPU",100,591,0,1199,"A0ABR0TUJ6"
"KAK5999735.1","tr|A0ABR0T6W0|A0ABR0T6W0_AURPU",100,616,0,1198,"A0ABR0T6W0"
"KAK6001152.1","tr|A0ABR0TA19|A0ABR0TA19_AURPU",100,599,0,1198,"A0ABR0TA19"
"KAK6002196.1","tr|A0ABR0TE38|A0ABR0TE38_AURPU",100,609,0,1198,"A0ABR0TE38"
"KAK6002594.1","tr|A0ABR0TDV3|A0ABR0TDV3_AURPU",100,572,0,1198,"A0ABR0TDV3"
"KAK6003332.1","tr|A0ABR0TFW6|A0ABR0TFW6_AURPU",100,604,0,1198,"A0ABR0TFW6"
"KAK6003662.1","tr|A0ABR0TGU8|A0ABR0TGU8_AURPU",100,616,0,1198,"A0ABR0TGU8"
"KAK6005446.1","tr|A0ABR0TLW9|A0ABR0TLW9_AURPU",100,652,0,1198,"A0ABR0TLW9"
"KAK6007027.1","tr|A0ABR0TSE4|A0ABR0TSE4_AURPU",100,612,0,1198,"A0ABR0TSE4"
"THV64923.1","tr|A0ABR0TB81|A0ABR0TB81_AURPU",94.4,644,0,1197,"A0ABR0TB81"
"KAK5999463.1","tr|A0ABR0T4T7|A0ABR0T4T7_AURPU",100,615,0,1197,"A0ABR0T4T7"
"KAK6007783.1","tr|A0ABR0TTH9|A0ABR0TTH9_AURPU",100,614,0,1197,"A0ABR0TTH9"
"KEQ78908.1","tr|A0ABR0T5E1|A0ABR0T5E1_AURPU",91.1,643,0,1196,"A0ABR0T5E1"
"KEQ80404.1","tr|A0ABR0THL7|A0ABR0THL7_AURPU",92.2,670,0,1196,"A0ABR0THL7"
"THW06897.1","tr|A0ABR0TBP6|A0ABR0TBP6_AURPU",95.6,609,0,1196,"A0ABR0TBP6"
"KAK6006515.1","tr|A0ABR0TRM2|A0ABR0TRM2_AURPU",100,593,0,1196,"A0ABR0TRM2"
"OBW67339.1","tr|A0ABR0TUS1|A0ABR0TUS1_AURPU",94.9,653,0,1195,"A0ABR0TUS1"
"KAK6001773.1","tr|A0ABR0TBF6|A0ABR0TBF6_AURPU",100,605,0,1195,"A0ABR0TBF6"
"KAK6008562.1","tr|A0ABR0TW73|A0ABR0TW73_AURPU",100,607,0,1195,"A0ABR0TW73"
"KEQ81732.1","tr|A0ABR0T7G9|A0ABR0T7G9_AURPU",90.7,626,0,1194,"A0ABR0T7G9"
"THZ70291.1","tr|A0ABR0TBW7|A0ABR0TBW7_AURPU",89.9,693,0,1194,"A0ABR0TBW7"
"KAK6000694.1","tr|A0ABR0T8D1|A0ABR0T8D1_AURPU",100,601,0,1194,"A0ABR0T8D1"
"KAK6000944.1","tr|A0ABR0T987|A0ABR0T987_AURPU",100,613,0,1194,"A0ABR0T987"
"KAK6001313.1","tr|A0ABR0TA63|A0ABR0TA63_AURPU",100,588,0,1194,"A0ABR0TA63"
"KAK6006655.1","tr|A0ABR0TRV0|A0ABR0TRV0_AURPU",100,571,0,1194,"A0ABR0TRV0"
"CAD0013618.1","tr|A0ABR0TGP9|A0ABR0TGP9_AURPU",87.5,698,0,1194,"A0ABR0TGP9"
"KAK6000140.1","tr|A0ABR0T822|A0ABR0T822_AURPU",100,613,0,1193,"A0ABR0T822"
"KAK6007177.1","tr|A0ABR0TSV7|A0ABR0TSV7_AURPU",100,581,0,1193,"A0ABR0TSV7"
"KAK6002164.1","tr|A0ABR0TCK2|A0ABR0TCK2_AURPU",100,665,0,1192,"A0ABR0TCK2"
"KAK6002626.1","tr|A0ABR0TDW7|A0ABR0TDW7_AURPU",100,610,0,1192,"A0ABR0TDW7"
"KAK6006363.1","tr|A0ABR0TPH8|A0ABR0TPH8_AURPU",100,599,0,1192,"A0ABR0TPH8"
"KAK6006930.1","tr|A0ABR0TR45|A0ABR0TR45_AURPU",100,611,0,1192,"A0ABR0TR45"
"THW90965.1","tr|A0ABR0T6H7|A0ABR0T6H7_AURPU",94.2,602,0,1191,"A0ABR0T6H7"
"TIA19366.1","tr|A0ABR0TP07|A0ABR0TP07_AURPU",90.7,675,0,1191,"A0ABR0TP07"
"KAK6000580.1","tr|A0ABR0T971|A0ABR0T971_AURPU",100,609,0,1191,"A0ABR0T971"
"KAK6001431.1","tr|A0ABR0TBY0|A0ABR0TBY0_AURPU",100,585,0,1191,"A0ABR0TBY0"
"KAK6004945.1","tr|A0ABR0TLZ8|A0ABR0TLZ8_AURPU",100,575,0,1191,"A0ABR0TLZ8"
"KAK6005571.1","tr|A0ABR0TNS8|A0ABR0TNS8_AURPU",100,877,0,1191,"A0ABR0TNS8"
"CAD0011470.1","tr|A0ABR0TCF8|A0ABR0TCF8_AURPU",90.7,722,0,1191,"A0ABR0TCF8"
"THW74311.1","tr|A0ABR0TR69|A0ABR0TR69_AURPU",94.3,594,0,1190,"A0ABR0TR69"
"CAD0012523.1","tr|A0ABR0TSN9|A0ABR0TSN9_AURPU",91.9,626,0,1190,"A0ABR0TSN9"
"KEQ87949.1","tr|A0ABR0TTU0|A0ABR0TTU0_AURPU",91.5,680,0,1189,"A0ABR0TTU0"
"THV71632.1","tr|A0ABR0T5Y1|A0ABR0T5Y1_AURPU",93.1,619,0,1189,"A0ABR0T5Y1"
"THZ82394.1","tr|A0ABR0TSQ4|A0ABR0TSQ4_AURPU",96.2,586,0,1189,"A0ABR0TSQ4"
"KAK6000002.1","tr|A0ABR0T6F8|A0ABR0T6F8_AURPU",100,677,0,1189,"A0ABR0T6F8"
"KAK6001443.1","tr|A0ABR0TAH6|A0ABR0TAH6_AURPU",100,597,0,1189,"A0ABR0TAH6"
"KAK6004825.1","tr|A0ABR0TLM5|A0ABR0TLM5_AURPU",100,592,0,1189,"A0ABR0TLM5"
"KAK6006979.1","tr|A0ABR0TRC6|A0ABR0TRC6_AURPU",100,602,0,1189,"A0ABR0TRC6"
"THX56876.1","tr|A0ABR0TML8|A0ABR0TML8_AURPU",91.8,682,0,1188,"A0ABR0TML8"
"KAK6002848.1","tr|A0ABR0TEK5|A0ABR0TEK5_AURPU",100,577,0,1188,"A0ABR0TEK5"
"CAC9891013.1","tr|A0ABR0TSB1|A0ABR0TSB1_AURPU",94.3,633,0,1188,"A0ABR0TSB1"
"CAD0055941.1","tr|A0ABR0T7S8|A0ABR0T7S8_AURPU",88.6,712,0,1188,"A0ABR0T7S8"
"THV63937.1","tr|A0ABR0TDL9|A0ABR0TDL9_AURPU",91.6,629,0,1187,"A0ABR0TDL9"
"KAK6004109.1","tr|A0ABR0TI70|A0ABR0TI70_AURPU",100,578,0,1187,"A0ABR0TI70"
"CAR0999986.1","tr|A0ABR0TRK1|A0ABR0TRK1_AURPU",82.7,898,0,1187,"A0ABR0TRK1"
"KAK6001618.1","tr|A0ABR0TAZ5|A0ABR0TAZ5_AURPU",100,629,0,1186,"A0ABR0TAZ5"
"KAK6001712.1","tr|A0ABR0TB92|A0ABR0TB92_AURPU",100,652,0,1186,"A0ABR0TB92"
"KAK6003409.1","tr|A0ABR0TG37|A0ABR0TG37_AURPU",100,631,0,1186,"A0ABR0TG37"
"KAK6007696.1","tr|A0ABR0TTA7|A0ABR0TTA7_AURPU",100,593,0,1186,"A0ABR0TTA7"
"KAK6007768.1","tr|A0ABR0TTG6|A0ABR0TTG6_AURPU",100,811,0,1186,"A0ABR0TTG6"
"KAK6007257.1","tr|A0ABR0TSH5|A0ABR0TSH5_AURPU",100,569,0,1185,"A0ABR0TSH5"
"THX90247.1","tr|A0ABR0TJS2|A0ABR0TJS2_AURPU",94.9,625,0,1184,"A0ABR0TJS2"
"KAK5999807.1","tr|A0ABR0T5Y9|A0ABR0T5Y9_AURPU",100,574,0,1184,"A0ABR0T5Y9"
"KAK6000421.1","tr|A0ABR0T7J8|A0ABR0T7J8_AURPU",100,588,0,1184,"A0ABR0T7J8"
"KAK6006350.1","tr|A0ABR0TR57|A0ABR0TR57_AURPU",100,645,0,1184,"A0ABR0TR57"
"KAK6006840.1","tr|A0ABR0TQV8|A0ABR0TQV8_AURPU",100,592,0,1184,"A0ABR0TQV8"
"KAL2025576.1","tr|A0ABR0TQH2|A0ABR0TQH2_AURPU",93.8,705,0,1184,"A0ABR0TQH2"
"THY49335.1","tr|A0ABR0TJC2|A0ABR0TJC2_AURPU",94,603,0,1183,"A0ABR0TJC2"
"KAK5999591.1","tr|A0ABR0T6H1|A0ABR0T6H1_AURPU",100,579,0,1183,"A0ABR0T6H1"
"KAK6002185.1","tr|A0ABR0TDZ7|A0ABR0TDZ7_AURPU",100,657,0,1183,"A0ABR0TDZ7"
"KAK6004059.1","tr|A0ABR0TIG5|A0ABR0TIG5_AURPU",100,637,0,1183,"A0ABR0TIG5"
"THW92577.1","tr|A0ABR0T830|A0ABR0T830_AURPU",93.8,647,0,1182,"A0ABR0T830"
"KAK6000930.1","tr|A0ABR0T917|A0ABR0T917_AURPU",100,572,0,1182,"A0ABR0T917"
"KAK6001917.1","tr|A0ABR0TC96|A0ABR0TC96_AURPU",100,578,0,1182,"A0ABR0TC96"
"KAK6004261.1","tr|A0ABR0TIJ8|A0ABR0TIJ8_AURPU",100,606,0,1182,"A0ABR0TIJ8"
"KAK6004550.1","tr|A0ABR0TKY0|A0ABR0TKY0_AURPU",100,713,0,1182,"A0ABR0TKY0"
"KAK6005462.1","tr|A0ABR0TM08|A0ABR0TM08_AURPU",100,656,0,1182,"A0ABR0TM08"
"KAK6007265.1","tr|A0ABR0TTV0|A0ABR0TTV0_AURPU",100,557,0,1182,"A0ABR0TTV0"
"THX31255.1","tr|A0ABR0TQT4|A0ABR0TQT4_AURPU",93.3,624,0,1181,"A0ABR0TQT4"
"KAK6000313.1","tr|A0ABR0T795|A0ABR0T795_AURPU",100,671,0,1181,"A0ABR0T795"
"KAK6001444.1","tr|A0ABR0TAH1|A0ABR0TAH1_AURPU",100,617,0,1181,"A0ABR0TAH1"
"KAK6002827.1","tr|A0ABR0TFD7|A0ABR0TFD7_AURPU",100,821,0,1181,"A0ABR0TFD7"
"KAK6002954.1","tr|A0ABR0TEU9|A0ABR0TEU9_AURPU",100,603,0,1181,"A0ABR0TEU9"
"KAK6003842.1","tr|A0ABR0THD2|A0ABR0THD2_AURPU",100,618,0,1181,"A0ABR0THD2"
"KAK6005372.1","tr|A0ABR0TLR9|A0ABR0TLR9_AURPU",100,599,0,1181,"A0ABR0TLR9"
"KAK6006874.1","tr|A0ABR0TR24|A0ABR0TR24_AURPU",100,607,0,1181,"A0ABR0TR24"
"OBW69163.1","tr|A0ABR0TMS6|A0ABR0TMS6_AURPU",95.2,669,0,1180,"A0ABR0TMS6"
"THX43437.1","tr|A0ABR0T5C9|A0ABR0T5C9_AURPU",98.1,591,0,1180,"A0ABR0T5C9"
"KAK6002840.1","tr|A0ABR0TFY5|A0ABR0TFY5_AURPU",100,598,0,1180,"A0ABR0TFY5"
"KAK6006053.1","tr|A0ABR0TNP1|A0ABR0TNP1_AURPU",100,636,0,1180,"A0ABR0TNP1"
"KAK6008525.1","tr|A0ABR0TXA7|A0ABR0TXA7_AURPU",100,595,0,1180,"A0ABR0TXA7"
"KAK5999348.1","tr|A0ABR0T4H1|A0ABR0T4H1_AURPU",100,589,0,1179,"A0ABR0T4H1"
"KAK6004062.1","tr|A0ABR0TI93|A0ABR0TI93_AURPU",100,624,0,1179,"A0ABR0TI93"
"KAK6005509.1","tr|A0ABR0TM34|A0ABR0TM34_AURPU",100,623,0,1179,"A0ABR0TM34"
"KAK6005558.1","tr|A0ABR0TM86|A0ABR0TM86_AURPU",100,599,0,1179,"A0ABR0TM86"
"THZ41598.1","tr|A0ABR0TJF6|A0ABR0TJF6_AURPU",97.4,616,0,1178,"A0ABR0TJF6"
"KAK6000099.1","tr|A0ABR0T780|A0ABR0T780_AURPU",100,657,0,1178,"A0ABR0T780"
"KAK6001166.1","tr|A0ABR0TAW1|A0ABR0TAW1_AURPU",100,571,0,1177,"A0ABR0TAW1"
"KAK6001179.1","tr|A0ABR0TAB1|A0ABR0TAB1_AURPU",100,597,0,1177,"A0ABR0TAB1"
"KAK6003569.1","tr|A0ABR0TGL3|A0ABR0TGL3_AURPU",100,584,0,1177,"A0ABR0TGL3"
"KAK6008249.1","tr|A0ABR0TUW3|A0ABR0TUW3_AURPU",100,675,0,1177,"A0ABR0TUW3"
"THW77772.1","tr|A0ABR0TB97|A0ABR0TB97_AURPU",93.7,669,0,1176,"A0ABR0TB97"
"KAK6005789.1","tr|A0ABR0TN07|A0ABR0TN07_AURPU",100,587,0,1176,"A0ABR0TN07"
"KAK6005993.1","tr|A0ABR0TNH7|A0ABR0TNH7_AURPU",100,619,0,1176,"A0ABR0TNH7"
"KAK6007458.1","tr|A0ABR0TSM1|A0ABR0TSM1_AURPU",100,581,0,1176,"A0ABR0TSM1"
"KAK6007820.1","tr|A0ABR0TVE3|A0ABR0TVE3_AURPU",100,608,0,1176,"A0ABR0TVE3"
"KAK6002065.1","tr|A0ABR0TDM9|A0ABR0TDM9_AURPU",100,710,0,1175,"A0ABR0TDM9"
"CAD0028873.1","tr|A0ABR0TWV5|A0ABR0TWV5_AURPU",86.2,730,0,1175,"A0ABR0TWV5"
"KAK6002760.1","tr|A0ABR0TEB8|A0ABR0TEB8_AURPU",100,628,0,1174,"A0ABR0TEB8"
"KAK6006406.1","tr|A0ABR0TPQ9|A0ABR0TPQ9_AURPU",100,589,0,1174,"A0ABR0TPQ9"
"KAK6000739.1","tr|A0ABR0T8I3|A0ABR0T8I3_AURPU",100,587,0,1173,"A0ABR0T8I3"
"THV79348.1","tr|A0ABR0T865|A0ABR0T865_AURPU",94.3,628,0,1172,"A0ABR0T865"
"KAK6001426.1","tr|A0ABR0TAG2|A0ABR0TAG2_AURPU",100,679,0,1172,"A0ABR0TAG2"
"KAK6006040.1","tr|A0ABR0TQ22|A0ABR0TQ22_AURPU",100,598,0,1172,"A0ABR0TQ22"
"THV64922.1","tr|A0ABR0TAI9|A0ABR0TAI9_AURPU",91.8,599,0,1171,"A0ABR0TAI9"
"THW26192.1","tr|A0ABR0TNC8|A0ABR0TNC8_AURPU",83,765,0,1171,"A0ABR0TNC8"
"TIA39558.1","tr|A0ABR0TFD1|A0ABR0TFD1_AURPU",93.9,639,0,1171,"A0ABR0TFD1"
"CAD0019040.1","tr|A0ABR0TVU8|A0ABR0TVU8_AURPU",90.1,709,0,1171,"A0ABR0TVU8"
"KAK6002611.1","tr|A0ABR0TDV9|A0ABR0TDV9_AURPU",100,578,0,1170,"A0ABR0TDV9"
"KAK6003225.1","tr|A0ABR0TFL3|A0ABR0TFL3_AURPU",100,572,0,1170,"A0ABR0TFL3"
"KAK6008115.1","tr|A0ABR0TUJ8|A0ABR0TUJ8_AURPU",100,564,0,1170,"A0ABR0TUJ8"
"KEQ87890.1","tr|A0ABR0TTX1|A0ABR0TTX1_AURPU",91.9,720,0,1169,"A0ABR0TTX1"
"THW00956.1","tr|A0ABR0TI36|A0ABR0TI36_AURPU",87.5,722,0,1169,"A0ABR0TI36"
"THZ44858.1","tr|A0ABR0TQL5|A0ABR0TQL5_AURPU",96.3,623,0,1169,"A0ABR0TQL5"
"KAK6005627.1","tr|A0ABR0TMH9|A0ABR0TMH9_AURPU",100,550,0,1169,"A0ABR0TMH9"
"KAK6005832.1","tr|A0ABR0TNC6|A0ABR0TNC6_AURPU",100,578,0,1169,"A0ABR0TNC6"
"KAK6008805.1","tr|A0ABR0TWG3|A0ABR0TWG3_AURPU",100,615,0,1169,"A0ABR0TWG3"
"THV71292.1","tr|A0ABR0TTI2|A0ABR0TTI2_AURPU",94.8,640,0,1168,"A0ABR0TTI2"
"KAK6007008.1","tr|A0ABR0TRB9|A0ABR0TRB9_AURPU",100,588,0,1168,"A0ABR0TRB9"
"THW63563.1","tr|A0ABR0TVM6|A0ABR0TVM6_AURPU",92.6,661,0,1167,"A0ABR0TVM6"
"KAK6003120.1","tr|A0ABR0TFB1|A0ABR0TFB1_AURPU",100,577,0,1167,"A0ABR0TFB1"
"KAK6006830.1","tr|A0ABR0TSI9|A0ABR0TSI9_AURPU",100,731,0,1167,"A0ABR0TSI9"
"KAK6005991.1","tr|A0ABR0TQ35|A0ABR0TQ35_AURPU",100,593,0,1166,"A0ABR0TQ35"
"KAK6006806.1","tr|A0ABR0TRQ1|A0ABR0TRQ1_AURPU",100,580,0,1166,"A0ABR0TRQ1"
"KAK6001058.1","tr|A0ABR0T9F4|A0ABR0T9F4_AURPU",100,592,0,1165,"A0ABR0T9F4"
"KAK6003078.1","tr|A0ABR0TF68|A0ABR0TF68_AURPU",100,583,0,1165,"A0ABR0TF68"
"KAK6007060.1","tr|A0ABR0TT21|A0ABR0TT21_AURPU",100,601,0,1165,"A0ABR0TT21"
"KAK6008036.1","tr|A0ABR0TV40|A0ABR0TV40_AURPU",100,639,0,1165,"A0ABR0TV40"
"KAK6008273.1","tr|A0ABR0TV33|A0ABR0TV33_AURPU",100,585,0,1165,"A0ABR0TV33"
"KEQ89537.1","tr|A0ABR0TX79|A0ABR0TX79_AURPU",98.3,583,0,1164,"A0ABR0TX79"
"KAK6002366.1","tr|A0ABR0TE93|A0ABR0TE93_AURPU",100,608,0,1164,"A0ABR0TE93"
"KAK6003239.1","tr|A0ABR0TFM6|A0ABR0TFM6_AURPU",100,610,0,1164,"A0ABR0TFM6"
"KAK6003877.1","tr|A0ABR0TIC3|A0ABR0TIC3_AURPU",100,594,0,1164,"A0ABR0TIC3"
"KAK6006469.1","tr|A0ABR0TPW5|A0ABR0TPW5_AURPU",100,623,0,1164,"A0ABR0TPW5"
"KAK6006958.1","tr|A0ABR0TR75|A0ABR0TR75_AURPU",100,590,0,1164,"A0ABR0TR75"
"KAK6007779.1","tr|A0ABR0TU79|A0ABR0TU79_AURPU",100,589,0,1164,"A0ABR0TU79"
"KAK6008618.1","tr|A0ABR0TW25|A0ABR0TW25_AURPU",100,709,0,1164,"A0ABR0TW25"
"THZ85222.1","tr|A0ABR0TF13|A0ABR0TF13_AURPU",96.6,596,0,1163,"A0ABR0TF13"
"KAK6000306.1","tr|A0ABR0T8P7|A0ABR0T8P7_AURPU",100,608,0,1163,"A0ABR0T8P7"
"KAK6001242.1","tr|A0ABR0TAD3|A0ABR0TAD3_AURPU",100,591,0,1163,"A0ABR0TAD3"
"KAK6001948.1","tr|A0ABR0TBX7|A0ABR0TBX7_AURPU",100,594,0,1163,"A0ABR0TBX7"
"KAK6006533.1","tr|A0ABR0TQ15|A0ABR0TQ15_AURPU",100,601,0,1163,"A0ABR0TQ15"
"KAK6007023.1","tr|A0ABR0TRD8|A0ABR0TRD8_AURPU",100,560,0,1163,"A0ABR0TRD8"
"THY44792.1","tr|A0ABR0TIC6|A0ABR0TIC6_AURPU",96.1,608,0,1162,"A0ABR0TIC6"
"KAK6002634.1","tr|A0ABR0TEE6|A0ABR0TEE6_AURPU",100,623,0,1162,"A0ABR0TEE6"
"KAK6001393.1","tr|A0ABR0TAD6|A0ABR0TAD6_AURPU",100,591,0,1161,"A0ABR0TAD6"
"KAK6001533.1","tr|A0ABR0TAR1|A0ABR0TAR1_AURPU",100,613,0,1161,"A0ABR0TAR1"
"KAK6005341.1","tr|A0ABR0TLL0|A0ABR0TLL0_AURPU",100,607,0,1161,"A0ABR0TLL0"
"THY36071.1","tr|A0ABR0TMW1|A0ABR0TMW1_AURPU",91.6,691,0,1160,"A0ABR0TMW1"
"KAK6002093.1","tr|A0ABR0TCC6|A0ABR0TCC6_AURPU",100,586,0,1160,"A0ABR0TCC6"
"KAK6002530.1","tr|A0ABR0TEX3|A0ABR0TEX3_AURPU",100,608,0,1160,"A0ABR0TEX3"
"KAK6003904.1","tr|A0ABR0THI8|A0ABR0THI8_AURPU",100,599,0,1160,"A0ABR0THI8"
"KAK6005576.1","tr|A0ABR0TN99|A0ABR0TN99_AURPU",100,589,0,1160,"A0ABR0TN99"
"KAK6005776.1","tr|A0ABR0TMX0|A0ABR0TMX0_AURPU",100,580,0,1160,"A0ABR0TMX0"
"KAK6006202.1","tr|A0ABR0TQ07|A0ABR0TQ07_AURPU",100,575,0,1160,"A0ABR0TQ07"
"KAK6007142.1","tr|A0ABR0TRU1|A0ABR0TRU1_AURPU",100,567,0,1160,"A0ABR0TRU1"
"OBW66096.1","tr|A0ABR0TS31|A0ABR0TS31_AURPU",89.2,656,0,1159,"A0ABR0TS31"
"KAK6000635.1","tr|A0ABR0T9I6|A0ABR0T9I6_AURPU",100,595,0,1159,"A0ABR0T9I6"
"KAK6002519.1","tr|A0ABR0TDM6|A0ABR0TDM6_AURPU",100,577,0,1159,"A0ABR0TDM6"
"KAK6002886.1","tr|A0ABR0TG55|A0ABR0TG55_AURPU",100,590,0,1159,"A0ABR0TG55"
"KAK6006197.1","tr|A0ABR0TP14|A0ABR0TP14_AURPU",100,609,0,1159,"A0ABR0TP14"
"KAK6007338.1","tr|A0ABR0TSA6|A0ABR0TSA6_AURPU",100,607,0,1159,"A0ABR0TSA6"
"CAD0014992.1","tr|A0ABR0TFZ6|A0ABR0TFZ6_AURPU",94,616,0,1159,"A0ABR0TFZ6"
"KAK6000384.1","tr|A0ABR0T816|A0ABR0T816_AURPU",100,565,0,1158,"A0ABR0T816"
"KAK6003374.1","tr|A0ABR0TG23|A0ABR0TG23_AURPU",100,560,0,1158,"A0ABR0TG23"
"KAK6005577.1","tr|A0ABR0TMJ9|A0ABR0TMJ9_AURPU",100,590,0,1158,"A0ABR0TMJ9"
"KAK6005657.1","tr|A0ABR0TML7|A0ABR0TML7_AURPU",100,587,0,1158,"A0ABR0TML7"
"KAK6008796.1","tr|A0ABR0TXN8|A0ABR0TXN8_AURPU",100,656,0,1158,"A0ABR0TXN8"
"KAK6002270.1","tr|A0ABR0TE86|A0ABR0TE86_AURPU",100,617,0,1157,"A0ABR0TE86"
"KAK6002595.1","tr|A0ABR0TDT9|A0ABR0TDT9_AURPU",100,573,0,1157,"A0ABR0TDT9"
"THY25984.1","tr|A0ABR0T627|A0ABR0T627_AURPU",91.6,619,0,1156,"A0ABR0T627"
"KAK5999381.1","tr|A0ABR0T5W1|A0ABR0T5W1_AURPU",100,628,0,1156,"A0ABR0T5W1"
"THV84083.1","tr|A0ABR0TH69|A0ABR0TH69_AURPU",88.1,672,0,1155,"A0ABR0TH69"
"KAK5999425.1","tr|A0ABR0T5V4|A0ABR0T5V4_AURPU",100,575,0,1155,"A0ABR0T5V4"
"KAK6001648.1","tr|A0ABR0TB29|A0ABR0TB29_AURPU",100,573,0,1155,"A0ABR0TB29"
"KAK6001691.1","tr|A0ABR0TCF4|A0ABR0TCF4_AURPU",100,594,0,1155,"A0ABR0TCF4"
"KAK6002657.1","tr|A0ABR0TDX8|A0ABR0TDX8_AURPU",100,590,0,1155,"A0ABR0TDX8"
"KAK6002672.1","tr|A0ABR0TDZ2|A0ABR0TDZ2_AURPU",100,592,0,1155,"A0ABR0TDZ2"
"KAK6004070.1","tr|A0ABR0TJK0|A0ABR0TJK0_AURPU",100,684,0,1155,"A0ABR0TJK0"
"KAK6005538.1","tr|A0ABR0TM67|A0ABR0TM67_AURPU",100,586,0,1155,"A0ABR0TM67"
"KAK6006258.1","tr|A0ABR0TP83|A0ABR0TP83_AURPU",100,572,0,1155,"A0ABR0TP83"
"KAK6006729.1","tr|A0ABR0TR32|A0ABR0TR32_AURPU",100,583,0,1155,"A0ABR0TR32"
"KAK6006978.1","tr|A0ABR0TR88|A0ABR0TR88_AURPU",100,617,0,1155,"A0ABR0TR88"
"KAK6007355.1","tr|A0ABR0TU34|A0ABR0TU34_AURPU",100,588,0,1155,"A0ABR0TU34"
"KAK6008452.1","tr|A0ABR0TWJ6|A0ABR0TWJ6_AURPU",100,576,0,1155,"A0ABR0TWJ6"
"KAK6002174.1","tr|A0ABR0TCN9|A0ABR0TCN9_AURPU",100,866,0,1154,"A0ABR0TCN9"
"KAK6005160.1","tr|A0ABR0TL41|A0ABR0TL41_AURPU",100,612,0,1154,"A0ABR0TL41"
"KAK6005535.1","tr|A0ABR0TM66|A0ABR0TM66_AURPU",100,554,0,1154,"A0ABR0TM66"
"THW05248.1","tr|A0ABR0TW39|A0ABR0TW39_AURPU",94.8,618,0,1153,"A0ABR0TW39"
"THW73266.1","tr|A0ABR0TCE0|A0ABR0TCE0_AURPU",89.6,623,0,1153,"A0ABR0TCE0"
"KAK5999553.1","tr|A0ABR0T532|A0ABR0T532_AURPU",100,569,0,1153,"A0ABR0T532"
"KAK5999615.1","tr|A0ABR0T6H0|A0ABR0T6H0_AURPU",100,586,0,1153,"A0ABR0T6H0"
"KAK6008431.1","tr|A0ABR0TVB4|A0ABR0TVB4_AURPU",100,610,0,1153,"A0ABR0TVB4"
"CAC9886787.1","tr|A0ABR0TBB4|A0ABR0TBB4_AURPU",88.9,660,0,1153,"A0ABR0TBB4"
"KAK6000477.1","tr|A0ABR0T837|A0ABR0T837_AURPU",100,594,0,1152,"A0ABR0T837"
"KAK6008196.1","tr|A0ABR0TWB0|A0ABR0TWB0_AURPU",100,601,0,1152,"A0ABR0TWB0"
"CAD0055718.1","tr|A0ABR0TLJ5|A0ABR0TLJ5_AURPU",98.5,591,0,1152,"A0ABR0TLJ5"
"THV68560.1","tr|A0ABR0TLQ2|A0ABR0TLQ2_AURPU",91.5,697,0,1151,"A0ABR0TLQ2"
"THZ99731.1","tr|A0ABR0TPQ1|A0ABR0TPQ1_AURPU",96,600,0,1151,"A0ABR0TPQ1"
"KAK6004834.1","tr|A0ABR0TK49|A0ABR0TK49_AURPU",100,572,0,1151,"A0ABR0TK49"
"KAK6008650.1","tr|A0ABR0TXD7|A0ABR0TXD7_AURPU",100,610,0,1151,"A0ABR0TXD7"
"KAK6005553.1","tr|A0ABR0TM83|A0ABR0TM83_AURPU",100,572,0,1150,"A0ABR0TM83"
"KAK6007218.1","tr|A0ABR0TRY6|A0ABR0TRY6_AURPU",100,588,0,1150,"A0ABR0TRY6"
"CAD0020808.1","tr|A0ABR0TIT4|A0ABR0TIT4_AURPU",93.4,607,0,1150,"A0ABR0TIT4"
"KAK6000365.1","tr|A0ABR0T8Q3|A0ABR0T8Q3_AURPU",100,578,0,1149,"A0ABR0T8Q3"
"KAK6001494.1","tr|A0ABR0TB80|A0ABR0TB80_AURPU",100,577,0,1149,"A0ABR0TB80"
"KAK6003829.1","tr|A0ABR0THB3|A0ABR0THB3_AURPU",100,598,0,1149,"A0ABR0THB3"
"KAK6004682.1","tr|A0ABR0TJT6|A0ABR0TJT6_AURPU",100,576,0,1149,"A0ABR0TJT6"
"KAK6007289.1","tr|A0ABR0TS62|A0ABR0TS62_AURPU",100,566,0,1149,"A0ABR0TS62"
"KAK6007883.1","tr|A0ABR0TTY2|A0ABR0TTY2_AURPU",100,570,0,1149,"A0ABR0TTY2"
"KAK6008572.1","tr|A0ABR0TWV4|A0ABR0TWV4_AURPU",100,615,0,1149,"A0ABR0TWV4"
"KAK5999887.1","tr|A0ABR0T708|A0ABR0T708_AURPU",100,579,0,1148,"A0ABR0T708"
"KAK6007623.1","tr|A0ABR0TT40|A0ABR0TT40_AURPU",100,581,0,1148,"A0ABR0TT40"
"KAK6007741.1","tr|A0ABR0TTD9|A0ABR0TTD9_AURPU",100,573,0,1148,"A0ABR0TTD9"
"THV69726.1","tr|A0ABR0T5Z6|A0ABR0T5Z6_AURPU",90.7,610,0,1147,"A0ABR0T5Z6"
"THZ00940.1","tr|A0ABR0TEF4|A0ABR0TEF4_AURPU",98.5,589,0,1147,"A0ABR0TEF4"
"KAK5999309.1","tr|A0ABR0T4Q1|A0ABR0T4Q1_AURPU",100,575,0,1147,"A0ABR0T4Q1"
"KAK6000695.1","tr|A0ABR0T9P0|A0ABR0T9P0_AURPU",100,636,0,1147,"A0ABR0T9P0"
"KAK6002620.1","tr|A0ABR0TF64|A0ABR0TF64_AURPU",100,576,0,1147,"A0ABR0TF64"
"KAK6003743.1","tr|A0ABR0TH30|A0ABR0TH30_AURPU",100,569,0,1147,"A0ABR0TH30"
"KAK6004272.1","tr|A0ABR0TIW2|A0ABR0TIW2_AURPU",100,576,0,1147,"A0ABR0TIW2"
"KAK6005227.1","tr|A0ABR0TM44|A0ABR0TM44_AURPU",100,587,0,1147,"A0ABR0TM44"
"KEQ84392.1","tr|A0ABR0TPM8|A0ABR0TPM8_AURPU",91.5,624,0,1146,"A0ABR0TPM8"
"THV98740.1","tr|A0ABR0TH65|A0ABR0TH65_AURPU",91,645,0,1146,"A0ABR0TH65"
"KAK6003551.1","tr|A0ABR0THM4|A0ABR0THM4_AURPU",100,592,0,1146,"A0ABR0THM4"
"TIA46742.1","tr|A0ABR0TH04|A0ABR0TH04_AURPU",92,661,0,1145,"A0ABR0TH04"
"KAK6002352.1","tr|A0ABR0TDI7|A0ABR0TDI7_AURPU",100,583,0,1145,"A0ABR0TDI7"
"KAK6008705.1","tr|A0ABR0TXN7|A0ABR0TXN7_AURPU",100,576,0,1145,"A0ABR0TXN7"
"KAL2033872.1","tr|A0ABR0TXL8|A0ABR0TXL8_AURPU",95.4,627,0,1145,"A0ABR0TXL8"
"KAK6000702.1","tr|A0ABR0T8R6|A0ABR0T8R6_AURPU",100,576,0,1144,"A0ABR0T8R6"
"KAK6005788.1","tr|A0ABR0TMX3|A0ABR0TMX3_AURPU",100,574,0,1144,"A0ABR0TMX3"
"KAK6006587.1","tr|A0ABR0TQ61|A0ABR0TQ61_AURPU",100,602,0,1144,"A0ABR0TQ61"
"KAK6008464.1","tr|A0ABR0TVG8|A0ABR0TVG8_AURPU",100,596,0,1144,"A0ABR0TVG8"
"OBW65000.1","tr|A0ABR0THJ9|A0ABR0THJ9_AURPU",93.5,645,0,1143,"A0ABR0THJ9"
"KAK6000893.1","tr|A0ABR0T8X9|A0ABR0T8X9_AURPU",100,564,0,1143,"A0ABR0T8X9"
"KAK6001833.1","tr|A0ABR0TBL9|A0ABR0TBL9_AURPU",100,600,0,1143,"A0ABR0TBL9"
"KAK6005830.1","tr|A0ABR0TPG6|A0ABR0TPG6_AURPU",100,556,0,1143,"A0ABR0TPG6"
"KAK6000235.1","tr|A0ABR0T887|A0ABR0T887_AURPU",100,558,0,1142,"A0ABR0T887"
"KAK6002766.1","tr|A0ABR0TFQ8|A0ABR0TFQ8_AURPU",100,561,0,1142,"A0ABR0TFQ8"
"KAK6002819.1","tr|A0ABR0TEH6|A0ABR0TEH6_AURPU",100,557,0,1142,"A0ABR0TEH6"
"KAK6003132.1","tr|A0ABR0TFK3|A0ABR0TFK3_AURPU",100,563,0,1142,"A0ABR0TFK3"
"CAD0017116.1","tr|A0ABR0TUV4|A0ABR0TUV4_AURPU",94.5,596,0,1142,"A0ABR0TUV4"
"KEQ83759.1","tr|A0ABR0TMK9|A0ABR0TMK9_AURPU",98.5,614,0,1141,"A0ABR0TMK9"
"KAK6001625.1","tr|A0ABR0TCG0|A0ABR0TCG0_AURPU",100,563,0,1141,"A0ABR0TCG0"
"KAK6008027.1","tr|A0ABR0TUE1|A0ABR0TUE1_AURPU",100,575,0,1141,"A0ABR0TUE1"
"CAR1024794.1","tr|A0ABR0TK16|A0ABR0TK16_AURPU",92.9,622,0,1141,"A0ABR0TK16"
"THV88020.1","tr|A0ABR0TVR5|A0ABR0TVR5_AURPU",87,693,0,1140,"A0ABR0TVR5"
"KAK6003843.1","tr|A0ABR0THC8|A0ABR0THC8_AURPU",100,604,0,1140,"A0ABR0THC8"
"KAK6008867.1","tr|A0ABR0TWV6|A0ABR0TWV6_AURPU",100,569,0,1140,"A0ABR0TWV6"
"KAK5999549.1","tr|A0ABR0T5C8|A0ABR0T5C8_AURPU",100,571,0,1139,"A0ABR0T5C8"
"KAK6004335.1","tr|A0ABR0TIR4|A0ABR0TIR4_AURPU",100,539,0,1139,"A0ABR0TIR4"
"KAK6005392.1","tr|A0ABR0TMK0|A0ABR0TMK0_AURPU",100,553,0,1139,"A0ABR0TMK0"
"KAK6006131.1","tr|A0ABR0TPV2|A0ABR0TPV2_AURPU",100,594,0,1139,"A0ABR0TPV2"
"KAK6006508.1","tr|A0ABR0TPX9|A0ABR0TPX9_AURPU",100,577,0,1139,"A0ABR0TPX9"
"KAK6008481.1","tr|A0ABR0TX08|A0ABR0TX08_AURPU",100,584,0,1139,"A0ABR0TX08"
"KAK6008815.1","tr|A0ABR0TXR3|A0ABR0TXR3_AURPU",100,563,0,1139,"A0ABR0TXR3"
"CAD0040257.1","tr|A0ABR0TRN5|A0ABR0TRN5_AURPU",87.7,669,0,1139,"A0ABR0TRN5"
"KAK6006859.1","tr|A0ABR0TR09|A0ABR0TR09_AURPU",100,624,0,1138,"A0ABR0TR09"
"KAK6006986.1","tr|A0ABR0TS60|A0ABR0TS60_AURPU",100,570,0,1138,"A0ABR0TS60"
"KAK6008687.1","tr|A0ABR0TWD3|A0ABR0TWD3_AURPU",100,628,0,1138,"A0ABR0TWD3"
"KAK6000862.1","tr|A0ABR0T9R5|A0ABR0T9R5_AURPU",100,566,0,1137,"A0ABR0T9R5"
"KAK6001862.1","tr|A0ABR0TBP7|A0ABR0TBP7_AURPU",100,584,0,1137,"A0ABR0TBP7"
"KAK6005175.1","tr|A0ABR0TL56|A0ABR0TL56_AURPU",100,555,0,1137,"A0ABR0TL56"
"CAD0055743.1","tr|A0ABR0TR15|A0ABR0TR15_AURPU",83.2,949,0,1137,"A0ABR0TR15"
"KAK6001428.1","tr|A0ABR0TAF8|A0ABR0TAF8_AURPU",100,612,0,1136,"A0ABR0TAF8"
"KAK6001859.1","tr|A0ABR0TBS5|A0ABR0TBS5_AURPU",100,552,0,1136,"A0ABR0TBS5"
"THY24973.1","tr|A0ABR0TFJ5|A0ABR0TFJ5_AURPU",94.2,624,0,1135,"A0ABR0TFJ5"
"KAK6001106.1","tr|A0ABR0TAQ6|A0ABR0TAQ6_AURPU",100,570,0,1135,"A0ABR0TAQ6"
"KAK6002936.1","tr|A0ABR0TFZ1|A0ABR0TFZ1_AURPU",100,563,0,1135,"A0ABR0TFZ1"
"KAK6003916.1","tr|A0ABR0THJ6|A0ABR0THJ6_AURPU",100,559,0,1135,"A0ABR0THJ6"
"KAK6005043.1","tr|A0ABR0TKR6|A0ABR0TKR6_AURPU",100,608,0,1135,"A0ABR0TKR6"
"KAK6005056.1","tr|A0ABR0TKS7|A0ABR0TKS7_AURPU",100,562,0,1135,"A0ABR0TKS7"
"KAK6005304.1","tr|A0ABR0TM29|A0ABR0TM29_AURPU",100,570,0,1135,"A0ABR0TM29"
"KAK6005396.1","tr|A0ABR0TMQ1|A0ABR0TMQ1_AURPU",100,557,0,1135,"A0ABR0TMQ1"
"KAK6006607.1","tr|A0ABR0TR80|A0ABR0TR80_AURPU",100,564,0,1135,"A0ABR0TR80"
"CAD0039775.1","tr|A0ABR0TMI4|A0ABR0TMI4_AURPU",94.1,572,0,1135,"A0ABR0TMI4"
"KAK6002431.1","tr|A0ABR0TDB7|A0ABR0TDB7_AURPU",100,573,0,1134,"A0ABR0TDB7"
"KAK6003074.1","tr|A0ABR0TF66|A0ABR0TF66_AURPU",100,579,0,1134,"A0ABR0TF66"
"KAK6003788.1","tr|A0ABR0TH74|A0ABR0TH74_AURPU",100,571,0,1134,"A0ABR0TH74"
"KAK6005483.1","tr|A0ABR0TM18|A0ABR0TM18_AURPU",100,572,0,1134,"A0ABR0TM18"
"KAK6005741.1","tr|A0ABR0TNU8|A0ABR0TNU8_AURPU",100,567,0,1134,"A0ABR0TNU8"
"OBW69313.1","tr|A0ABR0TDH8|A0ABR0TDH8_AURPU",96.5,595,0,1133,"A0ABR0TDH8"
"KAK5999691.1","tr|A0ABR0T6Y4|A0ABR0T6Y4_AURPU",100,565,0,1133,"A0ABR0T6Y4"
"KAK6001482.1","tr|A0ABR0TB22|A0ABR0TB22_AURPU",100,681,0,1133,"A0ABR0TB22"
"KAK6008875.1","tr|A0ABR0TXU2|A0ABR0TXU2_AURPU",100,566,0,1133,"A0ABR0TXU2"
"CAR1038171.1","tr|A0ABR0TQ96|A0ABR0TQ96_AURPU",88.6,713,0,1133,"A0ABR0TQ96"
"KAK6003991.1","tr|A0ABR0THR5|A0ABR0THR5_AURPU",100,567,0,1132,"A0ABR0THR5"
"KAK6007440.1","tr|A0ABR0TSK8|A0ABR0TSK8_AURPU",100,594,0,1132,"A0ABR0TSK8"
"KAK6008717.1","tr|A0ABR0TWI4|A0ABR0TWI4_AURPU",100,613,0,1132,"A0ABR0TWI4"
"CAD0011231.1","tr|A0ABR0TLZ9|A0ABR0TLZ9_AURPU",92.8,669,0,1132,"A0ABR0TLZ9"
"KAK6000667.1","tr|A0ABR0T978|A0ABR0T978_AURPU",100,571,0,1131,"A0ABR0T978"
"KAK6007668.1","tr|A0ABR0TT81|A0ABR0TT81_AURPU",100,610,0,1131,"A0ABR0TT81"
"CAD0049038.1","tr|A0ABR0T7C3|A0ABR0T7C3_AURPU",91.7,641,0,1131,"A0ABR0T7C3"
"KEQ87668.1","tr|A0ABR0TTJ6|A0ABR0TTJ6_AURPU",88.9,651,0,1130,"A0ABR0TTJ6"
"THW97213.1","tr|A0ABR0TAI7|A0ABR0TAI7_AURPU",88.7,671,0,1130,"A0ABR0TAI7"
"THX59497.1","tr|A0ABR0TVX4|A0ABR0TVX4_AURPU",92,638,0,1130,"A0ABR0TVX4"
"KAK5999846.1","tr|A0ABR0T789|A0ABR0T789_AURPU",100,562,0,1130,"A0ABR0T789"
"KAK6000470.1","tr|A0ABR0T918|A0ABR0T918_AURPU",100,660,0,1130,"A0ABR0T918"
"KAK6001056.1","tr|A0ABR0TAT4|A0ABR0TAT4_AURPU",100,655,0,1130,"A0ABR0TAT4"
"KAK6002407.1","tr|A0ABR0TE29|A0ABR0TE29_AURPU",100,569,0,1130,"A0ABR0TE29"
"KAK6005405.1","tr|A0ABR0TNE3|A0ABR0TNE3_AURPU",100,581,0,1130,"A0ABR0TNE3"
"OBW69614.1","tr|A0ABR0T712|A0ABR0T712_AURPU",91.5,633,0,1129,"A0ABR0T712"
"TIA17780.1","tr|A0ABR0TST6|A0ABR0TST6_AURPU",92.1,672,0,1129,"A0ABR0TST6"
"KAK6001164.1","tr|A0ABR0TA95|A0ABR0TA95_AURPU",100,592,0,1129,"A0ABR0TA95"
"KAK6002560.1","tr|A0ABR0TF01|A0ABR0TF01_AURPU",100,564,0,1129,"A0ABR0TF01"
"KAK6006610.1","tr|A0ABR0TRQ0|A0ABR0TRQ0_AURPU",100,555,0,1129,"A0ABR0TRQ0"
"KAK6006696.1","tr|A0ABR0TS35|A0ABR0TS35_AURPU",100,608,0,1129,"A0ABR0TS35"
"KAK6008092.1","tr|A0ABR0TVH9|A0ABR0TVH9_AURPU",100,583,0,1129,"A0ABR0TVH9"
"KAK6008375.1","tr|A0ABR0TWZ1|A0ABR0TWZ1_AURPU",100,582,0,1129,"A0ABR0TWZ1"
"KAK6008450.1","tr|A0ABR0TX51|A0ABR0TX51_AURPU",100,689,0,1129,"A0ABR0TX51"
"KAK5999632.1","tr|A0ABR0T692|A0ABR0T692_AURPU",100,633,0,1128,"A0ABR0T692"
"KAK6001124.1","tr|A0ABR0T9R1|A0ABR0T9R1_AURPU",100,544,0,1128,"A0ABR0T9R1"
"KAK6001174.1","tr|A0ABR0T9P7|A0ABR0T9P7_AURPU",100,560,0,1128,"A0ABR0T9P7"
"KAK6001799.1","tr|A0ABR0TBL5|A0ABR0TBL5_AURPU",100,647,0,1128,"A0ABR0TBL5"
"KAK6004110.1","tr|A0ABR0TI42|A0ABR0TI42_AURPU",100,561,0,1128,"A0ABR0TI42"
"KAK6005198.1","tr|A0ABR0TL84|A0ABR0TL84_AURPU",100,678,0,1128,"A0ABR0TL84"
"KAK6006803.1","tr|A0ABR0TQT0|A0ABR0TQT0_AURPU",100,613,0,1128,"A0ABR0TQT0"
"THW62720.1","tr|A0ABR0T6Z5|A0ABR0T6Z5_AURPU",92.6,634,0,1127,"A0ABR0T6Z5"
"KAK6000623.1","tr|A0ABR0T863|A0ABR0T863_AURPU",100,580,0,1127,"A0ABR0T863"
"KAK6002011.1","tr|A0ABR0TC47|A0ABR0TC47_AURPU",100,549,0,1127,"A0ABR0TC47"
"KAK6004813.1","tr|A0ABR0TK27|A0ABR0TK27_AURPU",100,572,0,1127,"A0ABR0TK27"
"KAK6006208.1","tr|A0ABR0TP54|A0ABR0TP54_AURPU",100,572,0,1127,"A0ABR0TP54"
"KAK6007174.1","tr|A0ABR0TRW5|A0ABR0TRW5_AURPU",100,560,0,1127,"A0ABR0TRW5"
"THW93475.1","tr|A0ABR0TR43|A0ABR0TR43_AURPU",96.2,574,0,1126,"A0ABR0TR43"
"KAK6003402.1","tr|A0ABR0TGC5|A0ABR0TGC5_AURPU",100,571,0,1126,"A0ABR0TGC5"
"CAC9891246.1","tr|A0ABR0TRY0|A0ABR0TRY0_AURPU",92.4,618,0,1126,"A0ABR0TRY0"
"THX48575.1","tr|A0ABR0TVV4|A0ABR0TVV4_AURPU",91.2,624,0,1125,"A0ABR0TVV4"
"KAK6004137.1","tr|A0ABR0TIF8|A0ABR0TIF8_AURPU",100,630,0,1125,"A0ABR0TIF8"
"KAK6006189.1","tr|A0ABR0TPK4|A0ABR0TPK4_AURPU",100,708,0,1125,"A0ABR0TPK4"
"KAK6006423.1","tr|A0ABR0TPP6|A0ABR0TPP6_AURPU",100,587,0,1125,"A0ABR0TPP6"
"KAK6006686.1","tr|A0ABR0TRD7|A0ABR0TRD7_AURPU",100,663,0,1125,"A0ABR0TRD7"
"CAD0050740.1","tr|A0ABR0TCA7|A0ABR0TCA7_AURPU",90.1,657,0,1125,"A0ABR0TCA7"
"THX09946.1","tr|A0ABR0T867|A0ABR0T867_AURPU",90.9,625,0,1124,"A0ABR0T867"
"KAK6004401.1","tr|A0ABR0TKJ6|A0ABR0TKJ6_AURPU",100,555,0,1124,"A0ABR0TKJ6"
"THV70215.1","tr|A0ABR0TSU8|A0ABR0TSU8_AURPU",91.1,644,0,1123,"A0ABR0TSU8"
"KAK6001578.1","tr|A0ABR0TAW0|A0ABR0TAW0_AURPU",100,649,0,1123,"A0ABR0TAW0"
"KAK6003158.1","tr|A0ABR0TFE9|A0ABR0TFE9_AURPU",100,565,0,1123,"A0ABR0TFE9"
"KAK6004873.1","tr|A0ABR0TK90|A0ABR0TK90_AURPU",100,560,0,1123,"A0ABR0TK90"
"KAK6006484.1","tr|A0ABR0TPY1|A0ABR0TPY1_AURPU",100,565,0,1123,"A0ABR0TPY1"
"KAK6007847.1","tr|A0ABR0TTW2|A0ABR0TTW2_AURPU",100,559,0,1123,"A0ABR0TTW2"
"KAK6008825.1","tr|A0ABR0TXU7|A0ABR0TXU7_AURPU",100,577,0,1123,"A0ABR0TXU7"
"KAK5999493.1","tr|A0ABR0T4X5|A0ABR0T4X5_AURPU",100,582,0,1122,"A0ABR0T4X5"
"KAK6003165.1","tr|A0ABR0TFG0|A0ABR0TFG0_AURPU",100,572,0,1122,"A0ABR0TFG0"
"KAK6004672.1","tr|A0ABR0TKJ5|A0ABR0TKJ5_AURPU",100,587,0,1122,"A0ABR0TKJ5"
"KAK6004897.1","tr|A0ABR0TL66|A0ABR0TL66_AURPU",100,626,0,1122,"A0ABR0TL66"
"KAK6005981.1","tr|A0ABR0TPF6|A0ABR0TPF6_AURPU",100,589,0,1122,"A0ABR0TPF6"
"KAK6007203.1","tr|A0ABR0TRX6|A0ABR0TRX6_AURPU",100,607,0,1122,"A0ABR0TRX6"
"KAK6008412.1","tr|A0ABR0TVS6|A0ABR0TVS6_AURPU",100,557,0,1122,"A0ABR0TVS6"
"KAK6004002.1","tr|A0ABR0TI29|A0ABR0TI29_AURPU",100,607,0,1121,"A0ABR0TI29"
"KAK6004244.1","tr|A0ABR0TIM2|A0ABR0TIM2_AURPU",100,604,0,1121,"A0ABR0TIM2"
"KAK6007364.1","tr|A0ABR0TSD6|A0ABR0TSD6_AURPU",100,557,0,1121,"A0ABR0TSD6"
"CAD0010423.1","tr|A0ABR0TRQ8|A0ABR0TRQ8_AURPU",97.8,582,0,1121,"A0ABR0TRQ8"
"KAK6000949.1","tr|A0ABR0T939|A0ABR0T939_AURPU",100,612,0,1120,"A0ABR0T939"
"KAK6001356.1","tr|A0ABR0TBQ7|A0ABR0TBQ7_AURPU",100,569,0,1120,"A0ABR0TBQ7"
"KAK6003030.1","tr|A0ABR0TF25|A0ABR0TF25_AURPU",100,603,0,1120,"A0ABR0TF25"
"KAK6003831.1","tr|A0ABR0TIV1|A0ABR0TIV1_AURPU",100,531,0,1120,"A0ABR0TIV1"
"KAK6005386.1","tr|A0ABR0TLQ9|A0ABR0TLQ9_AURPU",100,585,0,1120,"A0ABR0TLQ9"
"KAK6005824.1","tr|A0ABR0TN13|A0ABR0TN13_AURPU",100,579,0,1120,"A0ABR0TN13"
"KAK6006535.1","tr|A0ABR0TRH1|A0ABR0TRH1_AURPU",100,589,0,1120,"A0ABR0TRH1"
"KAK6008432.1","tr|A0ABR0TVN0|A0ABR0TVN0_AURPU",100,563,0,1120,"A0ABR0TVN0"
"CAD0052780.1","tr|A0ABR0TN91|A0ABR0TN91_AURPU",89.6,617,0,1120,"A0ABR0TN91"
"THV80111.1","tr|A0ABR0TAQ1|A0ABR0TAQ1_AURPU",92.4,589,0,1119,"A0ABR0TAQ1"
"KAK6002319.1","tr|A0ABR0TDJ7|A0ABR0TDJ7_AURPU",100,596,0,1119,"A0ABR0TDJ7"
"KAK6008171.1","tr|A0ABR0TVH2|A0ABR0TVH2_AURPU",100,948,0,1119,"A0ABR0TVH2"
"KAK6008737.1","tr|A0ABR0TX92|A0ABR0TX92_AURPU",100,604,0,1119,"A0ABR0TX92"
"OBW68512.1","tr|A0ABR0TCB4|A0ABR0TCB4_AURPU",93.5,581,0,1118,"A0ABR0TCB4"
"THW22784.1","tr|A0ABR0TFQ3|A0ABR0TFQ3_AURPU",92.8,596,0,1118,"A0ABR0TFQ3"
"KAK6000369.1","tr|A0ABR0T7Z9|A0ABR0T7Z9_AURPU",100,564,0,1118,"A0ABR0T7Z9"
"KAK6002990.1","tr|A0ABR0TGE2|A0ABR0TGE2_AURPU",100,583,0,1118,"A0ABR0TGE2"
"KAK6003881.1","tr|A0ABR0TIH7|A0ABR0TIH7_AURPU",100,550,0,1118,"A0ABR0TIH7"
"KAK6005129.1","tr|A0ABR0TL42|A0ABR0TL42_AURPU",100,570,0,1118,"A0ABR0TL42"
"THZ92013.1","tr|A0ABR0TAJ6|A0ABR0TAJ6_AURPU",96.4,581,0,1117,"A0ABR0TAJ6"
"KAK6000621.1","tr|A0ABR0T9L1|A0ABR0T9L1_AURPU",100,657,0,1117,"A0ABR0T9L1"
"KAK6000839.1","tr|A0ABR0T8Y9|A0ABR0T8Y9_AURPU",100,549,0,1117,"A0ABR0T8Y9"
"KAK6001511.1","tr|A0ABR0TBX2|A0ABR0TBX2_AURPU",100,593,0,1117,"A0ABR0TBX2"
"KAK6003039.1","tr|A0ABR0TFK4|A0ABR0TFK4_AURPU",100,554,0,1117,"A0ABR0TFK4"
"KAK6006479.1","tr|A0ABR0TPU9|A0ABR0TPU9_AURPU",100,576,0,1117,"A0ABR0TPU9"
"KAK6006502.1","tr|A0ABR0TQX0|A0ABR0TQX0_AURPU",100,559,0,1117,"A0ABR0TQX0"
"KAK6000565.1","tr|A0ABR0T961|A0ABR0T961_AURPU",100,531,0,1116,"A0ABR0T961"
"KAK6002580.1","tr|A0ABR0TDS2|A0ABR0TDS2_AURPU",100,562,0,1116,"A0ABR0TDS2"
"KAK6002619.1","tr|A0ABR0TED7|A0ABR0TED7_AURPU",100,543,0,1116,"A0ABR0TED7"
"KAK6002793.1","tr|A0ABR0TEE3|A0ABR0TEE3_AURPU",100,552,0,1116,"A0ABR0TEE3"
"KAK6007975.1","tr|A0ABR0TVQ4|A0ABR0TVQ4_AURPU",100,567,0,1116,"A0ABR0TVQ4"
"CAR1007160.1","tr|A0ABR0TR52|A0ABR0TR52_AURPU",94,654,0,1116,"A0ABR0TR52"
"KAK6004389.1","tr|A0ABR0TJG6|A0ABR0TJG6_AURPU",100,568,0,1115,"A0ABR0TJG6"
"KAK6005752.1","tr|A0ABR0TNM5|A0ABR0TNM5_AURPU",100,563,0,1115,"A0ABR0TNM5"
"KAK6006538.1","tr|A0ABR0TQ09|A0ABR0TQ09_AURPU",100,563,0,1115,"A0ABR0TQ09"
"KAK6006935.1","tr|A0ABR0TST9|A0ABR0TST9_AURPU",100,542,0,1115,"A0ABR0TST9"
"THV69973.1","tr|A0ABR0TQU4|A0ABR0TQU4_AURPU",91.8,600,0,1114,"A0ABR0TQU4"
"THZ46162.1","tr|A0ABR0TUC5|A0ABR0TUC5_AURPU",94,598,0,1114,"A0ABR0TUC5"
"KAK6003659.1","tr|A0ABR0TGU9|A0ABR0TGU9_AURPU",100,787,0,1114,"A0ABR0TGU9"
"KAK6007326.1","tr|A0ABR0TTZ4|A0ABR0TTZ4_AURPU",100,551,0,1114,"A0ABR0TTZ4"
"CAD0047502.1","tr|A0ABR0TFG9|A0ABR0TFG9_AURPU",92.3,613,0,1114,"A0ABR0TFG9"
"THZ36010.1","tr|A0ABR0T726|A0ABR0T726_AURPU",97.2,563,0,1113,"A0ABR0T726"
"KAK5999643.1","tr|A0ABR0T5C3|A0ABR0T5C3_AURPU",100,602,0,1113,"A0ABR0T5C3"
"KAK6001071.1","tr|A0ABR0TAV6|A0ABR0TAV6_AURPU",100,605,0,1113,"A0ABR0TAV6"
"KAK6003855.1","tr|A0ABR0THD8|A0ABR0THD8_AURPU",100,555,0,1113,"A0ABR0THD8"
"KAK6004172.1","tr|A0ABR0TID2|A0ABR0TID2_AURPU",100,547,0,1113,"A0ABR0TID2"
"THZ66082.1","tr|A0ABR0TLZ3|A0ABR0TLZ3_AURPU",95,555,0,1112,"A0ABR0TLZ3"
"KAK5999449.1","tr|A0ABR0T4T9|A0ABR0T4T9_AURPU",100,537,0,1112,"A0ABR0T4T9"
"KAK5999737.1","tr|A0ABR0T6L8|A0ABR0T6L8_AURPU",100,543,0,1112,"A0ABR0T6L8"
"KAK6000766.1","tr|A0ABR0T8K3|A0ABR0T8K3_AURPU",100,533,0,1112,"A0ABR0T8K3"
"KAK6004801.1","tr|A0ABR0TK18|A0ABR0TK18_AURPU",100,554,0,1112,"A0ABR0TK18"
"KAK6005249.1","tr|A0ABR0TLH4|A0ABR0TLH4_AURPU",100,537,0,1112,"A0ABR0TLH4"
"KAK6005351.1","tr|A0ABR0TMM5|A0ABR0TMM5_AURPU",100,568,0,1112,"A0ABR0TMM5"
"KAK6004790.1","tr|A0ABR0TLL9|A0ABR0TLL9_AURPU",100,552,0,1111,"A0ABR0TLL9"
"KAK6006316.1","tr|A0ABR0TPH0|A0ABR0TPH0_AURPU",100,557,0,1111,"A0ABR0TPH0"
"THX91047.1","tr|A0ABR0T774|A0ABR0T774_AURPU",89.5,641,0,1110,"A0ABR0T774"
"KAK5999408.1","tr|A0ABR0T4N3|A0ABR0T4N3_AURPU",100,522,0,1110,"A0ABR0T4N3"
"KAK6000343.1","tr|A0ABR0T7C8|A0ABR0T7C8_AURPU",100,546,0,1110,"A0ABR0T7C8"
"KAK6003249.1","tr|A0ABR0TG56|A0ABR0TG56_AURPU",100,542,0,1110,"A0ABR0TG56"
"KAK6008724.1","tr|A0ABR0TWX3|A0ABR0TWX3_AURPU",100,545,0,1110,"A0ABR0TWX3"
"KAK6000847.1","tr|A0ABR0T9Q1|A0ABR0T9Q1_AURPU",100,546,0,1109,"A0ABR0T9Q1"
"KAK6003044.1","tr|A0ABR0TF27|A0ABR0TF27_AURPU",100,561,0,1109,"A0ABR0TF27"
"KAK6003663.1","tr|A0ABR0TGU3|A0ABR0TGU3_AURPU",100,625,0,1109,"A0ABR0TGU3"
"KAK6007068.1","tr|A0ABR0TRI4|A0ABR0TRI4_AURPU",100,570,0,1109,"A0ABR0TRI4"
"KAK6007384.1","tr|A0ABR0TSG7|A0ABR0TSG7_AURPU",100,557,0,1109,"A0ABR0TSG7"
"THV65441.1","tr|A0ABR0TDB9|A0ABR0TDB9_AURPU",92.9,630,0,1108,"A0ABR0TDB9"
"THV74460.1","tr|A0ABR0TJL0|A0ABR0TJL0_AURPU",90.6,593,0,1108,"A0ABR0TJL0"
"THW01314.1","tr|A0ABR0TIJ7|A0ABR0TIJ7_AURPU",93.4,605,0,1108,"A0ABR0TIJ7"
"THY19800.1","tr|A0ABR0TMR3|A0ABR0TMR3_AURPU",96.1,571,0,1108,"A0ABR0TMR3"
"THZ09551.1","tr|A0ABR0T8U5|A0ABR0T8U5_AURPU",90.7,592,0,1108,"A0ABR0T8U5"
"KAK6001401.1","tr|A0ABR0TBV2|A0ABR0TBV2_AURPU",100,580,0,1108,"A0ABR0TBV2"
"KAK6001956.1","tr|A0ABR0TDE2|A0ABR0TDE2_AURPU",100,633,0,1108,"A0ABR0TDE2"
"KAK6003250.1","tr|A0ABR0TH16|A0ABR0TH16_AURPU",100,575,0,1108,"A0ABR0TH16"
"KAK6005295.1","tr|A0ABR0TLH8|A0ABR0TLH8_AURPU",100,578,0,1108,"A0ABR0TLH8"
"KAK6006548.1","tr|A0ABR0TQ29|A0ABR0TQ29_AURPU",100,547,0,1108,"A0ABR0TQ29"
"KAK6008619.1","tr|A0ABR0TWM8|A0ABR0TWM8_AURPU",100,681,0,1108,"A0ABR0TWM8"
"KEQ85501.1","tr|A0ABR0TAT1|A0ABR0TAT1_AURPU",89.8,630,0,1107,"A0ABR0TAT1"
"THV98808.1","tr|A0ABR0TQS6|A0ABR0TQS6_AURPU",97.4,577,0,1107,"A0ABR0TQS6"
"KAK6000026.1","tr|A0ABR0T7R9|A0ABR0T7R9_AURPU",100,571,0,1107,"A0ABR0T7R9"
"KAK6002325.1","tr|A0ABR0TD09|A0ABR0TD09_AURPU",100,577,0,1107,"A0ABR0TD09"
"KAK6004816.1","tr|A0ABR0TK33|A0ABR0TK33_AURPU",100,533,0,1107,"A0ABR0TK33"
"KAK6002180.1","tr|A0ABR0TE15|A0ABR0TE15_AURPU",100,689,0,1106,"A0ABR0TE15"
"KAK6004841.1","tr|A0ABR0TL77|A0ABR0TL77_AURPU",100,558,0,1106,"A0ABR0TL77"
"KAK6004884.1","tr|A0ABR0TKW4|A0ABR0TKW4_AURPU",100,540,0,1106,"A0ABR0TKW4"
"KAK6005731.1","tr|A0ABR0TMS2|A0ABR0TMS2_AURPU",100,535,0,1106,"A0ABR0TMS2"
"THX04354.1","tr|A0ABR0TRQ5|A0ABR0TRQ5_AURPU",92.3,584,0,1105,"A0ABR0TRQ5"
"THZ25791.1","tr|A0ABR0TAP7|A0ABR0TAP7_AURPU",96.6,592,0,1105,"A0ABR0TAP7"
"TIA48233.1","tr|A0ABR0TGW3|A0ABR0TGW3_AURPU",94.3,669,0,1105,"A0ABR0TGW3"
"KAK6002938.1","tr|A0ABR0TET4|A0ABR0TET4_AURPU",100,533,0,1105,"A0ABR0TET4"
"KAK6002957.1","tr|A0ABR0TEV3|A0ABR0TEV3_AURPU",100,528,0,1105,"A0ABR0TEV3"
"KAK6004562.1","tr|A0ABR0TJH0|A0ABR0TJH0_AURPU",100,568,0,1105,"A0ABR0TJH0"
"KAK6006007.1","tr|A0ABR0TPF4|A0ABR0TPF4_AURPU",100,561,0,1105,"A0ABR0TPF4"
"KAK6007098.1","tr|A0ABR0TRL7|A0ABR0TRL7_AURPU",100,553,0,1105,"A0ABR0TRL7"
"KAK6007223.1","tr|A0ABR0TS09|A0ABR0TS09_AURPU",100,558,0,1105,"A0ABR0TS09"
"KAK6007245.1","tr|A0ABR0TS12|A0ABR0TS12_AURPU",100,556,0,1105,"A0ABR0TS12"
"KAK6007470.1","tr|A0ABR0TSP0|A0ABR0TSP0_AURPU",100,550,0,1105,"A0ABR0TSP0"
"KAK6008120.1","tr|A0ABR0TWA7|A0ABR0TWA7_AURPU",100,582,0,1105,"A0ABR0TWA7"
"KAK6000588.1","tr|A0ABR0T814|A0ABR0T814_AURPU",100,533,0,1104,"A0ABR0T814"
"KAK6001849.1","tr|A0ABR0TBM3|A0ABR0TBM3_AURPU",100,565,0,1104,"A0ABR0TBM3"
"KAK6005332.1","tr|A0ABR0TMD7|A0ABR0TMD7_AURPU",100,553,0,1104,"A0ABR0TMD7"
"KAK6007620.1","tr|A0ABR0TT34|A0ABR0TT34_AURPU",100,550,0,1104,"A0ABR0TT34"
"KAK6008518.1","tr|A0ABR0TVK2|A0ABR0TVK2_AURPU",100,545,0,1104,"A0ABR0TVK2"
"KEQ85668.1","tr|A0ABR0TGN8|A0ABR0TGN8_AURPU",95.1,553,0,1103,"A0ABR0TGN8"
"THW91123.1","tr|A0ABR0TVS0|A0ABR0TVS0_AURPU",91.6,610,0,1103,"A0ABR0TVS0"
"KAK5999682.1","tr|A0ABR0T5R8|A0ABR0T5R8_AURPU",100,549,0,1103,"A0ABR0T5R8"
"KAK6000745.1","tr|A0ABR0T9P5|A0ABR0T9P5_AURPU",100,631,0,1103,"A0ABR0T9P5"
"KAK6001778.1","tr|A0ABR0TBF1|A0ABR0TBF1_AURPU",100,654,0,1103,"A0ABR0TBF1"
"KAK6002978.1","tr|A0ABR0TEX2|A0ABR0TEX2_AURPU",100,559,0,1103,"A0ABR0TEX2"
"CAD0018961.1","tr|A0ABR0TW27|A0ABR0TW27_AURPU",88.5,624,0,1103,"A0ABR0TW27"
"KAK5999442.1","tr|A0ABR0T537|A0ABR0T537_AURPU",100,544,0,1102,"A0ABR0T537"
"KAK5999749.1","tr|A0ABR0T5N9|A0ABR0T5N9_AURPU",100,601,0,1102,"A0ABR0T5N9"
"KAK6004913.1","tr|A0ABR0TKG1|A0ABR0TKG1_AURPU",100,575,0,1102,"A0ABR0TKG1"
"KAK6002170.1","tr|A0ABR0TDY3|A0ABR0TDY3_AURPU",100,545,0,1101,"A0ABR0TDY3"
"KAK6003972.1","tr|A0ABR0TI04|A0ABR0TI04_AURPU",100,541,0,1101,"A0ABR0TI04"
"KAK6004328.1","tr|A0ABR0TIS2|A0ABR0TIS2_AURPU",100,547,0,1101,"A0ABR0TIS2"
"KAK6004803.1","tr|A0ABR0TK22|A0ABR0TK22_AURPU",100,532,0,1101,"A0ABR0TK22"
"KAK6006797.1","tr|A0ABR0TQS9|A0ABR0TQS9_AURPU",100,551,0,1101,"A0ABR0TQS9"
"KAK6007749.1","tr|A0ABR0TU47|A0ABR0TU47_AURPU",100,567,0,1101,"A0ABR0TU47"
"CAC9885060.1","tr|A0ABR0TQB7|A0ABR0TQB7_AURPU",91.1,596,0,1101,"A0ABR0TQB7"
"THY39894.1","tr|A0ABR0TQ60|A0ABR0TQ60_AURPU",91.4,579,0,1100,"A0ABR0TQ60"
"KAK6000608.1","tr|A0ABR0T850|A0ABR0T850_AURPU",100,687,0,1100,"A0ABR0T850"
"KAK6001068.1","tr|A0ABR0T9F2|A0ABR0T9F2_AURPU",100,534,0,1100,"A0ABR0T9F2"
"KAK6008002.1","tr|A0ABR0TV83|A0ABR0TV83_AURPU",100,543,0,1100,"A0ABR0TV83"
"KAK6008069.1","tr|A0ABR0TUC4|A0ABR0TUC4_AURPU",100,603,0,1100,"A0ABR0TUC4"
"KEQ84945.1","tr|A0ABR0TG38|A0ABR0TG38_AURPU",90.4,594,0,1099,"A0ABR0TG38"
"KAK6001377.1","tr|A0ABR0TAR9|A0ABR0TAR9_AURPU",100,559,0,1099,"A0ABR0TAR9"
"KAK6003540.1","tr|A0ABR0TGJ6|A0ABR0TGJ6_AURPU",100,558,0,1099,"A0ABR0TGJ6"
"THY97499.1","tr|A0ABR0TCU6|A0ABR0TCU6_AURPU",85.9,668,0,1098,"A0ABR0TCU6"
"KAK6002770.1","tr|A0ABR0TFN7|A0ABR0TFN7_AURPU",100,581,0,1098,"A0ABR0TFN7"
"KAK6005585.1","tr|A0ABR0TNX8|A0ABR0TNX8_AURPU",100,564,0,1098,"A0ABR0TNX8"
"KAK6001084.1","tr|A0ABR0T9G2|A0ABR0T9G2_AURPU",100,561,0,1097,"A0ABR0T9G2"
"KAK6004500.1","tr|A0ABR0TJ79|A0ABR0TJ79_AURPU",100,553,0,1097,"A0ABR0TJ79"
"KAK6005937.1","tr|A0ABR0TNM2|A0ABR0TNM2_AURPU",100,525,0,1097,"A0ABR0TNM2"
"KAK6006737.1","tr|A0ABR0TQL1|A0ABR0TQL1_AURPU",100,542,0,1097,"A0ABR0TQL1"
"KAK6007603.1","tr|A0ABR0TT09|A0ABR0TT09_AURPU",100,589,0,1097,"A0ABR0TT09"
"KAK6008225.1","tr|A0ABR0TWL1|A0ABR0TWL1_AURPU",100,555,0,1097,"A0ABR0TWL1"
"KAK6001657.1","tr|A0ABR0TBZ9|A0ABR0TBZ9_AURPU",100,552,0,1096,"A0ABR0TBZ9"
"KAK6005089.1","tr|A0ABR0TKW0|A0ABR0TKW0_AURPU",100,556,0,1096,"A0ABR0TKW0"
"KAK6007225.1","tr|A0ABR0TTK7|A0ABR0TTK7_AURPU",100,565,0,1096,"A0ABR0TTK7"
"THV75930.1","tr|A0ABR0TFI4|A0ABR0TFI4_AURPU",92.4,604,0,1095,"A0ABR0TFI4"
"KAK6001445.1","tr|A0ABR0TBY1|A0ABR0TBY1_AURPU",100,565,0,1095,"A0ABR0TBY1"
"KAK6006161.1","tr|A0ABR0TPX7|A0ABR0TPX7_AURPU",100,537,0,1095,"A0ABR0TPX7"
"CAD0054481.1","tr|A0ABR0TFL1|A0ABR0TFL1_AURPU",95.9,567,0,1095,"A0ABR0TFL1"
"KAK5999567.1","tr|A0ABR0T590|A0ABR0T590_AURPU",100,540,0,1094,"A0ABR0T590"
"KAK6007568.1","tr|A0ABR0TSZ8|A0ABR0TSZ8_AURPU",100,649,0,1094,"A0ABR0TSZ8"
"KAK6008743.1","tr|A0ABR0TW70|A0ABR0TW70_AURPU",100,527,0,1094,"A0ABR0TW70"
"KAK5999702.1","tr|A0ABR0T5P5|A0ABR0T5P5_AURPU",100,545,0,1093,"A0ABR0T5P5"
"KAK6005201.1","tr|A0ABR0TM89|A0ABR0TM89_AURPU",100,561,0,1093,"A0ABR0TM89"
"KAK6005873.1","tr|A0ABR0TN54|A0ABR0TN54_AURPU",100,632,0,1093,"A0ABR0TN54"
"KAK6005958.1","tr|A0ABR0TND3|A0ABR0TND3_AURPU",100,551,0,1093,"A0ABR0TND3"
"THY66571.1","tr|A0ABR0TJU4|A0ABR0TJU4_AURPU",92,584,0,1092,"A0ABR0TJU4"
"KAK6000263.1","tr|A0ABR0T753|A0ABR0T753_AURPU",100,544,0,1092,"A0ABR0T753"
"KAK6002316.1","tr|A0ABR0TEE8|A0ABR0TEE8_AURPU",100,531,0,1092,"A0ABR0TEE8"
"KAK6004951.1","tr|A0ABR0TKH0|A0ABR0TKH0_AURPU",100,550,0,1092,"A0ABR0TKH0"
"KAK6006263.1","tr|A0ABR0TPA2|A0ABR0TPA2_AURPU",100,588,0,1092,"A0ABR0TPA2"
"KAK6007329.1","tr|A0ABR0TSX7|A0ABR0TSX7_AURPU",100,548,0,1092,"A0ABR0TSX7"
"KEQ81453.1","tr|A0ABR0TRH3|A0ABR0TRH3_AURPU",92.8,628,0,1090,"A0ABR0TRH3"
"OBW69781.1","tr|A0ABR0TTJ0|A0ABR0TTJ0_AURPU",93.1,590,0,1090,"A0ABR0TTJ0"
"THW44057.1","tr|A0ABR0TRP7|A0ABR0TRP7_AURPU",93.4,575,0,1090,"A0ABR0TRP7"
"THZ08741.1","tr|A0ABR0T838|A0ABR0T838_AURPU",88.4,644,0,1090,"A0ABR0T838"
"KAK5999487.1","tr|A0ABR0T579|A0ABR0T579_AURPU",100,629,0,1090,"A0ABR0T579"
"KAK6002636.1","tr|A0ABR0TF21|A0ABR0TF21_AURPU",100,589,0,1090,"A0ABR0TF21"
"KAK6004779.1","tr|A0ABR0TKK6|A0ABR0TKK6_AURPU",100,569,0,1090,"A0ABR0TKK6"
"KAK6005570.1","tr|A0ABR0TNV9|A0ABR0TNV9_AURPU",100,566,0,1090,"A0ABR0TNV9"
"KAK6007533.1","tr|A0ABR0TSV6|A0ABR0TSV6_AURPU",100,552,0,1090,"A0ABR0TSV6"
"THV94580.1","tr|A0ABR0TVK4|A0ABR0TVK4_AURPU",96.5,567,0,1089,"A0ABR0TVK4"
"THY31338.1","tr|A0ABR0TIE1|A0ABR0TIE1_AURPU",91,1326,0,1089,"A0ABR0TIE1"
"KAK6000859.1","tr|A0ABR0T8V5|A0ABR0T8V5_AURPU",100,545,0,1089,"A0ABR0T8V5"
"KAK6002581.1","tr|A0ABR0TDS0|A0ABR0TDS0_AURPU",100,629,0,1089,"A0ABR0TDS0"
"KAK6003359.1","tr|A0ABR0TG01|A0ABR0TG01_AURPU",100,557,0,1089,"A0ABR0TG01"
"KAK6008869.1","tr|A0ABR0TWK7|A0ABR0TWK7_AURPU",100,548,0,1089,"A0ABR0TWK7"
"CAC9888829.1","tr|A0ABR0TQ83|A0ABR0TQ83_AURPU",91.8,598,0,1089,"A0ABR0TQ83"
"THV67529.1","tr|A0ABR0T911|A0ABR0T911_AURPU",93.7,602,0,1088,"A0ABR0T911"
"KAK6001280.1","tr|A0ABR0TBG0|A0ABR0TBG0_AURPU",100,547,0,1088,"A0ABR0TBG0"
"KAK6001317.1","tr|A0ABR0TAL0|A0ABR0TAL0_AURPU",100,546,0,1088,"A0ABR0TAL0"
"KAK6001656.1","tr|A0ABR0TCJ4|A0ABR0TCJ4_AURPU",100,661,0,1088,"A0ABR0TCJ4"
"KAK6002561.1","tr|A0ABR0TEU6|A0ABR0TEU6_AURPU",100,538,0,1088,"A0ABR0TEU6"
"KAK6002850.1","tr|A0ABR0TEK0|A0ABR0TEK0_AURPU",100,555,0,1088,"A0ABR0TEK0"
"KAK6002907.1","tr|A0ABR0TEX8|A0ABR0TEX8_AURPU",100,539,0,1088,"A0ABR0TEX8"
"KAK6004889.1","tr|A0ABR0TKF6|A0ABR0TKF6_AURPU",100,536,0,1088,"A0ABR0TKF6"
"KAK6005961.1","tr|A0ABR0TQ03|A0ABR0TQ03_AURPU",100,559,0,1088,"A0ABR0TQ03"
"KAK6007391.1","tr|A0ABR0TT98|A0ABR0TT98_AURPU",100,687,0,1088,"A0ABR0TT98"
"KAK6008313.1","tr|A0ABR0TV27|A0ABR0TV27_AURPU",100,538,0,1088,"A0ABR0TV27"
"CAD0010786.1","tr|A0ABR0TT23|A0ABR0TT23_AURPU",84.2,696,0,1088,"A0ABR0TT23"
"THY19319.1","tr|A0ABR0TCF3|A0ABR0TCF3_AURPU",93,560,0,1087,"A0ABR0TCF3"
"KAK6000662.1","tr|A0ABR0T892|A0ABR0T892_AURPU",100,539,0,1087,"A0ABR0T892"
"KAK6001111.1","tr|A0ABR0T9J2|A0ABR0T9J2_AURPU",100,567,0,1087,"A0ABR0T9J2"
"KAK6003524.1","tr|A0ABR0TGH0|A0ABR0TGH0_AURPU",100,608,0,1087,"A0ABR0TGH0"
"KAK6003893.1","tr|A0ABR0THI3|A0ABR0THI3_AURPU",100,556,0,1087,"A0ABR0THI3"
"KAK6004876.1","tr|A0ABR0TK91|A0ABR0TK91_AURPU",100,580,0,1087,"A0ABR0TK91"
"TIA24948.1","tr|A0ABR0T828|A0ABR0T828_AURPU",92.5,587,0,1086,"A0ABR0T828"
"KAK5999569.1","tr|A0ABR0T559|A0ABR0T559_AURPU",100,619,0,1086,"A0ABR0T559"
"KAK5999745.1","tr|A0ABR0T5P6|A0ABR0T5P6_AURPU",100,567,0,1086,"A0ABR0T5P6"
"KAK6004170.1","tr|A0ABR0TIA4|A0ABR0TIA4_AURPU",100,564,0,1086,"A0ABR0TIA4"
"KAK6004428.1","tr|A0ABR0TJ01|A0ABR0TJ01_AURPU",100,559,0,1086,"A0ABR0TJ01"
"KAK6004480.1","tr|A0ABR0TKN1|A0ABR0TKN1_AURPU",100,674,0,1086,"A0ABR0TKN1"
"KAK6007472.1","tr|A0ABR0TSS0|A0ABR0TSS0_AURPU",100,545,0,1086,"A0ABR0TSS0"
"KAK6008355.1","tr|A0ABR0TV75|A0ABR0TV75_AURPU",100,573,0,1086,"A0ABR0TV75"
"THZ59778.1","tr|A0ABR0TSV9|A0ABR0TSV9_AURPU",90.4,623,0,1085,"A0ABR0TSV9"
"KAK6000291.1","tr|A0ABR0T8M7|A0ABR0T8M7_AURPU",100,534,0,1085,"A0ABR0T8M7"
"KAK6001923.1","tr|A0ABR0TBV9|A0ABR0TBV9_AURPU",100,560,0,1085,"A0ABR0TBV9"
"KAK6001994.1","tr|A0ABR0TC61|A0ABR0TC61_AURPU",100,542,0,1085,"A0ABR0TC61"
"KAK6002275.1","tr|A0ABR0TE66|A0ABR0TE66_AURPU",100,559,0,1085,"A0ABR0TE66"
"KAK6002501.1","tr|A0ABR0TEN6|A0ABR0TEN6_AURPU",100,544,0,1085,"A0ABR0TEN6"
"KAK6003689.1","tr|A0ABR0TGY0|A0ABR0TGY0_AURPU",100,523,0,1085,"A0ABR0TGY0"
"KAK6003691.1","tr|A0ABR0TGX1|A0ABR0TGX1_AURPU",100,573,0,1085,"A0ABR0TGX1"
"KAK6004150.1","tr|A0ABR0TJM0|A0ABR0TJM0_AURPU",100,610,0,1085,"A0ABR0TJM0"
"KAK6004890.1","tr|A0ABR0TKA6|A0ABR0TKA6_AURPU",100,523,0,1085,"A0ABR0TKA6"
"KAK6004891.1","tr|A0ABR0TKA5|A0ABR0TKA5_AURPU",100,532,0,1085,"A0ABR0TKA5"
"KAK6008144.1","tr|A0ABR0TUK4|A0ABR0TUK4_AURPU",100,559,0,1085,"A0ABR0TUK4"
"KAK6000308.1","tr|A0ABR0T798|A0ABR0T798_AURPU",100,537,0,1084,"A0ABR0T798"
"KAK6003837.1","tr|A0ABR0THL6|A0ABR0THL6_AURPU",100,555,0,1084,"A0ABR0THL6"
"KAK6004139.1","tr|A0ABR0TIA5|A0ABR0TIA5_AURPU",100,541,0,1084,"A0ABR0TIA5"
"THX25026.1","tr|A0ABR0TSZ7|A0ABR0TSZ7_AURPU",92.4,602,0,1083,"A0ABR0TSZ7"
"TIA35170.1","tr|A0ABR0TDE1|A0ABR0TDE1_AURPU",97.5,553,0,1083,"A0ABR0TDE1"
"KAK6001372.1","tr|A0ABR0TB72|A0ABR0TB72_AURPU",100,569,0,1083,"A0ABR0TB72"
"KAK6001819.1","tr|A0ABR0TBJ0|A0ABR0TBJ0_AURPU",100,574,0,1083,"A0ABR0TBJ0"
"KAK6004315.1","tr|A0ABR0TK59|A0ABR0TK59_AURPU",100,541,0,1083,"A0ABR0TK59"
"KAK6008806.1","tr|A0ABR0TWE2|A0ABR0TWE2_AURPU",100,551,0,1083,"A0ABR0TWE2"
"CAD0028920.1","tr|A0ABR0TM43|A0ABR0TM43_AURPU",87.4,660,0,1083,"A0ABR0TM43"
"THW04861.1","tr|A0ABR0TG98|A0ABR0TG98_AURPU",89.2,729,0,1082,"A0ABR0TG98"
"KAK6000794.1","tr|A0ABR0T8T8|A0ABR0T8T8_AURPU",100,526,0,1082,"A0ABR0T8T8"
"KAK6006967.1","tr|A0ABR0TS86|A0ABR0TS86_AURPU",100,541,0,1082,"A0ABR0TS86"
"KAK6007602.1","tr|A0ABR0TTF2|A0ABR0TTF2_AURPU",100,576,0,1082,"A0ABR0TTF2"
"KAK6008709.1","tr|A0ABR0TWW3|A0ABR0TWW3_AURPU",100,529,0,1082,"A0ABR0TWW3"
"CAD0045771.1","tr|A0ABR0TBZ6|A0ABR0TBZ6_AURPU",91.9,578,0,1082,"A0ABR0TBZ6"
"THX01430.1","tr|A0ABR0TS80|A0ABR0TS80_AURPU",95.4,547,0,1081,"A0ABR0TS80"
"THX78475.1","tr|A0ABR0TDZ4|A0ABR0TDZ4_AURPU",89.6,642,0,1081,"A0ABR0TDZ4"
"KAK5999635.1","tr|A0ABR0T6I7|A0ABR0T6I7_AURPU",100,567,0,1081,"A0ABR0T6I7"
"KAK6002235.1","tr|A0ABR0TCS7|A0ABR0TCS7_AURPU",100,537,0,1081,"A0ABR0TCS7"
"KAK6006754.1","tr|A0ABR0TQP4|A0ABR0TQP4_AURPU",100,538,0,1081,"A0ABR0TQP4"
"KAK6008080.1","tr|A0ABR0TW09|A0ABR0TW09_AURPU",100,540,0,1081,"A0ABR0TW09"
"KAK6008537.1","tr|A0ABR0TVY9|A0ABR0TVY9_AURPU",100,549,0,1081,"A0ABR0TVY9"
"CAD0017231.1","tr|A0ABR0TUC2|A0ABR0TUC2_AURPU",91.9,589,0,1081,"A0ABR0TUC2"
"OBW69911.1","tr|A0ABR0TRV2|A0ABR0TRV2_AURPU",95.2,547,0,1080,"A0ABR0TRV2"
"THZ84925.1","tr|A0ABR0TGK1|A0ABR0TGK1_AURPU",92.8,559,0,1080,"A0ABR0TGK1"
"KAK6000897.1","tr|A0ABR0T9B1|A0ABR0T9B1_AURPU",100,546,0,1080,"A0ABR0T9B1"
"KAK6007381.1","tr|A0ABR0TSF4|A0ABR0TSF4_AURPU",100,537,0,1080,"A0ABR0TSF4"
"CAC9887625.1","tr|A0ABR0T9T6|A0ABR0T9T6_AURPU",95.6,593,0,1080,"A0ABR0T9T6"
"KAK5999480.1","tr|A0ABR0T604|A0ABR0T604_AURPU",100,540,0,1079,"A0ABR0T604"
"KAK6000208.1","tr|A0ABR0T700|A0ABR0T700_AURPU",100,528,0,1079,"A0ABR0T700"
"KAK6002676.1","tr|A0ABR0TFG1|A0ABR0TFG1_AURPU",100,650,0,1079,"A0ABR0TFG1"
"CAD0010052.1","tr|A0ABR0TC64|A0ABR0TC64_AURPU",87.9,735,0,1079,"A0ABR0TC64"
"THY31393.1","tr|A0ABR0TDS9|A0ABR0TDS9_AURPU",89.4,668,0,1078,"A0ABR0TDS9"
"KAK6005244.1","tr|A0ABR0TLX7|A0ABR0TLX7_AURPU",100,533,0,1078,"A0ABR0TLX7"
"KAK6008465.1","tr|A0ABR0TX59|A0ABR0TX59_AURPU",100,557,0,1078,"A0ABR0TX59"
"KAK5999300.1","tr|A0ABR0T5I2|A0ABR0T5I2_AURPU",100,535,0,1077,"A0ABR0T5I2"
"KAK5999361.1","tr|A0ABR0T5Y6|A0ABR0T5Y6_AURPU",100,531,0,1077,"A0ABR0T5Y6"
"KAK6000581.1","tr|A0ABR0T9B3|A0ABR0T9B3_AURPU",100,517,0,1077,"A0ABR0T9B3"
"KAK6001946.1","tr|A0ABR0TD40|A0ABR0TD40_AURPU",100,628,0,1077,"A0ABR0TD40"
"KAK6003193.1","tr|A0ABR0TFI1|A0ABR0TFI1_AURPU",100,556,0,1077,"A0ABR0TFI1"
"KAK6004971.1","tr|A0ABR0TM46|A0ABR0TM46_AURPU",100,599,0,1077,"A0ABR0TM46"
"THV73019.1","tr|A0ABR0T8P6|A0ABR0T8P6_AURPU",93.5,553,0,1076,"A0ABR0T8P6"
"THV73021.1","tr|A0ABR0T8H6|A0ABR0T8H6_AURPU",91.5,579,0,1076,"A0ABR0T8H6"
"KAK6000758.1","tr|A0ABR0T8J2|A0ABR0T8J2_AURPU",100,564,0,1076,"A0ABR0T8J2"
"KAK6005158.1","tr|A0ABR0TL32|A0ABR0TL32_AURPU",100,538,0,1076,"A0ABR0TL32"
"KEQ79815.1","tr|A0ABR0TLJ6|A0ABR0TLJ6_AURPU",96.1,560,0,1075,"A0ABR0TLJ6"
"OBW64039.1","tr|A0ABR0TNC2|A0ABR0TNC2_AURPU",92.1,579,0,1075,"A0ABR0TNC2"
"KAK6001278.1","tr|A0ABR0TA15|A0ABR0TA15_AURPU",100,531,0,1075,"A0ABR0TA15"
"KAK6001588.1","tr|A0ABR0TAW9|A0ABR0TAW9_AURPU",100,590,0,1075,"A0ABR0TAW9"
"KAK6004698.1","tr|A0ABR0TJR7|A0ABR0TJR7_AURPU",100,545,0,1075,"A0ABR0TJR7"
"KAK6006573.1","tr|A0ABR0TQ46|A0ABR0TQ46_AURPU",100,751,0,1075,"A0ABR0TQ46"
"THW07032.1","tr|A0ABR0TAI2|A0ABR0TAI2_AURPU",95.7,554,0,1074,"A0ABR0TAI2"
"KAK6000280.1","tr|A0ABR0T8C6|A0ABR0T8C6_AURPU",100,537,0,1074,"A0ABR0T8C6"
"KAK6000575.1","tr|A0ABR0T9C5|A0ABR0T9C5_AURPU",100,532,0,1074,"A0ABR0T9C5"
"KAK6003048.1","tr|A0ABR0TF35|A0ABR0TF35_AURPU",100,557,0,1074,"A0ABR0TF35"
"KAK6005062.1","tr|A0ABR0TLM7|A0ABR0TLM7_AURPU",100,579,0,1074,"A0ABR0TLM7"
"KEQ83353.1","tr|A0ABR0TPN2|A0ABR0TPN2_AURPU",91,603,0,1073,"A0ABR0TPN2"
"THV89329.1","tr|A0ABR0TJI9|A0ABR0TJI9_AURPU",87,645,0,1073,"A0ABR0TJI9"
"THX60039.1","tr|A0ABR0TTS4|A0ABR0TTS4_AURPU",90.5,611,0,1073,"A0ABR0TTS4"
"TIA23173.1","tr|A0ABR0TWU2|A0ABR0TWU2_AURPU",85.3,713,0,1073,"A0ABR0TWU2"
"KAK5999332.1","tr|A0ABR0T5E3|A0ABR0T5E3_AURPU",100,540,0,1073,"A0ABR0T5E3"
"KAK6000517.1","tr|A0ABR0T8U3|A0ABR0T8U3_AURPU",100,527,0,1073,"A0ABR0T8U3"
"KAK6003181.1","tr|A0ABR0TFG6|A0ABR0TFG6_AURPU",100,555,0,1073,"A0ABR0TFG6"
"KAK6003971.1","tr|A0ABR0TIR2|A0ABR0TIR2_AURPU",100,538,0,1073,"A0ABR0TIR2"
"CAD0016754.1","tr|A0ABR0TSX2|A0ABR0TSX2_AURPU",96,596,0,1073,"A0ABR0TSX2"
"CAR4708752.1","tr|A0ABR0TXA1|A0ABR0TXA1_AURPU",91.2,558,0,1073,"A0ABR0TXA1"
"KAK6000387.1","tr|A0ABR0T7U6|A0ABR0T7U6_AURPU",100,519,0,1072,"A0ABR0T7U6"
"KAK6001640.1","tr|A0ABR0TCI0|A0ABR0TCI0_AURPU",100,532,0,1072,"A0ABR0TCI0"
"KAK6001870.1","tr|A0ABR0TD17|A0ABR0TD17_AURPU",100,542,0,1072,"A0ABR0TD17"
"KAK6002752.1","tr|A0ABR0TF69|A0ABR0TF69_AURPU",100,528,0,1072,"A0ABR0TF69"
"KAK6005156.1","tr|A0ABR0TM47|A0ABR0TM47_AURPU",100,672,0,1072,"A0ABR0TM47"
"CAD0057583.1","tr|A0ABR0TU29|A0ABR0TU29_AURPU",92.6,593,0,1072,"A0ABR0TU29"
"OBW64309.1","tr|A0ABR0T5F4|A0ABR0T5F4_AURPU",94,553,0,1071,"A0ABR0T5F4"
"KAK6000307.1","tr|A0ABR0T875|A0ABR0T875_AURPU",100,545,0,1071,"A0ABR0T875"
"KAK6000538.1","tr|A0ABR0T7X5|A0ABR0T7X5_AURPU",100,540,0,1071,"A0ABR0T7X5"
"KAK6001295.1","tr|A0ABR0TBH3|A0ABR0TBH3_AURPU",100,539,0,1071,"A0ABR0TBH3"
"KAK6001592.1","tr|A0ABR0TAX7|A0ABR0TAX7_AURPU",100,559,0,1071,"A0ABR0TAX7"
"KAK6003029.1","tr|A0ABR0TF16|A0ABR0TF16_AURPU",100,538,0,1071,"A0ABR0TF16"
"KAK6004308.1","tr|A0ABR0TIP2|A0ABR0TIP2_AURPU",100,547,0,1071,"A0ABR0TIP2"
"KAK6004703.1","tr|A0ABR0TJV0|A0ABR0TJV0_AURPU",100,540,0,1071,"A0ABR0TJV0"
"KAK6005963.1","tr|A0ABR0TND6|A0ABR0TND6_AURPU",100,521,0,1071,"A0ABR0TND6"
"KAK6006753.1","tr|A0ABR0TQM0|A0ABR0TQM0_AURPU",100,534,0,1071,"A0ABR0TQM0"
"KAK6007217.1","tr|A0ABR0TS38|A0ABR0TS38_AURPU",100,542,0,1071,"A0ABR0TS38"
"KAK6008823.1","tr|A0ABR0TWJ5|A0ABR0TWJ5_AURPU",100,542,0,1071,"A0ABR0TWJ5"
"KEQ83825.1","tr|A0ABR0T632|A0ABR0T632_AURPU",95.6,565,0,1070,"A0ABR0T632"
"TIA43955.1","tr|A0ABR0T7G2|A0ABR0T7G2_AURPU",92,573,0,1070,"A0ABR0T7G2"
"KAK6001897.1","tr|A0ABR0TCM4|A0ABR0TCM4_AURPU",100,596,0,1070,"A0ABR0TCM4"
"KAK6005504.1","tr|A0ABR0TM71|A0ABR0TM71_AURPU",100,569,0,1070,"A0ABR0TM71"
"KAK6007064.1","tr|A0ABR0TRI7|A0ABR0TRI7_AURPU",100,537,0,1070,"A0ABR0TRI7"
"KAK6003226.1","tr|A0ABR0TFK6|A0ABR0TFK6_AURPU",100,523,0,1069,"A0ABR0TFK6"
"KAK6003490.1","tr|A0ABR0THQ5|A0ABR0THQ5_AURPU",100,570,0,1069,"A0ABR0THQ5"
"KAK5999321.1","tr|A0ABR0T5Q3|A0ABR0T5Q3_AURPU",100,531,0,1068,"A0ABR0T5Q3"
"KAK5999468.1","tr|A0ABR0T4T4|A0ABR0T4T4_AURPU",100,515,0,1068,"A0ABR0T4T4"
"KAK5999512.1","tr|A0ABR0T5W9|A0ABR0T5W9_AURPU",100,695,0,1068,"A0ABR0T5W9"
"KAK6000329.1","tr|A0ABR0T7I2|A0ABR0T7I2_AURPU",100,513,0,1068,"A0ABR0T7I2"
"KAK6002104.1","tr|A0ABR0TCD8|A0ABR0TCD8_AURPU",100,507,0,1068,"A0ABR0TCD8"
"KAK6005276.1","tr|A0ABR0TMG0|A0ABR0TMG0_AURPU",100,543,0,1068,"A0ABR0TMG0"
"KAK6005697.1","tr|A0ABR0TMY9|A0ABR0TMY9_AURPU",100,543,0,1068,"A0ABR0TMY9"
"KAK6007088.1","tr|A0ABR0TRM1|A0ABR0TRM1_AURPU",100,541,0,1068,"A0ABR0TRM1"
"KAK6007506.1","tr|A0ABR0TUG7|A0ABR0TUG7_AURPU",100,561,0,1068,"A0ABR0TUG7"
"THV70632.1","tr|A0ABR0TFR2|A0ABR0TFR2_AURPU",92,551,0,1067,"A0ABR0TFR2"
"KAK5999479.1","tr|A0ABR0T4W7|A0ABR0T4W7_AURPU",100,534,0,1067,"A0ABR0T4W7"
"KAK6002944.1","tr|A0ABR0TEV4|A0ABR0TEV4_AURPU",100,526,0,1067,"A0ABR0TEV4"
"THV70541.1","tr|A0ABR0TAX5|A0ABR0TAX5_AURPU",97.6,540,0,1066,"A0ABR0TAX5"
"KAK6000942.1","tr|A0ABR0T9E9|A0ABR0T9E9_AURPU",100,575,0,1066,"A0ABR0T9E9"
"KAK6006225.1","tr|A0ABR0TP58|A0ABR0TP58_AURPU",100,531,0,1066,"A0ABR0TP58"
"KAK6006569.1","tr|A0ABR0TQ41|A0ABR0TQ41_AURPU",100,506,0,1066,"A0ABR0TQ41"
"KAK6008459.1","tr|A0ABR0TVG3|A0ABR0TVG3_AURPU",100,522,0,1066,"A0ABR0TVG3"
"THW62046.1","tr|A0ABR0TC07|A0ABR0TC07_AURPU",91.2,592,0,1065,"A0ABR0TC07"
"THZ26102.1","tr|A0ABR0TP25|A0ABR0TP25_AURPU",92.8,558,0,1065,"A0ABR0TP25"
"KAK5999847.1","tr|A0ABR0T6A2|A0ABR0T6A2_AURPU",100,545,0,1065,"A0ABR0T6A2"
"KAK6003175.1","tr|A0ABR0TGT8|A0ABR0TGT8_AURPU",100,650,0,1065,"A0ABR0TGT8"
"KAK6004900.1","tr|A0ABR0TLV9|A0ABR0TLV9_AURPU",100,576,0,1065,"A0ABR0TLV9"
"KAK6006058.1","tr|A0ABR0TNR2|A0ABR0TNR2_AURPU",100,587,0,1065,"A0ABR0TNR2"
"KAK6006578.1","tr|A0ABR0TQ59|A0ABR0TQ59_AURPU",100,533,0,1065,"A0ABR0TQ59"
"KAK6006794.1","tr|A0ABR0TQS0|A0ABR0TQS0_AURPU",100,537,0,1065,"A0ABR0TQS0"
"KAK6008110.1","tr|A0ABR0TW38|A0ABR0TW38_AURPU",100,527,0,1065,"A0ABR0TW38"
"CAC9887783.1","tr|A0ABR0TG64|A0ABR0TG64_AURPU",89,602,0,1065,"A0ABR0TG64"
"KAK5999317.1","tr|A0ABR0T5C7|A0ABR0T5C7_AURPU",100,530,0,1064,"A0ABR0T5C7"
"KAK6003412.1","tr|A0ABR0TH12|A0ABR0TH12_AURPU",100,531,0,1064,"A0ABR0TH12"
"THV76127.1","tr|A0ABR0TW23|A0ABR0TW23_AURPU",92.7,593,0,1063,"A0ABR0TW23"
"KAK6003417.1","tr|A0ABR0TGE1|A0ABR0TGE1_AURPU",100,542,0,1063,"A0ABR0TGE1"
"KAK6005742.1","tr|A0ABR0TN26|A0ABR0TN26_AURPU",100,518,0,1063,"A0ABR0TN26"
"KAK6005957.1","tr|A0ABR0TNG3|A0ABR0TNG3_AURPU",100,524,0,1063,"A0ABR0TNG3"
"KAK6006625.1","tr|A0ABR0TRR6|A0ABR0TRR6_AURPU",100,535,0,1063,"A0ABR0TRR6"
"KAK6006668.1","tr|A0ABR0TQE8|A0ABR0TQE8_AURPU",100,542,0,1063,"A0ABR0TQE8"
"CAD0012832.1","tr|A0ABR0TA25|A0ABR0TA25_AURPU",90,601,0,1063,"A0ABR0TA25"
"CAD0012886.1","tr|A0ABR0T9Z7|A0ABR0T9Z7_AURPU",88.4,645,0,1063,"A0ABR0T9Z7"
"KAK6002884.1","tr|A0ABR0TEP2|A0ABR0TEP2_AURPU",100,545,0,1062,"A0ABR0TEP2"
"KAK6003053.1","tr|A0ABR0TF48|A0ABR0TF48_AURPU",100,590,0,1062,"A0ABR0TF48"
"KAK6006018.1","tr|A0ABR0TNI4|A0ABR0TNI4_AURPU",100,543,0,1062,"A0ABR0TNI4"
"KAK6006412.1","tr|A0ABR0TQM6|A0ABR0TQM6_AURPU",100,545,0,1062,"A0ABR0TQM6"
"KAK6007394.1","tr|A0ABR0TSG3|A0ABR0TSG3_AURPU",100,547,0,1062,"A0ABR0TSG3"
"CAD0055607.1","tr|A0ABR0TLS5|A0ABR0TLS5_AURPU",92.7,576,0,1062,"A0ABR0TLS5"
"KEQ89838.1","tr|A0ABR0TQQ2|A0ABR0TQQ2_AURPU",92,597,0,1061,"A0ABR0TQQ2"
"KAK6003424.1","tr|A0ABR0TG45|A0ABR0TG45_AURPU",100,532,0,1061,"A0ABR0TG45"
"KAK6005311.1","tr|A0ABR0TLI4|A0ABR0TLI4_AURPU",100,556,0,1061,"A0ABR0TLI4"
"KAK6005790.1","tr|A0ABR0TMX7|A0ABR0TMX7_AURPU",100,532,0,1061,"A0ABR0TMX7"
"KAK6005848.1","tr|A0ABR0TN33|A0ABR0TN33_AURPU",100,540,0,1061,"A0ABR0TN33"
"KAK6008322.1","tr|A0ABR0TVI1|A0ABR0TVI1_AURPU",100,543,0,1061,"A0ABR0TVI1"
"KAK6008865.1","tr|A0ABR0TWL7|A0ABR0TWL7_AURPU",100,520,0,1061,"A0ABR0TWL7"
"CAD0050338.1","tr|A0ABR0TDC0|A0ABR0TDC0_AURPU",91,569,0,1061,"A0ABR0TDC0"
"KAK6000585.1","tr|A0ABR0T815|A0ABR0T815_AURPU",100,526,0,1060,"A0ABR0T815"
"KAK6003512.1","tr|A0ABR0TGE9|A0ABR0TGE9_AURPU",100,587,0,1060,"A0ABR0TGE9"
"KAK6005567.1","tr|A0ABR0TMB7|A0ABR0TMB7_AURPU",100,540,0,1060,"A0ABR0TMB7"
"KAK6006702.1","tr|A0ABR0TQV1|A0ABR0TQV1_AURPU",100,540,0,1060,"A0ABR0TQV1"
"KAK6006715.1","tr|A0ABR0TS01|A0ABR0TS01_AURPU",100,521,0,1060,"A0ABR0TS01"
"KAK6006973.1","tr|A0ABR0TR92|A0ABR0TR92_AURPU",100,546,0,1060,"A0ABR0TR92"
"THV74778.1","tr|A0ABR0TR37|A0ABR0TR37_AURPU",91.8,598,0,1059,"A0ABR0TR37"
"KAK6001432.1","tr|A0ABR0TBC9|A0ABR0TBC9_AURPU",100,556,0,1059,"A0ABR0TBC9"
"KAK6005594.1","tr|A0ABR0TMF3|A0ABR0TMF3_AURPU",100,531,0,1059,"A0ABR0TMF3"
"KAK6007517.1","tr|A0ABR0TSW4|A0ABR0TSW4_AURPU",100,563,0,1059,"A0ABR0TSW4"
"KEQ84883.1","tr|A0ABR0TE33|A0ABR0TE33_AURPU",94,546,0,1058,"A0ABR0TE33"
"KAK6000053.1","tr|A0ABR0T6J9|A0ABR0T6J9_AURPU",100,521,0,1058,"A0ABR0T6J9"
"KAK6001151.1","tr|A0ABR0TAU6|A0ABR0TAU6_AURPU",100,531,0,1058,"A0ABR0TAU6"
"KAK6004498.1","tr|A0ABR0TJ71|A0ABR0TJ71_AURPU",100,524,0,1058,"A0ABR0TJ71"
"KAK6004760.1","tr|A0ABR0TLI9|A0ABR0TLI9_AURPU",100,547,0,1058,"A0ABR0TLI9"
"KAK6005493.1","tr|A0ABR0TM22|A0ABR0TM22_AURPU",100,545,0,1058,"A0ABR0TM22"
"KAK6006252.1","tr|A0ABR0TPH9|A0ABR0TPH9_AURPU",100,522,0,1058,"A0ABR0TPH9"
"KAK6006566.1","tr|A0ABR0TR26|A0ABR0TR26_AURPU",100,542,0,1058,"A0ABR0TR26"
"THZ74638.1","tr|A0ABR0T7R6|A0ABR0T7R6_AURPU",94.9,585,0,1057,"A0ABR0T7R6"
"KAK6003310.1","tr|A0ABR0TH73|A0ABR0TH73_AURPU",100,537,0,1057,"A0ABR0TH73"
"KAK6005610.1","tr|A0ABR0TME9|A0ABR0TME9_AURPU",100,562,0,1057,"A0ABR0TME9"
"KAK6005965.1","tr|A0ABR0TPV0|A0ABR0TPV0_AURPU",100,566,0,1057,"A0ABR0TPV0"
"KAK6006397.1","tr|A0ABR0TQK7|A0ABR0TQK7_AURPU",100,524,0,1057,"A0ABR0TQK7"
"CAD0026467.1","tr|A0ABR0TD51|A0ABR0TD51_AURPU",90.1,575,0,1057,"A0ABR0TD51"
"KEQ87272.1","tr|A0ABR0TGD8|A0ABR0TGD8_AURPU",91.6,550,0,1056,"A0ABR0TGD8"
"THW00244.1","tr|A0ABR0TW58|A0ABR0TW58_AURPU",94.9,547,0,1056,"A0ABR0TW58"
"KAK5999573.1","tr|A0ABR0T546|A0ABR0T546_AURPU",100,579,0,1056,"A0ABR0T546"
"KAK6001922.1","tr|A0ABR0TBV1|A0ABR0TBV1_AURPU",100,521,0,1056,"A0ABR0TBV1"
"KAK6002128.1","tr|A0ABR0TCF5|A0ABR0TCF5_AURPU",100,519,0,1056,"A0ABR0TCF5"
"KAK6003040.1","tr|A0ABR0TGE6|A0ABR0TGE6_AURPU",100,605,0,1056,"A0ABR0TGE6"
"KAK6004284.1","tr|A0ABR0TJ67|A0ABR0TJ67_AURPU",100,597,0,1056,"A0ABR0TJ67"
"KAK6005986.1","tr|A0ABR0TNH9|A0ABR0TNH9_AURPU",100,530,0,1056,"A0ABR0TNH9"
"KAK6007215.1","tr|A0ABR0TRY3|A0ABR0TRY3_AURPU",100,527,0,1056,"A0ABR0TRY3"
"KAK6008661.1","tr|A0ABR0TXE2|A0ABR0TXE2_AURPU",100,552,0,1056,"A0ABR0TXE2"
"CAD0015585.1","tr|A0ABR0TAC8|A0ABR0TAC8_AURPU",94.2,565,0,1056,"A0ABR0TAC8"
"CAD0021906.1","tr|A0ABR0TSB9|A0ABR0TSB9_AURPU",98.5,546,0,1056,"A0ABR0TSB9"
"CAR1026713.1","tr|A0ABR0T8T0|A0ABR0T8T0_AURPU",88,701,0,1056,"A0ABR0T8T0"
"KEQ83926.1","tr|A0ABR0TE73|A0ABR0TE73_AURPU",97.3,528,0,1055,"A0ABR0TE73"
"KAK6000955.1","tr|A0ABR0TAB2|A0ABR0TAB2_AURPU",100,513,0,1055,"A0ABR0TAB2"
"KAK6002981.1","tr|A0ABR0TG31|A0ABR0TG31_AURPU",100,570,0,1055,"A0ABR0TG31"
"KAK6003316.1","tr|A0ABR0TFU7|A0ABR0TFU7_AURPU",100,535,0,1055,"A0ABR0TFU7"
"KAK6003320.1","tr|A0ABR0THC3|A0ABR0THC3_AURPU",100,526,0,1055,"A0ABR0THC3"
"KAK6006246.1","tr|A0ABR0TQT6|A0ABR0TQT6_AURPU",100,552,0,1055,"A0ABR0TQT6"
"KAK6006952.1","tr|A0ABR0TS65|A0ABR0TS65_AURPU",100,520,0,1055,"A0ABR0TS65"
"KAK6007252.1","tr|A0ABR0TT43|A0ABR0TT43_AURPU",100,522,0,1055,"A0ABR0TT43"
"KAK6008862.1","tr|A0ABR0TX04|A0ABR0TX04_AURPU",100,554,0,1055,"A0ABR0TX04"
"CAC9893577.1","tr|A0ABR0TTM5|A0ABR0TTM5_AURPU",92.7,572,0,1055,"A0ABR0TTM5"
"CAD0054470.1","tr|A0ABR0TJM3|A0ABR0TJM3_AURPU",93,560,0,1055,"A0ABR0TJM3"
"THW69635.1","tr|A0ABR0T6R5|A0ABR0T6R5_AURPU",90.6,565,0,1054,"A0ABR0T6R5"
"KAK6001234.1","tr|A0ABR0T9W8|A0ABR0T9W8_AURPU",100,533,0,1054,"A0ABR0T9W8"
"KAK6002155.1","tr|A0ABR0TDW4|A0ABR0TDW4_AURPU",100,542,0,1054,"A0ABR0TDW4"
"KAK6007112.1","tr|A0ABR0TRQ9|A0ABR0TRQ9_AURPU",100,540,0,1054,"A0ABR0TRQ9"
"KEQ86693.1","tr|A0ABR0TJE7|A0ABR0TJE7_AURPU",93.5,550,0,1053,"A0ABR0TJE7"
"THV76962.1","tr|A0ABR0TVZ5|A0ABR0TVZ5_AURPU",93.1,553,0,1053,"A0ABR0TVZ5"
"THV72584.1","tr|A0ABR0TD83|A0ABR0TD83_AURPU",93.8,552,0,1053,"A0ABR0TD83"
"THV87595.1","tr|A0ABR0T7T2|A0ABR0T7T2_AURPU",96.1,515,0,1053,"A0ABR0T7T2"
"TIA56320.1","tr|A0ABR0TQB4|A0ABR0TQB4_AURPU",91.4,568,0,1053,"A0ABR0TQB4"
"KAK6005643.1","tr|A0ABR0TMH0|A0ABR0TMH0_AURPU",100,540,0,1053,"A0ABR0TMH0"
"KAK6008541.1","tr|A0ABR0TX53|A0ABR0TX53_AURPU",100,524,0,1053,"A0ABR0TX53"
"CAC9885737.1","tr|A0ABR0TV61|A0ABR0TV61_AURPU",91.7,552,0,1053,"A0ABR0TV61"
"THY01414.1","tr|A0ABR0TNX7|A0ABR0TNX7_AURPU",96,550,0,1052,"A0ABR0TNX7"
"KAK6001315.1","tr|A0ABR0TBF7|A0ABR0TBF7_AURPU",100,669,0,1052,"A0ABR0TBF7"
"KAK6002753.1","tr|A0ABR0TEA9|A0ABR0TEA9_AURPU",100,506,0,1052,"A0ABR0TEA9"
"KAK6008363.1","tr|A0ABR0TVC1|A0ABR0TVC1_AURPU",100,545,0,1052,"A0ABR0TVC1"
"KEQ87624.1","tr|A0ABR0TU18|A0ABR0TU18_AURPU",93.9,545,0,1051,"A0ABR0TU18"
"CAC9892537.1","tr|A0ABR0T5U1|A0ABR0T5U1_AURPU",90,643,0,1051,"A0ABR0T5U1"
"THW91705.1","tr|A0ABR0TH57|A0ABR0TH57_AURPU",88.3,641,0,1050,"A0ABR0TH57"
"THX08070.1","tr|A0ABR0TB24|A0ABR0TB24_AURPU",92.2,601,0,1050,"A0ABR0TB24"
"KAK5999411.1","tr|A0ABR0T5Z2|A0ABR0T5Z2_AURPU",100,500,0,1050,"A0ABR0T5Z2"
"KAK5999678.1","tr|A0ABR0T5F8|A0ABR0T5F8_AURPU",100,534,0,1050,"A0ABR0T5F8"
"KAK6000397.1","tr|A0ABR0T8G3|A0ABR0T8G3_AURPU",100,551,0,1050,"A0ABR0T8G3"
"KAK6001205.1","tr|A0ABR0TB85|A0ABR0TB85_AURPU",100,529,0,1050,"A0ABR0TB85"
"KAK6002064.1","tr|A0ABR0TCS3|A0ABR0TCS3_AURPU",100,513,0,1050,"A0ABR0TCS3"
"KAK6004231.1","tr|A0ABR0TIG7|A0ABR0TIG7_AURPU",100,525,0,1050,"A0ABR0TIG7"
"KAK6006544.1","tr|A0ABR0TQ42|A0ABR0TQ42_AURPU",100,524,0,1050,"A0ABR0TQ42"
"THZ81042.1","tr|A0ABR0TR73|A0ABR0TR73_AURPU",93.9,553,0,1049,"A0ABR0TR73"
"KAK6001848.1","tr|A0ABR0TBN6|A0ABR0TBN6_AURPU",100,531,0,1049,"A0ABR0TBN6"
"KAK6004351.1","tr|A0ABR0TIS9|A0ABR0TIS9_AURPU",100,513,0,1049,"A0ABR0TIS9"
"KAK6005384.1","tr|A0ABR0TLX1|A0ABR0TLX1_AURPU",100,1035,0,1049,"A0ABR0TLX1"
"THX30029.1","tr|A0ABR0TSU6|A0ABR0TSU6_AURPU",94.2,548,0,1048,"A0ABR0TSU6"
"THX10947.1","tr|A0ABR0TIQ9|A0ABR0TIQ9_AURPU",91.6,609,0,1048,"A0ABR0TIQ9"
"KAK6000556.1","tr|A0ABR0T7Z1|A0ABR0T7Z1_AURPU",100,505,0,1048,"A0ABR0T7Z1"
"KAK6001284.1","tr|A0ABR0TAN3|A0ABR0TAN3_AURPU",100,523,0,1048,"A0ABR0TAN3"
"KAK6002392.1","tr|A0ABR0TE18|A0ABR0TE18_AURPU",100,536,0,1048,"A0ABR0TE18"
"KAK6002960.1","tr|A0ABR0TGB4|A0ABR0TGB4_AURPU",100,641,0,1048,"A0ABR0TGB4"
"KAK6006822.1","tr|A0ABR0TR87|A0ABR0TR87_AURPU",100,517,0,1048,"A0ABR0TR87"
"KAK6007776.1","tr|A0ABR0TV92|A0ABR0TV92_AURPU",100,551,0,1048,"A0ABR0TV92"
"KAK6008850.1","tr|A0ABR0TWK4|A0ABR0TWK4_AURPU",100,518,0,1048,"A0ABR0TWK4"
"TIA28893.1","tr|A0ABR0TT26|A0ABR0TT26_AURPU",90.9,570,0,1047,"A0ABR0TT26"
"KAK6003707.1","tr|A0ABR0TGZ3|A0ABR0TGZ3_AURPU",100,538,0,1047,"A0ABR0TGZ3"
"KAK6005136.1","tr|A0ABR0TMK5|A0ABR0TMK5_AURPU",100,562,0,1047,"A0ABR0TMK5"
"KAK6007154.1","tr|A0ABR0TRS6|A0ABR0TRS6_AURPU",100,544,0,1047,"A0ABR0TRS6"
"KAK6008136.1","tr|A0ABR0TW63|A0ABR0TW63_AURPU",100,526,0,1047,"A0ABR0TW63"
"CAD0013034.1","tr|A0ABR0TMI5|A0ABR0TMI5_AURPU",94.6,554,0,1047,"A0ABR0TMI5"
"THZ34657.1","tr|A0ABR0TPY5|A0ABR0TPY5_AURPU",95.2,544,0,1046,"A0ABR0TPY5"
"KAK5999427.1","tr|A0ABR0T523|A0ABR0T523_AURPU",100,531,0,1046,"A0ABR0T523"
"KAK6001121.1","tr|A0ABR0TAR7|A0ABR0TAR7_AURPU",100,525,0,1046,"A0ABR0TAR7"
"KAK6001804.1","tr|A0ABR0TBH6|A0ABR0TBH6_AURPU",100,523,0,1046,"A0ABR0TBH6"
"KAK6004527.1","tr|A0ABR0TJL5|A0ABR0TJL5_AURPU",100,531,0,1046,"A0ABR0TJL5"
"THW00686.1","tr|A0ABR0TMI1|A0ABR0TMI1_AURPU",93.7,559,0,1045,"A0ABR0TMI1"
"THZ18786.1","tr|A0ABR0TNI2|A0ABR0TNI2_AURPU",97.4,581,0,1045,"A0ABR0TNI2"
"KAK6001430.1","tr|A0ABR0TBW4|A0ABR0TBW4_AURPU",100,520,0,1045,"A0ABR0TBW4"
"KAK6001680.1","tr|A0ABR0TB56|A0ABR0TB56_AURPU",100,529,0,1045,"A0ABR0TB56"
"KAK6004050.1","tr|A0ABR0THY3|A0ABR0THY3_AURPU",100,512,0,1045,"A0ABR0THY3"
"KAK6005735.1","tr|A0ABR0TPE9|A0ABR0TPE9_AURPU",100,564,0,1045,"A0ABR0TPE9"
"KAK5999717.1","tr|A0ABR0T5R0|A0ABR0T5R0_AURPU",100,516,0,1044,"A0ABR0T5R0"
"KAK6002772.1","tr|A0ABR0TEK7|A0ABR0TEK7_AURPU",100,558,0,1044,"A0ABR0TEK7"
"KAK6006102.1","tr|A0ABR0TP28|A0ABR0TP28_AURPU",100,513,0,1044,"A0ABR0TP28"
"KEQ79308.1","tr|A0ABR0TUG1|A0ABR0TUG1_AURPU",95.4,543,0,1043,"A0ABR0TUG1"
"THY32254.1","tr|A0ABR0TG61|A0ABR0TG61_AURPU",95.1,552,0,1043,"A0ABR0TG61"
"KAK5999434.1","tr|A0ABR0T4S6|A0ABR0T4S6_AURPU",100,725,0,1043,"A0ABR0T4S6"
"KAK6000988.1","tr|A0ABR0T974|A0ABR0T974_AURPU",100,548,0,1043,"A0ABR0T974"
"KAK6006598.1","tr|A0ABR0TQ69|A0ABR0TQ69_AURPU",100,549,0,1043,"A0ABR0TQ69"
"KAK6007272.1","tr|A0ABR0TSJ4|A0ABR0TSJ4_AURPU",100,523,0,1043,"A0ABR0TSJ4"
"THW85288.1","tr|A0ABR0T4U0|A0ABR0T4U0_AURPU",91.2,569,0,1042,"A0ABR0T4U0"
"KAK6001666.1","tr|A0ABR0TB46|A0ABR0TB46_AURPU",100,516,0,1042,"A0ABR0TB46"
"KAK6008024.1","tr|A0ABR0TU86|A0ABR0TU86_AURPU",100,524,0,1042,"A0ABR0TU86"
"CAD0020155.1","tr|A0ABR0TF52|A0ABR0TF52_AURPU",90.5,611,0,1042,"A0ABR0TF52"
"KAK5999424.1","tr|A0ABR0T5D3|A0ABR0T5D3_AURPU",100,531,0,1041,"A0ABR0T5D3"
"KAK6000352.1","tr|A0ABR0T8B8|A0ABR0T8B8_AURPU",100,548,0,1041,"A0ABR0T8B8"
"KAK6004598.1","tr|A0ABR0TJJ6|A0ABR0TJJ6_AURPU",100,539,0,1041,"A0ABR0TJJ6"
"KAK6005850.1","tr|A0ABR0TN32|A0ABR0TN32_AURPU",100,520,0,1041,"A0ABR0TN32"
"KAK6006399.1","tr|A0ABR0TQ50|A0ABR0TQ50_AURPU",100,509,0,1041,"A0ABR0TQ50"
"KAK6006659.1","tr|A0ABR0TQD0|A0ABR0TQD0_AURPU",100,610,0,1041,"A0ABR0TQD0"
"KAK6007501.1","tr|A0ABR0TSR3|A0ABR0TSR3_AURPU",100,512,0,1041,"A0ABR0TSR3"
"KAK6008598.1","tr|A0ABR0TVX0|A0ABR0TVX0_AURPU",100,515,0,1041,"A0ABR0TVX0"
"THV68209.1","tr|A0ABR0T4N1|A0ABR0T4N1_AURPU",90.5,568,0,1040,"A0ABR0T4N1"
"THW11909.1","tr|A0ABR0T7W2|A0ABR0T7W2_AURPU",88.4,562,0,1040,"A0ABR0T7W2"
"KAK6005288.1","tr|A0ABR0TLH2|A0ABR0TLH2_AURPU",100,525,0,1040,"A0ABR0TLH2"
"CAC9892311.1","tr|A0ABR0TFH3|A0ABR0TFH3_AURPU",92.1,560,0,1040,"A0ABR0TFH3"
"THW84149.1","tr|A0ABR0T7C2|A0ABR0T7C2_AURPU",96.3,517,0,1039,"A0ABR0T7C2"
"KAK6000587.1","tr|A0ABR0T813|A0ABR0T813_AURPU",100,549,0,1039,"A0ABR0T813"
"KAK6000668.1","tr|A0ABR0T8A7|A0ABR0T8A7_AURPU",100,514,0,1039,"A0ABR0T8A7"
"KAK6001194.1","tr|A0ABR0TAE2|A0ABR0TAE2_AURPU",100,521,0,1039,"A0ABR0TAE2"
"KAK6001632.1","tr|A0ABR0TBH0|A0ABR0TBH0_AURPU",100,520,0,1039,"A0ABR0TBH0"
"KAK6003168.1","tr|A0ABR0TFF1|A0ABR0TFF1_AURPU",100,523,0,1039,"A0ABR0TFF1"
"KAK6005890.1","tr|A0ABR0TPN1|A0ABR0TPN1_AURPU",100,526,0,1039,"A0ABR0TPN1"
"KAK6006187.1","tr|A0ABR0TPZ3|A0ABR0TPZ3_AURPU",100,580,0,1039,"A0ABR0TPZ3"
"KAK6007095.1","tr|A0ABR0TRL6|A0ABR0TRL6_AURPU",100,556,0,1039,"A0ABR0TRL6"
"KAK6008410.1","tr|A0ABR0TWV8|A0ABR0TWV8_AURPU",100,519,0,1039,"A0ABR0TWV8"
"THW24099.1","tr|A0ABR0TKZ5|A0ABR0TKZ5_AURPU",93.7,552,0,1038,"A0ABR0TKZ5"
"THX46628.1","tr|A0ABR0TDV8|A0ABR0TDV8_AURPU",92.8,558,0,1038,"A0ABR0TDV8"
"KAK6005219.1","tr|A0ABR0TLD5|A0ABR0TLD5_AURPU",100,506,0,1038,"A0ABR0TLD5"
"KAK6007771.1","tr|A0ABR0TTG7|A0ABR0TTG7_AURPU",100,525,0,1038,"A0ABR0TTG7"
"THV67359.1","tr|A0ABR0TCV2|A0ABR0TCV2_AURPU",91.9,542,0,1037,"A0ABR0TCV2"
"KAK5999382.1","tr|A0ABR0T4X4|A0ABR0T4X4_AURPU",100,625,0,1037,"A0ABR0T4X4"
"KAK6001197.1","tr|A0ABR0TA90|A0ABR0TA90_AURPU",100,638,0,1037,"A0ABR0TA90"
"KAK6001565.1","tr|A0ABR0TC99|A0ABR0TC99_AURPU",100,641,0,1037,"A0ABR0TC99"
"KAK6005334.1","tr|A0ABR0TM63|A0ABR0TM63_AURPU",100,531,0,1037,"A0ABR0TM63"
"KAK6008193.1","tr|A0ABR0TUR0|A0ABR0TUR0_AURPU",100,503,0,1037,"A0ABR0TUR0"
"THV67063.1","tr|A0ABR0TDU1|A0ABR0TDU1_AURPU",95.5,550,0,1036,"A0ABR0TDU1"
"THV72888.1","tr|A0ABR0TW45|A0ABR0TW45_AURPU",92.6,580,0,1036,"A0ABR0TW45"
"KAK5999471.1","tr|A0ABR0T655|A0ABR0T655_AURPU",100,522,0,1036,"A0ABR0T655"
"KAK6001081.1","tr|A0ABR0T9G4|A0ABR0T9G4_AURPU",100,562,0,1036,"A0ABR0T9G4"
"KAK6001327.1","tr|A0ABR0TB33|A0ABR0TB33_AURPU",100,507,0,1036,"A0ABR0TB33"
"KAK6003291.1","tr|A0ABR0THB1|A0ABR0THB1_AURPU",100,606,0,1036,"A0ABR0THB1"
"KAK6005592.1","tr|A0ABR0TML5|A0ABR0TML5_AURPU",100,544,0,1036,"A0ABR0TML5"
"KAK6006672.1","tr|A0ABR0TQS2|A0ABR0TQS2_AURPU",100,525,0,1036,"A0ABR0TQS2"
"KAK6006951.1","tr|A0ABR0TSV2|A0ABR0TSV2_AURPU",100,552,0,1036,"A0ABR0TSV2"
"CAD0055073.1","tr|A0ABR0T550|A0ABR0T550_AURPU",90.9,525,0,1036,"A0ABR0T550"
"CAD0052281.1","tr|A0ABR0T9K7|A0ABR0T9K7_AURPU",93.7,552,0,1036,"A0ABR0T9K7"
"THV98386.1","tr|A0ABR0TAX2|A0ABR0TAX2_AURPU",95.3,554,0,1035,"A0ABR0TAX2"
"THX11284.1","tr|A0ABR0TJ32|A0ABR0TJ32_AURPU",92.1,595,0,1035,"A0ABR0TJ32"
"KAK6002916.1","tr|A0ABR0TG82|A0ABR0TG82_AURPU",100,525,0,1035,"A0ABR0TG82"
"KAK6004049.1","tr|A0ABR0TI10|A0ABR0TI10_AURPU",100,677,0,1035,"A0ABR0TI10"
"KAK6004863.1","tr|A0ABR0TK86|A0ABR0TK86_AURPU",100,496,0,1035,"A0ABR0TK86"
"KAK6008425.1","tr|A0ABR0TWW7|A0ABR0TWW7_AURPU",100,617,0,1035,"A0ABR0TWW7"
"THY29901.1","tr|A0ABR0T8S0|A0ABR0T8S0_AURPU",91,599,0,1034,"A0ABR0T8S0"
"THZ90640.1","tr|A0ABR0TI61|A0ABR0TI61_AURPU",91.2,580,0,1034,"A0ABR0TI61"
"KAK6000738.1","tr|A0ABR0T8G6|A0ABR0T8G6_AURPU",100,529,0,1034,"A0ABR0T8G6"
"KAK6001746.1","tr|A0ABR0TCT2|A0ABR0TCT2_AURPU",100,530,0,1034,"A0ABR0TCT2"
"KAK6008072.1","tr|A0ABR0TUJ7|A0ABR0TUJ7_AURPU",100,567,0,1034,"A0ABR0TUJ7"
"KAK6008383.1","tr|A0ABR0TV63|A0ABR0TV63_AURPU",100,529,0,1034,"A0ABR0TV63"
"KAK6000861.1","tr|A0ABR0TA81|A0ABR0TA81_AURPU",100,502,0,1033,"A0ABR0TA81"
"KAK6000884.1","tr|A0ABR0T933|A0ABR0T933_AURPU",100,516,0,1033,"A0ABR0T933"
"KAK6002514.1","tr|A0ABR0TE45|A0ABR0TE45_AURPU",100,512,0,1033,"A0ABR0TE45"
"KAK6002943.1","tr|A0ABR0TEU0|A0ABR0TEU0_AURPU",100,541,0,1033,"A0ABR0TEU0"
"KAK6003611.1","tr|A0ABR0THT4|A0ABR0THT4_AURPU",100,750,0,1033,"A0ABR0THT4"
"KAK6004862.1","tr|A0ABR0TKB8|A0ABR0TKB8_AURPU",100,497,0,1033,"A0ABR0TKB8"
"KAK6006132.1","tr|A0ABR0TP61|A0ABR0TP61_AURPU",100,520,0,1033,"A0ABR0TP61"
"KAK6007133.1","tr|A0ABR0TRR3|A0ABR0TRR3_AURPU",100,492,0,1033,"A0ABR0TRR3"
"CAC9889578.1","tr|A0ABR0TB43|A0ABR0TB43_AURPU",94,551,0,1033,"A0ABR0TB43"
"THV67641.1","tr|A0ABR0TMV7|A0ABR0TMV7_AURPU",91.3,561,0,1032,"A0ABR0TMV7"
"THY23338.1","tr|A0ABR0TVY3|A0ABR0TVY3_AURPU",92.7,564,0,1032,"A0ABR0TVY3"
"KAK6004322.1","tr|A0ABR0TIU9|A0ABR0TIU9_AURPU",100,535,0,1032,"A0ABR0TIU9"
"KAK6004845.1","tr|A0ABR0TK61|A0ABR0TK61_AURPU",100,524,0,1032,"A0ABR0TK61"
"KAK6005189.1","tr|A0ABR0TLB2|A0ABR0TLB2_AURPU",100,549,0,1032,"A0ABR0TLB2"
"KAK6006845.1","tr|A0ABR0TSK1|A0ABR0TSK1_AURPU",100,514,0,1032,"A0ABR0TSK1"
"KAK6007509.1","tr|A0ABR0TTF6|A0ABR0TTF6_AURPU",100,530,0,1032,"A0ABR0TTF6"
"THV97714.1","tr|A0ABR0TRK4|A0ABR0TRK4_AURPU",95.2,526,0,1031,"A0ABR0TRK4"
"THX89311.1","tr|A0ABR0TE14|A0ABR0TE14_AURPU",94.9,529,0,1031,"A0ABR0TE14"
"THY89479.1","tr|A0ABR0TDL8|A0ABR0TDL8_AURPU",92,560,0,1031,"A0ABR0TDL8"
"KAK6000592.1","tr|A0ABR0T916|A0ABR0T916_AURPU",100,516,0,1031,"A0ABR0T916"
"KAK6002012.1","tr|A0ABR0TC39|A0ABR0TC39_AURPU",100,506,0,1031,"A0ABR0TC39"
"KAK6002902.1","tr|A0ABR0TFK7|A0ABR0TFK7_AURPU",100,545,0,1031,"A0ABR0TFK7"
"KAK6005495.1","tr|A0ABR0TNN2|A0ABR0TNN2_AURPU",100,507,0,1031,"A0ABR0TNN2"
"KAK5999320.1","tr|A0ABR0T5K7|A0ABR0T5K7_AURPU",100,507,0,1030,"A0ABR0T5K7"
"KAK6000345.1","tr|A0ABR0T7C9|A0ABR0T7C9_AURPU",100,550,0,1030,"A0ABR0T7C9"
"KAK6001422.1","tr|A0ABR0TAX3|A0ABR0TAX3_AURPU",100,522,0,1030,"A0ABR0TAX3"
"KAK6002741.1","tr|A0ABR0TFD6|A0ABR0TFD6_AURPU",100,573,0,1030,"A0ABR0TFD6"
"KAK6002942.1","tr|A0ABR0TET7|A0ABR0TET7_AURPU",100,510,0,1030,"A0ABR0TET7"
"KAK6003334.1","tr|A0ABR0TFW8|A0ABR0TFW8_AURPU",100,542,0,1030,"A0ABR0TFW8"
"KAK6005913.1","tr|A0ABR0TN87|A0ABR0TN87_AURPU",100,523,0,1030,"A0ABR0TN87"
"KAK6006732.1","tr|A0ABR0TQY8|A0ABR0TQY8_AURPU",100,566,0,1030,"A0ABR0TQY8"
"KAK6006745.1","tr|A0ABR0TS33|A0ABR0TS33_AURPU",100,518,0,1030,"A0ABR0TS33"
"KAK6007400.1","tr|A0ABR0TU76|A0ABR0TU76_AURPU",100,537,0,1030,"A0ABR0TU76"
"KAK6001570.1","tr|A0ABR0TC65|A0ABR0TC65_AURPU",100,486,0,1029,"A0ABR0TC65"
"KAK6002360.1","tr|A0ABR0TEH8|A0ABR0TEH8_AURPU",100,514,0,1029,"A0ABR0TEH8"
"KAK6002937.1","tr|A0ABR0TF14|A0ABR0TF14_AURPU",100,513,0,1029,"A0ABR0TF14"
"KAK6005621.1","tr|A0ABR0TNE4|A0ABR0TNE4_AURPU",100,533,0,1029,"A0ABR0TNE4"
"KAK6005843.1","tr|A0ABR0TN24|A0ABR0TN24_AURPU",100,643,0,1029,"A0ABR0TN24"
"KAK6007934.1","tr|A0ABR0TTZ6|A0ABR0TTZ6_AURPU",100,512,0,1029,"A0ABR0TTZ6"
"KAK6008651.1","tr|A0ABR0TWT1|A0ABR0TWT1_AURPU",100,590,0,1029,"A0ABR0TWT1"
"THW47092.1","tr|A0ABR0T8Q9|A0ABR0T8Q9_AURPU",92.1,570,0,1028,"A0ABR0T8Q9"
"KAK6000084.1","tr|A0ABR0T764|A0ABR0T764_AURPU",100,541,0,1028,"A0ABR0T764"
"KAK6000767.1","tr|A0ABR0T8K0|A0ABR0T8K0_AURPU",100,565,0,1028,"A0ABR0T8K0"
"KAK6003445.1","tr|A0ABR0THK8|A0ABR0THK8_AURPU",100,553,0,1028,"A0ABR0THK8"
"KAK6006463.1","tr|A0ABR0TPT5|A0ABR0TPT5_AURPU",100,515,0,1028,"A0ABR0TPT5"
"KAK6006829.1","tr|A0ABR0TQX8|A0ABR0TQX8_AURPU",100,595,0,1028,"A0ABR0TQX8"
"KAK6007031.1","tr|A0ABR0TSA4|A0ABR0TSA4_AURPU",100,494,0,1028,"A0ABR0TSA4"
"KAK5999890.1","tr|A0ABR0T7A4|A0ABR0T7A4_AURPU",100,522,0,1027,"A0ABR0T7A4"
"KAK6000304.1","tr|A0ABR0T775|A0ABR0T775_AURPU",100,515,0,1027,"A0ABR0T775"
"KAK6001130.1","tr|A0ABR0TAZ6|A0ABR0TAZ6_AURPU",100,504,0,1027,"A0ABR0TAZ6"
"KAK6001609.1","tr|A0ABR0TAY7|A0ABR0TAY7_AURPU",100,522,0,1027,"A0ABR0TAY7"
"KAK6006169.1","tr|A0ABR0TP04|A0ABR0TP04_AURPU",100,504,0,1027,"A0ABR0TP04"
"OBW69545.1","tr|A0ABR0T580|A0ABR0T580_AURPU",95.9,539,0,1026,"A0ABR0T580"
"KAK5999305.1","tr|A0ABR0T5I8|A0ABR0T5I8_AURPU",100,519,0,1026,"A0ABR0T5I8"
"KAK6001641.1","tr|A0ABR0TCI3|A0ABR0TCI3_AURPU",100,545,0,1026,"A0ABR0TCI3"
"KAK6006071.1","tr|A0ABR0TPP8|A0ABR0TPP8_AURPU",100,613,0,1026,"A0ABR0TPP8"
"KAK6007646.1","tr|A0ABR0TU17|A0ABR0TU17_AURPU",100,497,0,1026,"A0ABR0TU17"
"CAC9887874.1","tr|A0ABR0TGT3|A0ABR0TGT3_AURPU",93.4,563,0,1026,"A0ABR0TGT3"
"THW74806.1","tr|A0ABR0T931|A0ABR0T931_AURPU",95.8,522,0,1025,"A0ABR0T931"
"KAK6003142.1","tr|A0ABR0TGA0|A0ABR0TGA0_AURPU",100,550,0,1025,"A0ABR0TGA0"
"KAK6004447.1","tr|A0ABR0TJY0|A0ABR0TJY0_AURPU",100,530,0,1025,"A0ABR0TJY0"
"CAD0039643.1","tr|A0ABR0T7C4|A0ABR0T7C4_AURPU",97.2,545,0,1025,"A0ABR0T7C4"
"KAK6001614.1","tr|A0ABR0TBJ2|A0ABR0TBJ2_AURPU",100,506,0,1024,"A0ABR0TBJ2"
"TIA01008.1","tr|A0ABR0TRH7|A0ABR0TRH7_AURPU",92.2,550,0,1023,"A0ABR0TRH7"
"KAK6004078.1","tr|A0ABR0TI07|A0ABR0TI07_AURPU",100,644,0,1023,"A0ABR0TI07"
"KAK6004529.1","tr|A0ABR0TJF2|A0ABR0TJF2_AURPU",100,512,0,1023,"A0ABR0TJF2"
"KAK6005181.1","tr|A0ABR0TMN5|A0ABR0TMN5_AURPU",100,545,0,1023,"A0ABR0TMN5"
"KAK6007484.1","tr|A0ABR0TSP8|A0ABR0TSP8_AURPU",100,514,0,1023,"A0ABR0TSP8"
"CAD0027183.1","tr|A0ABR0TFM5|A0ABR0TFM5_AURPU",93.9,574,0,1023,"A0ABR0TFM5"
"CAD0030799.1","tr|A0ABR0TM77|A0ABR0TM77_AURPU",89.2,539,0,1023,"A0ABR0TM77"
"KEQ80500.1","tr|A0ABR0TNJ3|A0ABR0TNJ3_AURPU",92.6,552,0,1022,"A0ABR0TNJ3"
"KAK6003993.1","tr|A0ABR0THS5|A0ABR0THS5_AURPU",100,509,0,1022,"A0ABR0THS5"
"KAK6005805.1","tr|A0ABR0TMZ1|A0ABR0TMZ1_AURPU",100,505,0,1022,"A0ABR0TMZ1"
"KAK6006941.1","tr|A0ABR0TS18|A0ABR0TS18_AURPU",100,512,0,1022,"A0ABR0TS18"
"KEQ85988.1","tr|A0ABR0TJ10|A0ABR0TJ10_AURPU",88.2,621,0,1021,"A0ABR0TJ10"
"TIA49922.1","tr|A0ABR0TE01|A0ABR0TE01_AURPU",97.2,530,0,1021,"A0ABR0TE01"
"KAK5999286.1","tr|A0ABR0T5Q8|A0ABR0T5Q8_AURPU",100,482,0,1021,"A0ABR0T5Q8"
"KAK6000228.1","tr|A0ABR0T709|A0ABR0T709_AURPU",100,516,0,1021,"A0ABR0T709"
"KAK6000771.1","tr|A0ABR0T9Z4|A0ABR0T9Z4_AURPU",100,572,0,1021,"A0ABR0T9Z4"
"KAK6001730.1","tr|A0ABR0TCT4|A0ABR0TCT4_AURPU",100,511,0,1021,"A0ABR0TCT4"
"KAK6002610.1","tr|A0ABR0TDW1|A0ABR0TDW1_AURPU",100,497,0,1021,"A0ABR0TDW1"
"KAK6003948.1","tr|A0ABR0THN2|A0ABR0THN2_AURPU",100,529,0,1021,"A0ABR0THN2"
"KAK6005699.1","tr|A0ABR0TMS7|A0ABR0TMS7_AURPU",100,503,0,1021,"A0ABR0TMS7"
"CAC9892046.1","tr|A0ABR0TEY1|A0ABR0TEY1_AURPU",89.7,581,0,1021,"A0ABR0TEY1"
"CAD0040711.1","tr|A0ABR0T9C0|A0ABR0T9C0_AURPU",92,540,0,1021,"A0ABR0T9C0"
"CAR4724853.1","tr|A0ABR0TPN7|A0ABR0TPN7_AURPU",92.3,558,0,1021,"A0ABR0TPN7"
"KEQ89120.1","tr|A0ABR0TW81|A0ABR0TW81_AURPU",91.8,539,0,1020,"A0ABR0TW81"
"OBW64384.1","tr|A0ABR0TNC1|A0ABR0TNC1_AURPU",96,520,0,1020,"A0ABR0TNC1"
"KAK6000888.1","tr|A0ABR0T8X8|A0ABR0T8X8_AURPU",100,524,0,1020,"A0ABR0T8X8"
"KAK6004222.1","tr|A0ABR0TJC5|A0ABR0TJC5_AURPU",100,495,0,1020,"A0ABR0TJC5"
"KAK6004348.1","tr|A0ABR0TIS8|A0ABR0TIS8_AURPU",100,520,0,1020,"A0ABR0TIS8"
"THY36081.1","tr|A0ABR0TMA6|A0ABR0TMA6_AURPU",91.3,610,0,1019,"A0ABR0TMA6"
"KAK6006009.1","tr|A0ABR0TP34|A0ABR0TP34_AURPU",100,554,0,1019,"A0ABR0TP34"
"KAK6007213.1","tr|A0ABR0TS07|A0ABR0TS07_AURPU",100,480,0,1019,"A0ABR0TS07"
"KAK6008311.1","tr|A0ABR0TV02|A0ABR0TV02_AURPU",100,522,0,1019,"A0ABR0TV02"
"KAK6008364.1","tr|A0ABR0TVW9|A0ABR0TVW9_AURPU",100,540,0,1019,"A0ABR0TVW9"
"KAK6008798.1","tr|A0ABR0TWM3|A0ABR0TWM3_AURPU",100,587,0,1019,"A0ABR0TWM3"
"KAK6008808.1","tr|A0ABR0TWI3|A0ABR0TWI3_AURPU",100,501,0,1019,"A0ABR0TWI3"
"KAK6008861.1","tr|A0ABR0TXA8|A0ABR0TXA8_AURPU",100,499,0,1019,"A0ABR0TXA8"
"THV85788.1","tr|A0ABR0TGH6|A0ABR0TGH6_AURPU",96.4,529,0,1018,"A0ABR0TGH6"
"KAK6000230.1","tr|A0ABR0T8B1|A0ABR0T8B1_AURPU",100,510,0,1018,"A0ABR0T8B1"
"KAK6003930.1","tr|A0ABR0THM0|A0ABR0THM0_AURPU",100,493,0,1018,"A0ABR0THM0"
"KAK6004690.1","tr|A0ABR0TL91|A0ABR0TL91_AURPU",100,532,0,1018,"A0ABR0TL91"
"KAK6005356.1","tr|A0ABR0TLM3|A0ABR0TLM3_AURPU",100,733,0,1018,"A0ABR0TLM3"
"KAK6008107.1","tr|A0ABR0TVJ2|A0ABR0TVJ2_AURPU",100,496,0,1018,"A0ABR0TVJ2"
"KAK6008143.1","tr|A0ABR0TUH3|A0ABR0TUH3_AURPU",100,510,0,1018,"A0ABR0TUH3"
"KAK6008228.1","tr|A0ABR0TUY5|A0ABR0TUY5_AURPU",100,529,0,1018,"A0ABR0TUY5"
"KEQ79587.1","tr|A0ABR0TS49|A0ABR0TS49_AURPU",92.9,546,0,1017,"A0ABR0TS49"
"OBW65546.1","tr|A0ABR0TMK6|A0ABR0TMK6_AURPU",90.8,577,0,1017,"A0ABR0TMK6"
"KAK6002520.1","tr|A0ABR0TDK8|A0ABR0TDK8_AURPU",100,492,0,1017,"A0ABR0TDK8"
"KAK6004467.1","tr|A0ABR0TJF0|A0ABR0TJF0_AURPU",100,581,0,1017,"A0ABR0TJF0"
"KAK6005955.1","tr|A0ABR0TND8|A0ABR0TND8_AURPU",100,504,0,1017,"A0ABR0TND8"
"KAK6008270.1","tr|A0ABR0TWQ3|A0ABR0TWQ3_AURPU",100,501,0,1017,"A0ABR0TWQ3"
"CAD0039778.1","tr|A0ABR0TMQ6|A0ABR0TMQ6_AURPU",91.7,580,0,1017,"A0ABR0TMQ6"
"THV68419.1","tr|A0ABR0T6Z8|A0ABR0T6Z8_AURPU",92.8,554,0,1016,"A0ABR0T6Z8"
"THW28879.1","tr|A0ABR0TBW9|A0ABR0TBW9_AURPU",92.9,536,0,1016,"A0ABR0TBW9"
"KAK5999339.1","tr|A0ABR0T4T1|A0ABR0T4T1_AURPU",100,492,0,1016,"A0ABR0T4T1"
"KAK6001850.1","tr|A0ABR0TD52|A0ABR0TD52_AURPU",100,499,0,1016,"A0ABR0TD52"
"KAK6004964.1","tr|A0ABR0TKM9|A0ABR0TKM9_AURPU",100,684,0,1016,"A0ABR0TKM9"
"KAK6006608.1","tr|A0ABR0TQ88|A0ABR0TQ88_AURPU",100,498,0,1016,"A0ABR0TQ88"
"KAK6006649.1","tr|A0ABR0TQE1|A0ABR0TQE1_AURPU",100,516,0,1016,"A0ABR0TQE1"
"KAK6008422.1","tr|A0ABR0TWG5|A0ABR0TWG5_AURPU",100,520,0,1016,"A0ABR0TWG5"
"KEQ82658.1","tr|A0ABR0TMW6|A0ABR0TMW6_AURPU",88.2,618,0,1015,"A0ABR0TMW6"
"THV89773.1","tr|A0ABR0TSL1|A0ABR0TSL1_AURPU",99,498,0,1015,"A0ABR0TSL1"
"KAK6000822.1","tr|A0ABR0T932|A0ABR0T932_AURPU",100,653,0,1015,"A0ABR0T932"
"KAK6001683.1","tr|A0ABR0TB57|A0ABR0TB57_AURPU",100,508,0,1015,"A0ABR0TB57"
"KAK6002481.1","tr|A0ABR0TEW1|A0ABR0TEW1_AURPU",100,515,0,1015,"A0ABR0TEW1"
"KAK6003825.1","tr|A0ABR0THB2|A0ABR0THB2_AURPU",100,565,0,1015,"A0ABR0THB2"
"KAK6004628.1","tr|A0ABR0TJL8|A0ABR0TJL8_AURPU",100,599,0,1015,"A0ABR0TJL8"
"KAK6004799.1","tr|A0ABR0TK66|A0ABR0TK66_AURPU",100,498,0,1015,"A0ABR0TK66"
"KAK6004984.1","tr|A0ABR0TKK2|A0ABR0TKK2_AURPU",100,507,0,1015,"A0ABR0TKK2"
"KAK6006116.1","tr|A0ABR0TPT7|A0ABR0TPT7_AURPU",100,525,0,1015,"A0ABR0TPT7"
"KAK6008122.1","tr|A0ABR0TVL0|A0ABR0TVL0_AURPU",100,538,0,1015,"A0ABR0TVL0"
"KAK6008852.1","tr|A0ABR0TWU7|A0ABR0TWU7_AURPU",100,513,0,1015,"A0ABR0TWU7"
"THY25185.1","tr|A0ABR0TMT7|A0ABR0TMT7_AURPU",96.2,635,0,1014,"A0ABR0TMT7"
"THZ00228.1","tr|A0ABR0TEF6|A0ABR0TEF6_AURPU",94.9,513,0,1014,"A0ABR0TEF6"
"KAK5999288.1","tr|A0ABR0T497|A0ABR0T497_AURPU",100,481,0,1014,"A0ABR0T497"
"KAK5999495.1","tr|A0ABR0T619|A0ABR0T619_AURPU",100,477,0,1014,"A0ABR0T619"
"KAK5999894.1","tr|A0ABR0T6C1|A0ABR0T6C1_AURPU",100,496,0,1014,"A0ABR0T6C1"
"KAK6001366.1","tr|A0ABR0TAA2|A0ABR0TAA2_AURPU",100,511,0,1014,"A0ABR0TAA2"
"KAK6001986.1","tr|A0ABR0TDH3|A0ABR0TDH3_AURPU",100,559,0,1014,"A0ABR0TDH3"
"KAK6002332.1","tr|A0ABR0TDV4|A0ABR0TDV4_AURPU",100,510,0,1014,"A0ABR0TDV4"
"KAK6003846.1","tr|A0ABR0TIW5|A0ABR0TIW5_AURPU",100,580,0,1014,"A0ABR0TIW5"
"KAK6004127.1","tr|A0ABR0TI92|A0ABR0TI92_AURPU",100,537,0,1014,"A0ABR0TI92"
"KAK6005863.1","tr|A0ABR0TN51|A0ABR0TN51_AURPU",100,545,0,1014,"A0ABR0TN51"
"KAK6007275.1","tr|A0ABR0TS40|A0ABR0TS40_AURPU",100,624,0,1014,"A0ABR0TS40"
"CAD0010287.1","tr|A0ABR0TM45|A0ABR0TM45_AURPU",93.6,547,0,1014,"A0ABR0TM45"
"CAD0020651.1","tr|A0ABR0TKA4|A0ABR0TKA4_AURPU",94.4,537,0,1014,"A0ABR0TKA4"
"CAD0027032.1","tr|A0ABR0T4X6|A0ABR0T4X6_AURPU",95,560,0,1014,"A0ABR0T4X6"
"THY26639.1","tr|A0ABR0TQB2|A0ABR0TQB2_AURPU",91.4,555,0,1013,"A0ABR0TQB2"
"KAK5999460.1","tr|A0ABR0T4W0|A0ABR0T4W0_AURPU",100,506,0,1013,"A0ABR0T4W0"
"KAK6000648.1","tr|A0ABR0T879|A0ABR0T879_AURPU",100,491,0,1013,"A0ABR0T879"
"KAK6000699.1","tr|A0ABR0T8X5|A0ABR0T8X5_AURPU",100,535,0,1013,"A0ABR0T8X5"
"KAK6000989.1","tr|A0ABR0T9C9|A0ABR0T9C9_AURPU",100,559,0,1013,"A0ABR0T9C9"
"KAK6001361.1","tr|A0ABR0TBG5|A0ABR0TBG5_AURPU",100,494,0,1013,"A0ABR0TBG5"
"KAK6003654.1","tr|A0ABR0THC9|A0ABR0THC9_AURPU",100,485,0,1013,"A0ABR0THC9"
"KAK6004249.1","tr|A0ABR0TII4|A0ABR0TII4_AURPU",100,530,0,1013,"A0ABR0TII4"
"THW22366.1","tr|A0ABR0TIH2|A0ABR0TIH2_AURPU",96.1,592,0,1012,"A0ABR0TIH2"
"THX28055.1","tr|A0ABR0TD00|A0ABR0TD00_AURPU",93.6,533,0,1012,"A0ABR0TD00"
"KAK5999729.1","tr|A0ABR0T5W8|A0ABR0T5W8_AURPU",100,510,0,1012,"A0ABR0T5W8"
"KAK6003899.1","tr|A0ABR0THK5|A0ABR0THK5_AURPU",100,535,0,1012,"A0ABR0THK5"
"KAK6006948.1","tr|A0ABR0TR59|A0ABR0TR59_AURPU",100,489,0,1012,"A0ABR0TR59"
"CAD0011383.1","tr|A0ABR0T7A3|A0ABR0T7A3_AURPU",86.7,570,0,1012,"A0ABR0T7A3"
"THX42051.1","tr|A0ABR0TII7|A0ABR0TII7_AURPU",90.7,540,0,1011,"A0ABR0TII7"
"KAK6000007.1","tr|A0ABR0T7C7|A0ABR0T7C7_AURPU",100,507,0,1011,"A0ABR0T7C7"
"KAK6000543.1","tr|A0ABR0T7W7|A0ABR0T7W7_AURPU",100,515,0,1011,"A0ABR0T7W7"
"KAK6004298.1","tr|A0ABR0TIP1|A0ABR0TIP1_AURPU",100,511,0,1011,"A0ABR0TIP1"
"KAK6004411.1","tr|A0ABR0TIZ0|A0ABR0TIZ0_AURPU",100,502,0,1011,"A0ABR0TIZ0"
"KAK6008006.1","tr|A0ABR0TV09|A0ABR0TV09_AURPU",100,509,0,1011,"A0ABR0TV09"
"KAK6000000.1","tr|A0ABR0T6D2|A0ABR0T6D2_AURPU",100,508,0,1010,"A0ABR0T6D2"
"KAK6000698.1","tr|A0ABR0T8D4|A0ABR0T8D4_AURPU",100,489,0,1010,"A0ABR0T8D4"
"KAK6001339.1","tr|A0ABR0TA73|A0ABR0TA73_AURPU",100,542,0,1010,"A0ABR0TA73"
"KEQ83611.1","tr|A0ABR0TD61|A0ABR0TD61_AURPU",98.6,516,0,1009,"A0ABR0TD61"
"THX21690.1","tr|A0ABR0TJL4|A0ABR0TJL4_AURPU",91.1,641,0,1009,"A0ABR0TJL4"
"KAK6000161.1","tr|A0ABR0T856|A0ABR0T856_AURPU",100,491,0,1009,"A0ABR0T856"
"KAK6000676.1","tr|A0ABR0T8B2|A0ABR0T8B2_AURPU",100,500,0,1009,"A0ABR0T8B2"
"KAK6001054.1","tr|A0ABR0T9D1|A0ABR0T9D1_AURPU",100,504,0,1009,"A0ABR0T9D1"
"KAK6003399.1","tr|A0ABR0TGL5|A0ABR0TGL5_AURPU",100,500,0,1009,"A0ABR0TGL5"
"KAK6005248.1","tr|A0ABR0TLC7|A0ABR0TLC7_AURPU",100,506,0,1009,"A0ABR0TLC7"
"KAK6007769.1","tr|A0ABR0TTI7|A0ABR0TTI7_AURPU",100,497,0,1009,"A0ABR0TTI7"
"THW05079.1","tr|A0ABR0TI25|A0ABR0TI25_AURPU",90.9,539,0,1008,"A0ABR0TI25"
"THZ21745.1","tr|A0ABR0TKF5|A0ABR0TKF5_AURPU",91.6,537,0,1008,"A0ABR0TKF5"
"THZ87772.1","tr|A0ABR0TNF6|A0ABR0TNF6_AURPU",92.5,572,0,1008,"A0ABR0TNF6"
"KAK5999355.1","tr|A0ABR0T4J2|A0ABR0T4J2_AURPU",100,522,0,1008,"A0ABR0T4J2"
"KAK6001091.1","tr|A0ABR0TAP1|A0ABR0TAP1_AURPU",100,547,0,1008,"A0ABR0TAP1"
"CAC9894404.1","tr|A0ABR0TIU8|A0ABR0TIU8_AURPU",91.7,551,0,1008,"A0ABR0TIU8"
"CAD0030338.1","tr|A0ABR0T8E2|A0ABR0T8E2_AURPU",92.3,549,0,1008,"A0ABR0T8E2"
"CAD0042582.1","tr|A0ABR0TXD0|A0ABR0TXD0_AURPU",93.6,579,0,1008,"A0ABR0TXD0"
"THW02340.1","tr|A0ABR0TH97|A0ABR0TH97_AURPU",96.5,541,0,1007,"A0ABR0TH97"
"KAK5999767.1","tr|A0ABR0T6P4|A0ABR0T6P4_AURPU",100,537,0,1007,"A0ABR0T6P4"
"KAK6002374.1","tr|A0ABR0TD57|A0ABR0TD57_AURPU",100,556,0,1007,"A0ABR0TD57"
"KAK6003386.1","tr|A0ABR0TH64|A0ABR0TH64_AURPU",100,519,0,1007,"A0ABR0TH64"
"KAK6003981.1","tr|A0ABR0TJA0|A0ABR0TJA0_AURPU",100,491,0,1007,"A0ABR0TJA0"
"KAK6005239.1","tr|A0ABR0TLB1|A0ABR0TLB1_AURPU",100,486,0,1007,"A0ABR0TLB1"
"KAK6008075.1","tr|A0ABR0TW62|A0ABR0TW62_AURPU",100,498,0,1007,"A0ABR0TW62"
"CAD0056702.1","tr|A0ABR0TTK0|A0ABR0TTK0_AURPU",89.8,598,0,1007,"A0ABR0TTK0"
"THW61995.1","tr|A0ABR0TQ20|A0ABR0TQ20_AURPU",89.5,532,0,1006,"A0ABR0TQ20"
"KAK6000904.1","tr|A0ABR0T8Z5|A0ABR0T8Z5_AURPU",100,519,0,1006,"A0ABR0T8Z5"
"KAK6001477.1","tr|A0ABR0TBH4|A0ABR0TBH4_AURPU",100,500,0,1006,"A0ABR0TBH4"
"KAK6008137.1","tr|A0ABR0TVM7|A0ABR0TVM7_AURPU",100,489,0,1006,"A0ABR0TVM7"
"THW84469.1","tr|A0ABR0TKC5|A0ABR0TKC5_AURPU",90,561,0,1005,"A0ABR0TKC5"
"KAK5999622.1","tr|A0ABR0T5K4|A0ABR0T5K4_AURPU",100,493,0,1005,"A0ABR0T5K4"
"KAK6002283.1","tr|A0ABR0TCW1|A0ABR0TCW1_AURPU",100,509,0,1005,"A0ABR0TCW1"
"KAK6002778.1","tr|A0ABR0TEC7|A0ABR0TEC7_AURPU",100,514,0,1005,"A0ABR0TEC7"
"KAK6006994.1","tr|A0ABR0TRE1|A0ABR0TRE1_AURPU",100,494,0,1005,"A0ABR0TRE1"
"KAK6008606.1","tr|A0ABR0TWP1|A0ABR0TWP1_AURPU",100,496,0,1005,"A0ABR0TWP1"
"THW54049.1","tr|A0ABR0TNF8|A0ABR0TNF8_AURPU",90.9,551,0,1004,"A0ABR0TNF8"
"KAK6000314.1","tr|A0ABR0T7G7|A0ABR0T7G7_AURPU",100,498,0,1004,"A0ABR0T7G7"
"KAK6003144.1","tr|A0ABR0TFU6|A0ABR0TFU6_AURPU",100,520,0,1004,"A0ABR0TFU6"
"KAK6003420.1","tr|A0ABR0TG77|A0ABR0TG77_AURPU",100,498,0,1004,"A0ABR0TG77"
"KAK6004932.1","tr|A0ABR0TKQ9|A0ABR0TKQ9_AURPU",100,517,0,1004,"A0ABR0TKQ9"
"KAK5999316.1","tr|A0ABR0T5U0|A0ABR0T5U0_AURPU",100,512,0,1003,"A0ABR0T5U0"
"KAK5999362.1","tr|A0ABR0T5G9|A0ABR0T5G9_AURPU",100,508,0,1003,"A0ABR0T5G9"
"KAK6002156.1","tr|A0ABR0TDN3|A0ABR0TDN3_AURPU",100,501,0,1003,"A0ABR0TDN3"
"KAK6002333.1","tr|A0ABR0TD10|A0ABR0TD10_AURPU",100,508,0,1003,"A0ABR0TD10"
"KAK6004212.1","tr|A0ABR0TIR0|A0ABR0TIR0_AURPU",100,502,0,1003,"A0ABR0TIR0"
"KAK6004465.1","tr|A0ABR0TKL5|A0ABR0TKL5_AURPU",100,503,0,1003,"A0ABR0TKL5"
"KAK6005490.1","tr|A0ABR0TM23|A0ABR0TM23_AURPU",100,646,0,1003,"A0ABR0TM23"
"KAK6007307.1","tr|A0ABR0TSD0|A0ABR0TSD0_AURPU",100,513,0,1003,"A0ABR0TSD0"
"KAK6007778.1","tr|A0ABR0TTM6|A0ABR0TTM6_AURPU",100,522,0,1003,"A0ABR0TTM6"
"CAD0038429.1","tr|A0ABR0TRS5|A0ABR0TRS5_AURPU",92.8,541,0,1003,"A0ABR0TRS5"
"THX74678.1","tr|A0ABR0T7J9|A0ABR0T7J9_AURPU",91.7,543,0,1002,"A0ABR0T7J9"
"KAK6002901.1","tr|A0ABR0TG70|A0ABR0TG70_AURPU",100,495,0,1002,"A0ABR0TG70"
"KAK6004305.1","tr|A0ABR0TIN7|A0ABR0TIN7_AURPU",100,500,0,1002,"A0ABR0TIN7"
"KAK6007719.1","tr|A0ABR0TU14|A0ABR0TU14_AURPU",100,511,0,1002,"A0ABR0TU14"
"KAK6008157.1","tr|A0ABR0TV13|A0ABR0TV13_AURPU",100,491,0,1002,"A0ABR0TV13"
"THX38839.1","tr|A0ABR0THQ0|A0ABR0THQ0_AURPU",93.1,524,0,1001,"A0ABR0THQ0"
"THZ53256.1","tr|A0ABR0TD36|A0ABR0TD36_AURPU",91.2,579,0,1001,"A0ABR0TD36"
"KAK5999701.1","tr|A0ABR0T5J7|A0ABR0T5J7_AURPU",100,503,0,1001,"A0ABR0T5J7"
"KAK6001941.1","tr|A0ABR0TDD0|A0ABR0TDD0_AURPU",100,489,0,1001,"A0ABR0TDD0"
"KAK6002524.1","tr|A0ABR0TDL0|A0ABR0TDL0_AURPU",100,504,0,1001,"A0ABR0TDL0"
"KAK6002883.1","tr|A0ABR0TEN0|A0ABR0TEN0_AURPU",100,515,0,1001,"A0ABR0TEN0"
"KAK6004114.1","tr|A0ABR0TI45|A0ABR0TI45_AURPU",100,539,0,1001,"A0ABR0TI45"
"KAK6006626.1","tr|A0ABR0TR83|A0ABR0TR83_AURPU",100,496,0,1001,"A0ABR0TR83"
"KAK6007386.1","tr|A0ABR0TU57|A0ABR0TU57_AURPU",100,497,0,1001,"A0ABR0TU57"
"KAK6000903.1","tr|A0ABR0T8Z2|A0ABR0T8Z2_AURPU",100,488,0,1000,"A0ABR0T8Z2"
"KAK6001802.1","tr|A0ABR0TBI0|A0ABR0TBI0_AURPU",100,521,0,1000,"A0ABR0TBI0"
"KAK6001952.1","tr|A0ABR0TBX9|A0ABR0TBX9_AURPU",100,500,0,1000,"A0ABR0TBX9"
"KAK6006813.1","tr|A0ABR0TQS7|A0ABR0TQS7_AURPU",100,534,0,1000,"A0ABR0TQS7"
"THX83788.1","tr|A0ABR0TFW2|A0ABR0TFW2_AURPU",92,549,0,999,"A0ABR0TFW2"
"KAK6000276.1","tr|A0ABR0T8L3|A0ABR0T8L3_AURPU",100,535,0,999,"A0ABR0T8L3"
"KAK6000817.1","tr|A0ABR0T9L9|A0ABR0T9L9_AURPU",100,495,0,999,"A0ABR0T9L9"
"KAK6003098.1","tr|A0ABR0TF92|A0ABR0TF92_AURPU",100,514,0,999,"A0ABR0TF92"
"KAK6005445.1","tr|A0ABR0TLX2|A0ABR0TLX2_AURPU",100,498,0,999,"A0ABR0TLX2"
"KAK6000569.1","tr|A0ABR0T873|A0ABR0T873_AURPU",100,497,0,998,"A0ABR0T873"
"KAK6001687.1","tr|A0ABR0TC26|A0ABR0TC26_AURPU",100,508,0,998,"A0ABR0TC26"
"KAK6004304.1","tr|A0ABR0TIT2|A0ABR0TIT2_AURPU",100,517,0,998,"A0ABR0TIT2"
"CAD0015808.1","tr|A0ABR0TIL2|A0ABR0TIL2_AURPU",88,627,0,998,"A0ABR0TIL2"
"KEQ83955.1","tr|A0ABR0T7L8|A0ABR0T7L8_AURPU",95.6,527,0,997,"A0ABR0T7L8"
"KAK6001525.1","tr|A0ABR0TC21|A0ABR0TC21_AURPU",100,490,0,997,"A0ABR0TC21"
"KAK6002274.1","tr|A0ABR0TDE6|A0ABR0TDE6_AURPU",100,498,0,997,"A0ABR0TDE6"
"KAK6003176.1","tr|A0ABR0TGL7|A0ABR0TGL7_AURPU",100,688,0,997,"A0ABR0TGL7"
"KAK6004366.1","tr|A0ABR0TIU5|A0ABR0TIU5_AURPU",100,491,0,997,"A0ABR0TIU5"
"KAK6004560.1","tr|A0ABR0TJD9|A0ABR0TJD9_AURPU",100,556,0,997,"A0ABR0TJD9"
"KAK6006137.1","tr|A0ABR0TNU9|A0ABR0TNU9_AURPU",100,502,0,997,"A0ABR0TNU9"
"KAK6006196.1","tr|A0ABR0TP51|A0ABR0TP51_AURPU",100,522,0,997,"A0ABR0TP51"
"KAK6008584.1","tr|A0ABR0TVT1|A0ABR0TVT1_AURPU",100,516,0,997,"A0ABR0TVT1"
"CAD0010206.1","tr|A0ABR0TCY5|A0ABR0TCY5_AURPU",91,558,0,997,"A0ABR0TCY5"
"THW42079.1","tr|A0ABR0TN95|A0ABR0TN95_AURPU",85.6,618,0,996,"A0ABR0TN95"
"THW67255.1","tr|A0ABR0TKJ1|A0ABR0TKJ1_AURPU",92.2,541,0,996,"A0ABR0TKJ1"
"THW97878.1","tr|A0ABR0THD4|A0ABR0THD4_AURPU",90.8,573,0,996,"A0ABR0THD4"
"THX11615.1","tr|A0ABR0TK58|A0ABR0TK58_AURPU",87.9,563,0,996,"A0ABR0TK58"
"THX76035.1","tr|A0ABR0TUV1|A0ABR0TUV1_AURPU",93,530,0,996,"A0ABR0TUV1"
"THY34887.1","tr|A0ABR0TDP1|A0ABR0TDP1_AURPU",93.4,544,0,996,"A0ABR0TDP1"
"THZ37355.1","tr|A0ABR0TK84|A0ABR0TK84_AURPU",90.7,547,0,996,"A0ABR0TK84"
"KAK6000231.1","tr|A0ABR0T8H3|A0ABR0T8H3_AURPU",100,509,0,996,"A0ABR0T8H3"
"KAK6000887.1","tr|A0ABR0T8X0|A0ABR0T8X0_AURPU",100,510,0,996,"A0ABR0T8X0"
"KAK6004412.1","tr|A0ABR0TJ35|A0ABR0TJ35_AURPU",100,506,0,996,"A0ABR0TJ35"
"KAK6007295.1","tr|A0ABR0TTX8|A0ABR0TTX8_AURPU",100,533,0,996,"A0ABR0TTX8"
"KAK6007409.1","tr|A0ABR0TSH6|A0ABR0TSH6_AURPU",100,555,0,996,"A0ABR0TSH6"
"CAD0041005.1","tr|A0ABR0TRQ3|A0ABR0TRQ3_AURPU",92.4,581,0,996,"A0ABR0TRQ3"
"KAK6003295.1","tr|A0ABR0TH60|A0ABR0TH60_AURPU",100,527,0,995,"A0ABR0TH60"
"KAK6003362.1","tr|A0ABR0TFZ2|A0ABR0TFZ2_AURPU",100,524,0,995,"A0ABR0TFZ2"
"KAK6004563.1","tr|A0ABR0TJD5|A0ABR0TJD5_AURPU",100,517,0,995,"A0ABR0TJD5"
"KAK6008430.1","tr|A0ABR0TVE1|A0ABR0TVE1_AURPU",100,535,0,995,"A0ABR0TVE1"
"CAR1035645.1","tr|A0ABR0TDK1|A0ABR0TDK1_AURPU",97.5,523,0,995,"A0ABR0TDK1"
"THY25868.1","tr|A0ABR0TAT9|A0ABR0TAT9_AURPU",97.5,529,0,994,"A0ABR0TAT9"
"THY30967.1","tr|A0ABR0TWA3|A0ABR0TWA3_AURPU",90.4,586,0,994,"A0ABR0TWA3"
"KAK5999825.1","tr|A0ABR0T749|A0ABR0T749_AURPU",100,530,0,994,"A0ABR0T749"
"KAK6006550.1","tr|A0ABR0TRI6|A0ABR0TRI6_AURPU",100,497,0,994,"A0ABR0TRI6"
"KAK6006602.1","tr|A0ABR0TQ77|A0ABR0TQ77_AURPU",100,499,0,994,"A0ABR0TQ77"
"KAK6007707.1","tr|A0ABR0TTQ7|A0ABR0TTQ7_AURPU",100,505,0,994,"A0ABR0TTQ7"
"KAK6007782.1","tr|A0ABR0TTY5|A0ABR0TTY5_AURPU",100,491,0,994,"A0ABR0TTY5"
"CAD0019238.1","tr|A0ABR0TVY5|A0ABR0TVY5_AURPU",90.5,588,0,994,"A0ABR0TVY5"
"THV77072.1","tr|A0ABR0TH62|A0ABR0TH62_AURPU",90.1,535,0,993,"A0ABR0TH62"
"THV88884.1","tr|A0ABR0TE27|A0ABR0TE27_AURPU",98.6,507,0,993,"A0ABR0TE27"
"KAK6001305.1","tr|A0ABR0TA42|A0ABR0TA42_AURPU",100,511,0,993,"A0ABR0TA42"
"KAK6003133.1","tr|A0ABR0TFD4|A0ABR0TFD4_AURPU",100,501,0,993,"A0ABR0TFD4"
"OBW64944.1","tr|A0ABR0T9U5|A0ABR0T9U5_AURPU",89.5,570,0,992,"A0ABR0T9U5"
"KAK5999897.1","tr|A0ABR0T667|A0ABR0T667_AURPU",100,490,0,992,"A0ABR0T667"
"KAK6001557.1","tr|A0ABR0TB94|A0ABR0TB94_AURPU",100,499,0,992,"A0ABR0TB94"
"KAK6002142.1","tr|A0ABR0TCX5|A0ABR0TCX5_AURPU",100,487,0,992,"A0ABR0TCX5"
"KAK6003955.1","tr|A0ABR0TJ23|A0ABR0TJ23_AURPU",100,491,0,992,"A0ABR0TJ23"
"KAK6004966.1","tr|A0ABR0TKJ2|A0ABR0TKJ2_AURPU",100,499,0,992,"A0ABR0TKJ2"
"TIA32683.1","tr|A0ABR0TLB0|A0ABR0TLB0_AURPU",95,521,0,991,"A0ABR0TLB0"
"KAK6001335.1","tr|A0ABR0TA72|A0ABR0TA72_AURPU",100,491,0,991,"A0ABR0TA72"
"KAK6001921.1","tr|A0ABR0TBV3|A0ABR0TBV3_AURPU",100,499,0,991,"A0ABR0TBV3"
"KAK6005829.1","tr|A0ABR0TNM0|A0ABR0TNM0_AURPU",100,505,0,991,"A0ABR0TNM0"
"KAK6005833.1","tr|A0ABR0TN10|A0ABR0TN10_AURPU",100,599,0,991,"A0ABR0TN10"
"KAK6006902.1","tr|A0ABR0TR39|A0ABR0TR39_AURPU",100,490,0,991,"A0ABR0TR39"
"CAD0027225.1","tr|A0ABR0TGX5|A0ABR0TGX5_AURPU",90.6,544,0,991,"A0ABR0TGX5"
"CAD0041299.1","tr|A0ABR0TV94|A0ABR0TV94_AURPU",91.7,539,0,991,"A0ABR0TV94"
"THW62743.1","tr|A0ABR0TE81|A0ABR0TE81_AURPU",89.8,578,0,990,"A0ABR0TE81"
"THY40471.1","tr|A0ABR0TEH3|A0ABR0TEH3_AURPU",99.4,510,0,990,"A0ABR0TEH3"
"KAK6003099.1","tr|A0ABR0TFQ6|A0ABR0TFQ6_AURPU",100,497,0,990,"A0ABR0TFQ6"
"KAK6005011.1","tr|A0ABR0TKN3|A0ABR0TKN3_AURPU",100,490,0,990,"A0ABR0TKN3"
"KAK6006333.1","tr|A0ABR0TPF0|A0ABR0TPF0_AURPU",100,501,0,990,"A0ABR0TPF0"
"KAK6007845.1","tr|A0ABR0TTS1|A0ABR0TTS1_AURPU",100,488,0,990,"A0ABR0TTS1"
"CAC9885007.1","tr|A0ABR0TQX9|A0ABR0TQX9_AURPU",87.2,579,0,990,"A0ABR0TQX9"
"KEQ90041.1","tr|A0ABR0TQC7|A0ABR0TQC7_AURPU",97.6,502,0,989,"A0ABR0TQC7"
"KAK5999655.1","tr|A0ABR0T5E8|A0ABR0T5E8_AURPU",100,498,0,989,"A0ABR0T5E8"
"KAK6004585.1","tr|A0ABR0TKY8|A0ABR0TKY8_AURPU",100,518,0,989,"A0ABR0TKY8"
"KAK6006905.1","tr|A0ABR0TSQ6|A0ABR0TSQ6_AURPU",100,492,0,989,"A0ABR0TSQ6"
"KAK6007204.1","tr|A0ABR0TRZ1|A0ABR0TRZ1_AURPU",100,489,0,989,"A0ABR0TRZ1"
"THV76075.1","tr|A0ABR0TWJ8|A0ABR0TWJ8_AURPU",95.3,514,0,988,"A0ABR0TWJ8"
"KAK6001283.1","tr|A0ABR0TA34|A0ABR0TA34_AURPU",100,508,0,988,"A0ABR0TA34"
"KAK6005429.1","tr|A0ABR0TM09|A0ABR0TM09_AURPU",100,483,0,988,"A0ABR0TM09"
"KAK6006174.1","tr|A0ABR0TPI7|A0ABR0TPI7_AURPU",100,644,0,988,"A0ABR0TPI7"
"KAK6007207.1","tr|A0ABR0TT01|A0ABR0TT01_AURPU",100,516,0,988,"A0ABR0TT01"
"KAK6008055.1","tr|A0ABR0TUD2|A0ABR0TUD2_AURPU",100,521,0,988,"A0ABR0TUD2"
"THW48937.1","tr|A0ABR0TMY3|A0ABR0TMY3_AURPU",92.1,529,0,987,"A0ABR0TMY3"
"KAK6000981.1","tr|A0ABR0TAK4|A0ABR0TAK4_AURPU",100,513,0,987,"A0ABR0TAK4"
"KAK6001771.1","tr|A0ABR0TBE7|A0ABR0TBE7_AURPU",100,514,0,987,"A0ABR0TBE7"
"CAD0011404.1","tr|A0ABR0T707|A0ABR0T707_AURPU",89,589,0,987,"A0ABR0T707"
"THV72846.1","tr|A0ABR0TS41|A0ABR0TS41_AURPU",91.9,521,0,986,"A0ABR0TS41"
"THW65517.1","tr|A0ABR0TTV3|A0ABR0TTV3_AURPU",91.7,553,0,986,"A0ABR0TTV3"
"KAK6000287.1","tr|A0ABR0T776|A0ABR0T776_AURPU",100,506,0,986,"A0ABR0T776"
"KAK6000952.1","tr|A0ABR0TA04|A0ABR0TA04_AURPU",100,483,0,986,"A0ABR0TA04"
"KAK6004847.1","tr|A0ABR0TKA3|A0ABR0TKA3_AURPU",100,502,0,986,"A0ABR0TKA3"
"KAK6005015.1","tr|A0ABR0TM95|A0ABR0TM95_AURPU",100,878,0,986,"A0ABR0TM95"
"KAK6006129.1","tr|A0ABR0TPE4|A0ABR0TPE4_AURPU",100,499,0,986,"A0ABR0TPE4"
"KAK6006374.1","tr|A0ABR0TPJ5|A0ABR0TPJ5_AURPU",100,535,0,986,"A0ABR0TPJ5"
"KAK6007555.1","tr|A0ABR0TUI9|A0ABR0TUI9_AURPU",100,494,0,986,"A0ABR0TUI9"
"KAK6007853.1","tr|A0ABR0TTV5|A0ABR0TTV5_AURPU",100,492,0,986,"A0ABR0TTV5"
"KAK6008546.1","tr|A0ABR0TWI9|A0ABR0TWI9_AURPU",100,506,0,986,"A0ABR0TWI9"
"KAK6008679.1","tr|A0ABR0TWS6|A0ABR0TWS6_AURPU",100,487,0,986,"A0ABR0TWS6"
"CAR0984488.1","tr|A0ABR0TMB1|A0ABR0TMB1_AURPU",94.6,537,0,986,"A0ABR0TMB1"
"THV69850.1","tr|A0ABR0TNR4|A0ABR0TNR4_AURPU",91.5,552,0,985,"A0ABR0TNR4"
"KAK6003960.1","tr|A0ABR0THP4|A0ABR0THP4_AURPU",100,490,0,985,"A0ABR0THP4"
"KAK6004300.1","tr|A0ABR0TK45|A0ABR0TK45_AURPU",100,486,0,985,"A0ABR0TK45"
"KAK6006159.1","tr|A0ABR0TPH4|A0ABR0TPH4_AURPU",100,475,0,985,"A0ABR0TPH4"
"CAR1015120.1","tr|A0ABR0TUR1|A0ABR0TUR1_AURPU",85.6,612,0,985,"A0ABR0TUR1"
"KEQ84891.1","tr|A0ABR0TF70|A0ABR0TF70_AURPU",93.6,512,0,984,"A0ABR0TF70"
"OBW63881.1","tr|A0ABR0TKR4|A0ABR0TKR4_AURPU",91.5,515,0,984,"A0ABR0TKR4"
"THV64769.1","tr|A0ABR0TQ62|A0ABR0TQ62_AURPU",97.2,674,0,984,"A0ABR0TQ62"
"THW20564.1","tr|A0ABR0TSH8|A0ABR0TSH8_AURPU",91.4,511,0,984,"A0ABR0TSH8"
"THW80337.1","tr|A0ABR0TH55|A0ABR0TH55_AURPU",92.6,542,0,984,"A0ABR0TH55"
"KAK6000584.1","tr|A0ABR0T885|A0ABR0T885_AURPU",100,500,0,984,"A0ABR0T885"
"KAK6002596.1","tr|A0ABR0TDT7|A0ABR0TDT7_AURPU",100,476,0,984,"A0ABR0TDT7"
"KAK6003562.1","tr|A0ABR0THG2|A0ABR0THG2_AURPU",100,489,0,984,"A0ABR0THG2"
"KAK6003983.1","tr|A0ABR0THR8|A0ABR0THR8_AURPU",100,501,0,984,"A0ABR0THR8"
"KAK6004815.1","tr|A0ABR0TK30|A0ABR0TK30_AURPU",100,502,0,984,"A0ABR0TK30"
"KAK6007150.1","tr|A0ABR0TTB3|A0ABR0TTB3_AURPU",100,497,0,984,"A0ABR0TTB3"
"THY85872.1","tr|A0ABR0T820|A0ABR0T820_AURPU",92.5,533,0,983,"A0ABR0T820"
"TIA15101.1","tr|A0ABR0TQJ5|A0ABR0TQJ5_AURPU",92.5,522,0,983,"A0ABR0TQJ5"
"KAK6000372.1","tr|A0ABR0T7S9|A0ABR0T7S9_AURPU",100,522,0,983,"A0ABR0T7S9"
"KAK6000878.1","tr|A0ABR0T8W5|A0ABR0T8W5_AURPU",100,494,0,983,"A0ABR0T8W5"
"KAK6001344.1","tr|A0ABR0TAT6|A0ABR0TAT6_AURPU",100,548,0,983,"A0ABR0TAT6"
"KAK6002356.1","tr|A0ABR0TD45|A0ABR0TD45_AURPU",100,483,0,983,"A0ABR0TD45"
"KAK6003109.1","tr|A0ABR0TFA3|A0ABR0TFA3_AURPU",100,478,0,983,"A0ABR0TFA3"
"KAK6007214.1","tr|A0ABR0TRZ4|A0ABR0TRZ4_AURPU",100,480,0,983,"A0ABR0TRZ4"
"OBW64950.1","tr|A0ABR0TK21|A0ABR0TK21_AURPU",87.7,577,0,982,"A0ABR0TK21"
"THW28706.1","tr|A0ABR0TT12|A0ABR0TT12_AURPU",95.7,488,0,982,"A0ABR0TT12"
"KAK6001212.1","tr|A0ABR0TAA6|A0ABR0TAA6_AURPU",100,484,0,982,"A0ABR0TAA6"
"KAK6005155.1","tr|A0ABR0TMK8|A0ABR0TMK8_AURPU",100,472,0,982,"A0ABR0TMK8"
"CAD0054168.1","tr|A0ABR0TEZ2|A0ABR0TEZ2_AURPU",89.7,553,0,982,"A0ABR0TEZ2"
"KEQ84412.1","tr|A0ABR0TQ38|A0ABR0TQ38_AURPU",91.2,535,0,981,"A0ABR0TQ38"
"KAK6001220.1","tr|A0ABR0TBA1|A0ABR0TBA1_AURPU",100,497,0,981,"A0ABR0TBA1"
"KAK6001282.1","tr|A0ABR0TAZ2|A0ABR0TAZ2_AURPU",100,481,0,981,"A0ABR0TAZ2"
"KAK6001874.1","tr|A0ABR0TBU0|A0ABR0TBU0_AURPU",100,495,0,981,"A0ABR0TBU0"
"KAK6002603.1","tr|A0ABR0TDU5|A0ABR0TDU5_AURPU",100,502,0,981,"A0ABR0TDU5"
"KAK6002854.1","tr|A0ABR0TEL2|A0ABR0TEL2_AURPU",100,626,0,981,"A0ABR0TEL2"
"KAK6004174.1","tr|A0ABR0TIA3|A0ABR0TIA3_AURPU",100,493,0,981,"A0ABR0TIA3"
"KAK6005041.1","tr|A0ABR0TKR3|A0ABR0TKR3_AURPU",100,479,0,981,"A0ABR0TKR3"
"KAK6005792.1","tr|A0ABR0TMZ9|A0ABR0TMZ9_AURPU",100,502,0,981,"A0ABR0TMZ9"
"CAD0012472.1","tr|A0ABR0T6P7|A0ABR0T6P7_AURPU",88,568,0,981,"A0ABR0T6P7"
"KAK5999378.1","tr|A0ABR0T4J7|A0ABR0T4J7_AURPU",100,538,0,980,"A0ABR0T4J7"
"KAK6000266.1","tr|A0ABR0T8F9|A0ABR0T8F9_AURPU",100,581,0,980,"A0ABR0T8F9"
"KAK6000770.1","tr|A0ABR0T9W2|A0ABR0T9W2_AURPU",100,593,0,980,"A0ABR0T9W2"
"KAK6002968.1","tr|A0ABR0TEW6|A0ABR0TEW6_AURPU",100,483,0,980,"A0ABR0TEW6"
"KAK6006907.1","tr|A0ABR0TS26|A0ABR0TS26_AURPU",100,486,0,980,"A0ABR0TS26"
"THV65166.1","tr|A0ABR0TD62|A0ABR0TD62_AURPU",89.5,515,0,979,"A0ABR0TD62"
"THZ13286.1","tr|A0ABR0TP23|A0ABR0TP23_AURPU",95.8,523,0,979,"A0ABR0TP23"
"TIA00984.1","tr|A0ABR0TR10|A0ABR0TR10_AURPU",96.9,517,0,979,"A0ABR0TR10"
"KAK5999469.1","tr|A0ABR0T5I1|A0ABR0T5I1_AURPU",100,490,0,979,"A0ABR0T5I1"
"KAK6000402.1","tr|A0ABR0T7W3|A0ABR0T7W3_AURPU",100,482,0,979,"A0ABR0T7W3"
"KAK6000649.1","tr|A0ABR0T884|A0ABR0T884_AURPU",100,598,0,979,"A0ABR0T884"
"KAK6002597.1","tr|A0ABR0TDS6|A0ABR0TDS6_AURPU",100,478,0,979,"A0ABR0TDS6"
"KAK6003447.1","tr|A0ABR0TGG8|A0ABR0TGG8_AURPU",100,485,0,979,"A0ABR0TGG8"
"KAK6004521.1","tr|A0ABR0TKW3|A0ABR0TKW3_AURPU",100,493,0,979,"A0ABR0TKW3"
"KAK6006091.1","tr|A0ABR0TNU5|A0ABR0TNU5_AURPU",100,555,0,979,"A0ABR0TNU5"
"KAK6007759.1","tr|A0ABR0TTH1|A0ABR0TTH1_AURPU",100,483,0,979,"A0ABR0TTH1"
"KEQ82186.1","tr|A0ABR0TJ66|A0ABR0TJ66_AURPU",97,503,0,978,"A0ABR0TJ66"
"THV73346.1","tr|A0ABR0TMP0|A0ABR0TMP0_AURPU",94.1,526,0,978,"A0ABR0TMP0"
"THW85767.1","tr|A0ABR0TA22|A0ABR0TA22_AURPU",96.8,502,0,978,"A0ABR0TA22"
"KAK5999343.1","tr|A0ABR0T4I8|A0ABR0T4I8_AURPU",100,485,0,978,"A0ABR0T4I8"
"KAK5999884.1","tr|A0ABR0T610|A0ABR0T610_AURPU",100,501,0,978,"A0ABR0T610"
"KAK6000251.1","tr|A0ABR0T8E4|A0ABR0T8E4_AURPU",100,502,0,978,"A0ABR0T8E4"
"KAK6000452.1","tr|A0ABR0T7M9|A0ABR0T7M9_AURPU",100,534,0,978,"A0ABR0T7M9"
"KAK6001277.1","tr|A0ABR0TA17|A0ABR0TA17_AURPU",100,494,0,978,"A0ABR0TA17"
"KAK6001973.1","tr|A0ABR0TC05|A0ABR0TC05_AURPU",100,487,0,978,"A0ABR0TC05"
"KAK6003797.1","tr|A0ABR0TH88|A0ABR0TH88_AURPU",100,519,0,978,"A0ABR0TH88"
"KAK6006338.1","tr|A0ABR0TPI1|A0ABR0TPI1_AURPU",100,666,0,978,"A0ABR0TPI1"
"KAK6008169.1","tr|A0ABR0TVC3|A0ABR0TVC3_AURPU",100,480,0,978,"A0ABR0TVC3"
"THW35073.1","tr|A0ABR0TC00|A0ABR0TC00_AURPU",95.8,505,0,977,"A0ABR0TC00"
"KAK6002797.1","tr|A0ABR0TFA4|A0ABR0TFA4_AURPU",100,521,0,977,"A0ABR0TFA4"
"KAK6004849.1","tr|A0ABR0TK70|A0ABR0TK70_AURPU",100,497,0,977,"A0ABR0TK70"
"KAK6007134.1","tr|A0ABR0TSA0|A0ABR0TSA0_AURPU",100,464,0,977,"A0ABR0TSA0"
"KAK6007168.1","tr|A0ABR0TRU6|A0ABR0TRU6_AURPU",100,495,0,977,"A0ABR0TRU6"
"KAK6007473.1","tr|A0ABR0TSP2|A0ABR0TSP2_AURPU",100,553,0,977,"A0ABR0TSP2"
"KAK6008105.1","tr|A0ABR0TW93|A0ABR0TW93_AURPU",100,496,0,977,"A0ABR0TW93"
"THW20244.1","tr|A0ABR0TL31|A0ABR0TL31_AURPU",97.8,511,0,976,"A0ABR0TL31"
"THY06966.1","tr|A0ABR0TDC6|A0ABR0TDC6_AURPU",92.6,513,0,976,"A0ABR0TDC6"
"THX61785.1","tr|A0ABR0THQ4|A0ABR0THQ4_AURPU",95.7,506,0,976,"A0ABR0THQ4"
"KAK5999995.1","tr|A0ABR0T7K3|A0ABR0T7K3_AURPU",100,511,0,976,"A0ABR0T7K3"
"KAK6005650.1","tr|A0ABR0TNY6|A0ABR0TNY6_AURPU",100,528,0,976,"A0ABR0TNY6"
"THZ90072.1","tr|A0ABR0TFA6|A0ABR0TFA6_AURPU",91.6,546,0,975,"A0ABR0TFA6"
"KAK6000502.1","tr|A0ABR0T8S7|A0ABR0T8S7_AURPU",100,585,0,975,"A0ABR0T8S7"
"KAK6000754.1","tr|A0ABR0T8J6|A0ABR0T8J6_AURPU",100,487,0,975,"A0ABR0T8J6"
"KAK6004982.1","tr|A0ABR0TKN7|A0ABR0TKN7_AURPU",100,549,0,975,"A0ABR0TKN7"
"KAK6006386.1","tr|A0ABR0TQL6|A0ABR0TQL6_AURPU",100,530,0,975,"A0ABR0TQL6"
"KAK6007450.1","tr|A0ABR0TU82|A0ABR0TU82_AURPU",100,511,0,975,"A0ABR0TU82"
"KEQ89637.1","tr|A0ABR0TVR2|A0ABR0TVR2_AURPU",91.4,571,0,974,"A0ABR0TVR2"
"KAK6008643.1","tr|A0ABR0TW12|A0ABR0TW12_AURPU",100,535,0,974,"A0ABR0TW12"
"CAD0022160.1","tr|A0ABR0TMC6|A0ABR0TMC6_AURPU",87.7,555,0,974,"A0ABR0TMC6"
"THW87361.1","tr|A0ABR0TUK3|A0ABR0TUK3_AURPU",97.2,494,0,973,"A0ABR0TUK3"
"KAK5999527.1","tr|A0ABR0T5Y4|A0ABR0T5Y4_AURPU",100,510,0,973,"A0ABR0T5Y4"
"KAK6001003.1","tr|A0ABR0T986|A0ABR0T986_AURPU",100,497,0,973,"A0ABR0T986"
"KAK6001118.1","tr|A0ABR0T9L8|A0ABR0T9L8_AURPU",100,559,0,973,"A0ABR0T9L8"
"KAK6001885.1","tr|A0ABR0TD32|A0ABR0TD32_AURPU",100,520,0,973,"A0ABR0TD32"
"KAK6006644.1","tr|A0ABR0TQB5|A0ABR0TQB5_AURPU",100,489,0,973,"A0ABR0TQB5"
"CAD0047401.1","tr|A0ABR0TPG2|A0ABR0TPG2_AURPU",94.1,542,0,973,"A0ABR0TPG2"
"CAD0046269.1","tr|A0ABR0TMH6|A0ABR0TMH6_AURPU",97.7,529,0,973,"A0ABR0TMH6"
"THV74749.1","tr|A0ABR0TEN3|A0ABR0TEN3_AURPU",94.2,501,0,972,"A0ABR0TEN3"
"THV75850.1","tr|A0ABR0TIZ9|A0ABR0TIZ9_AURPU",93.6,516,0,972,"A0ABR0TIZ9"
"THY29405.1","tr|A0ABR0TN60|A0ABR0TN60_AURPU",88.8,578,0,972,"A0ABR0TN60"
"THZ53553.1","tr|A0ABR0TW42|A0ABR0TW42_AURPU",93,515,0,972,"A0ABR0TW42"
"KAK6000618.1","tr|A0ABR0T847|A0ABR0T847_AURPU",100,513,0,972,"A0ABR0T847"
"KAK6004295.1","tr|A0ABR0TK83|A0ABR0TK83_AURPU",100,488,0,972,"A0ABR0TK83"
"KAK6006030.1","tr|A0ABR0TNM7|A0ABR0TNM7_AURPU",100,521,0,972,"A0ABR0TNM7"
"KAK6006288.1","tr|A0ABR0TPA5|A0ABR0TPA5_AURPU",100,490,0,972,"A0ABR0TPA5"
"KAK6006353.1","tr|A0ABR0TPJ1|A0ABR0TPJ1_AURPU",100,496,0,972,"A0ABR0TPJ1"
"KAK6007340.1","tr|A0ABR0TU19|A0ABR0TU19_AURPU",100,570,0,972,"A0ABR0TU19"
"KAK6008767.1","tr|A0ABR0TXB0|A0ABR0TXB0_AURPU",100,505,0,972,"A0ABR0TXB0"
"THV85925.1","tr|A0ABR0T6Z0|A0ABR0T6Z0_AURPU",91.3,531,0,971,"A0ABR0T6Z0"
"THW51775.1","tr|A0ABR0TJT2|A0ABR0TJT2_AURPU",90.7,527,0,971,"A0ABR0TJT2"
"THX36118.1","tr|A0ABR0TSW2|A0ABR0TSW2_AURPU",90.4,561,0,971,"A0ABR0TSW2"
"KAK6000734.1","tr|A0ABR0T8N0|A0ABR0T8N0_AURPU",100,486,0,971,"A0ABR0T8N0"
"KAK6001112.1","tr|A0ABR0T9J4|A0ABR0T9J4_AURPU",100,482,0,971,"A0ABR0T9J4"
"KAK6002870.1","tr|A0ABR0TG17|A0ABR0TG17_AURPU",100,459,0,971,"A0ABR0TG17"
"KAK6003437.1","tr|A0ABR0TG69|A0ABR0TG69_AURPU",100,491,0,971,"A0ABR0TG69"
"KAK6005701.1","tr|A0ABR0TMP9|A0ABR0TMP9_AURPU",100,471,0,971,"A0ABR0TMP9"
"THY94428.1","tr|A0ABR0TPW3|A0ABR0TPW3_AURPU",89,545,0,970,"A0ABR0TPW3"
"THZ31877.1","tr|A0ABR0TNN7|A0ABR0TNN7_AURPU",95.1,492,0,970,"A0ABR0TNN7"
"KAK6003598.1","tr|A0ABR0TGN7|A0ABR0TGN7_AURPU",100,591,0,970,"A0ABR0TGN7"
"KAK6005361.1","tr|A0ABR0TN77|A0ABR0TN77_AURPU",100,498,0,970,"A0ABR0TN77"
"KAK6005715.1","tr|A0ABR0TMR0|A0ABR0TMR0_AURPU",100,503,0,970,"A0ABR0TMR0"
"KAK6006226.1","tr|A0ABR0TP81|A0ABR0TP81_AURPU",100,621,0,970,"A0ABR0TP81"
"KAK6007026.1","tr|A0ABR0TT25|A0ABR0TT25_AURPU",100,503,0,970,"A0ABR0TT25"
"KAK6007451.1","tr|A0ABR0TTG2|A0ABR0TTG2_AURPU",100,500,0,970,"A0ABR0TTG2"
"THW00541.1","tr|A0ABR0TNY4|A0ABR0TNY4_AURPU",93.9,544,0,969,"A0ABR0TNY4"
"THW83913.1","tr|A0ABR0T956|A0ABR0T956_AURPU",94.1,505,0,969,"A0ABR0T956"
"KAK5999742.1","tr|A0ABR0T605|A0ABR0T605_AURPU",100,483,0,969,"A0ABR0T605"
"KAK6004007.1","tr|A0ABR0THW5|A0ABR0THW5_AURPU",100,640,0,969,"A0ABR0THW5"
"KAK6004342.1","tr|A0ABR0TJN6|A0ABR0TJN6_AURPU",100,514,0,969,"A0ABR0TJN6"
"KAK6004435.1","tr|A0ABR0TKI0|A0ABR0TKI0_AURPU",100,494,0,969,"A0ABR0TKI0"
"KAK6004681.1","tr|A0ABR0TJP9|A0ABR0TJP9_AURPU",100,467,0,969,"A0ABR0TJP9"
"KAK6004904.1","tr|A0ABR0TKG7|A0ABR0TKG7_AURPU",100,481,0,969,"A0ABR0TKG7"
"KEQ79662.1","tr|A0ABR0TX81|A0ABR0TX81_AURPU",95.4,504,0,968,"A0ABR0TX81"
"THX05679.1","tr|A0ABR0TG90|A0ABR0TG90_AURPU",86.8,604,0,968,"A0ABR0TG90"
"KAK6000260.1","tr|A0ABR0T8E9|A0ABR0T8E9_AURPU",100,486,0,968,"A0ABR0T8E9"
"KAK6001619.1","tr|A0ABR0TB36|A0ABR0TB36_AURPU",100,478,0,968,"A0ABR0TB36"
"KAK6001865.1","tr|A0ABR0TD74|A0ABR0TD74_AURPU",100,467,0,968,"A0ABR0TD74"
"KAK6004414.1","tr|A0ABR0TIY7|A0ABR0TIY7_AURPU",100,473,0,968,"A0ABR0TIY7"
"CAD0021677.1","tr|A0ABR0TRB0|A0ABR0TRB0_AURPU",89.9,597,0,968,"A0ABR0TRB0"
"THV73621.1","tr|A0ABR0TGL6|A0ABR0TGL6_AURPU",90.2,542,0,967,"A0ABR0TGL6"
"THX48038.1","tr|A0ABR0TN38|A0ABR0TN38_AURPU",93.3,541,0,967,"A0ABR0TN38"
"KAK6000813.1","tr|A0ABR0T8P5|A0ABR0T8P5_AURPU",100,490,0,967,"A0ABR0T8P5"
"KAK6004209.1","tr|A0ABR0TIZ2|A0ABR0TIZ2_AURPU",100,509,0,967,"A0ABR0TIZ2"
"KAK6005283.1","tr|A0ABR0TLG3|A0ABR0TLG3_AURPU",100,488,0,967,"A0ABR0TLG3"
"KAK6005407.1","tr|A0ABR0TML2|A0ABR0TML2_AURPU",100,472,0,967,"A0ABR0TML2"
"KAK6005679.1","tr|A0ABR0TN64|A0ABR0TN64_AURPU",100,478,0,967,"A0ABR0TN64"
"KAK6008670.1","tr|A0ABR0TW30|A0ABR0TW30_AURPU",100,485,0,967,"A0ABR0TW30"
"CAD0011096.1","tr|A0ABR0TMW8|A0ABR0TMW8_AURPU",90.5,581,0,967,"A0ABR0TMW8"
"THV71101.1","tr|A0ABR0TII3|A0ABR0TII3_AURPU",91.2,544,0,966,"A0ABR0TII3"
"THV73090.1","tr|A0ABR0TPT1|A0ABR0TPT1_AURPU",90.6,542,0,966,"A0ABR0TPT1"
"THW25582.1","tr|A0ABR0TNJ2|A0ABR0TNJ2_AURPU",94.5,510,0,966,"A0ABR0TNJ2"
"KAK6002941.1","tr|A0ABR0TET5|A0ABR0TET5_AURPU",100,504,0,966,"A0ABR0TET5"
"KAK6003206.1","tr|A0ABR0TGP7|A0ABR0TGP7_AURPU",100,522,0,966,"A0ABR0TGP7"
"CAC9891314.1","tr|A0ABR0TRQ2|A0ABR0TRQ2_AURPU",88,565,0,966,"A0ABR0TRQ2"
"CAR4707527.1","tr|A0ABR0TXJ1|A0ABR0TXJ1_AURPU",94.6,516,0,966,"A0ABR0TXJ1"
"THX38205.1","tr|A0ABR0TBT2|A0ABR0TBT2_AURPU",94.9,526,0,965,"A0ABR0TBT2"
"THY36525.1","tr|A0ABR0THZ9|A0ABR0THZ9_AURPU",89.8,520,0,965,"A0ABR0THZ9"
"KAK6001726.1","tr|A0ABR0TBA3|A0ABR0TBA3_AURPU",100,481,0,965,"A0ABR0TBA3"
"KAK6005021.1","tr|A0ABR0TLQ8|A0ABR0TLQ8_AURPU",100,519,0,965,"A0ABR0TLQ8"
"KAK6005476.1","tr|A0ABR0TM07|A0ABR0TM07_AURPU",100,490,0,965,"A0ABR0TM07"
"KAK6008275.1","tr|A0ABR0TWK5|A0ABR0TWK5_AURPU",100,488,0,965,"A0ABR0TWK5"
"CAD0027041.1","tr|A0ABR0TH40|A0ABR0TH40_AURPU",89.4,537,0,965,"A0ABR0TH40"
"THX48298.1","tr|A0ABR0T4N7|A0ABR0T4N7_AURPU",92.4,529,0,964,"A0ABR0T4N7"
"KAK6001213.1","tr|A0ABR0T9W3|A0ABR0T9W3_AURPU",100,501,0,964,"A0ABR0T9W3"
"KAK6004450.1","tr|A0ABR0TKJ4|A0ABR0TKJ4_AURPU",100,494,0,964,"A0ABR0TKJ4"
"KAK6006869.1","tr|A0ABR0TQZ5|A0ABR0TQZ5_AURPU",100,482,0,964,"A0ABR0TQZ5"
"CAD0024218.1","tr|A0ABR0TA43|A0ABR0TA43_AURPU",94.2,503,0,964,"A0ABR0TA43"
"CAD0059229.1","tr|A0ABR0TEJ8|A0ABR0TEJ8_AURPU",90.6,533,0,964,"A0ABR0TEJ8"
"KEQ85102.1","tr|A0ABR0TEJ9|A0ABR0TEJ9_AURPU",90.1,524,0,963,"A0ABR0TEJ9"
"THW67225.1","tr|A0ABR0T5A7|A0ABR0T5A7_AURPU",96.9,512,0,963,"A0ABR0T5A7"
"THX43992.1","tr|A0ABR0TFD8|A0ABR0TFD8_AURPU",92.5,559,0,963,"A0ABR0TFD8"
"THX63610.1","tr|A0ABR0TRD9|A0ABR0TRD9_AURPU",88.3,572,0,963,"A0ABR0TRD9"
"KAK6000116.1","tr|A0ABR0T812|A0ABR0T812_AURPU",100,479,0,963,"A0ABR0T812"
"KAK6004934.1","tr|A0ABR0TKK1|A0ABR0TKK1_AURPU",100,528,0,963,"A0ABR0TKK1"
"CAD0044306.1","tr|A0ABR0TSK0|A0ABR0TSK0_AURPU",90.2,550,0,963,"A0ABR0TSK0"
"THY32261.1","tr|A0ABR0TF03|A0ABR0TF03_AURPU",88.2,617,0,962,"A0ABR0TF03"
"THY20520.1","tr|A0ABR0TME0|A0ABR0TME0_AURPU",93.6,528,0,962,"A0ABR0TME0"
"THZ16671.1","tr|A0ABR0TLS9|A0ABR0TLS9_AURPU",93.3,493,0,962,"A0ABR0TLS9"
"KAK5999477.1","tr|A0ABR0T500|A0ABR0T500_AURPU",100,479,0,962,"A0ABR0T500"
"KAK5999789.1","tr|A0ABR0T621|A0ABR0T621_AURPU",100,497,0,962,"A0ABR0T621"
"KAK6002799.1","tr|A0ABR0TEY6|A0ABR0TEY6_AURPU",100,544,0,962,"A0ABR0TEY6"
"KAK6003470.1","tr|A0ABR0THT1|A0ABR0THT1_AURPU",100,497,0,962,"A0ABR0THT1"
"KAK6006331.1","tr|A0ABR0TPI6|A0ABR0TPI6_AURPU",100,474,0,962,"A0ABR0TPI6"
"KAK6007762.1","tr|A0ABR0TUJ9|A0ABR0TUJ9_AURPU",100,485,0,962,"A0ABR0TUJ9"
"KAK6007849.1","tr|A0ABR0TTQ3|A0ABR0TTQ3_AURPU",100,510,0,962,"A0ABR0TTQ3"
"CAD0050472.1","tr|A0ABR0TEK9|A0ABR0TEK9_AURPU",89.7,544,0,962,"A0ABR0TEK9"
"THV75937.1","tr|A0ABR0TJ44|A0ABR0TJ44_AURPU",95.2,497,0,961,"A0ABR0TJ44"
"THV78330.1","tr|A0ABR0TWY7|A0ABR0TWY7_AURPU",97.8,490,0,961,"A0ABR0TWY7"
"THW15372.1","tr|A0ABR0TCM9|A0ABR0TCM9_AURPU",91,524,0,961,"A0ABR0TCM9"
"KAK6003084.1","tr|A0ABR0TFP1|A0ABR0TFP1_AURPU",100,452,0,961,"A0ABR0TFP1"
"KAK6006495.1","tr|A0ABR0TPY4|A0ABR0TPY4_AURPU",100,585,0,961,"A0ABR0TPY4"
"KAK6007826.1","tr|A0ABR0TUH8|A0ABR0TUH8_AURPU",100,500,0,961,"A0ABR0TUH8"
"KAK5999827.1","tr|A0ABR0T6U7|A0ABR0T6U7_AURPU",100,469,0,960,"A0ABR0T6U7"
"KAK5999966.1","tr|A0ABR0T7K9|A0ABR0T7K9_AURPU",100,452,0,960,"A0ABR0T7K9"
"KAK6007160.1","tr|A0ABR0TTG4|A0ABR0TTG4_AURPU",100,512,0,960,"A0ABR0TTG4"
"KAK6008285.1","tr|A0ABR0TWR3|A0ABR0TWR3_AURPU",100,477,0,960,"A0ABR0TWR3"
"CAC9895468.1","tr|A0ABR0TE52|A0ABR0TE52_AURPU",91,557,0,960,"A0ABR0TE52"
"OBW66660.1","tr|A0ABR0TFX1|A0ABR0TFX1_AURPU",93.7,510,0,959,"A0ABR0TFX1"
"THV74708.1","tr|A0ABR0TDT5|A0ABR0TDT5_AURPU",92.6,511,0,959,"A0ABR0TDT5"
"THW42398.1","tr|A0ABR0TVS9|A0ABR0TVS9_AURPU",96.5,516,0,959,"A0ABR0TVS9"
"THY19990.1","tr|A0ABR0TR78|A0ABR0TR78_AURPU",94.3,542,0,959,"A0ABR0TR78"
"THZ59680.1","tr|A0ABR0TKB6|A0ABR0TKB6_AURPU",90.8,534,0,959,"A0ABR0TKB6"
"KAK6001336.1","tr|A0ABR0TA69|A0ABR0TA69_AURPU",100,572,0,959,"A0ABR0TA69"
"KAK6006791.1","tr|A0ABR0TRN8|A0ABR0TRN8_AURPU",100,516,0,959,"A0ABR0TRN8"
"KAK6006800.1","tr|A0ABR0TSG2|A0ABR0TSG2_AURPU",100,535,0,959,"A0ABR0TSG2"
"KAK6007525.1","tr|A0ABR0TUG4|A0ABR0TUG4_AURPU",100,544,0,959,"A0ABR0TUG4"
"THW95386.1","tr|A0ABR0TIP7|A0ABR0TIP7_AURPU",91.8,536,0,958,"A0ABR0TIP7"
"KAK6004264.1","tr|A0ABR0TIJ9|A0ABR0TIJ9_AURPU",100,538,0,958,"A0ABR0TIJ9"
"KAK6008156.1","tr|A0ABR0TVF8|A0ABR0TVF8_AURPU",100,485,0,958,"A0ABR0TVF8"
"KAK6008604.1","tr|A0ABR0TWL4|A0ABR0TWL4_AURPU",100,474,0,958,"A0ABR0TWL4"
"THW91614.1","tr|A0ABR0TS69|A0ABR0TS69_AURPU",95.1,513,0,957,"A0ABR0TS69"
"TIA23051.1","tr|A0ABR0TX24|A0ABR0TX24_AURPU",92.8,488,0,957,"A0ABR0TX24"
"KAK5999675.1","tr|A0ABR0T6M7|A0ABR0T6M7_AURPU",100,497,0,957,"A0ABR0T6M7"
"KAK6001828.1","tr|A0ABR0TBK9|A0ABR0TBK9_AURPU",100,479,0,957,"A0ABR0TBK9"
"KAK6002289.1","tr|A0ABR0TDH0|A0ABR0TDH0_AURPU",100,493,0,957,"A0ABR0TDH0"
"KAK6005975.1","tr|A0ABR0TQ33|A0ABR0TQ33_AURPU",100,493,0,957,"A0ABR0TQ33"
"KEQ87369.1","tr|A0ABR0TSF1|A0ABR0TSF1_AURPU",95.7,506,0,956,"A0ABR0TSF1"
"THY08176.1","tr|A0ABR0TK89|A0ABR0TK89_AURPU",94.7,512,0,956,"A0ABR0TK89"
"KAK5999342.1","tr|A0ABR0T4L4|A0ABR0T4L4_AURPU",100,485,0,956,"A0ABR0T4L4"
"KAK6003884.1","tr|A0ABR0THI6|A0ABR0THI6_AURPU",100,468,0,956,"A0ABR0THI6"
"KAK6004526.1","tr|A0ABR0TKB3|A0ABR0TKB3_AURPU",100,488,0,956,"A0ABR0TKB3"
"KAK6005339.1","tr|A0ABR0TLR8|A0ABR0TLR8_AURPU",100,472,0,956,"A0ABR0TLR8"
"KAK6008438.1","tr|A0ABR0TVJ9|A0ABR0TVJ9_AURPU",100,472,0,956,"A0ABR0TVJ9"
"KAK6000559.1","tr|A0ABR0T7Y7|A0ABR0T7Y7_AURPU",100,469,0,955,"A0ABR0T7Y7"
"KAK6002821.1","tr|A0ABR0TEH5|A0ABR0TEH5_AURPU",100,462,0,955,"A0ABR0TEH5"
"KAK6003510.1","tr|A0ABR0TGG7|A0ABR0TGG7_AURPU",100,497,0,955,"A0ABR0TGG7"
"CAD0010685.1","tr|A0ABR0TRX7|A0ABR0TRX7_AURPU",93.1,518,0,955,"A0ABR0TRX7"
"CAD0016239.1","tr|A0ABR0TLH9|A0ABR0TLH9_AURPU",88.4,534,0,955,"A0ABR0TLH9"
"CAD0049161.1","tr|A0ABR0TBY8|A0ABR0TBY8_AURPU",93.7,522,0,955,"A0ABR0TBY8"
"THW10228.1","tr|A0ABR0T9V5|A0ABR0T9V5_AURPU",96.4,494,0,954,"A0ABR0T9V5"
"THV86864.1","tr|A0ABR0TFC6|A0ABR0TFC6_AURPU",90.7,514,0,954,"A0ABR0TFC6"
"THY21539.1","tr|A0ABR0TPA6|A0ABR0TPA6_AURPU",94.3,507,0,954,"A0ABR0TPA6"
"THX60810.1","tr|A0ABR0TBS3|A0ABR0TBS3_AURPU",92.3,562,0,954,"A0ABR0TBS3"
"KAK5999733.1","tr|A0ABR0T5M5|A0ABR0T5M5_AURPU",100,476,0,954,"A0ABR0T5M5"
"KAK6000560.1","tr|A0ABR0T9A8|A0ABR0T9A8_AURPU",100,502,0,954,"A0ABR0T9A8"
"KAK6004095.1","tr|A0ABR0TI30|A0ABR0TI30_AURPU",100,484,0,954,"A0ABR0TI30"
"KAK6007141.1","tr|A0ABR0TRS0|A0ABR0TRS0_AURPU",100,600,0,954,"A0ABR0TRS0"
"KAK6007828.1","tr|A0ABR0TTL7|A0ABR0TTL7_AURPU",100,481,0,954,"A0ABR0TTL7"
"KAK6008551.1","tr|A0ABR0TVN4|A0ABR0TVN4_AURPU",100,472,0,954,"A0ABR0TVN4"
"THW20655.1","tr|A0ABR0TNK5|A0ABR0TNK5_AURPU",94.7,486,0,953,"A0ABR0TNK5"
"KAK5999680.1","tr|A0ABR0T6M8|A0ABR0T6M8_AURPU",100,467,0,953,"A0ABR0T6M8"
"KAK5999730.1","tr|A0ABR0T5N2|A0ABR0T5N2_AURPU",100,456,0,953,"A0ABR0T5N2"
"KAK6000222.1","tr|A0ABR0T7D5|A0ABR0T7D5_AURPU",100,497,0,953,"A0ABR0T7D5"
"KAK6001133.1","tr|A0ABR0T9N2|A0ABR0T9N2_AURPU",100,527,0,953,"A0ABR0T9N2"
"KAK6003476.1","tr|A0ABR0THF6|A0ABR0THF6_AURPU",100,477,0,953,"A0ABR0THF6"
"KAK6005352.1","tr|A0ABR0TLY3|A0ABR0TLY3_AURPU",100,482,0,953,"A0ABR0TLY3"
"KAK6005806.1","tr|A0ABR0TMZ0|A0ABR0TMZ0_AURPU",100,474,0,953,"A0ABR0TMZ0"
"KAK6005904.1","tr|A0ABR0TNT9|A0ABR0TNT9_AURPU",100,473,0,953,"A0ABR0TNT9"
"CAD0040774.1","tr|A0ABR0T969|A0ABR0T969_AURPU",94.4,499,0,953,"A0ABR0T969"
"KEQ86402.1","tr|A0ABR0TJ20|A0ABR0TJ20_AURPU",95.2,495,0,952,"A0ABR0TJ20"
"THV66780.1","tr|A0ABR0TGW7|A0ABR0TGW7_AURPU",93.4,527,0,952,"A0ABR0TGW7"
"THW15311.1","tr|A0ABR0T4X9|A0ABR0T4X9_AURPU",92,512,0,952,"A0ABR0T4X9"
"THW67419.1","tr|A0ABR0TK01|A0ABR0TK01_AURPU",92.7,510,0,952,"A0ABR0TK01"
"KAK6000454.1","tr|A0ABR0T7N4|A0ABR0T7N4_AURPU",100,482,0,952,"A0ABR0T7N4"
"KAK6003435.1","tr|A0ABR0TG92|A0ABR0TG92_AURPU",100,528,0,952,"A0ABR0TG92"
"KAK6004683.1","tr|A0ABR0TJQ5|A0ABR0TJQ5_AURPU",100,480,0,952,"A0ABR0TJQ5"
"KAK6004824.1","tr|A0ABR0TKQ3|A0ABR0TKQ3_AURPU",100,486,0,952,"A0ABR0TKQ3"
"KAK6005818.1","tr|A0ABR0TN04|A0ABR0TN04_AURPU",100,467,0,952,"A0ABR0TN04"
"CAD0011262.1","tr|A0ABR0T649|A0ABR0T649_AURPU",89.1,549,0,952,"A0ABR0T649"
"CAD0024630.1","tr|A0ABR0TC38|A0ABR0TC38_AURPU",91.9,519,0,952,"A0ABR0TC38"
"THW15856.1","tr|A0ABR0TAJ8|A0ABR0TAJ8_AURPU",96.5,510,0,951,"A0ABR0TAJ8"
"THW92768.1","tr|A0ABR0TF82|A0ABR0TF82_AURPU",93.2,555,0,951,"A0ABR0TF82"
"THX36303.1","tr|A0ABR0T7U9|A0ABR0T7U9_AURPU",94.8,481,0,951,"A0ABR0T7U9"
"THY31396.1","tr|A0ABR0TCY9|A0ABR0TCY9_AURPU",90,528,0,951,"A0ABR0TCY9"
"THY14507.1","tr|A0ABR0T7Y4|A0ABR0T7Y4_AURPU",89.7,534,0,951,"A0ABR0T7Y4"
"THY71437.1","tr|A0ABR0TRP1|A0ABR0TRP1_AURPU",90.8,513,0,951,"A0ABR0TRP1"
"KAK6003738.1","tr|A0ABR0TH17|A0ABR0TH17_AURPU",100,481,0,951,"A0ABR0TH17"
"KAK6005865.1","tr|A0ABR0TN49|A0ABR0TN49_AURPU",100,487,0,951,"A0ABR0TN49"
"KAK6008113.1","tr|A0ABR0TUE6|A0ABR0TUE6_AURPU",100,486,0,951,"A0ABR0TUE6"
"KEQ86929.1","tr|A0ABR0TG07|A0ABR0TG07_AURPU",92.8,511,0,950,"A0ABR0TG07"
"KAK6003531.1","tr|A0ABR0THZ8|A0ABR0THZ8_AURPU",100,490,0,950,"A0ABR0THZ8"
"KAK6004434.1","tr|A0ABR0TJL6|A0ABR0TJL6_AURPU",100,519,0,950,"A0ABR0TJL6"
"KAK6006434.1","tr|A0ABR0TPQ3|A0ABR0TPQ3_AURPU",100,622,0,950,"A0ABR0TPQ3"
"KAK6007982.1","tr|A0ABR0TUA0|A0ABR0TUA0_AURPU",100,489,0,950,"A0ABR0TUA0"
"THY27269.1","tr|A0ABR0TA62|A0ABR0TA62_AURPU",93.9,495,0,949,"A0ABR0TA62"
"KAK5999716.1","tr|A0ABR0T5K9|A0ABR0T5K9_AURPU",100,467,0,949,"A0ABR0T5K9"
"KAK6000600.1","tr|A0ABR0T825|A0ABR0T825_AURPU",100,556,0,949,"A0ABR0T825"
"KAK6004145.1","tr|A0ABR0TJS7|A0ABR0TJS7_AURPU",100,499,0,949,"A0ABR0TJS7"
"KAK6005536.1","tr|A0ABR0TM69|A0ABR0TM69_AURPU",100,492,0,949,"A0ABR0TM69"
"KAK6008259.1","tr|A0ABR0TVL5|A0ABR0TVL5_AURPU",100,501,0,949,"A0ABR0TVL5"
"CAD0015223.1","tr|A0ABR0THB8|A0ABR0THB8_AURPU",87.9,555,0,949,"A0ABR0THB8"
"KEQ78629.1","tr|A0ABR0TR85|A0ABR0TR85_AURPU",90.9,515,0,948,"A0ABR0TR85"
"THZ29255.1","tr|A0ABR0TM68|A0ABR0TM68_AURPU",91.8,563,0,948,"A0ABR0TM68"
"KAK6005091.1","tr|A0ABR0TMG1|A0ABR0TMG1_AURPU",100,562,0,948,"A0ABR0TMG1"
"KAK6005473.1","tr|A0ABR0TM06|A0ABR0TM06_AURPU",100,480,0,948,"A0ABR0TM06"
"KAK6006186.1","tr|A0ABR0TQN1|A0ABR0TQN1_AURPU",100,479,0,948,"A0ABR0TQN1"
"KAK6006304.1","tr|A0ABR0TPD9|A0ABR0TPD9_AURPU",100,513,0,948,"A0ABR0TPD9"
"KAK6008054.1","tr|A0ABR0TUA6|A0ABR0TUA6_AURPU",100,540,0,948,"A0ABR0TUA6"
"THW25346.1","tr|A0ABR0TCK4|A0ABR0TCK4_AURPU",92.9,520,0,947,"A0ABR0TCK4"
"THW80142.1","tr|A0ABR0TM85|A0ABR0TM85_AURPU",90.5,506,0,947,"A0ABR0TM85"
"KAK6001485.1","tr|A0ABR0TAL4|A0ABR0TAL4_AURPU",100,515,0,947,"A0ABR0TAL4"
"KAK6001933.1","tr|A0ABR0TBW2|A0ABR0TBW2_AURPU",100,506,0,947,"A0ABR0TBW2"
"KAK6005055.1","tr|A0ABR0TKS8|A0ABR0TKS8_AURPU",100,466,0,947,"A0ABR0TKS8"
"KAK6008599.1","tr|A0ABR0TVU6|A0ABR0TVU6_AURPU",100,472,0,947,"A0ABR0TVU6"
"CAD0052403.1","tr|A0ABR0T9N7|A0ABR0T9N7_AURPU",91.2,557,0,947,"A0ABR0T9N7"
"CAR1005474.1","tr|A0ABR0TBI5|A0ABR0TBI5_AURPU",92.4,515,0,947,"A0ABR0TBI5"
"KEQ89499.1","tr|A0ABR0TW14|A0ABR0TW14_AURPU",92.3,506,0,946,"A0ABR0TW14"
"THW19191.1","tr|A0ABR0T6F6|A0ABR0T6F6_AURPU",91.3,508,0,946,"A0ABR0T6F6"
"THV91382.1","tr|A0ABR0T4Y1|A0ABR0T4Y1_AURPU",91.8,524,0,946,"A0ABR0T4Y1"
"THW65077.1","tr|A0ABR0TJI6|A0ABR0TJI6_AURPU",90.1,507,0,946,"A0ABR0TJI6"
"THY09675.1","tr|A0ABR0T8X3|A0ABR0T8X3_AURPU",90,522,0,946,"A0ABR0T8X3"
"KAK6002781.1","tr|A0ABR0TFS8|A0ABR0TFS8_AURPU",100,483,0,946,"A0ABR0TFS8"
"KAK6005756.1","tr|A0ABR0TNW0|A0ABR0TNW0_AURPU",100,487,0,946,"A0ABR0TNW0"
"KAK6005771.1","tr|A0ABR0TNX1|A0ABR0TNX1_AURPU",100,470,0,946,"A0ABR0TNX1"
"KAK6006854.1","tr|A0ABR0TQY0|A0ABR0TQY0_AURPU",100,459,0,946,"A0ABR0TQY0"
"CAD0040944.1","tr|A0ABR0T8U2|A0ABR0T8U2_AURPU",92.5,509,0,946,"A0ABR0T8U2"
"THY00386.1","tr|A0ABR0TD81|A0ABR0TD81_AURPU",94.2,515,0,945,"A0ABR0TD81"
"CAD0049698.1","tr|A0ABR0THC0|A0ABR0THC0_AURPU",88.2,535,0,945,"A0ABR0THC0"
"THV93632.1","tr|A0ABR0TBF2|A0ABR0TBF2_AURPU",97.3,478,0,944,"A0ABR0TBF2"
"TIA63907.1","tr|A0ABR0T9U9|A0ABR0T9U9_AURPU",96.8,472,0,944,"A0ABR0T9U9"
"KAK5999450.1","tr|A0ABR0T5X3|A0ABR0T5X3_AURPU",100,465,0,944,"A0ABR0T5X3"
"CAC9892483.1","tr|A0ABR0TFY8|A0ABR0TFY8_AURPU",87.5,601,0,944,"A0ABR0TFY8"
"THW03695.1","tr|A0ABR0TW66|A0ABR0TW66_AURPU",94.7,494,0,943,"A0ABR0TW66"
"THY35962.1","tr|A0ABR0T665|A0ABR0T665_AURPU",92.3,509,0,943,"A0ABR0T665"
"KAK5999502.1","tr|A0ABR0T594|A0ABR0T594_AURPU",100,478,0,943,"A0ABR0T594"
"KAK6001938.1","tr|A0ABR0TBX4|A0ABR0TBX4_AURPU",100,497,0,943,"A0ABR0TBX4"
"KAK6003647.1","tr|A0ABR0TGT1|A0ABR0TGT1_AURPU",100,466,0,943,"A0ABR0TGT1"
"KAK6007642.1","tr|A0ABR0TU80|A0ABR0TU80_AURPU",100,504,0,943,"A0ABR0TU80"
"KAK6007682.1","tr|A0ABR0TTE3|A0ABR0TTE3_AURPU",100,491,0,943,"A0ABR0TTE3"
"KAK6007793.1","tr|A0ABR0TTP4|A0ABR0TTP4_AURPU",100,492,0,943,"A0ABR0TTP4"
"CAD0013314.1","tr|A0ABR0TCW2|A0ABR0TCW2_AURPU",95.7,494,0,943,"A0ABR0TCW2"
"THV77770.1","tr|A0ABR0TRX1|A0ABR0TRX1_AURPU",95.6,481,0,942,"A0ABR0TRX1"
"THW00229.1","tr|A0ABR0TQ21|A0ABR0TQ21_AURPU",93.2,518,0,942,"A0ABR0TQ21"
"TIA04948.1","tr|A0ABR0TEM8|A0ABR0TEM8_AURPU",90.2,521,0,942,"A0ABR0TEM8"
"KAK6000391.1","tr|A0ABR0T7G5|A0ABR0T7G5_AURPU",100,460,0,942,"A0ABR0T7G5"
"KAK6002727.1","tr|A0ABR0TEH0|A0ABR0TEH0_AURPU",100,482,0,942,"A0ABR0TEH0"
"KAK6003645.1","tr|A0ABR0TGU5|A0ABR0TGU5_AURPU",100,460,0,942,"A0ABR0TGU5"
"KAK6005084.1","tr|A0ABR0TKZ8|A0ABR0TKZ8_AURPU",100,466,0,942,"A0ABR0TKZ8"
"KAK6007461.1","tr|A0ABR0TUC7|A0ABR0TUC7_AURPU",100,497,0,942,"A0ABR0TUC7"
"KAK6007722.1","tr|A0ABR0TTS2|A0ABR0TTS2_AURPU",100,485,0,942,"A0ABR0TTS2"
"KAK6008224.1","tr|A0ABR0TUR2|A0ABR0TUR2_AURPU",100,492,0,942,"A0ABR0TUR2"
"CAD0014153.1","tr|A0ABR0TQR0|A0ABR0TQR0_AURPU",90.6,522,0,942,"A0ABR0TQR0"
"KEQ89147.1","tr|A0ABR0TX35|A0ABR0TX35_AURPU",93.4,501,0,941,"A0ABR0TX35"
"THW53628.1","tr|A0ABR0T7V2|A0ABR0T7V2_AURPU",86.4,559,0,941,"A0ABR0T7V2"
"THW27407.1","tr|A0ABR0TAR8|A0ABR0TAR8_AURPU",91.2,514,0,941,"A0ABR0TAR8"
"THW97555.1","tr|A0ABR0TDW0|A0ABR0TDW0_AURPU",97.7,478,0,941,"A0ABR0TDW0"
"THZ14438.1","tr|A0ABR0TI77|A0ABR0TI77_AURPU",92.3,504,0,941,"A0ABR0TI77"
"KAK6001052.1","tr|A0ABR0T9D5|A0ABR0T9D5_AURPU",100,457,0,941,"A0ABR0T9D5"
"KAK6002628.1","tr|A0ABR0TDX3|A0ABR0TDX3_AURPU",100,463,0,941,"A0ABR0TDX3"
"KAK6003304.1","tr|A0ABR0TFT8|A0ABR0TFT8_AURPU",100,459,0,941,"A0ABR0TFT8"
"KAK6005690.1","tr|A0ABR0TP99|A0ABR0TP99_AURPU",100,563,0,941,"A0ABR0TP99"
"CAR1038833.1","tr|A0ABR0TPT9|A0ABR0TPT9_AURPU",93.3,481,0,941,"A0ABR0TPT9"
"THW81006.1","tr|A0ABR0TSY6|A0ABR0TSY6_AURPU",97.5,563,0,940,"A0ABR0TSY6"
"THY83117.1","tr|A0ABR0TBW1|A0ABR0TBW1_AURPU",86.5,554,0,940,"A0ABR0TBW1"
"KAK5999748.1","tr|A0ABR0T5P1|A0ABR0T5P1_AURPU",100,476,0,940,"A0ABR0T5P1"
"KAK6004408.1","tr|A0ABR0TIY3|A0ABR0TIY3_AURPU",100,545,0,940,"A0ABR0TIY3"
"KAK6005705.1","tr|A0ABR0TPB6|A0ABR0TPB6_AURPU",100,501,0,940,"A0ABR0TPB6"
"KAK6007230.1","tr|A0ABR0TRZ8|A0ABR0TRZ8_AURPU",100,514,0,940,"A0ABR0TRZ8"
"KEQ87765.1","tr|A0ABR0TUU9|A0ABR0TUU9_AURPU",93.9,491,0,939,"A0ABR0TUU9"
"THZ97936.1","tr|A0ABR0T4Z9|A0ABR0T4Z9_AURPU",91.9,519,0,939,"A0ABR0T4Z9"
"KAK5999359.1","tr|A0ABR0T4K4|A0ABR0T4K4_AURPU",100,478,0,939,"A0ABR0T4K4"
"KAK5999948.1","tr|A0ABR0T694|A0ABR0T694_AURPU",100,466,0,939,"A0ABR0T694"
"KAL2035337.1","tr|A0ABR0TT71|A0ABR0TT71_AURPU",85.4,652,0,939,"A0ABR0TT71"
"KAK6000367.1","tr|A0ABR0T8D3|A0ABR0T8D3_AURPU",100,454,0,938,"A0ABR0T8D3"
"KAK6004508.1","tr|A0ABR0TJA2|A0ABR0TJA2_AURPU",100,489,0,938,"A0ABR0TJA2"
"KAK6005427.1","tr|A0ABR0TM55|A0ABR0TM55_AURPU",100,518,0,938,"A0ABR0TM55"
"KAK6005432.1","tr|A0ABR0TLX8|A0ABR0TLX8_AURPU",100,658,0,938,"A0ABR0TLX8"
"KAK6006443.1","tr|A0ABR0TPS9|A0ABR0TPS9_AURPU",100,462,0,938,"A0ABR0TPS9"
"CAC9895373.1","tr|A0ABR0TDN2|A0ABR0TDN2_AURPU",91.1,550,0,938,"A0ABR0TDN2"
"KAK6006028.1","tr|A0ABR0TNM9|A0ABR0TNM9_AURPU",100,519,0,937,"A0ABR0TNM9"
"KAK6006516.1","tr|A0ABR0TRL0|A0ABR0TRL0_AURPU",100,462,0,937,"A0ABR0TRL0"
"KAK6006953.1","tr|A0ABR0TR84|A0ABR0TR84_AURPU",100,508,0,937,"A0ABR0TR84"
"KAK6008782.1","tr|A0ABR0TXC1|A0ABR0TXC1_AURPU",100,523,0,937,"A0ABR0TXC1"
"KAK5999708.1","tr|A0ABR0T5J6|A0ABR0T5J6_AURPU",100,478,0,936,"A0ABR0T5J6"
"KAK5999744.1","tr|A0ABR0T5Y0|A0ABR0T5Y0_AURPU",100,487,0,936,"A0ABR0T5Y0"
"KAK5999868.1","tr|A0ABR0T608|A0ABR0T608_AURPU",100,477,0,936,"A0ABR0T608"
"KAK6003177.1","tr|A0ABR0TFP6|A0ABR0TFP6_AURPU",100,523,0,936,"A0ABR0TFP6"
"KAK6005267.1","tr|A0ABR0TLH0|A0ABR0TLH0_AURPU",100,523,0,936,"A0ABR0TLH0"
"KAK6006198.1","tr|A0ABR0TP15|A0ABR0TP15_AURPU",100,607,0,936,"A0ABR0TP15"
"KAK6007378.1","tr|A0ABR0TSE8|A0ABR0TSE8_AURPU",100,480,0,936,"A0ABR0TSE8"
"CAD0021172.1","tr|A0ABR0TK02|A0ABR0TK02_AURPU",91.2,525,0,936,"A0ABR0TK02"
"CAR1009865.1","tr|A0ABR0TGQ2|A0ABR0TGQ2_AURPU",98.7,466,0,936,"A0ABR0TGQ2"
"KAK5999324.1","tr|A0ABR0T4R6|A0ABR0T4R6_AURPU",100,479,0,935,"A0ABR0T4R6"
"KAK6001229.1","tr|A0ABR0TA30|A0ABR0TA30_AURPU",100,492,0,935,"A0ABR0TA30"
"KAK6003251.1","tr|A0ABR0TGT6|A0ABR0TGT6_AURPU",100,465,0,935,"A0ABR0TGT6"
"KAK6004047.1","tr|A0ABR0TI79|A0ABR0TI79_AURPU",100,465,0,935,"A0ABR0TI79"
"KAK6001373.1","tr|A0ABR0TAB4|A0ABR0TAB4_AURPU",100,478,0,934,"A0ABR0TAB4"
"KAK6001677.1","tr|A0ABR0TBK7|A0ABR0TBK7_AURPU",100,475,0,934,"A0ABR0TBK7"
"KAK6001868.1","tr|A0ABR0TBP5|A0ABR0TBP5_AURPU",100,466,0,934,"A0ABR0TBP5"
"KAK6002977.1","tr|A0ABR0TFS9|A0ABR0TFS9_AURPU",100,452,0,934,"A0ABR0TFS9"
"KAK6003191.1","tr|A0ABR0TGN0|A0ABR0TGN0_AURPU",100,463,0,934,"A0ABR0TGN0"
"KAK6004233.1","tr|A0ABR0TIH6|A0ABR0TIH6_AURPU",100,616,0,934,"A0ABR0TIH6"
"CAR4727535.1","tr|A0ABR0TQ48|A0ABR0TQ48_AURPU",91.3,598,0,934,"A0ABR0TQ48"
"THX34061.1","tr|A0ABR0TTW5|A0ABR0TTW5_AURPU",89,510,0,933,"A0ABR0TTW5"
"KAK6000105.1","tr|A0ABR0T6N9|A0ABR0T6N9_AURPU",100,513,0,933,"A0ABR0T6N9"
"KAK6001905.1","tr|A0ABR0TBU3|A0ABR0TBU3_AURPU",100,466,0,933,"A0ABR0TBU3"
"KAK6002958.1","tr|A0ABR0TEV7|A0ABR0TEV7_AURPU",100,467,0,933,"A0ABR0TEV7"
"THW90104.1","tr|A0ABR0TEC5|A0ABR0TEC5_AURPU",97.3,475,0,932,"A0ABR0TEC5"
"THX85058.1","tr|A0ABR0T6V9|A0ABR0T6V9_AURPU",92.2,576,0,932,"A0ABR0T6V9"
"THY50265.1","tr|A0ABR0TAQ5|A0ABR0TAQ5_AURPU",94.9,471,0,932,"A0ABR0TAQ5"
"KAK6000130.1","tr|A0ABR0T7Y3|A0ABR0T7Y3_AURPU",100,487,0,932,"A0ABR0T7Y3"
"KAK6000902.1","tr|A0ABR0T8Y1|A0ABR0T8Y1_AURPU",100,469,0,932,"A0ABR0T8Y1"
"KAK6001615.1","tr|A0ABR0TCA4|A0ABR0TCA4_AURPU",100,479,0,932,"A0ABR0TCA4"
"KAK6004814.1","tr|A0ABR0TK80|A0ABR0TK80_AURPU",100,458,0,932,"A0ABR0TK80"
"KAK6004999.1","tr|A0ABR0TKL4|A0ABR0TKL4_AURPU",100,476,0,932,"A0ABR0TKL4"
"KAK6006084.1","tr|A0ABR0TPA0|A0ABR0TPA0_AURPU",100,490,0,932,"A0ABR0TPA0"
"KAK6007336.1","tr|A0ABR0TSB2|A0ABR0TSB2_AURPU",100,494,0,932,"A0ABR0TSB2"
"KAK6007433.1","tr|A0ABR0TSM3|A0ABR0TSM3_AURPU",100,598,0,932,"A0ABR0TSM3"
"CAD0019749.1","tr|A0ABR0T6R6|A0ABR0T6R6_AURPU",92.5,510,0,932,"A0ABR0T6R6"
"KEQ82416.1","tr|A0ABR0TCZ5|A0ABR0TCZ5_AURPU",93.1,495,0,931,"A0ABR0TCZ5"
"THW75561.1","tr|A0ABR0TX84|A0ABR0TX84_AURPU",93.8,498,0,931,"A0ABR0TX84"
"THX02800.1","tr|A0ABR0TRQ7|A0ABR0TRQ7_AURPU",88.3,520,0,931,"A0ABR0TRQ7"
"KAK5999547.1","tr|A0ABR0T5D8|A0ABR0T5D8_AURPU",100,464,0,931,"A0ABR0T5D8"
"KAK6000390.1","tr|A0ABR0T7H4|A0ABR0T7H4_AURPU",100,755,0,931,"A0ABR0T7H4"
"KAK6006375.1","tr|A0ABR0TPL5|A0ABR0TPL5_AURPU",100,449,0,931,"A0ABR0TPL5"
"KAK6006852.1","tr|A0ABR0TRB4|A0ABR0TRB4_AURPU",100,482,0,931,"A0ABR0TRB4"
"CAC9885567.1","tr|A0ABR0TWW5|A0ABR0TWW5_AURPU",90.4,532,0,931,"A0ABR0TWW5"
"THW91113.1","tr|A0ABR0TV42|A0ABR0TV42_AURPU",90.4,531,0,930,"A0ABR0TV42"
"KAK6003262.1","tr|A0ABR0TGL1|A0ABR0TGL1_AURPU",100,471,0,930,"A0ABR0TGL1"
"KAK6004792.1","tr|A0ABR0TKW7|A0ABR0TKW7_AURPU",100,491,0,930,"A0ABR0TKW7"
"KAK5999379.1","tr|A0ABR0T586|A0ABR0T586_AURPU",100,476,0,929,"A0ABR0T586"
"KAK5999709.1","tr|A0ABR0T664|A0ABR0T664_AURPU",100,500,0,929,"A0ABR0T664"
"KAK5999905.1","tr|A0ABR0T7B8|A0ABR0T7B8_AURPU",100,531,0,929,"A0ABR0T7B8"
"KAK6000557.1","tr|A0ABR0T7Y5|A0ABR0T7Y5_AURPU",100,461,0,929,"A0ABR0T7Y5"
"KAK6003107.1","tr|A0ABR0TF97|A0ABR0TF97_AURPU",100,559,0,929,"A0ABR0TF97"
"KAK6005931.1","tr|A0ABR0TPX1|A0ABR0TPX1_AURPU",100,472,0,929,"A0ABR0TPX1"
"KAK6007837.1","tr|A0ABR0TUR9|A0ABR0TUR9_AURPU",100,472,0,929,"A0ABR0TUR9"
"KAK6008114.1","tr|A0ABR0TUH1|A0ABR0TUH1_AURPU",100,445,0,929,"A0ABR0TUH1"
"THX33502.1","tr|A0ABR0T5Q4|A0ABR0T5Q4_AURPU",90.5,506,0,928,"A0ABR0T5Q4"
"KAK5999439.1","tr|A0ABR0T5F7|A0ABR0T5F7_AURPU",100,478,0,928,"A0ABR0T5F7"
"KAK6001064.1","tr|A0ABR0T9K1|A0ABR0T9K1_AURPU",100,487,0,928,"A0ABR0T9K1"
"KAK6002542.1","tr|A0ABR0TEF2|A0ABR0TEF2_AURPU",100,463,0,928,"A0ABR0TEF2"
"KAK6004299.1","tr|A0ABR0TJ84|A0ABR0TJ84_AURPU",100,464,0,928,"A0ABR0TJ84"
"KAK6004804.1","tr|A0ABR0TK13|A0ABR0TK13_AURPU",100,482,0,928,"A0ABR0TK13"
"THW74552.1","tr|A0ABR0T9H5|A0ABR0T9H5_AURPU",95.4,527,0,927,"A0ABR0T9H5"
"THY34882.1","tr|A0ABR0TEZ7|A0ABR0TEZ7_AURPU",90.7,527,0,927,"A0ABR0TEZ7"
"THY76838.1","tr|A0ABR0TMJ1|A0ABR0TMJ1_AURPU",93.2,469,0,927,"A0ABR0TMJ1"
"KAK6000890.1","tr|A0ABR0TA85|A0ABR0TA85_AURPU",100,482,0,927,"A0ABR0TA85"
"KAK6001571.1","tr|A0ABR0TC32|A0ABR0TC32_AURPU",100,441,0,927,"A0ABR0TC32"
"KAK6004458.1","tr|A0ABR0TJ31|A0ABR0TJ31_AURPU",100,553,0,927,"A0ABR0TJ31"
"CAD0054663.1","tr|A0ABR0TFS5|A0ABR0TFS5_AURPU",94.6,500,0,927,"A0ABR0TFS5"
"THV68308.1","tr|A0ABR0TGQ9|A0ABR0TGQ9_AURPU",95.6,480,0,926,"A0ABR0TGQ9"
"THW51419.1","tr|A0ABR0TU50|A0ABR0TU50_AURPU",89.3,540,0,926,"A0ABR0TU50"
"THW34264.1","tr|A0ABR0TGS1|A0ABR0TGS1_AURPU",94.7,489,0,926,"A0ABR0TGS1"
"THW99687.1","tr|A0ABR0TU22|A0ABR0TU22_AURPU",94.9,467,0,926,"A0ABR0TU22"
"THW90314.1","tr|A0ABR0TJ77|A0ABR0TJ77_AURPU",90.1,593,0,926,"A0ABR0TJ77"
"THX01830.1","tr|A0ABR0TDA2|A0ABR0TDA2_AURPU",96.1,508,0,926,"A0ABR0TDA2"
"KAK5999466.1","tr|A0ABR0T681|A0ABR0T681_AURPU",100,498,0,926,"A0ABR0T681"
"KAK6000561.1","tr|A0ABR0T9F3|A0ABR0T9F3_AURPU",100,790,0,926,"A0ABR0T9F3"
"KAK6001765.1","tr|A0ABR0TCQ6|A0ABR0TCQ6_AURPU",100,459,0,926,"A0ABR0TCQ6"
"KAK6006558.1","tr|A0ABR0TQ32|A0ABR0TQ32_AURPU",100,503,0,926,"A0ABR0TQ32"
"KAK6007187.1","tr|A0ABR0TRY1|A0ABR0TRY1_AURPU",100,469,0,926,"A0ABR0TRY1"
"KAK6008609.1","tr|A0ABR0TVW2|A0ABR0TVW2_AURPU",100,491,0,926,"A0ABR0TVW2"
"THX31605.1","tr|A0ABR0TBM0|A0ABR0TBM0_AURPU",88.5,566,0,925,"A0ABR0TBM0"
"KAK6000547.1","tr|A0ABR0T8W7|A0ABR0T8W7_AURPU",100,455,0,925,"A0ABR0T8W7"
"KAK6003537.1","tr|A0ABR0TGQ4|A0ABR0TGQ4_AURPU",100,513,0,925,"A0ABR0TGQ4"
"KAK6001776.1","tr|A0ABR0TCW5|A0ABR0TCW5_AURPU",100,441,0,924,"A0ABR0TCW5"
"KAK6004558.1","tr|A0ABR0TJD3|A0ABR0TJD3_AURPU",100,495,0,924,"A0ABR0TJD3"
"KAK6005098.1","tr|A0ABR0TKX0|A0ABR0TKX0_AURPU",100,550,0,924,"A0ABR0TKX0"
"KAK6008209.1","tr|A0ABR0TUP8|A0ABR0TUP8_AURPU",100,479,0,924,"A0ABR0TUP8"
"THV78008.1","tr|A0ABR0TVN6|A0ABR0TVN6_AURPU",95.3,487,0,923,"A0ABR0TVN6"
"KAK6000310.1","tr|A0ABR0T8F6|A0ABR0T8F6_AURPU",100,465,0,923,"A0ABR0T8F6"
"KAK6004356.1","tr|A0ABR0TKF0|A0ABR0TKF0_AURPU",100,485,0,923,"A0ABR0TKF0"
"KAK6004432.1","tr|A0ABR0TJW6|A0ABR0TJW6_AURPU",100,567,0,923,"A0ABR0TJW6"
"KAK6005397.1","tr|A0ABR0TM25|A0ABR0TM25_AURPU",100,459,0,923,"A0ABR0TM25"
"THW90842.1","tr|A0ABR0TVU7|A0ABR0TVU7_AURPU",90.3,495,0,922,"A0ABR0TVU7"
"KAK6001351.1","tr|A0ABR0TA82|A0ABR0TA82_AURPU",100,465,0,922,"A0ABR0TA82"
"KAK6002563.1","tr|A0ABR0TDP9|A0ABR0TDP9_AURPU",100,467,0,922,"A0ABR0TDP9"
"KAK6002899.1","tr|A0ABR0TER1|A0ABR0TER1_AURPU",100,484,0,922,"A0ABR0TER1"
"KAK6005944.1","tr|A0ABR0TND2|A0ABR0TND2_AURPU",100,488,0,922,"A0ABR0TND2"
"KAK6007115.1","tr|A0ABR0TTB1|A0ABR0TTB1_AURPU",100,610,0,922,"A0ABR0TTB1"
"CAD0015048.1","tr|A0ABR0TH28|A0ABR0TH28_AURPU",94.4,496,0,922,"A0ABR0TH28"
"CAD0029037.1","tr|A0ABR0TLL7|A0ABR0TLL7_AURPU",87.4,532,0,922,"A0ABR0TLL7"
"KAK6000261.1","tr|A0ABR0T8K1|A0ABR0T8K1_AURPU",100,455,0,921,"A0ABR0T8K1"
"KAK6002729.1","tr|A0ABR0TEA7|A0ABR0TEA7_AURPU",100,561,0,921,"A0ABR0TEA7"
"KAK6006448.1","tr|A0ABR0TPR5|A0ABR0TPR5_AURPU",100,477,0,921,"A0ABR0TPR5"
"KAK6006855.1","tr|A0ABR0TQX2|A0ABR0TQX2_AURPU",100,483,0,921,"A0ABR0TQX2"
"KAK5999741.1","tr|A0ABR0T6X8|A0ABR0T6X8_AURPU",100,459,0,920,"A0ABR0T6X8"
"KAK6000705.1","tr|A0ABR0T8D7|A0ABR0T8D7_AURPU",100,459,0,920,"A0ABR0T8D7"
"KAK6001415.1","tr|A0ABR0TBU7|A0ABR0TBU7_AURPU",100,465,0,920,"A0ABR0TBU7"
"KAK6002935.1","tr|A0ABR0TG49|A0ABR0TG49_AURPU",100,452,0,920,"A0ABR0TG49"
"KAK6007096.1","tr|A0ABR0TRM6|A0ABR0TRM6_AURPU",100,481,0,920,"A0ABR0TRM6"
"KAK6007389.1","tr|A0ABR0TT36|A0ABR0TT36_AURPU",100,470,0,920,"A0ABR0TT36"
"CAD0031408.1","tr|A0ABR0THS0|A0ABR0THS0_AURPU",97.9,469,0,920,"A0ABR0THS0"
"KEQ84827.1","tr|A0ABR0TF50|A0ABR0TF50_AURPU",92.2,516,0,919,"A0ABR0TF50"
"THX65860.1","tr|A0ABR0TTH2|A0ABR0TTH2_AURPU",91,521,0,919,"A0ABR0TTH2"
"THZ86460.1","tr|A0ABR0TFI6|A0ABR0TFI6_AURPU",92.3,493,0,919,"A0ABR0TFI6"
"KAK5999754.1","tr|A0ABR0T6A6|A0ABR0T6A6_AURPU",100,471,0,919,"A0ABR0T6A6"
"KAK6000178.1","tr|A0ABR0T6W9|A0ABR0T6W9_AURPU",100,451,0,919,"A0ABR0T6W9"
"KAK6002756.1","tr|A0ABR0TFF2|A0ABR0TFF2_AURPU",100,448,0,919,"A0ABR0TFF2"
"KAK6003716.1","tr|A0ABR0TI24|A0ABR0TI24_AURPU",100,436,0,919,"A0ABR0TI24"
"KAK6004457.1","tr|A0ABR0TJ73|A0ABR0TJ73_AURPU",100,469,0,919,"A0ABR0TJ73"
"KAK6004543.1","tr|A0ABR0TJB6|A0ABR0TJB6_AURPU",100,461,0,919,"A0ABR0TJB6"
"CAR1028453.1","tr|A0ABR0TU91|A0ABR0TU91_AURPU",90.5,546,0,919,"A0ABR0TU91"
"THV73416.1","tr|A0ABR0TWN5|A0ABR0TWN5_AURPU",93.9,491,0,918,"A0ABR0TWN5"
"THZ70005.1","tr|A0ABR0TR23|A0ABR0TR23_AURPU",90.7,536,0,918,"A0ABR0TR23"
"KAK6002433.1","tr|A0ABR0TDC2|A0ABR0TDC2_AURPU",100,464,0,918,"A0ABR0TDC2"
"KAK6002555.1","tr|A0ABR0TF51|A0ABR0TF51_AURPU",100,469,0,918,"A0ABR0TF51"
"KAK6003901.1","tr|A0ABR0THI1|A0ABR0THI1_AURPU",100,649,0,918,"A0ABR0THI1"
"CAD0047597.1","tr|A0ABR0TPR8|A0ABR0TPR8_AURPU",87.9,530,0,918,"A0ABR0TPR8"
"THV66469.1","tr|A0ABR0TMJ0|A0ABR0TMJ0_AURPU",92.2,486,0,917,"A0ABR0TMJ0"
"THV67512.1","tr|A0ABR0TXQ0|A0ABR0TXQ0_AURPU",93.9,507,0,917,"A0ABR0TXQ0"
"KAK5999389.1","tr|A0ABR0T4M5|A0ABR0T4M5_AURPU",100,590,0,917,"A0ABR0T4M5"
"KAK6001723.1","tr|A0ABR0TBA2|A0ABR0TBA2_AURPU",100,469,0,917,"A0ABR0TBA2"
"KAK6004014.1","tr|A0ABR0TIC7|A0ABR0TIC7_AURPU",100,504,0,917,"A0ABR0TIC7"
"CAR1034742.1","tr|A0ABR0TDU2|A0ABR0TDU2_AURPU",91.8,501,0,917,"A0ABR0TDU2"
"CAR1040513.1","tr|A0ABR0T504|A0ABR0T504_AURPU",87.8,573,0,917,"A0ABR0T504"
"THZ12335.1","tr|A0ABR0TSG6|A0ABR0TSG6_AURPU",94.6,518,0,916,"A0ABR0TSG6"
"KAK6000574.1","tr|A0ABR0T805|A0ABR0T805_AURPU",100,452,0,916,"A0ABR0T805"
"KAK6001384.1","tr|A0ABR0TAB8|A0ABR0TAB8_AURPU",100,452,0,916,"A0ABR0TAB8"
"KAK6002452.1","tr|A0ABR0TE64|A0ABR0TE64_AURPU",100,474,0,916,"A0ABR0TE64"
"KAK6002545.1","tr|A0ABR0TEY8|A0ABR0TEY8_AURPU",100,482,0,916,"A0ABR0TEY8"
"KAK6006430.1","tr|A0ABR0TR65|A0ABR0TR65_AURPU",100,498,0,916,"A0ABR0TR65"
"KAK6007202.1","tr|A0ABR0TS25|A0ABR0TS25_AURPU",100,468,0,916,"A0ABR0TS25"
"KAK6008580.1","tr|A0ABR0TVT7|A0ABR0TVT7_AURPU",100,511,0,916,"A0ABR0TVT7"
"KEQ81842.1","tr|A0ABR0T8U9|A0ABR0T8U9_AURPU",90.6,498,0,915,"A0ABR0T8U9"
"THV63861.1","tr|A0ABR0TCE4|A0ABR0TCE4_AURPU",97.7,487,0,915,"A0ABR0TCE4"
"THW67709.1","tr|A0ABR0T871|A0ABR0T871_AURPU",92.2,474,0,915,"A0ABR0T871"
"KAK6000029.1","tr|A0ABR0T6P9|A0ABR0T6P9_AURPU",100,453,0,915,"A0ABR0T6P9"
"KAK6000166.1","tr|A0ABR0T6T9|A0ABR0T6T9_AURPU",100,463,0,915,"A0ABR0T6T9"
"KAK6000950.1","tr|A0ABR0TAF1|A0ABR0TAF1_AURPU",100,637,0,915,"A0ABR0TAF1"
"KAK6001617.1","tr|A0ABR0TBF0|A0ABR0TBF0_AURPU",100,436,0,915,"A0ABR0TBF0"
"KAK6002211.1","tr|A0ABR0TE50|A0ABR0TE50_AURPU",100,471,0,915,"A0ABR0TE50"
"KAK6002963.1","tr|A0ABR0TEV6|A0ABR0TEV6_AURPU",100,460,0,915,"A0ABR0TEV6"
"KAK6004162.1","tr|A0ABR0TJ51|A0ABR0TJ51_AURPU",100,487,0,915,"A0ABR0TJ51"
"KAK6004750.1","tr|A0ABR0TLE9|A0ABR0TLE9_AURPU",100,481,0,915,"A0ABR0TLE9"
"KAK6007352.1","tr|A0ABR0TSG8|A0ABR0TSG8_AURPU",100,462,0,915,"A0ABR0TSG8"
"KAK6000305.1","tr|A0ABR0T8J4|A0ABR0T8J4_AURPU",100,499,0,914,"A0ABR0T8J4"
"KAK6001331.1","tr|A0ABR0TBE0|A0ABR0TBE0_AURPU",100,462,0,914,"A0ABR0TBE0"
"KAK6003768.1","tr|A0ABR0TH48|A0ABR0TH48_AURPU",100,485,0,914,"A0ABR0TH48"
"KAK6005340.1","tr|A0ABR0TLM2|A0ABR0TLM2_AURPU",100,466,0,914,"A0ABR0TLM2"
"KAK6006118.1","tr|A0ABR0TNW9|A0ABR0TNW9_AURPU",100,463,0,914,"A0ABR0TNW9"
"KAK6007884.1","tr|A0ABR0TUJ3|A0ABR0TUJ3_AURPU",100,481,0,914,"A0ABR0TUJ3"
"KEQ78933.1","tr|A0ABR0TAR4|A0ABR0TAR4_AURPU",99.3,450,0,913,"A0ABR0TAR4"
"THY21767.1","tr|A0ABR0TE59|A0ABR0TE59_AURPU",92,486,0,913,"A0ABR0TE59"
"KAK6002329.1","tr|A0ABR0TD11|A0ABR0TD11_AURPU",100,476,0,913,"A0ABR0TD11"
"THW62177.1","tr|A0ABR0TAE8|A0ABR0TAE8_AURPU",92.7,477,0,912,"A0ABR0TAE8"
"THY34993.1","tr|A0ABR0TGY8|A0ABR0TGY8_AURPU",93.1,494,0,912,"A0ABR0TGY8"
"KAK5999513.1","tr|A0ABR0T4Y6|A0ABR0T4Y6_AURPU",100,448,0,912,"A0ABR0T4Y6"
"KAK5999695.1","tr|A0ABR0T6Q5|A0ABR0T6Q5_AURPU",100,460,0,912,"A0ABR0T6Q5"
"KAK6000027.1","tr|A0ABR0T6T3|A0ABR0T6T3_AURPU",100,476,0,912,"A0ABR0T6T3"
"KAK6001937.1","tr|A0ABR0TBW5|A0ABR0TBW5_AURPU",100,474,0,912,"A0ABR0TBW5"
"KAK6002485.1","tr|A0ABR0TES8|A0ABR0TES8_AURPU",100,464,0,912,"A0ABR0TES8"
"KAK6005475.1","tr|A0ABR0TM01|A0ABR0TM01_AURPU",100,445,0,912,"A0ABR0TM01"
"KAK6008502.1","tr|A0ABR0TW20|A0ABR0TW20_AURPU",100,490,0,912,"A0ABR0TW20"
"THW44870.1","tr|A0ABR0TKW6|A0ABR0TKW6_AURPU",94.3,510,0,911,"A0ABR0TKW6"
"KAK6000566.1","tr|A0ABR0T998|A0ABR0T998_AURPU",100,443,0,911,"A0ABR0T998"
"KAK6000931.1","tr|A0ABR0T912|A0ABR0T912_AURPU",100,453,0,911,"A0ABR0T912"
"KAK6001692.1","tr|A0ABR0TBM1|A0ABR0TBM1_AURPU",100,455,0,911,"A0ABR0TBM1"
"KAK6007654.1","tr|A0ABR0TT74|A0ABR0TT74_AURPU",100,461,0,911,"A0ABR0TT74"
"KAK6007807.1","tr|A0ABR0TUP0|A0ABR0TUP0_AURPU",100,448,0,911,"A0ABR0TUP0"
"THV67362.1","tr|A0ABR0TD25|A0ABR0TD25_AURPU",98.3,466,0,910,"A0ABR0TD25"
"THV93914.1","tr|A0ABR0TRN1|A0ABR0TRN1_AURPU",93.2,457,0,910,"A0ABR0TRN1"
"THX03270.1","tr|A0ABR0TDI4|A0ABR0TDI4_AURPU",97.9,486,0,910,"A0ABR0TDI4"
"THX74910.1","tr|A0ABR0T8L7|A0ABR0T8L7_AURPU",89.5,524,0,910,"A0ABR0T8L7"
"KAK6002229.1","tr|A0ABR0TD94|A0ABR0TD94_AURPU",100,449,0,910,"A0ABR0TD94"
"KAK6006638.1","tr|A0ABR0TQC2|A0ABR0TQC2_AURPU",100,477,0,910,"A0ABR0TQC2"
"KAK6007850.1","tr|A0ABR0TVH5|A0ABR0TVH5_AURPU",100,483,0,910,"A0ABR0TVH5"
"THW11791.1","tr|A0ABR0TCC9|A0ABR0TCC9_AURPU",95.7,490,0,909,"A0ABR0TCC9"
"THZ54496.1","tr|A0ABR0T6G3|A0ABR0T6G3_AURPU",97.1,454,0,909,"A0ABR0T6G3"
"KAK6002253.1","tr|A0ABR0TCT3|A0ABR0TCT3_AURPU",100,479,0,909,"A0ABR0TCT3"
"KAK6003046.1","tr|A0ABR0TF29|A0ABR0TF29_AURPU",100,535,0,909,"A0ABR0TF29"
"KAK6005935.1","tr|A0ABR0TPR9|A0ABR0TPR9_AURPU",100,448,0,909,"A0ABR0TPR9"
"THY58984.1","tr|A0ABR0TD43|A0ABR0TD43_AURPU",95.6,477,0,908,"A0ABR0TD43"
"KAK6005530.1","tr|A0ABR0TNL5|A0ABR0TNL5_AURPU",100,479,0,908,"A0ABR0TNL5"
"KAK6005954.1","tr|A0ABR0TNE5|A0ABR0TNE5_AURPU",100,450,0,908,"A0ABR0TNE5"
"KAK6006100.1","tr|A0ABR0TQ81|A0ABR0TQ81_AURPU",100,447,0,908,"A0ABR0TQ81"
"KAK6008256.1","tr|A0ABR0TWH5|A0ABR0TWH5_AURPU",100,453,0,908,"A0ABR0TWH5"
"CAD0043005.1","tr|A0ABR0T904|A0ABR0T904_AURPU",88.7,520,0,908,"A0ABR0T904"
"KEQ79251.1","tr|A0ABR0TCX3|A0ABR0TCX3_AURPU",90.1,486,0,907,"A0ABR0TCX3"
"KEQ87898.1","tr|A0ABR0TUS0|A0ABR0TUS0_AURPU",94.1,472,0,907,"A0ABR0TUS0"
"THW94024.1","tr|A0ABR0TKE9|A0ABR0TKE9_AURPU",91.7,506,0,907,"A0ABR0TKE9"
"THY35057.1","tr|A0ABR0TH13|A0ABR0TH13_AURPU",89.9,527,0,907,"A0ABR0TH13"
"KAK6000468.1","tr|A0ABR0T7P1|A0ABR0T7P1_AURPU",100,532,0,907,"A0ABR0T7P1"
"KAK6004473.1","tr|A0ABR0TJ42|A0ABR0TJ42_AURPU",100,456,0,907,"A0ABR0TJ42"
"KAK6007179.1","tr|A0ABR0TSE1|A0ABR0TSE1_AURPU",100,515,0,907,"A0ABR0TSE1"
"KEQ81810.1","tr|A0ABR0T7L3|A0ABR0T7L3_AURPU",98.3,459,0,906,"A0ABR0T7L3"
"THV78307.1","tr|A0ABR0TL18|A0ABR0TL18_AURPU",95.7,464,0,906,"A0ABR0TL18"
"KAK5999679.1","tr|A0ABR0T624|A0ABR0T624_AURPU",100,449,0,906,"A0ABR0T624"
"KAK6001259.1","tr|A0ABR0TA59|A0ABR0TA59_AURPU",100,455,0,906,"A0ABR0TA59"
"KAK6002638.1","tr|A0ABR0TDX5|A0ABR0TDX5_AURPU",100,439,0,906,"A0ABR0TDX5"
"KAK6002689.1","tr|A0ABR0TE28|A0ABR0TE28_AURPU",100,476,0,906,"A0ABR0TE28"
"KAK6008620.1","tr|A0ABR0TXB4|A0ABR0TXB4_AURPU",100,469,0,906,"A0ABR0TXB4"
"KAK5999353.1","tr|A0ABR0T4E4|A0ABR0T4E4_AURPU",100,463,0,905,"A0ABR0T4E4"
"KAK5999610.1","tr|A0ABR0T5A1|A0ABR0T5A1_AURPU",100,461,0,905,"A0ABR0T5A1"
"KAK6001019.1","tr|A0ABR0T9F9|A0ABR0T9F9_AURPU",100,439,0,905,"A0ABR0T9F9"
"KAK6003919.1","tr|A0ABR0THK2|A0ABR0THK2_AURPU",100,454,0,905,"A0ABR0THK2"
"KAK6006868.1","tr|A0ABR0TQZ2|A0ABR0TQZ2_AURPU",100,476,0,905,"A0ABR0TQZ2"
"KAK6007819.1","tr|A0ABR0TTM7|A0ABR0TTM7_AURPU",100,475,0,905,"A0ABR0TTM7"
"KAK6007977.1","tr|A0ABR0TUJ4|A0ABR0TUJ4_AURPU",100,469,0,905,"A0ABR0TUJ4"
"CAR0991706.1","tr|A0ABR0TDF8|A0ABR0TDF8_AURPU",97.1,442,0,905,"A0ABR0TDF8"
"THV85478.1","tr|A0ABR0TN58|A0ABR0TN58_AURPU",98.2,514,0,904,"A0ABR0TN58"
"THX75531.1","tr|A0ABR0T893|A0ABR0T893_AURPU",90.3,496,0,904,"A0ABR0T893"
"THZ04379.1","tr|A0ABR0TUN7|A0ABR0TUN7_AURPU",97.6,463,0,904,"A0ABR0TUN7"
"KAK6000816.1","tr|A0ABR0TA39|A0ABR0TA39_AURPU",100,465,0,904,"A0ABR0TA39"
"KAK6002132.1","tr|A0ABR0TCG3|A0ABR0TCG3_AURPU",100,433,0,904,"A0ABR0TCG3"
"KAK6007244.1","tr|A0ABR0TS14|A0ABR0TS14_AURPU",100,453,0,904,"A0ABR0TS14"
"CAR4687635.1","tr|A0ABR0TCD0|A0ABR0TCD0_AURPU",91.2,491,0,904,"A0ABR0TCD0"
"KAK6004809.1","tr|A0ABR0TKN8|A0ABR0TKN8_AURPU",100,440,0,903,"A0ABR0TKN8"
"KAK6006923.1","tr|A0ABR0TR56|A0ABR0TR56_AURPU",100,467,0,903,"A0ABR0TR56"
"KEQ89649.1","tr|A0ABR0TWV2|A0ABR0TWV2_AURPU",91.4,500,0,902,"A0ABR0TWV2"
"THY15555.1","tr|A0ABR0TS82|A0ABR0TS82_AURPU",92.4,579,0,902,"A0ABR0TS82"
"KAK6000148.1","tr|A0ABR0T6U0|A0ABR0T6U0_AURPU",100,436,0,902,"A0ABR0T6U0"
"KAK6000486.1","tr|A0ABR0T981|A0ABR0T981_AURPU",100,531,0,902,"A0ABR0T981"
"KAK6001580.1","tr|A0ABR0TCB3|A0ABR0TCB3_AURPU",100,592,0,902,"A0ABR0TCB3"
"KAK6003421.1","tr|A0ABR0TG46|A0ABR0TG46_AURPU",100,470,0,902,"A0ABR0TG46"
"KAK6004805.1","tr|A0ABR0TLN4|A0ABR0TLN4_AURPU",100,456,0,902,"A0ABR0TLN4"
"KEQ83584.1","tr|A0ABR0TD77|A0ABR0TD77_AURPU",88.5,882,0,901,"A0ABR0TD77"
"THV65478.1","tr|A0ABR0T5Q7|A0ABR0T5Q7_AURPU",93.7,478,0,901,"A0ABR0T5Q7"
"KAK6002236.1","tr|A0ABR0TCR4|A0ABR0TCR4_AURPU",100,445,0,901,"A0ABR0TCR4"
"KAK6004829.1","tr|A0ABR0TK94|A0ABR0TK94_AURPU",100,453,0,901,"A0ABR0TK94"
"KAK6007624.1","tr|A0ABR0TT41|A0ABR0TT41_AURPU",100,532,0,901,"A0ABR0TT41"
"CAD0010388.1","tr|A0ABR0TSI0|A0ABR0TSI0_AURPU",93.6,482,0,901,"A0ABR0TSI0"
"THY09211.1","tr|A0ABR0TX93|A0ABR0TX93_AURPU",95,478,0,900,"A0ABR0TX93"
"KAK6000054.1","tr|A0ABR0T736|A0ABR0T736_AURPU",100,431,0,900,"A0ABR0T736"
"KAK6001694.1","tr|A0ABR0TBA8|A0ABR0TBA8_AURPU",100,529,0,900,"A0ABR0TBA8"
"KAK6001981.1","tr|A0ABR0TC13|A0ABR0TC13_AURPU",100,486,0,900,"A0ABR0TC13"
"KAK6002205.1","tr|A0ABR0TCQ0|A0ABR0TCQ0_AURPU",100,437,0,900,"A0ABR0TCQ0"
"KAK6004346.1","tr|A0ABR0TJT8|A0ABR0TJT8_AURPU",100,522,0,900,"A0ABR0TJT8"
"KAK6004493.1","tr|A0ABR0TJ88|A0ABR0TJ88_AURPU",100,550,0,900,"A0ABR0TJ88"
"KAK6005387.1","tr|A0ABR0TLT9|A0ABR0TLT9_AURPU",100,443,0,900,"A0ABR0TLT9"
"KAK6005917.1","tr|A0ABR0TP56|A0ABR0TP56_AURPU",100,446,0,900,"A0ABR0TP56"
"KAK6006152.1","tr|A0ABR0TNW4|A0ABR0TNW4_AURPU",100,458,0,900,"A0ABR0TNW4"
"KAK6006500.1","tr|A0ABR0TRK7|A0ABR0TRK7_AURPU",100,441,0,900,"A0ABR0TRK7"
"KAK6008226.1","tr|A0ABR0TWE4|A0ABR0TWE4_AURPU",100,438,0,900,"A0ABR0TWE4"
"THZ85345.1","tr|A0ABR0T9T0|A0ABR0T9T0_AURPU",87.5,505,0,899,"A0ABR0T9T0"
"KAK5999596.1","tr|A0ABR0T585|A0ABR0T585_AURPU",100,452,0,899,"A0ABR0T585"
"KAK6002078.1","tr|A0ABR0TCB0|A0ABR0TCB0_AURPU",100,462,0,899,"A0ABR0TCB0"
"KAK6002824.1","tr|A0ABR0TEI9|A0ABR0TEI9_AURPU",100,455,0,899,"A0ABR0TEI9"
"KAK6003108.1","tr|A0ABR0TF99|A0ABR0TF99_AURPU",100,453,0,899,"A0ABR0TF99"
"KAK6005669.1","tr|A0ABR0TMN0|A0ABR0TMN0_AURPU",100,442,0,899,"A0ABR0TMN0"
"KAK6007787.1","tr|A0ABR0TTP8|A0ABR0TTP8_AURPU",100,440,0,899,"A0ABR0TTP8"
"KAK6008836.1","tr|A0ABR0TWH3|A0ABR0TWH3_AURPU",100,532,0,899,"A0ABR0TWH3"
"CAD0021313.1","tr|A0ABR0TBG1|A0ABR0TBG1_AURPU",95.9,469,0,899,"A0ABR0TBG1"
"THW87713.1","tr|A0ABR0T9C6|A0ABR0T9C6_AURPU",95.5,467,0,898,"A0ABR0T9C6"
"TIA39552.1","tr|A0ABR0TDS8|A0ABR0TDS8_AURPU",94.7,474,0,898,"A0ABR0TDS8"
"KAK6001899.1","tr|A0ABR0TCB5|A0ABR0TCB5_AURPU",100,502,0,898,"A0ABR0TCB5"
"KAK6003117.1","tr|A0ABR0TFI3|A0ABR0TFI3_AURPU",100,454,0,898,"A0ABR0TFI3"
"KAK6004582.1","tr|A0ABR0TKB2|A0ABR0TKB2_AURPU",100,467,0,898,"A0ABR0TKB2"
"KAK6006403.1","tr|A0ABR0TPM2|A0ABR0TPM2_AURPU",100,448,0,898,"A0ABR0TPM2"
"CAR1026842.1","tr|A0ABR0T7Q8|A0ABR0T7Q8_AURPU",96.7,458,0,898,"A0ABR0T7Q8"
"KEQ89667.1","tr|A0ABR0TWL0|A0ABR0TWL0_AURPU",93.5,489,0,897,"A0ABR0TWL0"
"OBW64100.1","tr|A0ABR0T7A7|A0ABR0T7A7_AURPU",93.5,506,0,897,"A0ABR0T7A7"
"THV73661.1","tr|A0ABR0T8Q7|A0ABR0T8Q7_AURPU",97.9,485,0,897,"A0ABR0T8Q7"
"THW60694.1","tr|A0ABR0T4J8|A0ABR0T4J8_AURPU",93.2,486,0,897,"A0ABR0T4J8"
"THX29307.1","tr|A0ABR0TAG1|A0ABR0TAG1_AURPU",91.7,493,0,897,"A0ABR0TAG1"
"KAK6000349.1","tr|A0ABR0T7B5|A0ABR0T7B5_AURPU",100,447,0,897,"A0ABR0T7B5"
"KAK6001473.1","tr|A0ABR0TAK8|A0ABR0TAK8_AURPU",100,499,0,897,"A0ABR0TAK8"
"KAK6001504.1","tr|A0ABR0TAN1|A0ABR0TAN1_AURPU",100,460,0,897,"A0ABR0TAN1"
"KAK6001635.1","tr|A0ABR0TB12|A0ABR0TB12_AURPU",100,479,0,897,"A0ABR0TB12"
"KAK6002915.1","tr|A0ABR0TG68|A0ABR0TG68_AURPU",100,445,0,897,"A0ABR0TG68"
"KAK6004211.1","tr|A0ABR0TJH1|A0ABR0TJH1_AURPU",100,442,0,897,"A0ABR0TJH1"
"KAK6004339.1","tr|A0ABR0TIS4|A0ABR0TIS4_AURPU",100,448,0,897,"A0ABR0TIS4"
"KAK6005224.1","tr|A0ABR0TL98|A0ABR0TL98_AURPU",100,470,0,897,"A0ABR0TL98"
"KAK6007932.1","tr|A0ABR0TUE9|A0ABR0TUE9_AURPU",100,479,0,897,"A0ABR0TUE9"
"CAD0026260.1","tr|A0ABR0TN50|A0ABR0TN50_AURPU",91.8,490,0,897,"A0ABR0TN50"
"THX48797.1","tr|A0ABR0TKI1|A0ABR0TKI1_AURPU",92.6,497,0,896,"A0ABR0TKI1"
"KAK6000179.1","tr|A0ABR0T738|A0ABR0T738_AURPU",100,461,0,896,"A0ABR0T738"
"KAK6006738.1","tr|A0ABR0TQK5|A0ABR0TQK5_AURPU",100,581,0,896,"A0ABR0TQK5"
"KEQ82720.1","tr|A0ABR0TNC7|A0ABR0TNC7_AURPU",91.8,485,0,895,"A0ABR0TNC7"
"THY16075.1","tr|A0ABR0TNA3|A0ABR0TNA3_AURPU",92,488,0,895,"A0ABR0TNA3"
"THX48863.1","tr|A0ABR0TPM7|A0ABR0TPM7_AURPU",93.7,457,0,895,"A0ABR0TPM7"
"KAK5999885.1","tr|A0ABR0T7B9|A0ABR0T7B9_AURPU",100,428,0,895,"A0ABR0T7B9"
"KAK6003342.1","tr|A0ABR0TG66|A0ABR0TG66_AURPU",100,449,0,895,"A0ABR0TG66"
"KAK6006379.1","tr|A0ABR0TPL9|A0ABR0TPL9_AURPU",100,454,0,895,"A0ABR0TPL9"
"KAK6006751.1","tr|A0ABR0TQQ1|A0ABR0TQQ1_AURPU",100,445,0,895,"A0ABR0TQQ1"
"KAK6007784.1","tr|A0ABR0TTK1|A0ABR0TTK1_AURPU",100,452,0,895,"A0ABR0TTK1"
"CAD0026360.1","tr|A0ABR0TNP4|A0ABR0TNP4_AURPU",84.3,559,0,895,"A0ABR0TNP4"
"KAK5999356.1","tr|A0ABR0T4J1|A0ABR0T4J1_AURPU",100,449,0,894,"A0ABR0T4J1"
"KAK6001825.1","tr|A0ABR0TCX0|A0ABR0TCX0_AURPU",100,572,0,894,"A0ABR0TCX0"
"KAK6002503.1","tr|A0ABR0TDI2|A0ABR0TDI2_AURPU",100,458,0,894,"A0ABR0TDI2"
"KAK6002631.1","tr|A0ABR0TFB2|A0ABR0TFB2_AURPU",100,461,0,894,"A0ABR0TFB2"
"KAK6002661.1","tr|A0ABR0TFE6|A0ABR0TFE6_AURPU",100,447,0,894,"A0ABR0TFE6"
"KAK6003100.1","tr|A0ABR0TGK9|A0ABR0TGK9_AURPU",100,454,0,894,"A0ABR0TGK9"
"KAK6004536.1","tr|A0ABR0TKX6|A0ABR0TKX6_AURPU",100,454,0,894,"A0ABR0TKX6"
"KAK6005456.1","tr|A0ABR0TMW0|A0ABR0TMW0_AURPU",100,476,0,894,"A0ABR0TMW0"
"KAK6007240.1","tr|A0ABR0TTL9|A0ABR0TTL9_AURPU",100,433,0,894,"A0ABR0TTL9"
"KAK6007281.1","tr|A0ABR0TTU8|A0ABR0TTU8_AURPU",100,455,0,894,"A0ABR0TTU8"
"KAK6008367.1","tr|A0ABR0TVM4|A0ABR0TVM4_AURPU",100,474,0,894,"A0ABR0TVM4"
"KEQ84736.1","tr|A0ABR0TF47|A0ABR0TF47_AURPU",97.4,499,0,893,"A0ABR0TF47"
"THZ59898.1","tr|A0ABR0TNX5|A0ABR0TNX5_AURPU",92.1,457,0,893,"A0ABR0TNX5"
"KAK6004639.1","tr|A0ABR0TJK4|A0ABR0TJK4_AURPU",100,446,0,893,"A0ABR0TJK4"
"KAK6008826.1","tr|A0ABR0TXQ9|A0ABR0TXQ9_AURPU",100,481,0,893,"A0ABR0TXQ9"
"CAC9885292.1","tr|A0ABR0TWS8|A0ABR0TWS8_AURPU",91.2,513,0,893,"A0ABR0TWS8"
"THV66991.1","tr|A0ABR0T527|A0ABR0T527_AURPU",94.7,506,0,892,"A0ABR0T527"
"THV75143.1","tr|A0ABR0TWS5|A0ABR0TWS5_AURPU",95.2,503,4.53996921963521e-320,892,"A0ABR0TWS5"
"TIA56378.1","tr|A0ABR0TSQ8|A0ABR0TSQ8_AURPU",91,489,0,892,"A0ABR0TSQ8"
"KAK6000247.1","tr|A0ABR0T817|A0ABR0T817_AURPU",100,455,0,892,"A0ABR0T817"
"KAK6002543.1","tr|A0ABR0TDN1|A0ABR0TDN1_AURPU",100,456,0,892,"A0ABR0TDN1"
"KAK6002920.1","tr|A0ABR0TG29|A0ABR0TG29_AURPU",100,448,0,892,"A0ABR0TG29"
"KAK6004864.1","tr|A0ABR0TK87|A0ABR0TK87_AURPU",100,454,0,892,"A0ABR0TK87"
"KAK6005595.1","tr|A0ABR0TMD3|A0ABR0TMD3_AURPU",100,447,0,892,"A0ABR0TMD3"
"KAK6005638.1","tr|A0ABR0TMH4|A0ABR0TMH4_AURPU",100,567,0,892,"A0ABR0TMH4"
"KAK6005810.1","tr|A0ABR0TPM6|A0ABR0TPM6_AURPU",100,463,0,892,"A0ABR0TPM6"
"KAK6006814.1","tr|A0ABR0TQW0|A0ABR0TQW0_AURPU",100,504,0,892,"A0ABR0TQW0"
"KEQ87679.1","tr|A0A4S9NQN6|A0A4S9NQN6_AURPU",100,447,0,891,"A0A4S9NQN6"
"THV74506.1","tr|A0ABR0TLC2|A0ABR0TLC2_AURPU",97.6,460,0,891,"A0ABR0TLC2"
"THV77392.1","tr|A0ABR0TQB8|A0ABR0TQB8_AURPU",95.3,528,0,891,"A0ABR0TQB8"
"THW96459.1","tr|A0ABR0T858|A0ABR0T858_AURPU",95,557,0,891,"A0ABR0T858"
"THZ05779.1","tr|A0ABR0TDH7|A0ABR0TDH7_AURPU",90.3,495,0,891,"A0ABR0TDH7"
"KAK6000466.1","tr|A0ABR0T7P7|A0ABR0T7P7_AURPU",100,437,0,891,"A0ABR0T7P7"
"KAK6006444.1","tr|A0ABR0TQA2|A0ABR0TQA2_AURPU",100,465,0,891,"A0ABR0TQA2"
"KAK6006622.1","tr|A0ABR0TR95|A0ABR0TR95_AURPU",100,449,0,891,"A0ABR0TR95"
"CAD0037429.1","tr|A0ABR0T779|A0ABR0T779_AURPU",88.2,507,0,891,"A0ABR0T779"
"KEQ87605.1","tr|A0ABR0TUR6|A0ABR0TUR6_AURPU",91,476,0,890,"A0ABR0TUR6"
"THV65240.1","tr|A0ABR0TWQ7|A0ABR0TWQ7_AURPU",94.6,463,0,890,"A0ABR0TWQ7"
"THV69268.1","tr|A0ABR0TCM1|A0ABR0TCM1_AURPU",90.4,499,0,890,"A0ABR0TCM1"
"THW55448.1","tr|A0ABR0TG22|A0ABR0TG22_AURPU",92.1,481,0,890,"A0ABR0TG22"
"KAK6000427.1","tr|A0ABR0T8J0|A0ABR0T8J0_AURPU",100,487,0,890,"A0ABR0T8J0"
"KAK6000610.1","tr|A0ABR0T9A3|A0ABR0T9A3_AURPU",100,432,0,890,"A0ABR0T9A3"
"KAK6003031.1","tr|A0ABR0TF18|A0ABR0TF18_AURPU",100,463,0,890,"A0ABR0TF18"
"KAK6003471.1","tr|A0ABR0THT6|A0ABR0THT6_AURPU",100,602,0,890,"A0ABR0THT6"
"KAK6004325.1","tr|A0ABR0TKA8|A0ABR0TKA8_AURPU",100,451,0,890,"A0ABR0TKA8"
"KAK6007380.1","tr|A0ABR0TSE6|A0ABR0TSE6_AURPU",100,423,0,890,"A0ABR0TSE6"
"KEQ87211.1","tr|A0ABR0TFZ4|A0ABR0TFZ4_AURPU",90.1,494,0,889,"A0ABR0TFZ4"
"THV82375.1","tr|A0ABR0TS61|A0ABR0TS61_AURPU",91.8,485,0,889,"A0ABR0TS61"
"THX66625.1","tr|A0ABR0TA55|A0ABR0TA55_AURPU",94,485,0,889,"A0ABR0TA55"
"KAK5999564.1","tr|A0ABR0T5D9|A0ABR0T5D9_AURPU",100,438,0,889,"A0ABR0T5D9"
"KAK6001844.1","tr|A0ABR0TBR0|A0ABR0TBR0_AURPU",100,440,0,889,"A0ABR0TBR0"
"KAK6002784.1","tr|A0ABR0TEX1|A0ABR0TEX1_AURPU",100,453,0,889,"A0ABR0TEX1"
"KAK6003159.1","tr|A0ABR0TFW7|A0ABR0TFW7_AURPU",100,441,0,889,"A0ABR0TFW7"
"KAK6004216.1","tr|A0ABR0TIF4|A0ABR0TIF4_AURPU",100,469,0,889,"A0ABR0TIF4"
"KAK6004604.1","tr|A0ABR0TJM6|A0ABR0TJM6_AURPU",100,476,0,889,"A0ABR0TJM6"
"KAK6006360.1","tr|A0ABR0TPK1|A0ABR0TPK1_AURPU",100,601,0,889,"A0ABR0TPK1"
"KAK6006735.1","tr|A0ABR0TQK8|A0ABR0TQK8_AURPU",100,440,0,889,"A0ABR0TQK8"
"KAK6007864.1","tr|A0ABR0TTR6|A0ABR0TTR6_AURPU",100,436,0,889,"A0ABR0TTR6"
"KAK6008758.1","tr|A0ABR0TW83|A0ABR0TW83_AURPU",100,518,0,889,"A0ABR0TW83"
"CAD0011057.1","tr|A0ABR0TMH1|A0ABR0TMH1_AURPU",91.4,490,0,889,"A0ABR0TMH1"
"CAR0984713.1","tr|A0ABR0TMP8|A0ABR0TMP8_AURPU",94.5,507,0,889,"A0ABR0TMP8"
"KEQ84471.1","tr|A0ABR0TPW0|A0ABR0TPW0_AURPU",98.2,448,0,888,"A0ABR0TPW0"
"OBW64165.1","tr|A0ABR0T622|A0ABR0T622_AURPU",93.9,577,1.81000010629214e-317,888,"A0ABR0T622"
"KAK6000697.1","tr|A0ABR0T9A9|A0ABR0T9A9_AURPU",100,419,0,888,"A0ABR0T9A9"
"KAK6001593.1","tr|A0ABR0TAX4|A0ABR0TAX4_AURPU",100,460,0,888,"A0ABR0TAX4"
"THV75017.1","tr|A0ABR0TM00|A0ABR0TM00_AURPU",92.4,460,0,887,"A0ABR0TM00"
"KAK5999492.1","tr|A0ABR0T512|A0ABR0T512_AURPU",100,506,0,887,"A0ABR0T512"
"KAK5999612.1","tr|A0ABR0T5E4|A0ABR0T5E4_AURPU",100,475,0,887,"A0ABR0T5E4"
"KAK5999616.1","tr|A0ABR0T6N0|A0ABR0T6N0_AURPU",100,459,0,887,"A0ABR0T6N0"
"KAK5999718.1","tr|A0ABR0T5L1|A0ABR0T5L1_AURPU",100,460,0,887,"A0ABR0T5L1"
"KAK6000991.1","tr|A0ABR0T973|A0ABR0T973_AURPU",100,461,0,887,"A0ABR0T973"
"KAK6001487.1","tr|A0ABR0TAM7|A0ABR0TAM7_AURPU",100,552,0,887,"A0ABR0TAM7"
"KAK6003124.1","tr|A0ABR0TFB8|A0ABR0TFB8_AURPU",100,453,0,887,"A0ABR0TFB8"
"KAK6005522.1","tr|A0ABR0TM65|A0ABR0TM65_AURPU",100,439,0,887,"A0ABR0TM65"
"KAK6008835.1","tr|A0ABR0TWJ3|A0ABR0TWJ3_AURPU",100,458,0,887,"A0ABR0TWJ3"
"THV71502.1","tr|A0ABR0TU51|A0ABR0TU51_AURPU",93.8,484,0,886,"A0ABR0TU51"
"KAK6000036.1","tr|A0ABR0T7X7|A0ABR0T7X7_AURPU",100,454,0,886,"A0ABR0T7X7"
"KAK6000786.1","tr|A0ABR0TA10|A0ABR0TA10_AURPU",100,481,0,886,"A0ABR0TA10"
"KAK6003727.1","tr|A0ABR0THX2|A0ABR0THX2_AURPU",100,463,0,886,"A0ABR0THX2"
"KAK6005738.1","tr|A0ABR0TMS8|A0ABR0TMS8_AURPU",100,448,0,886,"A0ABR0TMS8"
"KAK6005893.1","tr|A0ABR0TN72|A0ABR0TN72_AURPU",100,469,0,886,"A0ABR0TN72"
"KEQ82213.1","tr|A0ABR0TJE2|A0ABR0TJE2_AURPU",98.7,471,0,885,"A0ABR0TJE2"
"KEQ85589.1","tr|A0ABR0T994|A0ABR0T994_AURPU",93.6,472,0,885,"A0ABR0T994"
"THV68351.1","tr|A0ABR0TJ63|A0ABR0TJ63_AURPU",93.1,493,0,885,"A0ABR0TJ63"
"THY10850.1","tr|A0ABR0TCK5|A0ABR0TCK5_AURPU",92.1,491,0,885,"A0ABR0TCK5"
"THZ58419.1","tr|A0ABR0TAM5|A0ABR0TAM5_AURPU",92.8,489,0,885,"A0ABR0TAM5"
"KAK5999777.1","tr|A0ABR0T5W3|A0ABR0T5W3_AURPU",100,502,0,885,"A0ABR0T5W3"
"KAK5999856.1","tr|A0ABR0T7F4|A0ABR0T7F4_AURPU",100,444,0,885,"A0ABR0T7F4"
"KAK6002569.1","tr|A0ABR0TDR1|A0ABR0TDR1_AURPU",100,490,0,885,"A0ABR0TDR1"
"KAK6002721.1","tr|A0ABR0TFM4|A0ABR0TFM4_AURPU",100,474,0,885,"A0ABR0TFM4"
"KAK6003665.1","tr|A0ABR0TIC0|A0ABR0TIC0_AURPU",100,442,0,885,"A0ABR0TIC0"
"KAK6004021.1","tr|A0ABR0THU4|A0ABR0THU4_AURPU",100,456,0,885,"A0ABR0THU4"
"KAK6005724.1","tr|A0ABR0TNC9|A0ABR0TNC9_AURPU",100,421,0,885,"A0ABR0TNC9"
"KAK6006419.1","tr|A0ABR0TPN8|A0ABR0TPN8_AURPU",100,452,0,885,"A0ABR0TPN8"
"KAK6007358.1","tr|A0ABR0TSE5|A0ABR0TSE5_AURPU",100,437,0,885,"A0ABR0TSE5"
"THZ59611.1","tr|A0ABR0TVM1|A0ABR0TVM1_AURPU",92.2,451,0,884,"A0ABR0TVM1"
"KAK6005941.1","tr|A0ABR0TNB9|A0ABR0TNB9_AURPU",100,440,0,884,"A0ABR0TNB9"
"KAK6006251.1","tr|A0ABR0TQ64|A0ABR0TQ64_AURPU",100,472,0,884,"A0ABR0TQ64"
"KAK6006282.1","tr|A0ABR0TPM1|A0ABR0TPM1_AURPU",100,659,0,884,"A0ABR0TPM1"
"KAK6006294.1","tr|A0ABR0TPV1|A0ABR0TPV1_AURPU",100,457,0,884,"A0ABR0TPV1"
"KAK6007175.1","tr|A0ABR0TTH4|A0ABR0TTH4_AURPU",100,432,0,884,"A0ABR0TTH4"
"KAK6007777.1","tr|A0ABR0TUK9|A0ABR0TUK9_AURPU",100,537,0,884,"A0ABR0TUK9"
"THW53866.1","tr|A0ABR0TGY4|A0ABR0TGY4_AURPU",87.4,530,0,883,"A0ABR0TGY4"
"KAK6004577.1","tr|A0ABR0TJI5|A0ABR0TJI5_AURPU",100,434,0,883,"A0ABR0TJI5"
"KAK6004765.1","tr|A0ABR0TLG6|A0ABR0TLG6_AURPU",100,432,0,883,"A0ABR0TLG6"
"KAK6007285.1","tr|A0ABR0TTR4|A0ABR0TTR4_AURPU",100,432,0,883,"A0ABR0TTR4"
"KAK6007656.1","tr|A0ABR0TUW2|A0ABR0TUW2_AURPU",100,444,0,883,"A0ABR0TUW2"
"KEQ88829.1","tr|A0ABR0THJ0|A0ABR0THJ0_AURPU",94.3,459,0,882,"A0ABR0THJ0"
"THV96722.1","tr|A0ABR0TQ74|A0ABR0TQ74_AURPU",96.3,457,0,882,"A0ABR0TQ74"
"THW56597.1","tr|A0ABR0TL92|A0ABR0TL92_AURPU",95.1,468,0,882,"A0ABR0TL92"
"KAK6000729.1","tr|A0ABR0T909|A0ABR0T909_AURPU",100,1091,2.5e-307,882,"A0ABR0T909"
"KAK6001569.1","tr|A0ABR0TBF5|A0ABR0TBF5_AURPU",100,442,0,882,"A0ABR0TBF5"
"KAK6001835.1","tr|A0ABR0TD44|A0ABR0TD44_AURPU",100,479,0,882,"A0ABR0TD44"
"KAK6003526.1","tr|A0ABR0TGF0|A0ABR0TGF0_AURPU",100,472,0,882,"A0ABR0TGF0"
"KAK6003900.1","tr|A0ABR0THI4|A0ABR0THI4_AURPU",100,443,0,882,"A0ABR0THI4"
"KAK6006172.1","tr|A0ABR0TPY0|A0ABR0TPY0_AURPU",100,477,0,882,"A0ABR0TPY0"
"THV88656.1","tr|A0ABR0TL07|A0ABR0TL07_AURPU",95.6,456,0,881,"A0ABR0TL07"
"KAK5999351.1","tr|A0ABR0T5T1|A0ABR0T5T1_AURPU",100,438,0,881,"A0ABR0T5T1"
"KAK5999365.1","tr|A0ABR0T5P8|A0ABR0T5P8_AURPU",100,421,0,881,"A0ABR0T5P8"
"KAK6001932.1","tr|A0ABR0TCA5|A0ABR0TCA5_AURPU",100,453,0,881,"A0ABR0TCA5"
"KAK6004513.1","tr|A0ABR0TJ85|A0ABR0TJ85_AURPU",100,563,0,881,"A0ABR0TJ85"
"KAK6004751.1","tr|A0ABR0TKY4|A0ABR0TKY4_AURPU",100,439,0,881,"A0ABR0TKY4"
"KAK6005338.1","tr|A0ABR0TLL6|A0ABR0TLL6_AURPU",100,439,0,881,"A0ABR0TLL6"
"KAK6006320.1","tr|A0ABR0TR27|A0ABR0TR27_AURPU",100,461,0,881,"A0ABR0TR27"
"CAC9891545.1","tr|A0ABR0TS23|A0ABR0TS23_AURPU",90.4,510,0,881,"A0ABR0TS23"
"KAK5999336.1","tr|A0ABR0T5R9|A0ABR0T5R9_AURPU",100,444,0,880,"A0ABR0T5R9"
"KAK5999809.1","tr|A0ABR0T5U4|A0ABR0T5U4_AURPU",100,452,0,880,"A0ABR0T5U4"
"KAK6000768.1","tr|A0ABR0T8K2|A0ABR0T8K2_AURPU",100,465,0,880,"A0ABR0T8K2"
"KAK6002201.1","tr|A0ABR0TDS4|A0ABR0TDS4_AURPU",100,420,0,880,"A0ABR0TDS4"
"KAK6007221.1","tr|A0ABR0TTN9|A0ABR0TTN9_AURPU",100,445,0,880,"A0ABR0TTN9"
"KAK6007712.1","tr|A0ABR0TTH8|A0ABR0TTH8_AURPU",100,455,0,880,"A0ABR0TTH8"
"KAK6008163.1","tr|A0ABR0TUN1|A0ABR0TUN1_AURPU",100,465,0,880,"A0ABR0TUN1"
"CAD0038872.1","tr|A0ABR0T782|A0ABR0T782_AURPU",90.9,506,0,880,"A0ABR0T782"
"KEQ78544.1","tr|A0ABR0TSK5|A0ABR0TSK5_AURPU",90.4,550,0,879,"A0ABR0TSK5"
"KEQ88087.1","tr|A0ABR0TU73|A0ABR0TU73_AURPU",90.3,476,4.40998054821438e-319,879,"A0ABR0TU73"
"THW62545.1","tr|A0ABR0THW8|A0ABR0THW8_AURPU",89.4,538,0,879,"A0ABR0THW8"
"KAK6002057.1","tr|A0ABR0TC89|A0ABR0TC89_AURPU",100,469,0,879,"A0ABR0TC89"
"KAK6003280.1","tr|A0ABR0TH45|A0ABR0TH45_AURPU",100,427,0,879,"A0ABR0TH45"
"KAK6003503.1","tr|A0ABR0TGD6|A0ABR0TGD6_AURPU",100,443,0,879,"A0ABR0TGD6"
"KAK6003530.1","tr|A0ABR0THY8|A0ABR0THY8_AURPU",100,471,0,879,"A0ABR0THY8"
"THV64229.1","tr|A0ABR0TS11|A0ABR0TS11_AURPU",86.3,524,0,878,"A0ABR0TS11"
"KAK5999299.1","tr|A0ABR0T4F7|A0ABR0T4F7_AURPU",100,447,0,878,"A0ABR0T4F7"
"KAK6000152.1","tr|A0ABR0T6U1|A0ABR0T6U1_AURPU",100,428,0,878,"A0ABR0T6U1"
"KAK6003396.1","tr|A0ABR0THK7|A0ABR0THK7_AURPU",100,457,0,878,"A0ABR0THK7"
"KAK6004635.1","tr|A0ABR0TJK9|A0ABR0TJK9_AURPU",100,407,0,878,"A0ABR0TJK9"
"KAK6005114.1","tr|A0ABR0TL28|A0ABR0TL28_AURPU",100,424,0,878,"A0ABR0TL28"
"KAK6006507.1","tr|A0ABR0TQA4|A0ABR0TQA4_AURPU",100,433,0,878,"A0ABR0TQA4"
"KAK6006752.1","tr|A0ABR0TQN3|A0ABR0TQN3_AURPU",100,446,0,878,"A0ABR0TQN3"
"KAK6007617.1","tr|A0ABR0TTG5|A0ABR0TTG5_AURPU",100,450,0,878,"A0ABR0TTG5"
"THW08601.1","tr|A0ABR0TF04|A0ABR0TF04_AURPU",91.9,446,0,877,"A0ABR0TF04"
"THV65209.1","tr|A0ABR0TDR9|A0ABR0TDR9_AURPU",89,508,0,877,"A0ABR0TDR9"
"THW37881.1","tr|A0ABR0T651|A0ABR0T651_AURPU",92.3,517,8.73000162363399e-318,877,"A0ABR0T651"
"THZ72033.1","tr|A0ABR0T5A0|A0ABR0T5A0_AURPU",94.8,482,0,877,"A0ABR0T5A0"
"TIA43924.1","tr|A0ABR0TG86|A0ABR0TG86_AURPU",93.4,458,4.0899989326853e-318,877,"A0ABR0TG86"
"KAK5999876.1","tr|A0ABR0T7B7|A0ABR0T7B7_AURPU",100,428,0,877,"A0ABR0T7B7"
"KAK6003358.1","tr|A0ABR0TG03|A0ABR0TG03_AURPU",100,455,0,877,"A0ABR0TG03"
"KAK6003411.1","tr|A0ABR0THM8|A0ABR0THM8_AURPU",100,426,0,877,"A0ABR0THM8"
"KAK6004590.1","tr|A0ABR0TJG9|A0ABR0TJG9_AURPU",100,443,0,877,"A0ABR0TJG9"
"KAK6005100.1","tr|A0ABR0TKX7|A0ABR0TKX7_AURPU",100,532,0,877,"A0ABR0TKX7"
"KAK6006873.1","tr|A0ABR0TQY6|A0ABR0TQY6_AURPU",100,451,0,877,"A0ABR0TQY6"
"KAK6007094.1","tr|A0ABR0TRM0|A0ABR0TRM0_AURPU",100,462,0,877,"A0ABR0TRM0"
"KAK6007994.1","tr|A0ABR0TU55|A0ABR0TU55_AURPU",100,440,0,877,"A0ABR0TU55"
"KAK5999942.1","tr|A0ABR0T6A8|A0ABR0T6A8_AURPU",100,631,6.27996961115892e-319,876,"A0ABR0T6A8"
"KAK6002037.1","tr|A0ABR0TCL5|A0ABR0TCL5_AURPU",100,435,0,876,"A0ABR0TCL5"
"KAK6002207.1","tr|A0ABR0TCP1|A0ABR0TCP1_AURPU",100,442,0,876,"A0ABR0TCP1"
"KAK6002872.1","tr|A0ABR0TFH8|A0ABR0TFH8_AURPU",100,460,0,876,"A0ABR0TFH8"
"THX57472.1","tr|A0ABR0TFC4|A0ABR0TFC4_AURPU",94,447,0,875,"A0ABR0TFC4"
"KAK5999292.1","tr|A0ABR0T4N4|A0ABR0T4N4_AURPU",100,439,0,875,"A0ABR0T4N4"
"KAK5999921.1","tr|A0ABR0T7G3|A0ABR0T7G3_AURPU",100,428,0,875,"A0ABR0T7G3"
"KAK6001696.1","tr|A0ABR0TB77|A0ABR0TB77_AURPU",100,418,0,875,"A0ABR0TB77"
"KAK6003405.1","tr|A0ABR0TG59|A0ABR0TG59_AURPU",100,444,0,875,"A0ABR0TG59"
"KAK6007104.1","tr|A0ABR0TS64|A0ABR0TS64_AURPU",100,451,0,875,"A0ABR0TS64"
"KEQ83421.1","tr|A0ABR0T6C0|A0ABR0T6C0_AURPU",91.9,483,0,874,"A0ABR0T6C0"
"KAK6000008.1","tr|A0ABR0T6E9|A0ABR0T6E9_AURPU",100,453,0,874,"A0ABR0T6E9"
"KAK6000979.1","tr|A0ABR0T967|A0ABR0T967_AURPU",100,452,0,874,"A0ABR0T967"
"KAK6002017.1","tr|A0ABR0TD04|A0ABR0TD04_AURPU",100,460,0,874,"A0ABR0TD04"
"KAK6003274.1","tr|A0ABR0TFR5|A0ABR0TFR5_AURPU",100,449,0,874,"A0ABR0TFR5"
"KAK6004051.1","tr|A0ABR0THX7|A0ABR0THX7_AURPU",100,480,0,874,"A0ABR0THX7"
"KAK6007643.1","tr|A0ABR0TT91|A0ABR0TT91_AURPU",100,452,0,874,"A0ABR0TT91"
"THV67769.1","tr|A0ABR0TPU2|A0ABR0TPU2_AURPU",94.7,472,6.05999997508772e-316,873,"A0ABR0TPU2"
"TIA44717.1","tr|A0ABR0T818|A0ABR0T818_AURPU",94.8,478,0,873,"A0ABR0T818"
"KAK6000069.1","tr|A0ABR0T748|A0ABR0T748_AURPU",100,419,0,873,"A0ABR0T748"
"KAK6005698.1","tr|A0ABR0TMP4|A0ABR0TMP4_AURPU",100,451,0,873,"A0ABR0TMP4"
"KAK6008292.1","tr|A0ABR0TVF3|A0ABR0TVF3_AURPU",100,424,0,873,"A0ABR0TVF3"
"KAK6001492.1","tr|A0ABR0TBI7|A0ABR0TBI7_AURPU",100,472,0,872,"A0ABR0TBI7"
"KAK6002846.1","tr|A0ABR0TFP7|A0ABR0TFP7_AURPU",100,451,0,872,"A0ABR0TFP7"
"KAK6003264.1","tr|A0ABR0TG76|A0ABR0TG76_AURPU",100,432,0,872,"A0ABR0TG76"
"KAK6005826.1","tr|A0ABR0TPL2|A0ABR0TPL2_AURPU",100,458,0,872,"A0ABR0TPL2"
"CAD0050868.1","tr|A0ABR0TNK7|A0ABR0TNK7_AURPU",92.5,523,8.65010132738854e-320,872,"A0ABR0TNK7"
"THV77251.1","tr|A0ABR0T606|A0ABR0T606_AURPU",92,486,0,871,"A0ABR0T606"
"THX85430.1","tr|A0ABR0TMN1|A0ABR0TMN1_AURPU",92.4,567,3.73997812588907e-319,871,"A0ABR0TMN1"
"KAK6005235.1","tr|A0ABR0TLB9|A0ABR0TLB9_AURPU",100,471,0,871,"A0ABR0TLB9"
"KAK6006816.1","tr|A0ABR0TSF6|A0ABR0TSF6_AURPU",100,455,0,871,"A0ABR0TSF6"
"KAK6007514.1","tr|A0ABR0TST4|A0ABR0TST4_AURPU",100,486,0,871,"A0ABR0TST4"
"KAK6007955.1","tr|A0ABR0TVU1|A0ABR0TVU1_AURPU",100,450,0,871,"A0ABR0TVU1"
"THZ00681.1","tr|A0ABR0TSZ5|A0ABR0TSZ5_AURPU",92.4,447,1.56001227674374e-319,870,"A0ABR0TSZ5"
"KAK6001200.1","tr|A0ABR0T9T9|A0ABR0T9T9_AURPU",100,420,0,870,"A0ABR0T9T9"
"KAK6003484.1","tr|A0ABR0TGB5|A0ABR0TGB5_AURPU",100,470,0,870,"A0ABR0TGB5"
"KAK6006889.1","tr|A0ABR0TR33|A0ABR0TR33_AURPU",100,503,0,870,"A0ABR0TR33"
"KAK6006897.1","tr|A0ABR0TRF7|A0ABR0TRF7_AURPU",100,464,0,870,"A0ABR0TRF7"
"KAK5999668.1","tr|A0ABR0T5C1|A0ABR0T5C1_AURPU",100,499,0,869,"A0ABR0T5C1"
"KAK6003646.1","tr|A0ABR0TGR8|A0ABR0TGR8_AURPU",100,413,0,869,"A0ABR0TGR8"
"KAK6004898.1","tr|A0ABR0TKE6|A0ABR0TKE6_AURPU",100,422,0,869,"A0ABR0TKE6"
"KAK6006654.1","tr|A0ABR0TQV6|A0ABR0TQV6_AURPU",100,463,0,869,"A0ABR0TQV6"
"KAK6008324.1","tr|A0ABR0TV35|A0ABR0TV35_AURPU",100,427,0,869,"A0ABR0TV35"
"KAK6008819.1","tr|A0ABR0TWH2|A0ABR0TWH2_AURPU",100,514,4.53996921963521e-320,869,"A0ABR0TWH2"
"KAK6008851.1","tr|A0ABR0TWI8|A0ABR0TWI8_AURPU",100,419,0,869,"A0ABR0TWI8"
"KAK6003228.1","tr|A0ABR0TFL6|A0ABR0TFL6_AURPU",100,462,0,868,"A0ABR0TFL6"
"KAK6004442.1","tr|A0ABR0TJ64|A0ABR0TJ64_AURPU",100,500,0,868,"A0ABR0TJ64"
"KAK6008111.1","tr|A0ABR0TVB7|A0ABR0TVB7_AURPU",100,429,0,868,"A0ABR0TVB7"
"TIA08753.1","tr|A0ABR0TTJ4|A0ABR0TTJ4_AURPU",95.1,466,1.98999760831937e-319,867,"A0ABR0TTJ4"
"KAK6005797.1","tr|A0ABR0TNS6|A0ABR0TNS6_AURPU",100,434,0,867,"A0ABR0TNS6"
"KAK6006863.1","tr|A0ABR0TQZ1|A0ABR0TQZ1_AURPU",100,513,3.6399792391708e-319,867,"A0ABR0TQZ1"
"KAK6006876.1","tr|A0ABR0TSM9|A0ABR0TSM9_AURPU",100,515,4.07001397731102e-319,867,"A0ABR0TSM9"
"KAK6006904.1","tr|A0ABR0TR54|A0ABR0TR54_AURPU",100,440,0,867,"A0ABR0TR54"
"THV94631.1","tr|A0ABR0TLP7|A0ABR0TLP7_AURPU",92.6,488,4.86012375814034e-320,866,"A0ABR0TLP7"
"KAK5999349.1","tr|A0ABR0T555|A0ABR0T555_AURPU",100,425,0,866,"A0ABR0T555"
"KAK5999653.1","tr|A0ABR0T5B0|A0ABR0T5B0_AURPU",100,451,0,866,"A0ABR0T5B0"
"KAK6001975.1","tr|A0ABR0TDD1|A0ABR0TDD1_AURPU",100,577,6.79999988888606e-317,866,"A0ABR0TDD1"
"KAK6002726.1","tr|A0ABR0TFC8|A0ABR0TFC8_AURPU",100,462,0,866,"A0ABR0TFC8"
"THV65207.1","tr|A0ABR0TQJ6|A0ABR0TQJ6_AURPU",90.6,481,1.46001339002547e-319,865,"A0ABR0TQJ6"
"THV87982.1","tr|A0ABR0TNJ5|A0ABR0TNJ5_AURPU",92.7,466,2.44997272459757e-319,865,"A0ABR0TNJ5"
"KAK5999405.1","tr|A0ABR0T5S9|A0ABR0T5S9_AURPU",100,478,4.87988638397399e-320,865,"A0ABR0T5S9"
"KAK5999559.1","tr|A0ABR0T5R2|A0ABR0T5R2_AURPU",100,423,0,865,"A0ABR0T5R2"
"KAK6000943.1","tr|A0ABR0T929|A0ABR0T929_AURPU",100,427,0,865,"A0ABR0T929"
"KAK6002001.1","tr|A0ABR0TDJ3|A0ABR0TDJ3_AURPU",100,442,0,865,"A0ABR0TDJ3"
"KAK6002537.1","tr|A0ABR0TDM1|A0ABR0TDM1_AURPU",100,425,0,865,"A0ABR0TDM1"
"KAK6003282.1","tr|A0ABR0TG04|A0ABR0TG04_AURPU",100,437,0,865,"A0ABR0TG04"
"KAK6003469.1","tr|A0ABR0TGA1|A0ABR0TGA1_AURPU",100,464,5.01970696174706e-320,865,"A0ABR0TGA1"
"KAK6004979.1","tr|A0ABR0TKP3|A0ABR0TKP3_AURPU",100,640,1.59000000020443e-314,865,"A0ABR0TKP3"
"KAK6005307.1","tr|A0ABR0TLT7|A0ABR0TLT7_AURPU",100,431,0,865,"A0ABR0TLT7"
"KAK6006121.1","tr|A0ABR0TNX2|A0ABR0TNX2_AURPU",100,439,0,865,"A0ABR0TNX2"
"CAC9886195.1","tr|A0ABR0TI80|A0ABR0TI80_AURPU",94.3,438,0,865,"A0ABR0TI80"
"KAK6002265.1","tr|A0ABR0TCV3|A0ABR0TCV3_AURPU",100,445,0,864,"A0ABR0TCV3"
"KAK6002811.1","tr|A0ABR0TFW4|A0ABR0TFW4_AURPU",100,456,5.11012097493601e-320,864,"A0ABR0TFW4"
"KAK6005974.1","tr|A0ABR0TNG1|A0ABR0TNG1_AURPU",100,435,0,864,"A0ABR0TNG1"
"KAK6008714.1","tr|A0ABR0TW78|A0ABR0TW78_AURPU",100,458,5.08986428345652e-320,864,"A0ABR0TW78"
"CAR4727218.1","tr|A0ABR0TNU4|A0ABR0TNU4_AURPU",88.2,569,8.17000000236792e-316,864,"A0ABR0TNU4"
"THV79390.1","tr|A0ABR0T935|A0ABR0T935_AURPU",86.9,505,8.21999989038613e-317,863,"A0ABR0T935"
"THY36416.1","tr|A0ABR0TVZ4|A0ABR0TVZ4_AURPU",93.4,456,3.57999966976567e-319,863,"A0ABR0TVZ4"
"KAK5999758.1","tr|A0ABR0T5N4|A0ABR0T5N4_AURPU",100,448,5.20004092247912e-320,863,"A0ABR0T5N4"
"KAK6000740.1","tr|A0ABR0T9T4|A0ABR0T9T4_AURPU",100,419,0,863,"A0ABR0T9T4"
"KAK6001601.1","tr|A0ABR0TC66|A0ABR0TC66_AURPU",100,443,0,863,"A0ABR0TC66"
"KAK6005772.1","tr|A0ABR0TN66|A0ABR0TN66_AURPU",100,415,0,863,"A0ABR0TN66"
"KAK6006742.1","tr|A0ABR0TRL5|A0ABR0TRL5_AURPU",100,424,0,863,"A0ABR0TRL5"
"CAC9890711.1","tr|A0ABR0TCC5|A0ABR0TCC5_AURPU",94.5,453,1.2000014625886e-318,863,"A0ABR0TCC5"
"CAD0039554.1","tr|A0ABR0TM81|A0ABR0TM81_AURPU",87.7,486,5.46999839136678e-319,863,"A0ABR0TM81"
"KAK6002237.1","tr|A0ABR0TCS6|A0ABR0TCS6_AURPU",100,434,5.36999950464851e-320,862,"A0ABR0TCS6"
"KAK6002412.1","tr|A0ABR0TDN5|A0ABR0TDN5_AURPU",100,431,5.41001882196165e-320,862,"A0ABR0TDN5"
"KAK6003018.1","tr|A0ABR0TF05|A0ABR0TF05_AURPU",100,426,0,862,"A0ABR0TF05"
"KAK6008223.1","tr|A0ABR0TUU0|A0ABR0TUU0_AURPU",100,417,0,862,"A0ABR0TUU0"
"KAK6008250.1","tr|A0ABR0TUX4|A0ABR0TUX4_AURPU",100,467,6.48999691720603e-319,862,"A0ABR0TUX4"
"CAD0042167.1","tr|A0ABR0TWV7|A0ABR0TWV7_AURPU",89.4,511,5.32000006128937e-318,862,"A0ABR0TWV7"
"CAD0047058.1","tr|A0ABR0TGA4|A0ABR0TGA4_AURPU",92.8,474,1.0900026871985e-318,862,"A0ABR0TGA4"
"CAD0053640.1","tr|A0ABR0TEH9|A0ABR0TEH9_AURPU",95.4,456,2.37999820717708e-318,862,"A0ABR0TEH9"
"KAK5999837.1","tr|A0ABR0T618|A0ABR0T618_AURPU",100,454,5.14001194650941e-319,861,"A0ABR0T618"
"KAK6002355.1","tr|A0ABR0TD35|A0ABR0TD35_AURPU",100,497,1.39999973009078e-317,861,"A0ABR0TD35"
"KAK6005393.1","tr|A0ABR0TLR7|A0ABR0TLR7_AURPU",100,438,2.13001581235078e-319,861,"A0ABR0TLR7"
"KAK6006248.1","tr|A0ABR0TP92|A0ABR0TP92_AURPU",100,466,1.25000090594773e-318,861,"A0ABR0TP92"
"KAK6006435.1","tr|A0ABR0TPS2|A0ABR0TPS2_AURPU",100,434,1.61001172010287e-319,861,"A0ABR0TPS2"
"THZ03263.1","tr|A0ABR0TDG5|A0ABR0TDG5_AURPU",96.4,472,2.71999985674129e-317,860,"A0ABR0TDG5"
"KAK6001297.1","tr|A0ABR0TB07|A0ABR0TB07_AURPU",100,482,8.80000084433678e-318,860,"A0ABR0TB07"
"KAK6001813.1","tr|A0ABR0TBJ5|A0ABR0TBJ5_AURPU",100,424,1.09998775390095e-319,860,"A0ABR0TBJ5"
"KAK6004867.1","tr|A0ABR0TL37|A0ABR0TL37_AURPU",100,497,2.80999984291903e-317,860,"A0ABR0TL37"
"KAK6005815.1","tr|A0ABR0TPE7|A0ABR0TPE7_AURPU",100,427,1.09000762785496e-319,860,"A0ABR0TPE7"
"CAD0010947.1","tr|A0ABR0TLZ4|A0ABR0TLZ4_AURPU",85.8,535,1.4900000127079e-316,860,"A0ABR0TLZ4"
"THV63619.1","tr|A0ABR0TE16|A0ABR0TE16_AURPU",91.7,458,1.50999998767781e-317,859,"A0ABR0TE16"
"TIA03707.1","tr|A0ABR0TCE1|A0ABR0TCE1_AURPU",89.8,480,2.97000003793084e-317,859,"A0ABR0TCE1"
"KAK6001689.1","tr|A0ABR0TBR4|A0ABR0TBR4_AURPU",100,416,2.23999482511504e-319,859,"A0ABR0TBR4"
"KAK6004102.1","tr|A0ABR0TIY8|A0ABR0TIY8_AURPU",100,438,1.17000179657311e-318,859,"A0ABR0TIY8"
"KAK6007943.1","tr|A0ABR0TU45|A0ABR0TU45_AURPU",100,450,2.07000165835045e-318,859,"A0ABR0TU45"
"KAK6008357.1","tr|A0ABR0TVE6|A0ABR0TVE6_AURPU",100,432,7.01998113549994e-319,859,"A0ABR0TVE6"
"OBW68516.1","tr|A0ABR0TDG1|A0ABR0TDG1_AURPU",90.9,483,2.66999991931651e-317,858,"A0ABR0TDG1"
"THV71787.1","tr|A0ABR0THJ2|A0ABR0THJ2_AURPU",93.2,470,2.84000000300015e-317,858,"A0ABR0THJ2"
"THV76839.1","tr|A0ABR0TTJ3|A0ABR0TTJ3_AURPU",94.8,444,8.9600000512173e-317,858,"A0ABR0TTJ3"
"KAK6001876.1","tr|A0ABR0TBQ6|A0ABR0TBQ6_AURPU",100,480,6.17999987431375e-317,858,"A0ABR0TBQ6"
"KAK6002830.1","tr|A0ABR0TFU1|A0ABR0TFU1_AURPU",100,432,2.05000188100679e-318,858,"A0ABR0TFU1"
"KAK6003194.1","tr|A0ABR0TFJ2|A0ABR0TFJ2_AURPU",100,422,9.38996463203581e-319,858,"A0ABR0TFJ2"
"KAK6004306.1","tr|A0ABR0TIP0|A0ABR0TIP0_AURPU",100,411,3.97001509059275e-319,858,"A0ABR0TIP0"
"KAK6004406.1","tr|A0ABR0TJZ5|A0ABR0TJZ5_AURPU",100,422,6.63001512123744e-319,858,"A0ABR0TJZ5"
"KAK6006024.1","tr|A0ABR0TP45|A0ABR0TP45_AURPU",100,445,4.02999960065434e-318,858,"A0ABR0TP45"
"KEQ78377.1","tr|A0ABR0TSR0|A0ABR0TSR0_AURPU",90.2,459,2.34000013468671e-317,857,"A0ABR0TSR0"
"THV66911.1","tr|A0ABR0TEG1|A0ABR0TEG1_AURPU",92.3,483,7.15999983359699e-317,857,"A0ABR0TEG1"
"THV77051.1","tr|A0ABR0TFY2|A0ABR0TFY2_AURPU",86.7,498,3.48999998002733e-316,857,"A0ABR0TFY2"
"THY53401.1","tr|A0ABR0TT94|A0ABR0TT94_AURPU",93.9,458,1.38999998963864e-316,857,"A0ABR0TT94"
"THZ81611.1","tr|A0ABR0TE30|A0ABR0TE30_AURPU",93.5,720,3.26e-302,857,"A0ABR0TE30"
"KAK6005953.1","tr|A0ABR0TND5|A0ABR0TND5_AURPU",100,415,7.86997167260522e-319,857,"A0ABR0TND5"
"KAK6006451.1","tr|A0ABR0TPV3|A0ABR0TPV3_AURPU",100,437,8.80000084433678e-318,857,"A0ABR0TPV3"
"KAK6008258.1","tr|A0ABR0TV19|A0ABR0TV19_AURPU",100,442,9.13000211116352e-318,857,"A0ABR0TV19"
"CAC9886406.1","tr|A0ABR0THK3|A0ABR0THK3_AURPU",88.6,491,1.80000001999405e-316,857,"A0ABR0THK3"
"KEQ89818.1","tr|A0ABR0TRZ2|A0ABR0TRZ2_AURPU",92.5,454,2.04999999861668e-315,856,"A0ABR0TRZ2"
"KAK6001890.1","tr|A0ABR0TBS7|A0ABR0TBS7_AURPU",100,438,1.349999792666e-317,856,"A0ABR0TBS7"
"KAK6003610.1","tr|A0ABR0TI22|A0ABR0TI22_AURPU",100,454,6.7000000140365e-317,856,"A0ABR0TI22"
"KAK6004710.1","tr|A0ABR0TJT3|A0ABR0TJT3_AURPU",100,437,1.24999991781644e-317,856,"A0ABR0TJT3"
"KAK6006947.1","tr|A0ABR0TR86|A0ABR0TR86_AURPU",100,447,2.72999974541312e-317,856,"A0ABR0TR86"
"THW53923.1","tr|A0ABR0TP02|A0ABR0TP02_AURPU",91.1,472,4.77000000851833e-316,855,"A0ABR0TP02"
"THW84566.1","tr|A0ABR0TPZ7|A0ABR0TPZ7_AURPU",91.6,475,1.53999999953924e-315,855,"A0ABR0TPZ7"
"THZ57544.1","tr|A0ABR0TPG1|A0ABR0TPG1_AURPU",88.3,489,1.42000000150008e-315,855,"A0ABR0TPG1"
"KAK6001734.1","tr|A0ABR0TBV6|A0ABR0TBV6_AURPU",100,437,5.06999988009983e-317,855,"A0ABR0TBV6"
"KAK6002013.1","tr|A0ABR0TC44|A0ABR0TC44_AURPU",100,415,6.35000341645691e-318,855,"A0ABR0TC44"
"KAK6005618.1","tr|A0ABR0TMF5|A0ABR0TMF5_AURPU",100,467,5.29000000002138e-316,855,"A0ABR0TMF5"
"KAK6005659.1","tr|A0ABR0TMI3|A0ABR0TMI3_AURPU",100,412,5.04000317847822e-318,855,"A0ABR0TMI3"
"KAK6006844.1","tr|A0ABR0TQZ0|A0ABR0TQZ0_AURPU",100,409,3.93000071393607e-318,855,"A0ABR0TQZ0"
"OBW67054.1","tr|A0ABR0TD24|A0ABR0TD24_AURPU",97.4,423,1.10000000672897e-316,854,"A0ABR0TD24"
"THV83747.1","tr|A0ABR0TFN6|A0ABR0TFN6_AURPU",86,559,5.71999999999992e-311,854,"A0ABR0TFN6"
"THX61541.1","tr|A0ABR0TRL9|A0ABR0TRL9_AURPU",92.1,492,8.54000000027454e-314,854,"A0ABR0TRL9"
"KAK5999476.1","tr|A0ABR0T4X0|A0ABR0T4X0_AURPU",100,416,1.9699998072383e-317,854,"A0ABR0T4X0"
"KAK6001043.1","tr|A0ABR0T9D6|A0ABR0T9D6_AURPU",100,419,1.74999978612988e-317,854,"A0ABR0T9D6"
"KAK6002215.1","tr|A0ABR0TE24|A0ABR0TE24_AURPU",100,421,2.92000010050606e-317,854,"A0ABR0TE24"
"KAK6002808.1","tr|A0ABR0TEF5|A0ABR0TEF5_AURPU",100,414,1.180000203048e-317,854,"A0ABR0TEF5"
"TIA49548.1","tr|A0ABR0THN4|A0ABR0THN4_AURPU",91.9,458,1.0099999999981e-312,853,"A0ABR0THN4"
"KAK5999448.1","tr|A0ABR0T4S4|A0ABR0T4S4_AURPU",100,406,1.27000018922574e-317,853,"A0ABR0T4S4"
"KAK5999979.1","tr|A0ABR0T6X0|A0ABR0T6X0_AURPU",100,438,2.2299999759128e-316,853,"A0ABR0T6X0"
"KAK6000328.1","tr|A0ABR0T7B3|A0ABR0T7B3_AURPU",100,422,4.48999991428048e-317,853,"A0ABR0T7B3"
"KAK6001536.1","tr|A0ABR0TC83|A0ABR0TC83_AURPU",100,428,1.02000000803619e-316,853,"A0ABR0TC83"
"KAK6004705.1","tr|A0ABR0TLA4|A0ABR0TLA4_AURPU",100,422,6.36999973534105e-317,853,"A0ABR0TLA4"
"KAK6007906.1","tr|A0ABR0TTT7|A0ABR0TTT7_AURPU",100,512,4.94000000030576e-314,853,"A0ABR0TTT7"
"KAK6008614.1","tr|A0ABR0TVV8|A0ABR0TVV8_AURPU",100,443,3.31000000767186e-316,853,"A0ABR0TVV8"
"THW71303.1","tr|A0ABR0TNR5|A0ABR0TNR5_AURPU",96.5,509,2.87999999997503e-313,852,"A0ABR0TNR5"
"THW80599.1","tr|A0ABR0TJL3|A0ABR0TJL3_AURPU",93.9,542,2.06999999999984e-311,852,"A0ABR0TJL3"
"KAK5999334.1","tr|A0ABR0T548|A0ABR0T548_AURPU",100,435,3.55999999123515e-316,852,"A0ABR0T548"
"KAK6001196.1","tr|A0ABR0TB05|A0ABR0TB05_AURPU",100,412,1.18000000542175e-316,852,"A0ABR0TB05"
"KAK6001427.1","tr|A0ABR0TAG5|A0ABR0TAG5_AURPU",100,431,2.60000000692182e-316,852,"A0ABR0TAG5"
"KAK6001912.1","tr|A0ABR0TCP6|A0ABR0TCP6_AURPU",100,419,2.05000000355734e-316,852,"A0ABR0TCP6"
"KAK6003941.1","tr|A0ABR0TIN4|A0ABR0TIN4_AURPU",100,529,3.58999999999879e-312,852,"A0ABR0TIN4"
"KAK6007881.1","tr|A0ABR0TVI5|A0ABR0TVI5_AURPU",100,420,1.55999997450915e-316,852,"A0ABR0TVI5"
"KEQ78807.1","tr|A0ABR0TV17|A0ABR0TV17_AURPU",93.8,439,1.50999999755912e-315,851,"A0ABR0TV17"
"THW68864.1","tr|A0ABR0TDG0|A0ABR0TDG0_AURPU",91.8,485,6.07999999995826e-314,851,"A0ABR0TDG0"
"THY16281.1","tr|A0ABR0T804|A0ABR0T804_AURPU",94,470,1.95000000000002e-310,851,"A0ABR0T804"
"KAK6003057.1","tr|A0ABR0TFD0|A0ABR0TFD0_AURPU",100,444,2.9299999990592e-315,851,"A0ABR0TFD0"
"KAK6005725.1","tr|A0ABR0TP59|A0ABR0TP59_AURPU",100,404,1.26999999159948e-316,851,"A0ABR0TP59"
"CAC9892382.1","tr|A0ABR0TFP0|A0ABR0TFP0_AURPU",87.7,494,8.13999999989373e-314,851,"A0ABR0TFP0"
"THZ93838.1","tr|A0ABR0TJL1|A0ABR0TJL1_AURPU",97.1,450,7.83000000001857e-314,850,"A0ABR0TJL1"
"KAK5999881.1","tr|A0ABR0T616|A0ABR0T616_AURPU",100,419,8.33999998723843e-316,850,"A0ABR0T616"
"KAK6003141.1","tr|A0ABR0TGV2|A0ABR0TGV2_AURPU",100,417,7.12999996995525e-316,850,"A0ABR0TGV2"
"KAK6003726.1","tr|A0ABR0TII6|A0ABR0TII6_AURPU",100,431,1.50999999755912e-315,850,"A0ABR0TII6"
"KAK6006094.1","tr|A0ABR0TNS4|A0ABR0TNS4_AURPU",100,458,1.23999999999474e-314,850,"A0ABR0TNS4"
"KAK6007453.1","tr|A0ABR0TSL5|A0ABR0TSL5_AURPU",100,493,3.80000000001097e-313,850,"A0ABR0TSL5"
"CAD0058618.1","tr|A0ABR0TGU6|A0ABR0TGU6_AURPU",87.3,464,9.64000000058065e-315,850,"A0ABR0TGU6"
"THV68729.1","tr|A0ABR0T7X1|A0ABR0T7X1_AURPU",97.7,437,4.71999999994809e-314,849,"A0ABR0T7X1"
"THW28140.1","tr|A0ABR0TSQ9|A0ABR0TSQ9_AURPU",90.5,465,1.10999999999449e-313,849,"A0ABR0TSQ9"
"THY28791.1","tr|A0ABR0TQ24|A0ABR0TQ24_AURPU",93.9,442,5.17e-309,849,"A0ABR0TQ24"
"KAK5999662.1","tr|A0ABR0T6C7|A0ABR0T6C7_AURPU",100,423,2.30000000194259e-315,849,"A0ABR0T6C7"
"KAK6000321.1","tr|A0ABR0T8R2|A0ABR0T8R2_AURPU",100,439,1.14999999998317e-314,849,"A0ABR0T8R2"
"KAK6002276.1","tr|A0ABR0TE04|A0ABR0TE04_AURPU",100,449,1.77000000022757e-314,849,"A0ABR0TE04"
"KAK6006119.1","tr|A0ABR0TNV3|A0ABR0TNV3_AURPU",100,435,8.38999999877306e-315,849,"A0ABR0TNV3"
"KAK6006881.1","tr|A0ABR0TRW7|A0ABR0TRW7_AURPU",100,407,6.5500000041359e-316,849,"A0ABR0TRW7"
"CAR1041564.1","tr|A0ABR0TNG4|A0ABR0TNG4_AURPU",94.1,441,6.03999999999923e-312,849,"A0ABR0TNG4"
"THW07315.1","tr|A0ABR0TUZ6|A0ABR0TUZ6_AURPU",91.7,460,6.08e-304,848,"A0ABR0TUZ6"
"THY00604.1","tr|A0ABR0TKU6|A0ABR0TKU6_AURPU",97.4,454,2.74999999999949e-312,848,"A0ABR0TKU6"
"THY37895.1","tr|A0ABR0TLM9|A0ABR0TLM9_AURPU",89.9,523,8.42999999999986e-311,848,"A0ABR0TLM9"
"KAK5999607.1","tr|A0ABR0T5J2|A0ABR0T5J2_AURPU",100,443,4.5000000000845e-314,848,"A0ABR0T5J2"
"KAK6000512.1","tr|A0ABR0T7T7|A0ABR0T7T7_AURPU",100,481,4.29999999999291e-313,848,"A0ABR0T7T7"
"KAK6001466.1","tr|A0ABR0TBS4|A0ABR0TBS4_AURPU",100,455,5.68999999990812e-314,848,"A0ABR0TBS4"
"KAK6003026.1","tr|A0ABR0TG74|A0ABR0TG74_AURPU",100,561,2.01000000000003e-310,848,"A0ABR0TG74"
"KAK6006041.1","tr|A0ABR0TPL8|A0ABR0TPL8_AURPU",100,593,4.59e-309,848,"A0ABR0TPL8"
"KAK6006760.1","tr|A0ABR0TS53|A0ABR0TS53_AURPU",100,450,3.84999999983624e-314,848,"A0ABR0TS53"
"KAK6007431.1","tr|A0ABR0TU99|A0ABR0TU99_AURPU",100,426,5.87999999779159e-315,848,"A0ABR0TU99"
"KEQ79325.1","tr|A0ABR0TUC0|A0ABR0TUC0_AURPU",97.5,437,8.06000000021283e-314,847,"A0ABR0TUC0"
"KEQ80049.1","tr|A0ABR0T617|A0ABR0T617_AURPU",95.3,423,3.28000000025702e-314,847,"A0ABR0T617"
"THV71309.1","tr|A0ABR0T8A5|A0ABR0T8A5_AURPU",95.9,442,5.07000000000956e-313,847,"A0ABR0T8A5"
"THV77954.1","tr|A0ABR0TN37|A0ABR0TN37_AURPU",90.1,465,1.53999999999872e-312,847,"A0ABR0TN37"
"THX47485.1","tr|A0ABR0TWJ7|A0ABR0TWJ7_AURPU",90.5,482,3.4799999999998e-311,847,"A0ABR0TWJ7"
"THZ93452.1","tr|A0ABR0TW10|A0ABR0TW10_AURPU",90.9,453,4.10999999999977e-312,847,"A0ABR0TW10"
"KAK6000236.1","tr|A0ABR0T8D2|A0ABR0T8D2_AURPU",100,461,1.96999999999801e-312,847,"A0ABR0T8D2"
"KAK6000876.1","tr|A0ABR0TA97|A0ABR0TA97_AURPU",100,440,1.01999999998292e-313,847,"A0ABR0TA97"
"KAK6000959.1","tr|A0ABR0T9A1|A0ABR0T9A1_AURPU",100,419,1.96000000008731e-314,847,"A0ABR0T9A1"
"KAK6005271.1","tr|A0ABR0TMY1|A0ABR0TMY1_AURPU",100,424,1.44000000018514e-314,847,"A0ABR0TMY1"
"KAK6005408.1","tr|A0ABR0TLT8|A0ABR0TLT8_AURPU",100,415,7.109999999926e-315,847,"A0ABR0TLT8"
"KAK6005948.1","tr|A0ABR0TNC0|A0ABR0TNC0_AURPU",100,415,7.109999999926e-315,847,"A0ABR0TNC0"
"KAK6007571.1","tr|A0ABR0TTT9|A0ABR0TTT9_AURPU",100,408,5.81999999877201e-315,847,"A0ABR0TTT9"
"KAK6008368.1","tr|A0ABR0TV47|A0ABR0TV47_AURPU",100,428,3.98000000018233e-314,847,"A0ABR0TV47"
"KEQ82043.1","tr|A0ABR0T901|A0ABR0T901_AURPU",94.4,448,2.70000000000129e-313,846,"A0ABR0T901"
"THX36603.1","tr|A0ABR0TMF2|A0ABR0TMF2_AURPU",90.6,467,3.12e-310,846,"A0ABR0TMF2"
"KAK6007393.1","tr|A0ABR0TSF9|A0ABR0TSF9_AURPU",100,423,3.81999999983238e-314,846,"A0ABR0TSF9"
"THY88218.1","tr|A0ABR0TBR1|A0ABR0TBR1_AURPU",95.4,435,5.56000000000174e-312,845,"A0ABR0TBR1"
"KAK6006746.1","tr|A0ABR0TRJ4|A0ABR0TRJ4_AURPU",100,442,6.89000000001299e-313,845,"A0ABR0TRJ4"
"KAK6007278.1","tr|A0ABR0TS46|A0ABR0TS46_AURPU",100,418,5.2099999998464e-314,845,"A0ABR0TS46"
"KAK6008281.1","tr|A0ABR0TUW9|A0ABR0TUW9_AURPU",100,411,4.26000000005364e-314,845,"A0ABR0TUW9"
"KAK6008283.1","tr|A0ABR0TUZ8|A0ABR0TUZ8_AURPU",100,413,3.50999999995721e-314,845,"A0ABR0TUZ8"
"KAK6008673.1","tr|A0ABR0TW46|A0ABR0TW46_AURPU",100,449,8.379999999974e-313,845,"A0ABR0TW46"
"KAK6008843.1","tr|A0ABR0TWR4|A0ABR0TWR4_AURPU",100,699,1.01e-304,845,"A0ABR0TWR4"
"KEQ87075.1","tr|A0ABR0TGK2|A0ABR0TGK2_AURPU",93.3,447,2.05000000000007e-312,844,"A0ABR0TGK2"
"THV73727.1","tr|A0ABR0TKL2|A0ABR0TKL2_AURPU",96.1,492,5.5699999999999e-311,844,"A0ABR0TKL2"
"THW17868.1","tr|A0ABR0TJB8|A0ABR0TJB8_AURPU",90.9,461,4.40999999999882e-312,844,"A0ABR0TJB8"
"KAK6001039.1","tr|A0ABR0T9B5|A0ABR0T9B5_AURPU",100,420,2.47999999998947e-313,844,"A0ABR0T9B5"
"KAK6001114.1","tr|A0ABR0T9J0|A0ABR0T9J0_AURPU",100,413,1.4300000000027e-313,844,"A0ABR0T9J0"
"KAK6005903.1","tr|A0ABR0TN82|A0ABR0TN82_AURPU",100,408,6.80000000005083e-314,844,"A0ABR0TN82"
"KAK6006037.1","tr|A0ABR0TPJ0|A0ABR0TPJ0_AURPU",100,404,4.95999999997895e-314,844,"A0ABR0TPJ0"
"KAK6006605.1","tr|A0ABR0TRV9|A0ABR0TRV9_AURPU",100,421,2.67999999998225e-313,844,"A0ABR0TRV9"
"KAK6006744.1","tr|A0ABR0TR48|A0ABR0TR48_AURPU",100,419,2.28999999998152e-313,844,"A0ABR0TR48"
"KAK6007607.1","tr|A0ABR0TT70|A0ABR0TT70_AURPU",100,397,4.05999999986324e-314,844,"A0ABR0TT70"
"KEQ85359.1","tr|A0ABR0TAI8|A0ABR0TAI8_AURPU",96.8,407,1.26999999999859e-313,843,"A0ABR0TAI8"
"THW27538.1","tr|A0ABR0TA47|A0ABR0TA47_AURPU",92.9,453,1.53000000000007e-311,843,"A0ABR0TA47"
"KAK6003563.1","tr|A0ABR0TGJ4|A0ABR0TGJ4_AURPU",100,421,7.6899999999841e-313,843,"A0ABR0TGJ4"
"KAK6005836.1","tr|A0ABR0TN19|A0ABR0TN19_AURPU",100,432,1.81999999999849e-312,843,"A0ABR0TN19"
"KAK6007003.1","tr|A0ABR0TRC1|A0ABR0TRC1_AURPU",100,433,1.3899999999992e-312,843,"A0ABR0TRC1"
"KAK6007377.1","tr|A0ABR0TSU7|A0ABR0TSU7_AURPU",100,419,4.62999999998593e-313,843,"A0ABR0TSU7"
"KAK5999711.1","tr|A0ABR0T6V2|A0ABR0T6V2_AURPU",100,417,7.97999999998845e-313,842,"A0ABR0T6V2"
"KAK6001476.1","tr|A0ABR0TC23|A0ABR0TC23_AURPU",100,437,3.83e-312,842,"A0ABR0TC23"
"CAC9893391.1","tr|A0ABR0TUF2|A0ABR0TUF2_AURPU",90,471,9.15000000000004e-310,842,"A0ABR0TUF2"
"THV85019.1","tr|A0ABR0TKL6|A0ABR0TKL6_AURPU",91.7,495,8.5e-308,841,"A0ABR0TKL6"
"THY24166.1","tr|A0ABR0T7J3|A0ABR0T7J3_AURPU",90.6,467,2.78e-309,841,"A0ABR0T7J3"
"KAK5999536.1","tr|A0ABR0T531|A0ABR0T531_AURPU",100,483,5.59000000000002e-310,841,"A0ABR0T531"
"KAK5999785.1","tr|A0ABR0T6Z3|A0ABR0T6Z3_AURPU",100,425,6.07999999999778e-312,841,"A0ABR0T6Z3"
"KAK6003458.1","tr|A0ABR0TG93|A0ABR0TG93_AURPU",100,424,3.96000000000025e-312,841,"A0ABR0TG93"
"KAK6005964.1","tr|A0ABR0TNZ5|A0ABR0TNZ5_AURPU",100,432,7.40999999999915e-312,841,"A0ABR0TNZ5"
"KAK6006815.1","tr|A0ABR0TSH7|A0ABR0TSH7_AURPU",100,419,3.80000000000109e-312,841,"A0ABR0TSH7"
"KAK6007261.1","tr|A0ABR0TS43|A0ABR0TS43_AURPU",100,419,2.68000000000201e-312,841,"A0ABR0TS43"
"KAK6008735.1","tr|A0ABR0TXQ8|A0ABR0TXQ8_AURPU",100,455,6.34999999999989e-311,841,"A0ABR0TXQ8"
"KAK6008747.1","tr|A0ABR0TWL2|A0ABR0TWL2_AURPU",100,482,5.17000000000002e-310,841,"A0ABR0TWL2"
"OBW67951.1","tr|A0ABR0TFK1|A0ABR0TFK1_AURPU",91.4,451,3.87e-309,840,"A0ABR0TFK1"
"KAK6000532.1","tr|A0ABR0T8V7|A0ABR0T8V7_AURPU",100,438,3.40000000000022e-311,840,"A0ABR0T8V7"
"KAK6000956.1","tr|A0ABR0TAA9|A0ABR0TAA9_AURPU",100,415,5.6000000000003e-312,840,"A0ABR0TAA9"
"KAK6002100.1","tr|A0ABR0TCE5|A0ABR0TCE5_AURPU",100,411,4.09000000000049e-312,840,"A0ABR0TCE5"
"KAK6004338.1","tr|A0ABR0TIS1|A0ABR0TIS1_AURPU",100,436,4.13000000000004e-311,840,"A0ABR0TIS1"
"KAK6004479.1","tr|A0ABR0TJQ8|A0ABR0TJQ8_AURPU",100,407,2.9900000000007e-312,840,"A0ABR0TJQ8"
"KAK6005674.1","tr|A0ABR0TMJ7|A0ABR0TMJ7_AURPU",100,414,5.18000000000065e-312,840,"A0ABR0TMJ7"
"KAK6006075.1","tr|A0ABR0TNR1|A0ABR0TNR1_AURPU",100,425,8.63999999999919e-312,840,"A0ABR0TNR1"
"KAK6008251.1","tr|A0ABR0TUT9|A0ABR0TUT9_AURPU",100,426,1.32999999999989e-311,840,"A0ABR0TUT9"
"KEQ84861.1","tr|A0ABR0TDX7|A0ABR0TDX7_AURPU",93,442,9.37e-311,839,"A0ABR0TDX7"
"THZ58658.1","tr|A0ABR0T7G6|A0ABR0T7G6_AURPU",95.4,501,3.35e-308,839,"A0ABR0T7G6"
"KAK6000665.1","tr|A0ABR0T9L2|A0ABR0T9L2_AURPU",100,425,2.47999999999985e-311,839,"A0ABR0T9L2"
"KAK6002005.1","tr|A0ABR0TDF9|A0ABR0TDF9_AURPU",100,434,5.00999999999987e-311,839,"A0ABR0TDF9"
"KAK6007648.1","tr|A0ABR0TT46|A0ABR0TT46_AURPU",100,440,1.13999999999998e-310,839,"A0ABR0TT46"
"THW73215.1","tr|A0ABR0T7F0|A0ABR0T7F0_AURPU",93,445,3.86000000000001e-310,838,"A0ABR0T7F0"
"THZ37229.1","tr|A0ABR0T7Y6|A0ABR0T7Y6_AURPU",91.5,480,4.17e-308,838,"A0ABR0T7Y6"
"KAK6000885.1","tr|A0ABR0T8W8|A0ABR0T8W8_AURPU",100,420,4.80000000000004e-311,838,"A0ABR0T8W8"
"KAK6001575.1","tr|A0ABR0TAV3|A0ABR0TAV3_AURPU",100,436,2.38999999999999e-310,838,"A0ABR0TAV3"
"KAK6006323.1","tr|A0ABR0TPG4|A0ABR0TPG4_AURPU",100,435,1.54999999999999e-310,838,"A0ABR0TPG4"
"KAK6007714.1","tr|A0ABR0TTC8|A0ABR0TTC8_AURPU",100,415,4.59999999999986e-311,838,"A0ABR0TTC8"
"CAR4692262.1","tr|A0ABR0T6Z7|A0ABR0T6Z7_AURPU",95.2,435,7.6e-309,838,"A0ABR0T6Z7"
"THV74895.1","tr|A0ABR0TTU5|A0ABR0TTU5_AURPU",95.1,426,5.6e-310,837,"A0ABR0TTU5"
"THY41972.1","tr|A0ABR0T634|A0ABR0T634_AURPU",94.5,440,1.2e-309,837,"A0ABR0T634"
"KAK6001251.1","tr|A0ABR0TBF8|A0ABR0TBF8_AURPU",100,439,4.28e-310,837,"A0ABR0TBF8"
"KAK6001262.1","tr|A0ABR0TA01|A0ABR0TA01_AURPU",100,416,1.42999999999998e-310,837,"A0ABR0TA01"
"KAK6002114.1","tr|A0ABR0TCI4|A0ABR0TCI4_AURPU",100,428,2.57000000000001e-310,837,"A0ABR0TCI4"
"KAK6003312.1","tr|A0ABR0TG34|A0ABR0TG34_AURPU",100,499,9.11e-308,837,"A0ABR0TG34"
"KAK6005471.1","tr|A0ABR0TMY6|A0ABR0TMY6_AURPU",100,413,7.93999999999977e-311,837,"A0ABR0TMY6"
"KAK6007328.1","tr|A0ABR0TSA9|A0ABR0TSA9_AURPU",100,411,4.77000000000014e-311,837,"A0ABR0TSA9"
"KAK6007486.1","tr|A0ABR0TSQ1|A0ABR0TSQ1_AURPU",100,407,7.03000000000003e-311,837,"A0ABR0TSQ1"
"CAC9893626.1","tr|A0ABR0TUU5|A0ABR0TUU5_AURPU",98.8,414,5.81999999999976e-311,837,"A0ABR0TUU5"
"KAK6000987.1","tr|A0ABR0T9K2|A0ABR0T9K2_AURPU",100,581,6.77e-305,836,"A0ABR0T9K2"
"KAK6002880.1","tr|A0ABR0TEM9|A0ABR0TEM9_AURPU",100,439,1.23e-309,836,"A0ABR0TEM9"
"KAK6004622.1","tr|A0ABR0TJM8|A0ABR0TJM8_AURPU",100,431,6.57e-310,836,"A0ABR0TJM8"
"KAK6006774.1","tr|A0ABR0TR82|A0ABR0TR82_AURPU",100,416,2.03e-310,836,"A0ABR0TR82"
"KAK6008354.1","tr|A0ABR0TV66|A0ABR0TV66_AURPU",100,409,1.66000000000002e-310,836,"A0ABR0TV66"
"KAK6008371.1","tr|A0ABR0TV58|A0ABR0TV58_AURPU",100,421,4.25999999999998e-310,836,"A0ABR0TV58"
"THV76365.1","tr|A0ABR0TBA4|A0ABR0TBA4_AURPU",90.7,464,2.71e-308,835,"A0ABR0TBA4"
"THW03462.1","tr|A0ABR0TBI3|A0ABR0TBI3_AURPU",94.9,467,4.3e-308,835,"A0ABR0TBI3"
"THZ24528.1","tr|A0ABR0TBA0|A0ABR0TBA0_AURPU",92.7,441,4.82e-309,835,"A0ABR0TBA0"
"KAK5999520.1","tr|A0ABR0T510|A0ABR0T510_AURPU",100,407,4.07000000000003e-310,835,"A0ABR0T510"
"KAK5999895.1","tr|A0ABR0T637|A0ABR0T637_AURPU",100,411,3.92000000000001e-310,835,"A0ABR0T637"
"KAK6001226.1","tr|A0ABR0TB40|A0ABR0TB40_AURPU",100,408,2.18000000000001e-310,835,"A0ABR0TB40"
"KAK6004552.1","tr|A0ABR0TK82|A0ABR0TK82_AURPU",100,433,1.55e-309,835,"A0ABR0TK82"
"KAK6005587.1","tr|A0ABR0TN52|A0ABR0TN52_AURPU",100,488,1.12e-307,835,"A0ABR0TN52"
"KAK6007143.1","tr|A0ABR0TRR1|A0ABR0TRR1_AURPU",100,452,9.7e-309,835,"A0ABR0TRR1"
"KAK6007418.1","tr|A0ABR0TSK9|A0ABR0TSK9_AURPU",100,458,1.09e-308,835,"A0ABR0TSK9"
"KAK6007585.1","tr|A0ABR0TUM8|A0ABR0TUM8_AURPU",100,416,5.81000000000003e-310,835,"A0ABR0TUM8"
"KAK6008125.1","tr|A0ABR0TW52|A0ABR0TW52_AURPU",100,434,2.38e-309,835,"A0ABR0TW52"
"KAK6008140.1","tr|A0ABR0TW71|A0ABR0TW71_AURPU",100,452,1.38e-308,835,"A0ABR0TW71"
"THW62027.1","tr|A0ABR0TPE2|A0ABR0TPE2_AURPU",93.6,487,2.14e-303,834,"A0ABR0TPE2"
"KAK6002144.1","tr|A0ABR0TCL4|A0ABR0TCL4_AURPU",100,521,5.75e-306,834,"A0ABR0TCL4"
"KAK6002295.1","tr|A0ABR0TCY3|A0ABR0TCY3_AURPU",100,411,1.12e-309,834,"A0ABR0TCY3"
"KAK6004978.1","tr|A0ABR0TKJ9|A0ABR0TKJ9_AURPU",100,424,2.2e-309,834,"A0ABR0TKJ9"
"KAK6005491.1","tr|A0ABR0TM24|A0ABR0TM24_AURPU",100,444,1.05e-308,834,"A0ABR0TM24"
"KAK6006527.1","tr|A0ABR0TQ05|A0ABR0TQ05_AURPU",100,439,1.01e-308,834,"A0ABR0TQ05"
"CAD0050672.1","tr|A0ABR0TCL9|A0ABR0TCL9_AURPU",86.8,593,4.12e-304,834,"A0ABR0TCL9"
"CAR0990346.1","tr|A0ABR0TC29|A0ABR0TC29_AURPU",95.8,426,2.19e-307,834,"A0ABR0TC29"
"KAK6001836.1","tr|A0ABR0TD21|A0ABR0TD21_AURPU",100,425,9.65999999999999e-309,833,"A0ABR0TD21"
"KAK6003661.1","tr|A0ABR0TGT5|A0ABR0TGT5_AURPU",100,431,1.55e-308,833,"A0ABR0TGT5"
"KAK6004241.1","tr|A0ABR0TJK1|A0ABR0TJK1_AURPU",100,466,1.17e-307,833,"A0ABR0TJK1"
"CAD0011738.1","tr|A0ABR0T7T0|A0ABR0T7T0_AURPU",91.8,462,1.13e-306,833,"A0ABR0T7T0"
"KEQ88313.1","tr|A0ABR0TKV6|A0ABR0TKV6_AURPU",92.4,433,3.65e-308,832,"A0ABR0TKV6"
"THW15513.1","tr|A0ABR0TGM6|A0ABR0TGM6_AURPU",91,445,1.09e-307,832,"A0ABR0TGM6"
"KAK5999534.1","tr|A0ABR0T5B2|A0ABR0T5B2_AURPU",100,423,2.37e-308,832,"A0ABR0T5B2"
"KAK6004570.1","tr|A0ABR0TKX3|A0ABR0TKX3_AURPU",100,433,5.18e-308,832,"A0ABR0TKX3"
"KAK6006662.1","tr|A0ABR0TQC9|A0ABR0TQC9_AURPU",100,434,3.94e-308,832,"A0ABR0TQC9"
"KAK6002792.1","tr|A0ABR0TED5|A0ABR0TED5_AURPU",100,441,1.37e-307,831,"A0ABR0TED5"
"KAK6004307.1","tr|A0ABR0TIT6|A0ABR0TIT6_AURPU",100,414,2.36e-308,831,"A0ABR0TIT6"
"KAK6007557.1","tr|A0ABR0TTA8|A0ABR0TTA8_AURPU",100,420,2.66e-308,831,"A0ABR0TTA8"
"KEQ87513.1","tr|A0ABR0TUB3|A0ABR0TUB3_AURPU",94.2,448,9.64999999999999e-307,830,"A0ABR0TUB3"
"THV71191.1","tr|A0ABR0TAS4|A0ABR0TAS4_AURPU",97.6,415,8.45e-308,830,"A0ABR0TAS4"
"THW60941.1","tr|A0ABR0TP80|A0ABR0TP80_AURPU",97.6,414,5.16e-308,830,"A0ABR0TP80"
"THW03045.1","tr|A0ABR0TXP7|A0ABR0TXP7_AURPU",99.8,423,2.89e-306,830,"A0ABR0TXP7"
"THW44775.1","tr|A0ABR0TG53|A0ABR0TG53_AURPU",89,455,6.4e-307,830,"A0ABR0TG53"
"KAK6000226.1","tr|A0ABR0T701|A0ABR0T701_AURPU",100,415,3.62e-308,830,"A0ABR0T701"
"KAK6003180.1","tr|A0ABR0TFH2|A0ABR0TFH2_AURPU",100,407,2.75e-308,830,"A0ABR0TFH2"
"KAK6003372.1","tr|A0ABR0TG97|A0ABR0TG97_AURPU",100,445,7.64000000000000e-307,830,"A0ABR0TG97"
"KAK6004388.1","tr|A0ABR0TIY1|A0ABR0TIY1_AURPU",100,426,1.73e-307,830,"A0ABR0TIY1"
"KAK6007933.1","tr|A0ABR0TTV9|A0ABR0TTV9_AURPU",100,398,1.35e-308,830,"A0ABR0TTV9"
"KAK6008669.1","tr|A0ABR0TW13|A0ABR0TW13_AURPU",100,439,2.37e-307,830,"A0ABR0TW13"
"CAD0028595.1","tr|A0ABR0TKG6|A0ABR0TKG6_AURPU",94.8,462,1.73e-303,830,"A0ABR0TKG6"
"THZ77313.1","tr|A0ABR0TQH0|A0ABR0TQH0_AURPU",94.9,412,1.61e-307,829,"A0ABR0TQH0"
"KAK5999430.1","tr|A0ABR0T4S1|A0ABR0T4S1_AURPU",100,441,7.94e-307,829,"A0ABR0T4S1"
"KAK6001267.1","tr|A0ABR0TAX9|A0ABR0TAX9_AURPU",100,421,1.66e-307,829,"A0ABR0TAX9"
"KAK6005234.1","tr|A0ABR0TLF8|A0ABR0TLF8_AURPU",100,441,7.94e-307,829,"A0ABR0TLF8"
"KAK6005844.1","tr|A0ABR0TNN6|A0ABR0TNN6_AURPU",100,573,2.02e-302,829,"A0ABR0TNN6"
"KEQ87190.1","tr|A0ABR0TFN4|A0ABR0TFN4_AURPU",94.6,429,6.27999999999999e-307,828,"A0ABR0TFN4"
"THZ89118.1","tr|A0ABR0TF02|A0ABR0TF02_AURPU",98.1,418,1.88e-306,828,"A0ABR0TF02"
"KAK5999798.1","tr|A0ABR0T5T4|A0ABR0T5T4_AURPU",100,572,5.36e-302,828,"A0ABR0T5T4"
"KAK6003634.1","tr|A0ABR0TGS7|A0ABR0TGS7_AURPU",100,433,1.73e-306,828,"A0ABR0TGS7"
"KAK6004647.1","tr|A0ABR0TJX8|A0ABR0TJX8_AURPU",100,404,8.84e-308,828,"A0ABR0TJX8"
"KAK6004748.1","tr|A0ABR0TJZ3|A0ABR0TJZ3_AURPU",100,410,1.42e-307,828,"A0ABR0TJZ3"
"KAK6005030.1","tr|A0ABR0TMA7|A0ABR0TMA7_AURPU",100,458,6.02e-306,828,"A0ABR0TMA7"
"KAK6005645.1","tr|A0ABR0TP30|A0ABR0TP30_AURPU",100,431,7.34e-307,828,"A0ABR0TP30"
"KAK6005779.1","tr|A0ABR0TMW7|A0ABR0TMW7_AURPU",100,394,5.71e-308,828,"A0ABR0TMW7"
"KAK6005922.1","tr|A0ABR0TNK4|A0ABR0TNK4_AURPU",100,414,3.91e-307,828,"A0ABR0TNK4"
"KAK6008846.1","tr|A0ABR0TX95|A0ABR0TX95_AURPU",100,435,2.02e-306,828,"A0ABR0TX95"
"KAK6004159.1","tr|A0ABR0TI91|A0ABR0TI91_AURPU",100,457,3.22e-305,827,"A0ABR0TI91"
"KAK6004693.1","tr|A0ABR0TJR5|A0ABR0TJR5_AURPU",100,432,3.23e-306,827,"A0ABR0TJR5"
"KAK6006317.1","tr|A0ABR0TPE1|A0ABR0TPE1_AURPU",100,450,1.31e-305,827,"A0ABR0TPE1"
"THV88145.1","tr|A0ABR0TNM4|A0ABR0TNM4_AURPU",89.6,569,3.64e-301,826,"A0ABR0TNM4"
"KAK5999511.1","tr|A0ABR0T6C5|A0ABR0T6C5_AURPU",100,458,4.94e-305,826,"A0ABR0T6C5"
"KAK6000292.1","tr|A0ABR0T860|A0ABR0T860_AURPU",100,394,4.7e-307,826,"A0ABR0T860"
"KAK6000628.1","tr|A0ABR0T861|A0ABR0T861_AURPU",100,420,3.62e-306,826,"A0ABR0T861"
"KAK6003757.1","tr|A0ABR0TI03|A0ABR0TI03_AURPU",100,410,1.16e-306,826,"A0ABR0TI03"
"KAK6004073.1","tr|A0ABR0TI08|A0ABR0TI08_AURPU",100,455,3.91e-305,826,"A0ABR0TI08"
"KAK6005936.1","tr|A0ABR0TPB0|A0ABR0TPB0_AURPU",100,450,2.65e-305,826,"A0ABR0TPB0"
"KAK6000296.1","tr|A0ABR0T8I9|A0ABR0T8I9_AURPU",100,416,5.34e-306,825,"A0ABR0T8I9"
"KAK6001558.1","tr|A0ABR0TAU3|A0ABR0TAU3_AURPU",100,404,1.47e-306,825,"A0ABR0TAU3"
"KAK6004003.1","tr|A0ABR0THT7|A0ABR0THT7_AURPU",100,445,5.15e-305,825,"A0ABR0THT7"
"KAK6004161.1","tr|A0ABR0TJT4|A0ABR0TJT4_AURPU",100,436,3.62e-305,825,"A0ABR0TJT4"
"KAK6006946.1","tr|A0ABR0TR79|A0ABR0TR79_AURPU",100,400,2.16e-306,825,"A0ABR0TR79"
"THW94814.1","tr|A0ABR0TGI0|A0ABR0TGI0_AURPU",90.5,465,6.66e-303,824,"A0ABR0TGI0"
"KAK6000293.1","tr|A0ABR0T784|A0ABR0T784_AURPU",100,421,2.26e-305,824,"A0ABR0T784"
"KAK6004919.1","tr|A0ABR0TKI3|A0ABR0TKI3_AURPU",100,437,5.57e-305,824,"A0ABR0TKI3"
"KAK6005008.1","tr|A0ABR0TKM8|A0ABR0TKM8_AURPU",100,397,2.42e-306,824,"A0ABR0TKM8"
"KAK6007528.1","tr|A0ABR0TSU1|A0ABR0TSU1_AURPU",100,410,9.55999999999999e-306,824,"A0ABR0TSU1"
"KAK6008703.1","tr|A0ABR0TW91|A0ABR0TW91_AURPU",100,419,1.94e-305,824,"A0ABR0TW91"
"KAK5999992.1","tr|A0ABR0T7B2|A0ABR0T7B2_AURPU",100,407,2.16e-305,823,"A0ABR0T7B2"
"KAK6004515.1","tr|A0ABR0TJ94|A0ABR0TJ94_AURPU",100,419,3.91e-305,823,"A0ABR0TJ94"
"KAK6005449.1","tr|A0ABR0TLW7|A0ABR0TLW7_AURPU",100,429,8.54e-305,823,"A0ABR0TLW7"
"KAK6008232.1","tr|A0ABR0TV86|A0ABR0TV86_AURPU",100,428,7.9e-305,823,"A0ABR0TV86"
"THW66306.1","tr|A0ABR0T714|A0ABR0T714_AURPU",97,399,7.60999999999999e-304,822,"A0ABR0T714"
"THW76947.1","tr|A0ABR0TD13|A0ABR0TD13_AURPU",94.7,438,7.35e-303,822,"A0ABR0TD13"
"KAK5999684.1","tr|A0ABR0T5Q5|A0ABR0T5Q5_AURPU",100,393,2.06e-305,822,"A0ABR0T5Q5"
"KAK5999961.1","tr|A0ABR0T7Q7|A0ABR0T7Q7_AURPU",100,415,8.18e-305,822,"A0ABR0T7Q7"
"KAK6002286.1","tr|A0ABR0TEC1|A0ABR0TEC1_AURPU",100,403,3.19e-305,822,"A0ABR0TEC1"
"KAK6002659.1","tr|A0ABR0TE00|A0ABR0TE00_AURPU",100,414,1.07e-304,822,"A0ABR0TE00"
"KAK6002694.1","tr|A0ABR0TEN5|A0ABR0TEN5_AURPU",100,426,1.36e-304,822,"A0ABR0TEN5"
"KAK6005930.1","tr|A0ABR0TPY6|A0ABR0TPY6_AURPU",100,408,6.71e-305,822,"A0ABR0TPY6"
"KAK6008186.1","tr|A0ABR0TVI7|A0ABR0TVI7_AURPU",100,421,1.31e-304,822,"A0ABR0TVI7"
"THV67069.1","tr|A0ABR0T9B2|A0ABR0T9B2_AURPU",88.8,528,7.96e-301,821,"A0ABR0T9B2"
"THY27049.1","tr|A0ABR0TD33|A0ABR0TD33_AURPU",90,442,9.55999999999999e-299,821,"A0ABR0TD33"
"KAK6000368.1","tr|A0ABR0T7G4|A0ABR0T7G4_AURPU",100,408,1.35e-304,821,"A0ABR0T7G4"
"KAK6001634.1","tr|A0ABR0TB52|A0ABR0TB52_AURPU",100,429,4.94e-304,821,"A0ABR0TB52"
"KAK6003160.1","tr|A0ABR0TGS0|A0ABR0TGS0_AURPU",100,474,2.32e-302,821,"A0ABR0TGS0"
"THW10810.1","tr|A0ABR0TQI1|A0ABR0TQI1_AURPU",95.2,433,1.48e-303,820,"A0ABR0TQI1"
"TIA67046.1","tr|A0ABR0THY7|A0ABR0THY7_AURPU",98.6,420,4.65e-302,820,"A0ABR0THY7"
"KAK5999593.1","tr|A0ABR0T551|A0ABR0T551_AURPU",100,409,4.2e-304,820,"A0ABR0T551"
"KAK6002467.1","tr|A0ABR0TE77|A0ABR0TE77_AURPU",100,408,2.73e-304,820,"A0ABR0TE77"
"KAK6002877.1","tr|A0ABR0TEV2|A0ABR0TEV2_AURPU",100,396,1.06e-304,820,"A0ABR0TEV2"
"KAK6004770.1","tr|A0ABR0TJY7|A0ABR0TJY7_AURPU",100,437,2.64e-303,820,"A0ABR0TJY7"
"KAK6005484.1","tr|A0ABR0TML1|A0ABR0TML1_AURPU",100,464,3.06e-302,820,"A0ABR0TML1"
"KAK6007808.1","tr|A0ABR0TTR0|A0ABR0TTR0_AURPU",100,401,1.11e-304,820,"A0ABR0TTR0"
"THV73343.1","tr|A0ABR0TP32|A0ABR0TP32_AURPU",95.2,420,1.87e-303,819,"A0ABR0TP32"
"THW24534.1","tr|A0ABR0TCY0|A0ABR0TCY0_AURPU",91.3,450,2.15e-301,819,"A0ABR0TCY0"
"THY08732.1","tr|A0ABR0TTZ0|A0ABR0TTZ0_AURPU",96.1,431,1.44e-302,819,"A0ABR0TTZ0"
"KAK6000167.1","tr|A0ABR0T6V4|A0ABR0T6V4_AURPU",100,427,2.44e-303,819,"A0ABR0T6V4"
"KAK6008117.1","tr|A0ABR0TUP9|A0ABR0TUP9_AURPU",100,406,4.71e-304,819,"A0ABR0TUP9"
"KAK6008320.1","tr|A0ABR0TWP3|A0ABR0TWP3_AURPU",100,402,3.44e-304,819,"A0ABR0TWP3"
"THV88813.1","tr|A0ABR0THJ1|A0ABR0THJ1_AURPU",92,415,3.98e-303,818,"A0ABR0THJ1"
"KAK6000510.1","tr|A0ABR0T7U3|A0ABR0T7U3_AURPU",100,420,5.75e-303,818,"A0ABR0T7U3"
"KAK6001083.1","tr|A0ABR0T9G7|A0ABR0T9G7_AURPU",100,437,2.17e-302,818,"A0ABR0T9G7"
"KAK6001348.1","tr|A0ABR0TA92|A0ABR0TA92_AURPU",100,400,8.42999999999999e-304,818,"A0ABR0TA92"
"KAK6002624.1","tr|A0ABR0TDZ0|A0ABR0TDZ0_AURPU",100,390,3.84e-304,818,"A0ABR0TDZ0"
"KAK6003696.1","tr|A0ABR0TIF5|A0ABR0TIF5_AURPU",100,483,5.41e-301,818,"A0ABR0TIF5"
"KAK6005282.1","tr|A0ABR0TLI3|A0ABR0TLI3_AURPU",100,399,5.49e-304,818,"A0ABR0TLI3"
"KAK6007413.1","tr|A0ABR0TSI4|A0ABR0TSI4_AURPU",100,503,3.58e-300,818,"A0ABR0TSI4"
"KAK6001098.1","tr|A0ABR0T9I2|A0ABR0T9I2_AURPU",100,407,4.19e-303,817,"A0ABR0T9I2"
"KAK6001233.1","tr|A0ABR0T9X5|A0ABR0T9X5_AURPU",100,487,2.11e-300,817,"A0ABR0T9X5"
"KAK6002641.1","tr|A0ABR0TDY0|A0ABR0TDY0_AURPU",100,402,2.83e-303,817,"A0ABR0TDY0"
"KAK6003143.1","tr|A0ABR0TFD5|A0ABR0TFD5_AURPU",100,470,4e-301,817,"A0ABR0TFD5"
"KAK6003313.1","tr|A0ABR0TFW5|A0ABR0TFW5_AURPU",100,413,6.7e-303,817,"A0ABR0TFW5"
"KAK6008692.1","tr|A0ABR0TX60|A0ABR0TX60_AURPU",100,418,9.92e-303,817,"A0ABR0TX60"
"KEQ80416.1","tr|A0ABR0TB88|A0ABR0TB88_AURPU",87.7,504,6.44e-299,816,"A0ABR0TB88"
"KEQ89614.1","tr|A0ABR0TW17|A0ABR0TW17_AURPU",96.7,418,1.41e-302,816,"A0ABR0TW17"
"THV98095.1","tr|A0ABR0TGA3|A0ABR0TGA3_AURPU",92.2,434,1.88e-301,816,"A0ABR0TGA3"
"THY97581.1","tr|A0ABR0TB39|A0ABR0TB39_AURPU",92.4,435,1.01e-301,816,"A0ABR0TB39"
"TIA30223.1","tr|A0ABR0TS20|A0ABR0TS20_AURPU",91.9,419,5.24e-302,816,"A0ABR0TS20"
"KAK6000370.1","tr|A0ABR0T8L0|A0ABR0T8L0_AURPU",100,399,4.51e-303,816,"A0ABR0T8L0"
"KAK6000410.1","tr|A0ABR0T8V6|A0ABR0T8V6_AURPU",100,427,4.04e-302,816,"A0ABR0T8V6"
"KAK6000659.1","tr|A0ABR0T8F5|A0ABR0T8F5_AURPU",100,407,8.45e-303,816,"A0ABR0T8F5"
"KAK6003673.1","tr|A0ABR0TGW1|A0ABR0TGW1_AURPU",100,415,1.11e-302,816,"A0ABR0TGW1"
"KAK6006218.1","tr|A0ABR0TP67|A0ABR0TP67_AURPU",100,427,4.04e-302,816,"A0ABR0TP67"
"KAK6008240.1","tr|A0ABR0TWM5|A0ABR0TWM5_AURPU",100,406,5.5e-303,816,"A0ABR0TWM5"
"KAK6008832.1","tr|A0ABR0TWY0|A0ABR0TWY0_AURPU",100,449,2.25e-301,816,"A0ABR0TWY0"
"CAC9891272.1","tr|A0ABR0TRT8|A0ABR0TRT8_AURPU",92.5,468,4.26e-300,816,"A0ABR0TRT8"
"THY94985.1","tr|A0ABR0T982|A0ABR0T982_AURPU",94.1,408,4.57e-302,815,"A0ABR0T982"
"KAK6000825.1","tr|A0ABR0T8R0|A0ABR0T8R0_AURPU",100,402,1.64e-302,815,"A0ABR0T8R0"
"THY24111.1","tr|A0ABR0T8W4|A0ABR0T8W4_AURPU",96.6,417,2.91e-300,814,"A0ABR0T8W4"
"TIA35802.1","tr|A0ABR0TTP2|A0ABR0TTP2_AURPU",96.2,425,1.13e-299,814,"A0ABR0TTP2"
"KAK6001894.1","tr|A0ABR0TBS0|A0ABR0TBS0_AURPU",100,390,1.29e-302,814,"A0ABR0TBS0"
"KAK6002696.1","tr|A0ABR0TF93|A0ABR0TF93_AURPU",100,412,1.03e-301,814,"A0ABR0TF93"
"KAK6004147.1","tr|A0ABR0TJ33|A0ABR0TJ33_AURPU",100,435,4.36e-301,814,"A0ABR0TJ33"
"KAK6005681.1","tr|A0ABR0TNL4|A0ABR0TNL4_AURPU",100,451,1.52e-300,814,"A0ABR0TNL4"
"KAK6007427.1","tr|A0ABR0TSN2|A0ABR0TSN2_AURPU",100,397,3.17e-302,814,"A0ABR0TSN2"
"KAK6008654.1","tr|A0ABR0TVZ8|A0ABR0TVZ8_AURPU",100,452,2.33e-300,814,"A0ABR0TVZ8"
"THY14523.1","tr|A0ABR0T6B0|A0ABR0T6B0_AURPU",86.2,494,2.55e-298,813,"A0ABR0T6B0"
"KAK6000237.1","tr|A0ABR0T7E9|A0ABR0T7E9_AURPU",100,424,3.73e-301,813,"A0ABR0T7E9"
"KAK6000963.1","tr|A0ABR0T950|A0ABR0T950_AURPU",100,405,8.42999999999999e-302,813,"A0ABR0T950"
"KAK6003427.1","tr|A0ABR0TH25|A0ABR0TH25_AURPU",100,408,2.15e-301,813,"A0ABR0TH25"
"KAK6004811.1","tr|A0ABR0TL46|A0ABR0TL46_AURPU",100,401,6.16e-302,813,"A0ABR0TL46"
"KAK6005230.1","tr|A0ABR0TMR7|A0ABR0TMR7_AURPU",100,425,8.14e-301,813,"A0ABR0TMR7"
"OBW69753.1","tr|A0ABR0TGX7|A0ABR0TGX7_AURPU",94.5,421,3.84e-294,811,"A0ABR0TGX7"
"KAK6000521.1","tr|A0ABR0T955|A0ABR0T955_AURPU",100,405,4.88e-301,811,"A0ABR0T955"
"KAK6003627.1","tr|A0ABR0TH06|A0ABR0TH06_AURPU",100,450,1.63e-299,811,"A0ABR0TH06"
"KAK6003679.1","tr|A0ABR0TGW6|A0ABR0TGW6_AURPU",100,437,1.2e-299,811,"A0ABR0TGW6"
"KAK6003789.1","tr|A0ABR0THR0|A0ABR0THR0_AURPU",100,427,2.73e-300,811,"A0ABR0THR0"
"KAK6004989.1","tr|A0ABR0TL62|A0ABR0TL62_AURPU",100,404,9.1e-301,811,"A0ABR0TL62"
"CAD0057761.1","tr|A0ABR0TIM9|A0ABR0TIM9_AURPU",88.2,457,3.8e-299,811,"A0ABR0TIM9"
"KEQ81417.1","tr|A0ABR0TS90|A0ABR0TS90_AURPU",97.8,409,1.91e-300,810,"A0ABR0TS90"
"OBW68738.1","tr|A0ABR0TU95|A0ABR0TU95_AURPU",86.8,545,8.92e-295,810,"A0ABR0TU95"
"KAK6000322.1","tr|A0ABR0T889|A0ABR0T889_AURPU",100,423,8.12e-300,810,"A0ABR0T889"
"KAK6002510.1","tr|A0ABR0TEZ9|A0ABR0TEZ9_AURPU",100,395,9.05e-301,810,"A0ABR0TEZ9"
"KAK6003990.1","tr|A0ABR0THS8|A0ABR0THS8_AURPU",100,405,1.4e-300,810,"A0ABR0THS8"
"KAK6006734.1","tr|A0ABR0TQK9|A0ABR0TQK9_AURPU",100,395,1.29e-300,810,"A0ABR0TQK9"
"KAK6007013.1","tr|A0ABR0TRE5|A0ABR0TRE5_AURPU",100,416,4.7e-300,810,"A0ABR0TRE5"
"KAK6001275.1","tr|A0ABR0TA12|A0ABR0TA12_AURPU",100,500,9.03999999999999e-297,809,"A0ABR0TA12"
"KAK6005579.1","tr|A0ABR0TMD1|A0ABR0TMD1_AURPU",100,430,2.83e-299,809,"A0ABR0TMD1"
"CAD0021744.1","tr|A0ABR0TRH5|A0ABR0TRH5_AURPU",91.2,465,6.59e-298,809,"A0ABR0TRH5"
"CAD0051251.1","tr|A0ABR0TNQ5|A0ABR0TNQ5_AURPU",86.4,579,1.24e-294,809,"A0ABR0TNQ5"
"THX67160.1","tr|A0ABR0THN3|A0ABR0THN3_AURPU",95.6,430,2.41e-289,808,"A0ABR0THN3"
"TIA07521.1","tr|A0ABR0T9N1|A0ABR0T9N1_AURPU",94.3,420,9.42999999999999e-299,808,"A0ABR0T9N1"
"KAK6004193.1","tr|A0ABR0TID9|A0ABR0TID9_AURPU",100,464,1.62e-297,808,"A0ABR0TID9"
"KAK6004806.1","tr|A0ABR0TLN7|A0ABR0TLN7_AURPU",100,391,3.82e-300,808,"A0ABR0TLN7"
"KAK6006261.1","tr|A0ABR0TQV3|A0ABR0TQV3_AURPU",100,390,2.49e-300,808,"A0ABR0TQV3"
"KAK6006682.1","tr|A0ABR0TRG0|A0ABR0TRG0_AURPU",100,399,7.17e-300,808,"A0ABR0TRG0"
"CAC9891464.1","tr|A0ABR0TRS3|A0ABR0TRS3_AURPU",90.2,418,8.76999999999999e-299,807,"A0ABR0TRS3"
"OBW68840.1","tr|A0ABR0TKL0|A0ABR0TKL0_AURPU",92.5,428,1.84e-297,806,"A0ABR0TKL0"
"KAK5999571.1","tr|A0ABR0T6I4|A0ABR0T6I4_AURPU",100,399,4.15e-299,806,"A0ABR0T6I4"
"KAK6001241.1","tr|A0ABR0TB54|A0ABR0TB54_AURPU",100,431,5.07e-298,806,"A0ABR0TB54"
"KAK6002150.1","tr|A0ABR0TDZ3|A0ABR0TDZ3_AURPU",100,415,2.06e-298,806,"A0ABR0TDZ3"
"KAK6003056.1","tr|A0ABR0TGA2|A0ABR0TGA2_AURPU",100,414,9.45999999999999e-299,806,"A0ABR0TGA2"
"KAK6003908.1","tr|A0ABR0THJ8|A0ABR0THJ8_AURPU",100,384,1.28e-299,806,"A0ABR0THJ8"
"KAK6005816.1","tr|A0ABR0TP11|A0ABR0TP11_AURPU",100,413,1.76e-298,806,"A0ABR0TP11"
"KAK6006260.1","tr|A0ABR0TQW6|A0ABR0TQW6_AURPU",100,425,2.23e-298,806,"A0ABR0TQW6"
"KAK6006697.1","tr|A0ABR0TRH4|A0ABR0TRH4_AURPU",100,413,1.24e-298,806,"A0ABR0TRH4"
"KAK6007354.1","tr|A0ABR0TSD9|A0ABR0TSD9_AURPU",100,404,4.32e-299,806,"A0ABR0TSD9"
"KAK6007751.1","tr|A0ABR0TUA9|A0ABR0TUA9_AURPU",100,430,3.3e-298,806,"A0ABR0TUA9"
"KAK6008639.1","tr|A0ABR0TVZ1|A0ABR0TVZ1_AURPU",100,405,4.67e-299,806,"A0ABR0TVZ1"
"KEQ88437.1","tr|A0ABR0TLZ7|A0ABR0TLZ7_AURPU",94.6,411,3.04e-298,805,"A0ABR0TLZ7"
"THW55714.1","tr|A0ABR0TH50|A0ABR0TH50_AURPU",95.3,430,5.43e-291,805,"A0ABR0TH50"
"THV95202.1","tr|A0ABR0TG73|A0ABR0TG73_AURPU",89.7,435,2.41e-297,805,"A0ABR0TG73"
"THX79569.1","tr|A0ABR0TRP8|A0ABR0TRP8_AURPU",96.3,429,2.53e-297,805,"A0ABR0TRP8"
"THX00405.1","tr|A0ABR0TES2|A0ABR0TES2_AURPU",94.4,428,8.58e-291,805,"A0ABR0TES2"
"THZ62449.1","tr|A0ABR0TKB5|A0ABR0TKB5_AURPU",90.3,442,5.34e-297,805,"A0ABR0TKB5"
"KAK5999437.1","tr|A0ABR0T5P4|A0ABR0T5P4_AURPU",100,399,1.19e-298,805,"A0ABR0T5P4"
"KAK6008697.1","tr|A0ABR0TWM2|A0ABR0TWM2_AURPU",100,393,5.22e-299,805,"A0ABR0TWM2"
"KAK6006143.1","tr|A0ABR0TNZ0|A0ABR0TNZ0_AURPU",100,413,1.02e-297,804,"A0ABR0TNZ0"
"KAK6007445.1","tr|A0ABR0TUC8|A0ABR0TUC8_AURPU",100,402,3.04e-298,804,"A0ABR0TUC8"
"THW54855.1","tr|A0ABR0TKB4|A0ABR0TKB4_AURPU",91,456,2e-295,803,"A0ABR0TKB4"
"THX58087.1","tr|A0ABR0TWD8|A0ABR0TWD8_AURPU",91.7,482,2.15e-294,803,"A0ABR0TWD8"
"KAK6000285.1","tr|A0ABR0T767|A0ABR0T767_AURPU",100,390,3.39e-298,803,"A0ABR0T767"
"KAK6003619.1","tr|A0ABR0TGR2|A0ABR0TGR2_AURPU",100,406,1.19e-297,803,"A0ABR0TGR2"
"KAK6003652.1","tr|A0ABR0THQ2|A0ABR0THQ2_AURPU",100,391,3.67e-298,803,"A0ABR0THQ2"
"KAK6003795.1","tr|A0ABR0TH83|A0ABR0TH83_AURPU",100,673,1.06e-288,803,"A0ABR0TH83"
"KAK6008208.1","tr|A0ABR0TUS5|A0ABR0TUS5_AURPU",100,410,2.31e-297,803,"A0ABR0TUS5"
"KAK6008638.1","tr|A0ABR0TVW3|A0ABR0TVW3_AURPU",100,409,2.14e-297,803,"A0ABR0TVW3"
"KAK6008866.1","tr|A0ABR0TWK2|A0ABR0TWK2_AURPU",100,402,1.24e-297,803,"A0ABR0TWK2"
"KAK6000097.1","tr|A0ABR0T7M0|A0ABR0T7M0_AURPU",100,399,1.39e-297,802,"A0ABR0T7M0"
"KAK6001382.1","tr|A0ABR0TAB7|A0ABR0TAB7_AURPU",100,416,7.46e-297,802,"A0ABR0TAB7"
"KAK6002655.1","tr|A0ABR0TE02|A0ABR0TE02_AURPU",100,427,1.76e-296,802,"A0ABR0TE02"
"THV87114.1","tr|A0ABR0TLV2|A0ABR0TLV2_AURPU",94.9,409,1.21e-296,801,"A0ABR0TLV2"
"KAK5999841.1","tr|A0ABR0T7D9|A0ABR0T7D9_AURPU",100,415,9.79999999999999e-297,801,"A0ABR0T7D9"
"KAK5999946.1","tr|A0ABR0T7P2|A0ABR0T7P2_AURPU",100,400,3.03e-297,801,"A0ABR0T7P2"
"KAK6000551.1","tr|A0ABR0T983|A0ABR0T983_AURPU",100,419,1.9e-296,801,"A0ABR0T983"
"KAK6002194.1","tr|A0ABR0TCN3|A0ABR0TCN3_AURPU",100,418,1.76e-296,801,"A0ABR0TCN3"
"KAK6004092.1","tr|A0ABR0TIC2|A0ABR0TIC2_AURPU",100,421,1.57e-296,801,"A0ABR0TIC2"
"KAK6005213.1","tr|A0ABR0TL99|A0ABR0TL99_AURPU",100,572,2.37e-291,801,"A0ABR0TL99"
"KAK6005665.1","tr|A0ABR0TNZ6|A0ABR0TNZ6_AURPU",100,407,1.06e-296,801,"A0ABR0TNZ6"
"KAK6005825.1","tr|A0ABR0TPP0|A0ABR0TPP0_AURPU",100,422,3.41e-296,801,"A0ABR0TPP0"
"KAK6006717.1","tr|A0ABR0TQW8|A0ABR0TQW8_AURPU",100,470,7.02e-295,801,"A0ABR0TQW8"
"KAK6007186.1","tr|A0ABR0TRV7|A0ABR0TRV7_AURPU",100,420,2.06e-296,801,"A0ABR0TRV7"
"THY51730.1","tr|A0ABR0TRC3|A0ABR0TRC3_AURPU",92.1,470,8.22e-295,800,"A0ABR0TRC3"
"KAK5999889.1","tr|A0ABR0T6N4|A0ABR0T6N4_AURPU",100,408,2.31e-296,800,"A0ABR0T6N4"
"KAK6000057.1","tr|A0ABR0T6W1|A0ABR0T6W1_AURPU",100,421,9.05e-296,800,"A0ABR0T6W1"
"KAK6000717.1","tr|A0ABR0T8T1|A0ABR0T8T1_AURPU",100,389,7.39e-297,800,"A0ABR0T8T1"
"KAK6002399.1","tr|A0ABR0TD98|A0ABR0TD98_AURPU",100,398,1.5e-296,800,"A0ABR0TD98"
"KAK6002767.1","tr|A0ABR0TF79|A0ABR0TF79_AURPU",100,397,1.38e-296,800,"A0ABR0TF79"
"KAK6004557.1","tr|A0ABR0TJP5|A0ABR0TJP5_AURPU",100,394,5.42e-297,800,"A0ABR0TJP5"
"KAK6007908.1","tr|A0ABR0TTX5|A0ABR0TTX5_AURPU",100,383,2.28e-297,800,"A0ABR0TTX5"
"KAK6008237.1","tr|A0ABR0TV26|A0ABR0TV26_AURPU",100,400,1.75e-296,800,"A0ABR0TV26"
"OBW68013.1","tr|A0ABR0TUA5|A0ABR0TUA5_AURPU",91.5,425,1.14e-294,799,"A0ABR0TUA5"
"KAK5999312.1","tr|A0ABR0T4I7|A0ABR0T4I7_AURPU",100,403,3.15e-296,799,"A0ABR0T4I7"
"KAK6000214.1","tr|A0ABR0T6Y7|A0ABR0T6Y7_AURPU",100,412,6.36e-296,799,"A0ABR0T6Y7"
"KAK6000232.1","tr|A0ABR0T803|A0ABR0T803_AURPU",100,463,4.76e-294,799,"A0ABR0T803"
"THV75199.1","tr|A0ABR0TNQ2|A0ABR0TNQ2_AURPU",96.4,414,7.71e-295,798,"A0ABR0TNQ2"
"THY30568.1","tr|A0ABR0TFV0|A0ABR0TFV0_AURPU",94.6,406,9.83e-296,798,"A0ABR0TFV0"
"THY36894.1","tr|A0ABR0THX5|A0ABR0THX5_AURPU",90.3,435,2.01e-294,798,"A0ABR0THX5"
"KAK5999369.1","tr|A0ABR0T4V4|A0ABR0T4V4_AURPU",100,424,3.28e-295,798,"A0ABR0T4V4"
"KAK6002377.1","tr|A0ABR0TE06|A0ABR0TE06_AURPU",100,416,3.54e-295,798,"A0ABR0TE06"
"KAK6003538.1","tr|A0ABR0TGH4|A0ABR0TGH4_AURPU",100,461,4.16e-293,798,"A0ABR0TGH4"
"KAK6003574.1","tr|A0ABR0TGL4|A0ABR0TGL4_AURPU",100,390,2.29e-296,798,"A0ABR0TGL4"
"KAK6003653.1","tr|A0ABR0TGU0|A0ABR0TGU0_AURPU",100,391,3.52e-296,798,"A0ABR0TGU0"
"KAK6008095.1","tr|A0ABR0TW24|A0ABR0TW24_AURPU",100,405,1.05e-295,798,"A0ABR0TW24"
"CAC9893358.1","tr|A0ABR0TT57|A0ABR0TT57_AURPU",90,451,9.36999999999999e-294,798,"A0ABR0TT57"
"THW61693.1","tr|A0ABR0TJQ2|A0ABR0TJQ2_AURPU",86.5,451,3.89e-294,797,"A0ABR0TJQ2"
"KAK5999443.1","tr|A0ABR0T4N9|A0ABR0T4N9_AURPU",100,402,2.39e-295,797,"A0ABR0T4N9"
"KAK5999690.1","tr|A0ABR0T6Q8|A0ABR0T6Q8_AURPU",100,405,3.02e-295,797,"A0ABR0T6Q8"
"KAK6000527.1","tr|A0ABR0T7V4|A0ABR0T7V4_AURPU",100,399,1.89e-295,797,"A0ABR0T7V4"
"KAK6000558.1","tr|A0ABR0T7X9|A0ABR0T7X9_AURPU",100,400,1.44e-295,797,"A0ABR0T7X9"
"KAK6001026.1","tr|A0ABR0TAQ2|A0ABR0TAQ2_AURPU",100,433,2.69e-294,797,"A0ABR0TAQ2"
"KAK6001345.1","tr|A0ABR0TBI2|A0ABR0TBI2_AURPU",100,404,1.97e-295,797,"A0ABR0TBI2"
"KAK6002047.1","tr|A0ABR0TD34|A0ABR0TD34_AURPU",100,410,3.15e-295,797,"A0ABR0TD34"
"KAK6002187.1","tr|A0ABR0TD27|A0ABR0TD27_AURPU",100,563,4e-290,797,"A0ABR0TD27"
"KAK6007153.1","tr|A0ABR0TRT6|A0ABR0TRT6_AURPU",100,420,9.76e-295,797,"A0ABR0TRT6"
"KAK6008507.1","tr|A0ABR0TVW0|A0ABR0TVW0_AURPU",100,411,3.4e-295,797,"A0ABR0TVW0"
"CAD0040041.1","tr|A0ABR0TRS9|A0ABR0TRS9_AURPU",94.8,425,6.34e-294,797,"A0ABR0TRS9"
"KEQ89850.1","tr|A0ABR0TSH3|A0ABR0TSH3_AURPU",94.9,435,6.34e-294,796,"A0ABR0TSH3"
"TIA52332.1","tr|A0ABR0TFG5|A0ABR0TFG5_AURPU",94.2,432,8.8e-291,796,"A0ABR0TFG5"
"KAK6000706.1","tr|A0ABR0T8D9|A0ABR0T8D9_AURPU",100,390,1.32e-295,796,"A0ABR0T8D9"
"KAK6000724.1","tr|A0ABR0T8G7|A0ABR0T8G7_AURPU",100,385,1.81e-295,796,"A0ABR0T8G7"
"KAK6001044.1","tr|A0ABR0T9X0|A0ABR0T9X0_AURPU",100,403,3.67e-295,796,"A0ABR0T9X0"
"KAK6004942.1","tr|A0ABR0TLA9|A0ABR0TLA9_AURPU",100,389,1.74e-295,796,"A0ABR0TLA9"
"KAK6007870.1","tr|A0ABR0TVG0|A0ABR0TVG0_AURPU",100,413,1.14e-294,796,"A0ABR0TVG0"
"KAK6008180.1","tr|A0ABR0TWG7|A0ABR0TWG7_AURPU",100,420,2.8e-294,796,"A0ABR0TWG7"
"KAK6008740.1","tr|A0ABR0TXL0|A0ABR0TXL0_AURPU",100,400,2.9e-295,796,"A0ABR0TXL0"
"KAK6008761.1","tr|A0ABR0TWA0|A0ABR0TWA0_AURPU",100,394,3.66e-295,796,"A0ABR0TWA0"
"THX56038.1","tr|A0ABR0TEZ8|A0ABR0TEZ8_AURPU",96,401,1.99e-294,795,"A0ABR0TEZ8"
"KAK6000735.1","tr|A0ABR0T8H1|A0ABR0T8H1_AURPU",100,476,3.05e-292,795,"A0ABR0T8H1"
"KAK6003586.1","tr|A0ABR0TGK6|A0ABR0TGK6_AURPU",100,388,3.25e-295,795,"A0ABR0TGK6"
"KAK6003626.1","tr|A0ABR0THU0|A0ABR0THU0_AURPU",100,395,7.99e-295,795,"A0ABR0THU0"
"KAK6003859.1","tr|A0ABR0THE4|A0ABR0THE4_AURPU",100,412,4.29e-294,795,"A0ABR0THE4"
"KAK6004225.1","tr|A0ABR0TJX3|A0ABR0TJX3_AURPU",100,403,2.12e-294,795,"A0ABR0TJX3"
"KAK6008317.1","tr|A0ABR0TW57|A0ABR0TW57_AURPU",100,389,7.09e-295,795,"A0ABR0TW57"
"KAK6008415.1","tr|A0ABR0TVC6|A0ABR0TVC6_AURPU",100,417,6.34e-294,795,"A0ABR0TVC6"
"THV71510.1","tr|A0ABR0TBB3|A0ABR0TBB3_AURPU",95.5,397,3.14e-294,794,"A0ABR0TBB3"
"THW86866.1","tr|A0ABR0TJB0|A0ABR0TJB0_AURPU",93,430,8.56e-293,794,"A0ABR0TJB0"
"THW87674.1","tr|A0ABR0T9N8|A0ABR0T9N8_AURPU",85.7,490,2.78e-291,794,"A0ABR0T9N8"
"KAK6001155.1","tr|A0ABR0T9N5|A0ABR0T9N5_AURPU",100,498,6.71e-291,794,"A0ABR0T9N5"
"KAK6002975.1","tr|A0ABR0TGC6|A0ABR0TGC6_AURPU",100,398,2.9e-294,794,"A0ABR0TGC6"
"THW77775.1","tr|A0ABR0TCQ7|A0ABR0TCQ7_AURPU",94,434,1.42e-288,793,"A0ABR0TCQ7"
"THZ93568.1","tr|A0ABR0TTP6|A0ABR0TTP6_AURPU",90.5,463,4.1e-291,793,"A0ABR0TTP6"
"KAK6008876.1","tr|A0ABR0TXB6|A0ABR0TXB6_AURPU",100,397,7.68e-294,793,"A0ABR0TXB6"
"THV64112.1","tr|A0ABR0TA46|A0ABR0TA46_AURPU",92.7,426,1.55e-292,792,"A0ABR0TA46"
"KAK5999645.1","tr|A0ABR0T6K1|A0ABR0T6K1_AURPU",100,401,2.12e-293,792,"A0ABR0T6K1"
"KAK6003063.1","tr|A0ABR0TF49|A0ABR0TF49_AURPU",100,428,1.74e-292,792,"A0ABR0TF49"
"KAK6005074.1","tr|A0ABR0TKU7|A0ABR0TKU7_AURPU",100,410,4.28e-293,792,"A0ABR0TKU7"
"KAK6000459.1","tr|A0ABR0T891|A0ABR0T891_AURPU",100,404,7.68e-293,791,"A0ABR0T891"
"KAK6004701.1","tr|A0ABR0TLD0|A0ABR0TLD0_AURPU",100,417,1.49e-292,791,"A0ABR0TLD0"
"CAR1027648.1","tr|A0ABR0TUI1|A0ABR0TUI1_AURPU",94.3,423,1.27e-291,791,"A0ABR0TUI1"
"KAK5999383.1","tr|A0ABR0T4H9|A0ABR0T4H9_AURPU",100,471,2.81e-290,790,"A0ABR0T4H9"
"KAK6006924.1","tr|A0ABR0TRN6|A0ABR0TRN6_AURPU",100,447,6.26e-291,790,"A0ABR0TRN6"
"CAD0028741.1","tr|A0ABR0TK10|A0ABR0TK10_AURPU",89.2,463,1.13e-290,790,"A0ABR0TK10"
"THW57743.1","tr|A0ABR0TWA8|A0ABR0TWA8_AURPU",90.9,449,5.7e-291,789,"A0ABR0TWA8"
"KAK6003937.1","tr|A0ABR0TIG8|A0ABR0TIG8_AURPU",100,419,1.01e-291,789,"A0ABR0TIG8"
"KAK6006222.1","tr|A0ABR0TPE8|A0ABR0TPE8_AURPU",100,411,7.67e-292,789,"A0ABR0TPE8"
"KAK5999603.1","tr|A0ABR0T582|A0ABR0T582_AURPU",100,378,8.21e-293,788,"A0ABR0T582"
"KAK5999853.1","tr|A0ABR0T5Z1|A0ABR0T5Z1_AURPU",100,393,2.67e-292,788,"A0ABR0T5Z1"
"KAK6000616.1","tr|A0ABR0T854|A0ABR0T854_AURPU",100,464,9.46999999999999e-290,788,"A0ABR0T854"
"KAK6002419.1","tr|A0ABR0TD97|A0ABR0TD97_AURPU",100,387,1.66e-292,788,"A0ABR0TD97"
"KAK6003263.1","tr|A0ABR0TFQ4|A0ABR0TFQ4_AURPU",100,384,1.32e-292,788,"A0ABR0TFQ4"
"KAK6008221.1","tr|A0ABR0TUQ9|A0ABR0TUQ9_AURPU",100,404,6.31e-292,788,"A0ABR0TUQ9"
"THY01738.1","tr|A0ABR0T6P2|A0ABR0T6P2_AURPU",96.9,413,7.37e-285,787,"A0ABR0T6P2"
"KAK5999799.1","tr|A0ABR0T6F0|A0ABR0T6F0_AURPU",100,509,8.55e-288,787,"A0ABR0T6F0"
"KAK6005586.1","tr|A0ABR0TNU0|A0ABR0TNU0_AURPU",100,396,1.37e-291,787,"A0ABR0TNU0"
"KAK6007084.1","tr|A0ABR0TRL8|A0ABR0TRL8_AURPU",100,393,7.64e-292,787,"A0ABR0TRL8"
"KAK6008172.1","tr|A0ABR0TV28|A0ABR0TV28_AURPU",100,390,6.04e-292,787,"A0ABR0TV28"
"OBW64403.1","tr|A0ABR0THG9|A0ABR0THG9_AURPU",87.2,500,3.23e-288,786,"A0ABR0THG9"
"THW27400.1","tr|A0ABR0TAE5|A0ABR0TAE5_AURPU",96.5,395,5.03e-291,786,"A0ABR0TAE5"
"KAK6000080.1","tr|A0ABR0T7V6|A0ABR0T7V6_AURPU",100,474,1.68e-288,786,"A0ABR0T7V6"
"KAK6000447.1","tr|A0ABR0T808|A0ABR0T808_AURPU",100,394,1.67e-291,786,"A0ABR0T808"
"KAK6001650.1","tr|A0ABR0TB30|A0ABR0TB30_AURPU",100,415,8.61e-291,786,"A0ABR0TB30"
"KAK6007089.1","tr|A0ABR0TS56|A0ABR0TS56_AURPU",100,392,1.43e-291,786,"A0ABR0TS56"
"KAK6007253.1","tr|A0ABR0TS37|A0ABR0TS37_AURPU",100,383,7.04e-292,786,"A0ABR0TS37"
"KAK6007713.1","tr|A0ABR0TTD8|A0ABR0TTD8_AURPU",100,385,1.17e-291,786,"A0ABR0TTD8"
"KAK6008074.1","tr|A0ABR0TUB9|A0ABR0TUB9_AURPU",100,406,8.6e-291,786,"A0ABR0TUB9"
"CAD0039869.1","tr|A0ABR0TTP9|A0ABR0TTP9_AURPU",94.4,394,2.89e-291,786,"A0ABR0TTP9"
"KEQ86412.1","tr|A0A4T0CKX7|A0A4T0CKX7_AURPU",100,400,7.64e-291,785,"A0A4T0CKX7"
"KAK5999768.1","tr|A0ABR0T5Q6|A0ABR0T5Q6_AURPU",100,397,6.04e-291,785,"A0ABR0T5Q6"
"KAK6004381.1","tr|A0ABR0TIW1|A0ABR0TIW1_AURPU",100,384,3.1e-291,785,"A0ABR0TIW1"
"KAK6005247.1","tr|A0ABR0TLM8|A0ABR0TLM8_AURPU",100,398,9.28999999999999e-291,785,"A0ABR0TLM8"
"KAK6005457.1","tr|A0ABR0TM76|A0ABR0TM76_AURPU",100,404,1.48e-290,785,"A0ABR0TM76"
"KAK6008128.1","tr|A0ABR0TUG2|A0ABR0TUG2_AURPU",100,404,2.11e-290,785,"A0ABR0TUG2"
"CAD0045680.1","tr|A0ABR0TBC4|A0ABR0TBC4_AURPU",85.7,498,2.34e-288,785,"A0ABR0TBC4"
"THY13017.1","tr|A0ABR0TNS1|A0ABR0TNS1_AURPU",90.7,429,2.55e-287,784,"A0ABR0TNS1"
"KAK6008586.1","tr|A0ABR0TX88|A0ABR0TX88_AURPU",100,389,1.31e-290,784,"A0ABR0TX88"
"CAD0021005.1","tr|A0ABR0TJD0|A0ABR0TJD0_AURPU",88.2,502,2.1e-287,784,"A0ABR0TJD0"
"TIA41767.1","tr|A0ABR0TKG2|A0ABR0TKG2_AURPU",96.7,423,2.56e-288,783,"A0ABR0TKG2"
"KAK6000583.1","tr|A0ABR0T819|A0ABR0T819_AURPU",100,383,1.66e-290,783,"A0ABR0T819"
"KAK6003195.1","tr|A0ABR0TFI7|A0ABR0TFI7_AURPU",100,410,9.65999999999999e-290,783,"A0ABR0TFI7"
"KAK6004285.1","tr|A0ABR0TK28|A0ABR0TK28_AURPU",100,501,2.19e-286,783,"A0ABR0TK28"
"KAK6004629.1","tr|A0ABR0TK52|A0ABR0TK52_AURPU",100,398,5.37e-290,783,"A0ABR0TK52"
"KAK6005628.1","tr|A0ABR0TMF8|A0ABR0TMF8_AURPU",100,406,1e-289,783,"A0ABR0TMF8"
"KAK6007852.1","tr|A0ABR0TUT4|A0ABR0TUT4_AURPU",100,392,4.77e-290,783,"A0ABR0TUT4"
"KAK6008187.1","tr|A0ABR0TV45|A0ABR0TV45_AURPU",100,400,6.28e-290,783,"A0ABR0TV45"
"THY44173.1","tr|A0ABR0TWX8|A0ABR0TWX8_AURPU",95.6,407,6.19e-289,782,"A0ABR0TWX8"
"KAK5999488.1","tr|A0ABR0T4T3|A0ABR0T4T3_AURPU",100,398,1.54e-289,782,"A0ABR0T4T3"
"KAK5999724.1","tr|A0ABR0T678|A0ABR0T678_AURPU",100,384,3.62e-290,782,"A0ABR0T678"
"KAK6001761.1","tr|A0ABR0TCU8|A0ABR0TCU8_AURPU",100,413,4.97e-289,782,"A0ABR0TCU8"
"KAK6003075.1","tr|A0ABR0TF71|A0ABR0TF71_AURPU",100,417,4.78e-289,782,"A0ABR0TF71"
"KAK6004377.1","tr|A0ABR0TJ68|A0ABR0TJ68_AURPU",100,399,1.66e-289,782,"A0ABR0TJ68"
"KEQ85820.1","tr|A0ABR0TBR7|A0ABR0TBR7_AURPU",92.7,449,1.15e-287,781,"A0ABR0TBR7"
"THV72723.1","tr|A0ABR0TN36|A0ABR0TN36_AURPU",95.9,417,2.28e-288,781,"A0ABR0TN36"
"THX89085.1","tr|A0ABR0THV8|A0ABR0THV8_AURPU",94.4,390,1.08e-287,781,"A0ABR0THV8"
"THY91252.1","tr|A0ABR0TQY4|A0ABR0TQY4_AURPU",92.3,415,8.33e-289,781,"A0ABR0TQY4"
"KAK5999814.1","tr|A0ABR0T6F9|A0ABR0T6F9_AURPU",100,424,1.66e-288,781,"A0ABR0T6F9"
"KAK6002252.1","tr|A0ABR0TCU1|A0ABR0TCU1_AURPU",100,398,3.11e-289,781,"A0ABR0TCU1"
"KAK6005565.1","tr|A0ABR0TMA3|A0ABR0TMA3_AURPU",100,387,9.23999999999999e-290,781,"A0ABR0TMA3"
"KAK6007919.1","tr|A0ABR0TTY3|A0ABR0TTY3_AURPU",100,378,9.19999999999999e-290,781,"A0ABR0TTY3"
"CAD0023377.1","tr|A0ABR0TTB0|A0ABR0TTB0_AURPU",90.3,424,9.56999999999999e-286,781,"A0ABR0TTB0"
"CAD0037992.1","tr|A0ABR0TMH3|A0ABR0TMH3_AURPU",91.6,439,5.87e-288,781,"A0ABR0TMH3"
"THW17759.1","tr|A0ABR0TKD3|A0ABR0TKD3_AURPU",95.5,583,1.14e-282,780,"A0ABR0TKD3"
"THW59866.1","tr|A0ABR0TGR4|A0ABR0TGR4_AURPU",90.7,410,5.07e-288,780,"A0ABR0TGR4"
"KAK6000104.1","tr|A0ABR0T6W6|A0ABR0T6W6_AURPU",100,394,6.51e-289,780,"A0ABR0T6W6"
"KAK6001987.1","tr|A0ABR0TCX4|A0ABR0TCX4_AURPU",100,434,2.09e-287,780,"A0ABR0TCX4"
"KAK6007866.1","tr|A0ABR0TVG9|A0ABR0TVG9_AURPU",100,402,1.22e-288,780,"A0ABR0TVG9"
"TIA66867.1","tr|A0ABR0TLY8|A0ABR0TLY8_AURPU",94.4,413,1.9e-286,779,"A0ABR0TLY8"
"KAK5999322.1","tr|A0ABR0T4Q8|A0ABR0T4Q8_AURPU",100,375,4.2e-289,779,"A0ABR0T4Q8"
"KAK6002746.1","tr|A0ABR0TE96|A0ABR0TE96_AURPU",100,399,2.76e-288,779,"A0ABR0TE96"
"KAK6003631.1","tr|A0ABR0TGQ3|A0ABR0TGQ3_AURPU",100,439,6.2e-287,779,"A0ABR0TGQ3"
"KAK6004086.1","tr|A0ABR0TJK2|A0ABR0TJK2_AURPU",100,384,6e-289,779,"A0ABR0TJK2"
"THW15341.1","tr|A0ABR0TJV9|A0ABR0TJV9_AURPU",83.1,502,4.37e-283,778,"A0ABR0TJV9"
"KAK5999542.1","tr|A0ABR0T601|A0ABR0T601_AURPU",100,389,2.54e-288,778,"A0ABR0T601"
"KAK6002015.1","tr|A0ABR0TDK4|A0ABR0TDK4_AURPU",100,392,3.22e-288,778,"A0ABR0TDK4"
"KAK6002494.1","tr|A0ABR0TDH4|A0ABR0TDH4_AURPU",100,403,5.36e-288,778,"A0ABR0TDH4"
"KAK6003110.1","tr|A0ABR0TGR5|A0ABR0TGR5_AURPU",100,394,2.65e-288,778,"A0ABR0TGR5"
"KAK6004443.1","tr|A0ABR0TJ14|A0ABR0TJ14_AURPU",100,406,1.37e-287,778,"A0ABR0TJ14"
"KEQ89004.1","tr|A0ABR0TG75|A0ABR0TG75_AURPU",95.7,417,6.49e-287,777,"A0ABR0TG75"
"THX78363.1","tr|A0ABR0TP20|A0ABR0TP20_AURPU",93.6,405,9.13999999999999e-279,777,"A0ABR0TP20"
"KAK6000901.1","tr|A0ABR0T8Y5|A0ABR0T8Y5_AURPU",100,385,3.75e-288,777,"A0ABR0T8Y5"
"KAK6000934.1","tr|A0ABR0T921|A0ABR0T921_AURPU",100,415,3.91e-287,777,"A0ABR0T921"
"CAD0045742.1","tr|A0ABR0TCC1|A0ABR0TCC1_AURPU",92.3,413,2.66e-286,777,"A0ABR0TCC1"
"THV77831.1","tr|A0ABR0TS08|A0ABR0TS08_AURPU",91.4,420,2.54e-286,776,"A0ABR0TS08"
"THV97637.1","tr|A0ABR0TEB6|A0ABR0TEB6_AURPU",95.5,423,2.27e-286,776,"A0ABR0TEB6"
"THW31098.1","tr|A0ABR0THZ0|A0ABR0THZ0_AURPU",89.7,467,2.16e-285,776,"A0ABR0THZ0"
"KAK5999517.1","tr|A0ABR0T5B1|A0ABR0T5B1_AURPU",100,397,1.94e-287,776,"A0ABR0T5B1"
"KAK5999843.1","tr|A0ABR0T5X5|A0ABR0T5X5_AURPU",100,411,5.78e-287,776,"A0ABR0T5X5"
"KAK6000479.1","tr|A0ABR0T7Y2|A0ABR0T7Y2_AURPU",100,371,2.52e-288,776,"A0ABR0T7Y2"
"KAK6000599.1","tr|A0ABR0T898|A0ABR0T898_AURPU",100,479,2.24e-284,776,"A0ABR0T898"
"KAK6002041.1","tr|A0ABR0TC71|A0ABR0TC71_AURPU",100,386,8.19e-288,776,"A0ABR0TC71"
"KAK6004178.1","tr|A0ABR0TIB4|A0ABR0TIB4_AURPU",100,381,1.12e-287,776,"A0ABR0TIB4"
"KAK6005555.1","tr|A0ABR0TNU3|A0ABR0TNU3_AURPU",100,549,2.27e-282,776,"A0ABR0TNU3"
"KAK6005966.1","tr|A0ABR0TPD8|A0ABR0TPD8_AURPU",100,396,3.61e-287,776,"A0ABR0TPD8"
"CAC9894255.1","tr|A0ABR0TJV6|A0ABR0TJV6_AURPU",89.8,423,1.45e-286,776,"A0ABR0TJV6"
"CAR1038287.1","tr|A0ABR0TNX4|A0ABR0TNX4_AURPU",93.6,421,7.49e-284,776,"A0ABR0TNX4"
"KAK6001674.1","tr|A0ABR0TBQ2|A0ABR0TBQ2_AURPU",100,385,4.38e-287,775,"A0ABR0TBQ2"
"KAK6001970.1","tr|A0ABR0TDG7|A0ABR0TDG7_AURPU",100,429,6.72e-286,775,"A0ABR0TDG7"
"KAK6001976.1","tr|A0ABR0TD67|A0ABR0TD67_AURPU",100,379,1.93e-287,775,"A0ABR0TD67"
"KAK6003397.1","tr|A0ABR0TGZ4|A0ABR0TGZ4_AURPU",100,404,1.36e-286,775,"A0ABR0TGZ4"
"KAK6004492.1","tr|A0ABR0TK25|A0ABR0TK25_AURPU",100,385,2.17e-287,775,"A0ABR0TK25"
"KAK6004573.1","tr|A0ABR0TJE5|A0ABR0TJE5_AURPU",100,378,2.53e-287,775,"A0ABR0TJE5"
"KAK6004802.1","tr|A0ABR0TK60|A0ABR0TK60_AURPU",100,393,8.18999999999999e-287,775,"A0ABR0TK60"
"KAK6005575.1","tr|A0ABR0TNP8|A0ABR0TNP8_AURPU",100,394,4.39e-287,775,"A0ABR0TNP8"
"KAK6006240.1","tr|A0ABR0TP78|A0ABR0TP78_AURPU",100,438,1.35e-285,775,"A0ABR0TP78"
"KAK6006628.1","tr|A0ABR0TQA0|A0ABR0TQA0_AURPU",100,462,1.22e-284,775,"A0ABR0TQA0"
"KAK6007233.1","tr|A0ABR0TRZ9|A0ABR0TRZ9_AURPU",100,439,1.46e-285,775,"A0ABR0TRZ9"
"CAD0058612.1","tr|A0ABR0TAH5|A0ABR0TAH5_AURPU",91,454,4.62e-282,775,"A0ABR0TAH5"
"THV79774.1","tr|A0ABR0TU72|A0ABR0TU72_AURPU",91.5,399,1.61e-285,774,"A0ABR0TU72"
"KAK5999625.1","tr|A0ABR0T5B8|A0ABR0T5B8_AURPU",100,389,8.50999999999999e-287,774,"A0ABR0T5B8"
"KAK6000718.1","tr|A0ABR0T8F1|A0ABR0T8F1_AURPU",100,572,1.48e-280,774,"A0ABR0T8F1"
"KAK6002380.1","tr|A0ABR0TEH1|A0ABR0TEH1_AURPU",100,400,2.86e-286,774,"A0ABR0TEH1"
"KAK6002648.1","tr|A0ABR0TDY6|A0ABR0TDY6_AURPU",100,428,1.78e-285,774,"A0ABR0TDY6"
"KAK6003377.1","tr|A0ABR0TG02|A0ABR0TG02_AURPU",100,393,1.16e-286,774,"A0ABR0TG02"
"KAK6006812.1","tr|A0ABR0TQU1|A0ABR0TQU1_AURPU",100,391,1.41e-286,774,"A0ABR0TQU1"
"KAK6007767.1","tr|A0ABR0TTX0|A0ABR0TTX0_AURPU",100,401,2.18e-286,774,"A0ABR0TTX0"
"CAC9888231.1","tr|A0ABR0T744|A0ABR0T744_AURPU",90.1,707,1.23e-276,774,"A0ABR0T744"
"THY26508.1","tr|A0ABR0T710|A0ABR0T710_AURPU",89.6,444,1.48e-284,773,"A0ABR0T710"
"KAK6001292.1","tr|A0ABR0TA28|A0ABR0TA28_AURPU",100,380,1.2e-286,773,"A0ABR0TA28"
"KAK6002341.1","tr|A0ABR0TD22|A0ABR0TD22_AURPU",100,377,9.51999999999999e-287,773,"A0ABR0TD22"
"KAK6003593.1","tr|A0ABR0TGM4|A0ABR0TGM4_AURPU",100,398,3.47e-286,773,"A0ABR0TGM4"
"KAK6004383.1","tr|A0ABR0TIV9|A0ABR0TIV9_AURPU",100,376,1.25e-286,773,"A0ABR0TIV9"
"KAK6005076.1","tr|A0ABR0TME6|A0ABR0TME6_AURPU",100,380,1.71e-286,773,"A0ABR0TME6"
"KAK6007148.1","tr|A0ABR0TRT2|A0ABR0TRT2_AURPU",100,380,8.47999999999999e-287,773,"A0ABR0TRT2"
"KAK6007875.1","tr|A0ABR0TTU9|A0ABR0TTU9_AURPU",100,406,9.20999999999999e-286,773,"A0ABR0TTU9"
"CAC9885716.1","tr|A0ABR0TWQ5|A0ABR0TWQ5_AURPU",94,401,4.07e-286,773,"A0ABR0TWQ5"
"THV75798.1","tr|A0ABR0TVE0|A0ABR0TVE0_AURPU",95,403,3.29e-279,772,"A0ABR0TVE0"
"THY48070.1","tr|A0ABR0TIA9|A0ABR0TIA9_AURPU",92.8,461,1.03e-283,772,"A0ABR0TIA9"
"THX61378.1","tr|A0ABR0TFJ3|A0ABR0TFJ3_AURPU",99.3,437,2.16e-282,772,"A0ABR0TFJ3"
"KAK6003996.1","tr|A0ABR0TJB4|A0ABR0TJB4_AURPU",100,393,6.73e-286,772,"A0ABR0TJB4"
"KAK6006080.1","tr|A0ABR0TQD6|A0ABR0TQD6_AURPU",100,386,3.89e-286,772,"A0ABR0TQD6"
"CAD0015488.1","tr|A0ABR0T8Z3|A0ABR0T8Z3_AURPU",89.6,432,4.98e-285,772,"A0ABR0T8Z3"
"THX59544.1","tr|A0ABR0TD05|A0ABR0TD05_AURPU",93.1,392,8.34999999999999e-281,771,"A0ABR0TD05"
"KAK6001027.1","tr|A0ABR0TA79|A0ABR0TA79_AURPU",100,392,1.78e-285,771,"A0ABR0TA79"
"KAK6002862.1","tr|A0ABR0TET8|A0ABR0TET8_AURPU",100,383,6.21e-286,771,"A0ABR0TET8"
"KAK6003444.1","tr|A0ABR0TGR6|A0ABR0TGR6_AURPU",100,378,8.46e-286,771,"A0ABR0TGR6"
"KAK6003480.1","tr|A0ABR0TGD7|A0ABR0TGD7_AURPU",100,582,5.14e-279,771,"A0ABR0TGD7"
"KAK6004355.1","tr|A0ABR0TKD5|A0ABR0TKD5_AURPU",100,397,1.86e-285,771,"A0ABR0TKD5"
"KAK6006895.1","tr|A0ABR0TSJ1|A0ABR0TSJ1_AURPU",100,390,2.17e-285,771,"A0ABR0TSJ1"
"KAK6008279.1","tr|A0ABR0TUZ0|A0ABR0TUZ0_AURPU",100,395,3.2e-285,771,"A0ABR0TUZ0"
"KAK6008321.1","tr|A0ABR0TVX2|A0ABR0TVX2_AURPU",100,379,9.14999999999999e-286,771,"A0ABR0TVX2"
"KAK6008727.1","tr|A0ABR0TWQ1|A0ABR0TWQ1_AURPU",100,401,5.12e-285,771,"A0ABR0TWQ1"
"KAL2028793.1","tr|A0ABR0TBT6|A0ABR0TBT6_AURPU",91.4,442,5.48e-284,771,"A0ABR0TBT6"
"OBW68970.1","tr|A0ABR0TIG0|A0ABR0TIG0_AURPU",91.9,455,5.26e-282,770,"A0ABR0TIG0"
"KAK6006276.1","tr|A0ABR0TQX1|A0ABR0TQX1_AURPU",100,404,9.19e-285,770,"A0ABR0TQX1"
"KAK6008300.1","tr|A0ABR0TWS9|A0ABR0TWS9_AURPU",100,400,9.55e-285,770,"A0ABR0TWS9"
"THW19001.1","tr|A0ABR0TSB8|A0ABR0TSB8_AURPU",93.4,394,1.55e-284,769,"A0ABR0TSB8"
"THW52008.1","tr|A0ABR0TDT6|A0ABR0TDT6_AURPU",85.8,465,3.08e-283,769,"A0ABR0TDT6"
"THX82896.1","tr|A0ABR0TD71|A0ABR0TD71_AURPU",92.5,400,3.25e-284,769,"A0ABR0TD71"
"THY04931.1","tr|A0ABR0TR13|A0ABR0TR13_AURPU",95.5,403,1.95e-284,769,"A0ABR0TR13"
"KAK6001916.1","tr|A0ABR0TD16|A0ABR0TD16_AURPU",100,404,2.63e-284,769,"A0ABR0TD16"
"KAK6003701.1","tr|A0ABR0TI15|A0ABR0TI15_AURPU",100,448,5.63e-283,769,"A0ABR0TI15"
"KAK6008630.1","tr|A0ABR0TXH5|A0ABR0TXH5_AURPU",100,394,1.21e-284,769,"A0ABR0TXH5"
"KEQ83618.1","tr|A0ABR0TDY7|A0ABR0TDY7_AURPU",97.8,407,1.35e-283,768,"A0ABR0TDY7"
"KAK5999899.1","tr|A0ABR0T628|A0ABR0T628_AURPU",100,386,1.3e-284,768,"A0ABR0T628"
"KAK6000567.1","tr|A0ABR0T8C9|A0ABR0T8C9_AURPU",100,387,2.84e-284,768,"A0ABR0T8C9"
"KAK6000811.1","tr|A0ABR0T8P8|A0ABR0T8P8_AURPU",100,494,5.51e-281,768,"A0ABR0T8P8"
"KAK6002844.1","tr|A0ABR0TF23|A0ABR0TF23_AURPU",100,403,4.91e-284,768,"A0ABR0TF23"
"KAK6003858.1","tr|A0ABR0THE2|A0ABR0THE2_AURPU",100,389,1.65e-284,768,"A0ABR0THE2"
"KAK6008640.1","tr|A0ABR0TW03|A0ABR0TW03_AURPU",100,383,1.03e-284,768,"A0ABR0TW03"
"CAD0023899.1","tr|A0ABR0T7P3|A0ABR0T7P3_AURPU",88.1,470,4.64e-282,768,"A0ABR0T7P3"
"KAK6006917.1","tr|A0ABR0TR55|A0ABR0TR55_AURPU",100,421,5.72e-283,767,"A0ABR0TR55"
"KAK6008194.1","tr|A0ABR0TUN4|A0ABR0TUN4_AURPU",100,386,3.73e-284,767,"A0ABR0TUN4"
"KEQ78588.1","tr|A0ABR0T8H7|A0ABR0T8H7_AURPU",92.6,403,4.04e-283,766,"A0ABR0T8H7"
"THV99810.1","tr|A0ABR0TBL4|A0ABR0TBL4_AURPU",91.1,417,1.54e-282,766,"A0ABR0TBL4"
"THW61836.1","tr|A0ABR0TR49|A0ABR0TR49_AURPU",94,416,1.85e-281,766,"A0ABR0TR49"
"THX88267.1","tr|A0ABR0TMK1|A0ABR0TMK1_AURPU",91.8,400,3.36e-283,766,"A0ABR0TMK1"
"KAK5999981.1","tr|A0ABR0T7M4|A0ABR0T7M4_AURPU",100,384,9.14e-284,766,"A0ABR0T7M4"
"KAK6001215.1","tr|A0ABR0T9V9|A0ABR0T9V9_AURPU",100,382,1.11e-283,766,"A0ABR0T9V9"
"KAK6002604.1","tr|A0ABR0TEC2|A0ABR0TEC2_AURPU",100,370,2.15e-284,766,"A0ABR0TEC2"
"KAK6003227.1","tr|A0ABR0TFL0|A0ABR0TFL0_AURPU",100,542,1.21e-278,766,"A0ABR0TFL0"
"KAK6004602.1","tr|A0ABR0TJT7|A0ABR0TJT7_AURPU",100,428,1.98e-282,766,"A0ABR0TJT7"
"KAK6004664.1","tr|A0ABR0TJT1|A0ABR0TJT1_AURPU",100,394,1.41e-283,766,"A0ABR0TJT1"
"KAK6006710.1","tr|A0ABR0TS71|A0ABR0TS71_AURPU",100,507,8.55e-280,766,"A0ABR0TS71"
"KAK6007690.1","tr|A0ABR0TUX7|A0ABR0TUX7_AURPU",100,417,8.45e-283,766,"A0ABR0TUX7"
"KAK6008446.1","tr|A0ABR0TVD6|A0ABR0TVD6_AURPU",100,372,2.51e-284,766,"A0ABR0TVD6"
"THZ15075.1","tr|A0ABR0THA7|A0ABR0THA7_AURPU",95.9,411,1.15e-281,765,"A0ABR0THA7"
"KAK5999452.1","tr|A0ABR0T5R1|A0ABR0T5R1_AURPU",100,383,2.42e-283,765,"A0ABR0T5R1"
"KAK6001900.1","tr|A0ABR0TD49|A0ABR0TD49_AURPU",100,373,7.79e-284,765,"A0ABR0TD49"
"KAK6006631.1","tr|A0ABR0TQC8|A0ABR0TQC8_AURPU",100,380,1.92e-283,765,"A0ABR0TQC8"
"KAK6007236.1","tr|A0ABR0TTQ2|A0ABR0TTQ2_AURPU",100,389,2.73e-283,765,"A0ABR0TTQ2"
"THW67535.1","tr|A0A4S9VC37|A0A4S9VC37_AURPU",100,392,5.51e-282,764,"A0A4S9VC37"
"THY15761.1","tr|A0ABR0TTG3|A0ABR0TTG3_AURPU",96.7,390,1.25e-281,764,"A0ABR0TTG3"
"KAK6000326.1","tr|A0ABR0T8L9|A0ABR0T8L9_AURPU",100,377,3.06e-283,764,"A0ABR0T8L9"
"KAK6001022.1","tr|A0ABR0T9A5|A0ABR0T9A5_AURPU",100,379,5.08e-283,764,"A0ABR0T9A5"
"KAK6001690.1","tr|A0ABR0TCH8|A0ABR0TCH8_AURPU",100,380,5.49e-283,764,"A0ABR0TCH8"
"KAK6004071.1","tr|A0ABR0TJJ1|A0ABR0TJJ1_AURPU",100,373,3.17e-283,764,"A0ABR0TJJ1"
"KAK6004918.1","tr|A0ABR0TKD6|A0ABR0TKD6_AURPU",100,378,4.69e-283,764,"A0ABR0TKD6"
"KAK6005388.1","tr|A0ABR0TLR6|A0ABR0TLR6_AURPU",100,390,8.46e-283,764,"A0ABR0TLR6"
"KAK6005671.1","tr|A0ABR0TMK2|A0ABR0TMK2_AURPU",100,430,1.34e-281,764,"A0ABR0TMK2"
"KAK6007321.1","tr|A0ABR0TS96|A0ABR0TS96_AURPU",100,413,3.58e-282,764,"A0ABR0TS96"
"KAK6007988.1","tr|A0ABR0TU88|A0ABR0TU88_AURPU",100,387,9.5e-283,764,"A0ABR0TU88"
"OBW68363.1","tr|A0ABR0TAY8|A0ABR0TAY8_AURPU",92.7,427,4e-281,763,"A0ABR0TAY8"
"THY57728.1","tr|A0ABR0TW94|A0ABR0TW94_AURPU",86.9,465,1.2e-279,763,"A0ABR0TW94"
"THZ08536.1","tr|A0ABR0TU00|A0ABR0TU00_AURPU",98.2,388,2.04e-281,763,"A0ABR0TU00"
"KAK5999639.1","tr|A0ABR0T5K5|A0ABR0T5K5_AURPU",100,413,1.46e-281,763,"A0ABR0T5K5"
"KAK5999984.1","tr|A0ABR0T6K7|A0ABR0T6K7_AURPU",100,384,1.52e-282,763,"A0ABR0T6K7"
"KAK6001568.1","tr|A0ABR0TAV0|A0ABR0TAV0_AURPU",100,395,5.09e-282,763,"A0ABR0TAV0"
"KAK6002103.1","tr|A0ABR0TCD5|A0ABR0TCD5_AURPU",100,381,1.2e-282,763,"A0ABR0TCD5"
"KAK6003535.1","tr|A0ABR0THU1|A0ABR0THU1_AURPU",100,432,4.48e-281,763,"A0ABR0THU1"
"KAK6003575.1","tr|A0ABR0TI34|A0ABR0TI34_AURPU",100,394,2.33e-282,763,"A0ABR0TI34"
"KAK6003642.1","tr|A0ABR0TH20|A0ABR0TH20_AURPU",100,372,8.41e-283,763,"A0ABR0TH20"
"KAK6002394.1","tr|A0ABR0TDR8|A0ABR0TDR8_AURPU",100,393,6.18e-282,762,"A0ABR0TDR8"
"KAK6002551.1","tr|A0ABR0TDN7|A0ABR0TDN7_AURPU",100,388,4.18e-282,762,"A0ABR0TDN7"
"KAK6006623.1","tr|A0ABR0TQA7|A0ABR0TQA7_AURPU",100,378,2.72e-282,762,"A0ABR0TQA7"
"KEQ80022.1","tr|A0ABR0TFQ5|A0ABR0TFQ5_AURPU",86.1,468,5.46e-279,761,"A0ABR0TFQ5"
"THV85843.1","tr|A0ABR0TUM2|A0ABR0TUM2_AURPU",90,469,4.47e-277,761,"A0ABR0TUM2"
"KAK5999951.1","tr|A0ABR0T7J4|A0ABR0T7J4_AURPU",100,378,3.86e-282,761,"A0ABR0T7J4"
"KAK6000832.1","tr|A0ABR0T9N4|A0ABR0T9N4_AURPU",100,388,8.44e-282,761,"A0ABR0T9N4"
"KAK6001217.1","tr|A0ABR0T9V3|A0ABR0T9V3_AURPU",100,375,4.33e-282,761,"A0ABR0T9V3"
"KAK6002751.1","tr|A0ABR0TFP4|A0ABR0TFP4_AURPU",100,381,9.85e-282,761,"A0ABR0TFP4"
"KAK6005278.1","tr|A0ABR0TLF3|A0ABR0TLF3_AURPU",100,423,1.83e-280,761,"A0ABR0TLF3"
"CAD0010299.1","tr|A0ABR0TLP1|A0ABR0TLP1_AURPU",96.1,409,5.56e-281,761,"A0ABR0TLP1"
"CAD0015690.1","tr|A0ABR0T9M7|A0ABR0T9M7_AURPU",91.4,419,9.99999999999999e-281,761,"A0ABR0T9M7"
"CAD0048444.1","tr|A0ABR0TG51|A0ABR0TG51_AURPU",91.9,443,1.67e-277,761,"A0ABR0TG51"
"KAK6001997.1","tr|A0ABR0TC25|A0ABR0TC25_AURPU",100,378,1.11e-281,760,"A0ABR0TC25"
"KAK6002590.1","tr|A0ABR0TF31|A0ABR0TF31_AURPU",100,430,9.01e-280,760,"A0ABR0TF31"
"KAK6004251.1","tr|A0ABR0TK48|A0ABR0TK48_AURPU",100,385,2.72e-281,760,"A0ABR0TK48"
"THW35601.1","tr|A0ABR0TE70|A0ABR0TE70_AURPU",92.3,390,1.26e-280,759,"A0ABR0TE70"
"THY99699.1","tr|A0ABR0T5W5|A0ABR0T5W5_AURPU",98.9,380,1.07e-280,759,"A0ABR0T5W5"
"KAK5999364.1","tr|A0ABR0T570|A0ABR0T570_AURPU",100,370,2.4e-281,759,"A0ABR0T570"
"KAK6000012.1","tr|A0ABR0T6S0|A0ABR0T6S0_AURPU",100,530,2.67e-276,759,"A0ABR0T6S0"
"KAK6001624.1","tr|A0ABR0TB03|A0ABR0TB03_AURPU",100,425,8.69e-280,759,"A0ABR0TB03"
"KAK6002021.1","tr|A0ABR0TDB2|A0ABR0TDB2_AURPU",100,385,7.79e-281,759,"A0ABR0TDB2"
"KAK6002304.1","tr|A0ABR0TDI0|A0ABR0TDI0_AURPU",100,383,4.69e-281,759,"A0ABR0TDI0"
"KAK6002309.1","tr|A0ABR0TD14|A0ABR0TD14_AURPU",100,372,1.39e-281,759,"A0ABR0TD14"
"KAK6004833.1","tr|A0ABR0TK55|A0ABR0TK55_AURPU",100,390,8.1e-281,759,"A0ABR0TK55"
"CAR1019738.1","tr|A0ABR0T8H2|A0ABR0T8H2_AURPU",96,399,1.94e-279,759,"A0ABR0T8H2"
"KEQ88741.1","tr|A0ABR0TGP4|A0ABR0TGP4_AURPU",96.1,383,1.91e-280,758,"A0ABR0TGP4"
"KAK6002829.1","tr|A0ABR0TF11|A0ABR0TF11_AURPU",100,373,8.72e-281,758,"A0ABR0TF11"
"KAK6003190.1","tr|A0ABR0TGV6|A0ABR0TGV6_AURPU",100,398,3.05e-280,758,"A0ABR0TGV6"
"KAK6005402.1","tr|A0ABR0TLV1|A0ABR0TLV1_AURPU",100,403,4.51e-280,758,"A0ABR0TLV1"
"KAK6006992.1","tr|A0ABR0TRD4|A0ABR0TRD4_AURPU",100,359,1.44e-281,758,"A0ABR0TRD4"
"KAK6007806.1","tr|A0ABR0TVB0|A0ABR0TVB0_AURPU",100,397,2.82e-280,758,"A0ABR0TVB0"
"KAK6008233.1","tr|A0ABR0TUQ5|A0ABR0TUQ5_AURPU",100,374,4.67e-281,758,"A0ABR0TUQ5"
"CAC9885116.1","tr|A0ABR0TQM8|A0ABR0TQM8_AURPU",89.3,459,2.39e-278,758,"A0ABR0TQM8"
"THY81847.1","tr|A0ABR0TBE4|A0ABR0TBE4_AURPU",92.6,393,2.2e-279,757,"A0ABR0TBE4"
"KAK5999370.1","tr|A0ABR0T4L8|A0ABR0T4L8_AURPU",100,394,9.09e-280,757,"A0ABR0T4L8"
"KAK6000016.1","tr|A0ABR0T6F2|A0ABR0T6F2_AURPU",100,367,1.1e-280,757,"A0ABR0T6F2"
"KAK6000404.1","tr|A0ABR0T7Q5|A0ABR0T7Q5_AURPU",100,434,1.43e-278,757,"A0ABR0T7Q5"
"KAK6001421.1","tr|A0ABR0TBN3|A0ABR0TBN3_AURPU",100,551,1.06e-274,757,"A0ABR0TBN3"
"KAK6005128.1","tr|A0ABR0TL01|A0ABR0TL01_AURPU",100,368,8.37e-281,757,"A0ABR0TL01"
"CAC9888981.1","tr|A0ABR0TMX6|A0ABR0TMX6_AURPU",92.1,482,4.11e-277,757,"A0ABR0TMX6"
"KEQ85431.1","tr|A0ABR0TAK2|A0ABR0TAK2_AURPU",97.1,379,5.68e-280,756,"A0ABR0TAK2"
"THV65983.1","tr|A0ABR0TT33|A0ABR0TT33_AURPU",97.2,398,2.23e-279,756,"A0ABR0TT33"
"THX53537.1","tr|A0ABR0TN00|A0ABR0TN00_AURPU",99,421,7.9e-278,756,"A0ABR0TN00"
"THZ11160.1","tr|A0ABR0TC87|A0ABR0TC87_AURPU",95.3,408,7.7e-278,756,"A0ABR0TC87"
"KAK5999338.1","tr|A0ABR0T4D7|A0ABR0T4D7_AURPU",100,391,1.45e-279,756,"A0ABR0T4D7"
"KAK5999575.1","tr|A0ABR0T6B3|A0ABR0T6B3_AURPU",100,386,1.4e-279,756,"A0ABR0T6B3"
"KAK6004638.1","tr|A0ABR0TJK8|A0ABR0TJK8_AURPU",100,372,4.66e-280,756,"A0ABR0TJK8"
"KAK6005431.1","tr|A0ABR0TLW0|A0ABR0TLW0_AURPU",100,380,6.14e-280,756,"A0ABR0TLW0"
"KAK6006701.1","tr|A0ABR0TRF3|A0ABR0TRF3_AURPU",100,376,3.16e-280,756,"A0ABR0TRF3"
"KAK6007604.1","tr|A0ABR0TT35|A0ABR0TT35_AURPU",100,376,6.38e-280,756,"A0ABR0TT35"
"KAK6007811.1","tr|A0ABR0TUG5|A0ABR0TUG5_AURPU",100,381,4.68e-280,756,"A0ABR0TUG5"
"KAK6007999.1","tr|A0ABR0TU53|A0ABR0TU53_AURPU",100,407,3.56e-279,756,"A0ABR0TU53"
"KAK6008148.1","tr|A0ABR0TUL7|A0ABR0TUL7_AURPU",100,368,1.69e-280,756,"A0ABR0TUL7"
"THZ89528.1","tr|A0ABR0TTB9|A0ABR0TTB9_AURPU",94.8,425,5.54e-277,755,"A0ABR0TTB9"
"KAK6004329.1","tr|A0ABR0TJA9|A0ABR0TJA9_AURPU",100,390,2.71e-279,755,"A0ABR0TJA9"
"KAK6004641.1","tr|A0ABR0TL74|A0ABR0TL74_AURPU",100,366,4.33e-279,755,"A0ABR0TL74"
"KAK6005373.1","tr|A0ABR0TLQ1|A0ABR0TLQ1_AURPU",100,380,1.24e-279,755,"A0ABR0TLQ1"
"KAK6007085.1","tr|A0ABR0TT89|A0ABR0TT89_AURPU",100,384,1.7e-279,755,"A0ABR0TT89"
"CAD0041285.1","tr|A0ABR0TVA9|A0ABR0TVA9_AURPU",91.9,396,6.16e-279,755,"A0ABR0TVA9"
"KEQ83202.1","tr|A0ABR0TQR6|A0ABR0TQR6_AURPU",97.2,390,5.47e-279,754,"A0ABR0TQR6"
"THX01870.1","tr|A0ABR0TDU3|A0ABR0TDU3_AURPU",88.9,413,1.46e-273,754,"A0ABR0TDU3"
"THZ11675.1","tr|A0ABR0TK07|A0ABR0TK07_AURPU",93.2,414,1.17e-277,754,"A0ABR0TK07"
"KAK5999666.1","tr|A0ABR0T6P3|A0ABR0T6P3_AURPU",100,381,3.84e-279,754,"A0ABR0T6P3"
"KAK6004706.1","tr|A0ABR0TKT8|A0ABR0TKT8_AURPU",100,403,2.14e-278,754,"A0ABR0TKT8"
"KAK6006604.1","tr|A0ABR0TQ98|A0ABR0TQ98_AURPU",100,388,6.64e-279,754,"A0ABR0TQ98"
"KAK6006890.1","tr|A0ABR0TSP6|A0ABR0TSP6_AURPU",100,390,1.1e-278,754,"A0ABR0TSP6"
"CAC9893177.1","tr|A0ABR0TV69|A0ABR0TV69_AURPU",87.6,436,2.36e-277,754,"A0ABR0TV69"
"KAK6000650.1","tr|A0ABR0T9J8|A0ABR0T9J8_AURPU",100,446,1.71e-276,753,"A0ABR0T9J8"
"KAK6001371.1","tr|A0ABR0TBS1|A0ABR0TBS1_AURPU",100,385,2.14e-278,753,"A0ABR0TBS1"
"KAK6002008.1","tr|A0ABR0TC34|A0ABR0TC34_AURPU",100,481,1.76e-275,753,"A0ABR0TC34"
"KAK6002930.1","tr|A0ABR0TG79|A0ABR0TG79_AURPU",100,392,2.6e-278,753,"A0ABR0TG79"
"KAK6002682.1","tr|A0ABR0TEB0|A0ABR0TEB0_AURPU",100,371,1.02e-278,752,"A0ABR0TEB0"
"KAK6004892.1","tr|A0ABR0TKE8|A0ABR0TKE8_AURPU",100,370,1.33e-278,752,"A0ABR0TKE8"
"KAK6005704.1","tr|A0ABR0TMP6|A0ABR0TMP6_AURPU",100,359,5.63e-279,752,"A0ABR0TMP6"
"KAK6007861.1","tr|A0ABR0TTP5|A0ABR0TTP5_AURPU",100,462,1.68e-275,752,"A0ABR0TTP5"
"KAK6008370.1","tr|A0ABR0TV89|A0ABR0TV89_AURPU",100,360,6.09e-279,752,"A0ABR0TV89"
"OBW66858.1","tr|A0ABR0TBX8|A0ABR0TBX8_AURPU",94.4,410,1.89e-268,751,"A0ABR0TBX8"
"OBW68858.1","tr|A0ABR0TEN9|A0ABR0TEN9_AURPU",98.2,379,9.13e-264,751,"A0ABR0TEN9"
"THW59738.1","tr|A0ABR0TDU0|A0ABR0TDU0_AURPU",96.9,387,4.86e-277,751,"A0ABR0TDU0"
"KAK6001199.1","tr|A0ABR0T9Z6|A0ABR0T9Z6_AURPU",100,390,9.06e-278,751,"A0ABR0T9Z6"
"KAK6002291.1","tr|A0ABR0TE21|A0ABR0TE21_AURPU",100,377,4.66e-278,751,"A0ABR0TE21"
"KAK6002487.1","tr|A0ABR0TDU7|A0ABR0TDU7_AURPU",100,381,9.05e-278,751,"A0ABR0TDU7"
"KAK6002734.1","tr|A0ABR0TEA1|A0ABR0TEA1_AURPU",100,415,1.28e-276,751,"A0ABR0TEA1"
"KAK6000315.1","tr|A0ABR0T797|A0ABR0T797_AURPU",100,374,7.43e-278,750,"A0ABR0T797"
"KAK6001154.1","tr|A0ABR0T9T5|A0ABR0T9T5_AURPU",100,428,7.05e-276,750,"A0ABR0T9T5"
"KAK6003712.1","tr|A0ABR0THV6|A0ABR0THV6_AURPU",100,365,3.67e-278,750,"A0ABR0THV6"
"KAK6004250.1","tr|A0ABR0TK42|A0ABR0TK42_AURPU",100,372,6.36e-278,750,"A0ABR0TK42"
"KAK6004697.1","tr|A0ABR0TJV3|A0ABR0TJV3_AURPU",100,394,3.55e-277,750,"A0ABR0TJV3"
"THV82290.1","tr|A0ABR0TV11|A0ABR0TV11_AURPU",96.1,386,3.85e-276,749,"A0ABR0TV11"
"THV97196.1","tr|A0ABR0TIL3|A0ABR0TIL3_AURPU",90.9,416,2.96e-275,749,"A0ABR0TIL3"
"KAK5999746.1","tr|A0ABR0T5N7|A0ABR0T5N7_AURPU",100,378,4.14e-277,749,"A0ABR0T5N7"
"KAK6000191.1","tr|A0ABR0T886|A0ABR0T886_AURPU",100,366,1.14e-277,749,"A0ABR0T886"
"KAK6001368.1","tr|A0ABR0TAA1|A0ABR0TAA1_AURPU",100,570,9.67999999999999e-271,749,"A0ABR0TAA1"
"KAK6005899.1","tr|A0ABR0TN89|A0ABR0TN89_AURPU",100,506,7.91e-273,749,"A0ABR0TN89"
"KAK6007872.1","tr|A0ABR0TU75|A0ABR0TU75_AURPU",100,377,1.9e-277,749,"A0ABR0TU75"
"KAK6008578.1","tr|A0ABR0TVR0|A0ABR0TVR0_AURPU",100,369,1.44e-277,749,"A0ABR0TVR0"
"CAC9885548.1","tr|A0ABR0TX63|A0ABR0TX63_AURPU",89.9,424,9.77999999999999e-276,749,"A0ABR0TX63"
"KEQ82275.1","tr|A0ABR0TIH1|A0ABR0TIH1_AURPU",96.5,402,5.43e-276,748,"A0ABR0TIH1"
"OBW68519.1","tr|A0ABR0TCY4|A0ABR0TCY4_AURPU",96.2,391,3.27e-269,748,"A0ABR0TCY4"
"KAK6001584.1","tr|A0ABR0TBG8|A0ABR0TBG8_AURPU",100,478,2.29e-271,748,"A0ABR0TBG8"
"KAK6001660.1","tr|A0ABR0TCE6|A0ABR0TCE6_AURPU",100,376,7.14e-277,748,"A0ABR0TCE6"
"KAK6006848.1","tr|A0ABR0TQX7|A0ABR0TQX7_AURPU",100,367,3.53e-277,748,"A0ABR0TQX7"
"THZ63728.1","tr|A0ABR0TD47|A0ABR0TD47_AURPU",98.7,391,4.9e-275,747,"A0ABR0TD47"
"KAK5999486.1","tr|A0ABR0T671|A0ABR0T671_AURPU",100,354,2.57e-277,747,"A0ABR0T671"
"KAK6002529.1","tr|A0ABR0TE56|A0ABR0TE56_AURPU",100,415,3e-275,747,"A0ABR0TE56"
"KAK6004133.1","tr|A0ABR0TI71|A0ABR0TI71_AURPU",100,390,6.11e-276,747,"A0ABR0TI71"
"KAK6004504.1","tr|A0ABR0TJ72|A0ABR0TJ72_AURPU",100,395,9.01999999999999e-276,747,"A0ABR0TJ72"
"KAK6008436.1","tr|A0ABR0TWX4|A0ABR0TWX4_AURPU",100,449,5.89e-274,747,"A0ABR0TWX4"
"KAK6008480.1","tr|A0ABR0TX71|A0ABR0TX71_AURPU",100,410,2.04e-275,747,"A0ABR0TX71"
"THY05452.1","tr|A0ABR0TKI4|A0ABR0TKI4_AURPU",94.4,378,3.34e-273,746,"A0ABR0TKI4"
"THZ88419.1","tr|A0ABR0T7P0|A0ABR0T7P0_AURPU",93,383,1.41e-275,746,"A0ABR0T7P0"
"KAK6000409.1","tr|A0ABR0T7I4|A0ABR0T7I4_AURPU",100,367,1.44e-276,746,"A0ABR0T7I4"
"KAK6000657.1","tr|A0ABR0T8M2|A0ABR0T8M2_AURPU",100,367,1.44e-276,746,"A0ABR0T8M2"
"KAK6001050.1","tr|A0ABR0T9D0|A0ABR0T9D0_AURPU",100,587,3.96e-269,746,"A0ABR0T9D0"
"KAK6004916.1","tr|A0ABR0TLF6|A0ABR0TLF6_AURPU",100,397,1.5e-275,746,"A0ABR0TLF6"
"KAK6006609.1","tr|A0ABR0TQR7|A0ABR0TQR7_AURPU",100,383,7.14e-276,746,"A0ABR0TQR7"
"KAK6008028.1","tr|A0ABR0TU96|A0ABR0TU96_AURPU",100,446,1.34e-273,746,"A0ABR0TU96"
"CAD0016147.1","tr|A0ABR0TLC4|A0ABR0TLC4_AURPU",95.7,394,2e-275,746,"A0ABR0TLC4"
"THX76168.1","tr|A0ABR0TCE8|A0ABR0TCE8_AURPU",96.5,370,2.36e-275,745,"A0ABR0TCE8"
"KAK6004955.1","tr|A0ABR0TM27|A0ABR0TM27_AURPU",100,418,2.19e-274,745,"A0ABR0TM27"
"KAK6005769.1","tr|A0ABR0TNG8|A0ABR0TNG8_AURPU",100,375,1.09e-275,745,"A0ABR0TNG8"
"KAK6006547.1","tr|A0ABR0TR18|A0ABR0TR18_AURPU",100,357,1.88e-276,745,"A0ABR0TR18"
"THY36694.1","tr|A0ABR0TFF3|A0ABR0TFF3_AURPU",97.3,374,2.85e-274,744,"A0ABR0TFF3"
"THZ28975.1","tr|A0ABR0TFI8|A0ABR0TFI8_AURPU",90.5,419,6.8e-274,744,"A0ABR0TFI8"
"KAK5999943.1","tr|A0ABR0T691|A0ABR0T691_AURPU",100,379,3.02e-275,744,"A0ABR0T691"
"KAK6000833.1","tr|A0ABR0T8R8|A0ABR0T8R8_AURPU",100,355,6.54e-276,744,"A0ABR0T8R8"
"KAK6002780.1","tr|A0ABR0TFT7|A0ABR0TFT7_AURPU",100,409,3.12e-274,744,"A0ABR0TFT7"
"KAK6004277.1","tr|A0ABR0TIQ1|A0ABR0TIQ1_AURPU",100,384,4.46e-275,744,"A0ABR0TIQ1"
"KAK6004958.1","tr|A0ABR0TKK7|A0ABR0TKK7_AURPU",100,383,5.86e-275,744,"A0ABR0TKK7"
"KAK6005186.1","tr|A0ABR0TM74|A0ABR0TM74_AURPU",100,381,3.53e-275,744,"A0ABR0TM74"
"KAK6005325.1","tr|A0ABR0TLK7|A0ABR0TLK7_AURPU",100,374,2.04e-275,744,"A0ABR0TLK7"
"KAK6007447.1","tr|A0ABR0TTN4|A0ABR0TTN4_AURPU",100,360,4.8e-276,744,"A0ABR0TTN4"
"KAK6008588.1","tr|A0ABR0TW02|A0ABR0TW02_AURPU",100,371,2.29e-275,744,"A0ABR0TW02"
"THV78220.1","tr|A0ABR0TSF7|A0ABR0TSF7_AURPU",97.6,376,5.67e-275,743,"A0ABR0TSF7"
"THZ74613.1","tr|A0ABR0TPG5|A0ABR0TPG5_AURPU",89.2,406,6.43e-274,743,"A0ABR0TPG5"
"TIA67450.1","tr|A0ABR0TAK0|A0ABR0TAK0_AURPU",91.9,396,6.1e-271,743,"A0ABR0TAK0"
"KAK5999773.1","tr|A0ABR0T5P9|A0ABR0T5P9_AURPU",100,380,9.35999999999999e-275,743,"A0ABR0T5P9"
"KAK5999928.1","tr|A0ABR0T670|A0ABR0T670_AURPU",100,396,4.63e-274,743,"A0ABR0T670"
"KAK6000682.1","tr|A0ABR0T993|A0ABR0T993_AURPU",100,364,1.88e-275,743,"A0ABR0T993"
"KAK6001228.1","tr|A0ABR0T9Y2|A0ABR0T9Y2_AURPU",100,369,2.79e-275,743,"A0ABR0T9Y2"
"KAK6002445.1","tr|A0ABR0TDD3|A0ABR0TDD3_AURPU",100,393,6.3e-274,743,"A0ABR0TDD3"
"KAK6004416.1","tr|A0ABR0TKL1|A0ABR0TKL1_AURPU",100,381,1.01e-274,743,"A0ABR0TKL1"
"KAK6004676.1","tr|A0ABR0TKQ8|A0ABR0TKQ8_AURPU",100,465,6.69e-272,743,"A0ABR0TKQ8"
"KAK6007363.1","tr|A0ABR0TSC4|A0ABR0TSC4_AURPU",100,375,8.98999999999999e-275,743,"A0ABR0TSC4"
"KAK6007574.1","tr|A0ABR0TT04|A0ABR0TT04_AURPU",100,364,1.88e-275,743,"A0ABR0TT04"
"KAK5999977.1","tr|A0ABR0T796|A0ABR0T796_AURPU",100,371,9.33999999999999e-275,742,"A0ABR0T796"
"KAK6002635.1","tr|A0ABR0TF80|A0ABR0TF80_AURPU",100,386,3.02e-274,742,"A0ABR0TF80"
"KAK6003992.1","tr|A0ABR0THU9|A0ABR0THU9_AURPU",100,368,1.05e-274,742,"A0ABR0THU9"
"KAK6004341.1","tr|A0ABR0TKD7|A0ABR0TKD7_AURPU",100,383,3.39e-274,742,"A0ABR0TKD7"
"CAC9891750.1","tr|A0ABR0TCA1|A0ABR0TCA1_AURPU",90.4,415,1.46e-273,742,"A0ABR0TCA1"
"KAK6000759.1","tr|A0ABR0T941|A0ABR0T941_AURPU",100,385,7.99e-274,741,"A0ABR0T941"
"KAK6001498.1","tr|A0ABR0TAP0|A0ABR0TAP0_AURPU",100,378,3.26e-274,741,"A0ABR0TAP0"
"KAK6001812.1","tr|A0ABR0TBY6|A0ABR0TBY6_AURPU",100,425,1.26e-272,741,"A0ABR0TBY6"
"KAK6003309.1","tr|A0ABR0TGC2|A0ABR0TGC2_AURPU",100,391,1.81e-273,741,"A0ABR0TGC2"
"KAK6008152.1","tr|A0ABR0TVP2|A0ABR0TVP2_AURPU",100,366,1.27e-274,741,"A0ABR0TVP2"
"KAK6008435.1","tr|A0ABR0TX38|A0ABR0TX38_AURPU",100,371,1.89e-274,741,"A0ABR0TX38"
"KAK6008519.1","tr|A0ABR0TVM0|A0ABR0TVM0_AURPU",100,375,2.58e-274,741,"A0ABR0TVM0"
"CAC9888124.1","tr|A0ABR0TPE0|A0ABR0TPE0_AURPU",92.5,399,2.56e-272,741,"A0ABR0TPE0"
"CAD0046867.1","tr|A0ABR0TPX8|A0ABR0TPX8_AURPU",93.7,396,1.09e-272,741,"A0ABR0TPX8"
"KAK5999363.1","tr|A0ABR0T4I5|A0ABR0T4I5_AURPU",100,369,6.56e-274,740,"A0ABR0T4I5"
"KAK6003214.1","tr|A0ABR0TFJ7|A0ABR0TFJ7_AURPU",100,379,1.01e-273,740,"A0ABR0TFJ7"
"THV64214.1","tr|A0ABR0TQN4|A0ABR0TQN4_AURPU",91.1,428,1.66e-271,739,"A0ABR0TQN4"
"THY35779.1","tr|A0ABR0TST1|A0ABR0TST1_AURPU",85.7,463,7.6e-270,739,"A0ABR0TST1"
"KAK5999939.1","tr|A0ABR0T6G8|A0ABR0T6G8_AURPU",100,369,1.88e-273,739,"A0ABR0T6G8"
"KAK6001463.1","tr|A0ABR0TAJ9|A0ABR0TAJ9_AURPU",100,381,2.38e-273,739,"A0ABR0TAJ9"
"KAK6002451.1","tr|A0ABR0TET6|A0ABR0TET6_AURPU",100,378,1.88e-273,739,"A0ABR0TET6"
"KAK6003936.1","tr|A0ABR0TJ53|A0ABR0TJ53_AURPU",100,354,4.09e-274,739,"A0ABR0TJ53"
"KAK6004336.1","tr|A0ABR0TIR5|A0ABR0TIR5_AURPU",100,390,6.83e-273,739,"A0ABR0TIR5"
"KAK6004475.1","tr|A0ABR0TKQ6|A0ABR0TKQ6_AURPU",100,373,1.81e-273,739,"A0ABR0TKQ6"
"KAK6004817.1","tr|A0ABR0TK74|A0ABR0TK74_AURPU",100,365,9.67999999999999e-274,739,"A0ABR0TK74"
"KAK6005533.1","tr|A0ABR0TM70|A0ABR0TM70_AURPU",100,343,2.45e-274,739,"A0ABR0TM70"
"CAD0044797.1","tr|A0ABR0TG47|A0ABR0TG47_AURPU",91,422,1.31e-271,739,"A0ABR0TG47"
"KAK5999985.1","tr|A0ABR0T6B9|A0ABR0T6B9_AURPU",100,357,1.04e-273,738,"A0ABR0T6B9"
"KEQ80151.1","tr|A0ABR0TM57|A0ABR0TM57_AURPU",97.4,381,1.96e-272,737,"A0ABR0TM57"
"THY36586.1","tr|A0ABR0TPC2|A0ABR0TPC2_AURPU",97.1,380,8.21e-271,737,"A0ABR0TPC2"
"KAK5999907.1","tr|A0ABR0T6G0|A0ABR0T6G0_AURPU",100,359,4.97e-273,737,"A0ABR0T6G0"
"KAK6000611.1","tr|A0ABR0T9E3|A0ABR0T9E3_AURPU",100,368,7.08e-273,737,"A0ABR0T9E3"
"KAK6000654.1","tr|A0ABR0T8S8|A0ABR0T8S8_AURPU",100,370,8.28e-273,737,"A0ABR0T8S8"
"KAK6001252.1","tr|A0ABR0TAW7|A0ABR0TAW7_AURPU",100,401,9.28e-272,737,"A0ABR0TAW7"
"KAK6004198.1","tr|A0ABR0TID8|A0ABR0TID8_AURPU",100,388,4.8e-272,737,"A0ABR0TID8"
"KAK6006657.1","tr|A0ABR0TQQ7|A0ABR0TQQ7_AURPU",100,370,8.28e-273,737,"A0ABR0TQQ7"
"THW70465.1","tr|A0ABR0TE54|A0ABR0TE54_AURPU",98.9,614,5.82e-263,736,"A0ABR0TE54"
"THV86678.1","tr|A0ABR0TTZ8|A0ABR0TTZ8_AURPU",88.1,444,9.42e-269,736,"A0ABR0TTZ8"
"THX58480.1","tr|A0ABR0TNF0|A0ABR0TNF0_AURPU",92.8,390,4.4e-271,736,"A0ABR0TNF0"
"THZ41568.1","tr|A0ABR0TT32|A0ABR0TT32_AURPU",93.6,362,6.56e-272,736,"A0ABR0TT32"
"THZ65672.1","tr|A0ABR0T6X9|A0ABR0T6X9_AURPU",94.6,386,1.11e-269,736,"A0ABR0T6X9"
"KAK5999421.1","tr|A0ABR0T638|A0ABR0T638_AURPU",100,384,4.99e-272,736,"A0ABR0T638"
"KAK6002126.1","tr|A0ABR0TDK3|A0ABR0TDK3_AURPU",100,371,2.57e-272,736,"A0ABR0TDK3"
"KAK6002314.1","tr|A0ABR0TCZ2|A0ABR0TCZ2_AURPU",100,345,4.75e-273,736,"A0ABR0TCZ2"
"KAK6003088.1","tr|A0ABR0TF89|A0ABR0TF89_AURPU",100,376,3.8e-272,736,"A0ABR0TF89"
"KAK6004101.1","tr|A0ABR0TJM2|A0ABR0TJM2_AURPU",100,393,2.03e-271,736,"A0ABR0TJM2"
"CAD0051841.1","tr|A0ABR0TKE5|A0ABR0TKE5_AURPU",92.4,410,2.72e-271,736,"A0ABR0TKE5"
"KEQ86022.1","tr|A0ABR0TBE2|A0ABR0TBE2_AURPU",97.1,380,1.49e-271,735,"A0ABR0TBE2"
"KAK6000064.1","tr|A0ABR0T6J2|A0ABR0T6J2_AURPU",100,357,1.73e-272,735,"A0ABR0T6J2"
"KAK6002293.1","tr|A0ABR0TCX8|A0ABR0TCX8_AURPU",100,364,3e-272,735,"A0ABR0TCX8"
"KAK6003452.1","tr|A0ABR0TG80|A0ABR0TG80_AURPU",100,365,3.24e-272,735,"A0ABR0TG80"
"KAK6004819.1","tr|A0ABR0TK32|A0ABR0TK32_AURPU",100,362,3.64e-272,735,"A0ABR0TK32"
"KAK6005598.1","tr|A0ABR0TMC4|A0ABR0TMC4_AURPU",100,348,8.54e-273,735,"A0ABR0TMC4"
"KAK6007970.1","tr|A0ABR0TVV3|A0ABR0TVV3_AURPU",100,400,4.96e-271,735,"A0ABR0TVV3"
"CAD0022826.1","tr|A0ABR0T7E3|A0ABR0T7E3_AURPU",89.9,415,5.6e-270,735,"A0ABR0T7E3"
"KAK6000013.1","tr|A0ABR0T6F4|A0ABR0T6F4_AURPU",100,367,7.65e-272,734,"A0ABR0T6F4"
"KAK6000843.1","tr|A0ABR0T8S5|A0ABR0T8S5_AURPU",100,370,1.95e-271,734,"A0ABR0T8S5"
"KAK6006824.1","tr|A0ABR0TQV0|A0ABR0TQV0_AURPU",100,363,1.13e-271,734,"A0ABR0TQV0"
"KEQ84181.1","tr|A0ABR0T723|A0ABR0T723_AURPU",89.5,410,5.16e-270,733,"A0ABR0T723"
"KAK5999636.1","tr|A0ABR0T6L4|A0ABR0T6L4_AURPU",100,459,3.84e-268,733,"A0ABR0T6L4"
"KAK6000846.1","tr|A0ABR0TA70|A0ABR0TA70_AURPU",100,382,9.99999999999999e-271,733,"A0ABR0TA70"
"KAK6001446.1","tr|A0ABR0TBZ3|A0ABR0TBZ3_AURPU",100,367,4.42e-271,733,"A0ABR0TBZ3"
"KAK6002131.1","tr|A0ABR0TCF7|A0ABR0TCF7_AURPU",100,367,2.19e-271,733,"A0ABR0TCF7"
"KAK6003721.1","tr|A0ABR0TGZ9|A0ABR0TGZ9_AURPU",100,372,6.54e-271,733,"A0ABR0TGZ9"
"KAK6003883.1","tr|A0ABR0THG7|A0ABR0THG7_AURPU",100,381,9.28999999999999e-271,733,"A0ABR0THG7"
"KAK6005542.1","tr|A0ABR0TMZ8|A0ABR0TMZ8_AURPU",100,380,6.05e-271,733,"A0ABR0TMZ8"
"KAK6006563.1","tr|A0ABR0TQ45|A0ABR0TQ45_AURPU",100,371,3e-271,733,"A0ABR0TQ45"
"KAK6008039.1","tr|A0ABR0TU97|A0ABR0TU97_AURPU",100,370,3.94e-271,733,"A0ABR0TU97"
"THW54660.1","tr|A0ABR0TLK9|A0ABR0TLK9_AURPU",96,374,5.71e-269,732,"A0ABR0TLK9"
"THW66650.1","tr|A0ABR0T9Q3|A0ABR0T9Q3_AURPU",90.7,388,8.72e-269,732,"A0ABR0T9Q3"
"THX25156.1","tr|A0ABR0TQ82|A0ABR0TQ82_AURPU",90.3,411,4.02e-260,732,"A0ABR0TQ82"
"TIA62568.1","tr|A0ABR0TUE2|A0ABR0TUE2_AURPU",93.9,379,1.49e-270,732,"A0ABR0TUE2"
"KAK6000911.1","tr|A0ABR0TA67|A0ABR0TA67_AURPU",100,454,5.28e-268,732,"A0ABR0TA67"
"KAK6001613.1","tr|A0ABR0TAZ9|A0ABR0TAZ9_AURPU",100,363,6.53e-271,732,"A0ABR0TAZ9"
"KAK6002864.1","tr|A0ABR0TEL8|A0ABR0TEL8_AURPU",100,356,3.77e-271,732,"A0ABR0TEL8"
"KAK6004645.1","tr|A0ABR0TL49|A0ABR0TL49_AURPU",100,363,4.59e-271,732,"A0ABR0TL49"
"KAK6006506.1","tr|A0ABR0TQX3|A0ABR0TQX3_AURPU",100,445,3.76e-268,732,"A0ABR0TQX3"
"KAK6006543.1","tr|A0ABR0TQ17|A0ABR0TQ17_AURPU",100,379,2.28e-270,732,"A0ABR0TQ17"
"KAK6008112.1","tr|A0ABR0TUX3|A0ABR0TUX3_AURPU",100,369,1.04e-270,732,"A0ABR0TUX3"
"KEQ88883.1","tr|A0ABR0TI18|A0ABR0TI18_AURPU",93.5,387,1.22e-269,731,"A0ABR0TI18"
"THW86819.1","tr|A0ABR0TJZ7|A0ABR0TJZ7_AURPU",90.9,395,2.57e-268,731,"A0ABR0TJZ7"
"KAK6000025.1","tr|A0ABR0T7N2|A0ABR0T7N2_AURPU",100,373,2.03e-270,731,"A0ABR0T7N2"
"KAK6001380.1","tr|A0ABR0TAC1|A0ABR0TAC1_AURPU",100,376,5.17e-270,731,"A0ABR0TAC1"
"KAK6001910.1","tr|A0ABR0TDA9|A0ABR0TDA9_AURPU",100,381,3.78e-270,731,"A0ABR0TDA9"
"KAK6002518.1","tr|A0ABR0TDJ9|A0ABR0TDJ9_AURPU",100,395,1.12e-269,731,"A0ABR0TDJ9"
"KAK6003338.1","tr|A0ABR0TFX7|A0ABR0TFX7_AURPU",100,373,2.88e-270,731,"A0ABR0TFX7"
"KAK6004784.1","tr|A0ABR0TK51|A0ABR0TK51_AURPU",100,373,4.09e-270,731,"A0ABR0TK51"
"KAK6005834.1","tr|A0ABR0TN41|A0ABR0TN41_AURPU",100,381,5.37e-270,731,"A0ABR0TN41"
"KAK6005887.1","tr|A0ABR0TP24|A0ABR0TP24_AURPU",100,435,2.48e-268,731,"A0ABR0TP24"
"KAK6007038.1","tr|A0ABR0TRF4|A0ABR0TRF4_AURPU",100,361,1.13e-270,731,"A0ABR0TRF4"
"KAK6007575.1","tr|A0ABR0TSY7|A0ABR0TSY7_AURPU",100,368,2.77e-270,731,"A0ABR0TSY7"
"THY45428.1","tr|A0ABR0T9W6|A0ABR0T9W6_AURPU",93.4,381,2.32e-269,730,"A0ABR0T9W6"
"KAK6001984.1","tr|A0ABR0TC10|A0ABR0TC10_AURPU",100,394,2.98e-269,730,"A0ABR0TC10"
"KAK6002898.1","tr|A0ABR0TEP8|A0ABR0TEP8_AURPU",100,367,5.16e-270,730,"A0ABR0TEP8"
"KAK6003623.1","tr|A0ABR0TGQ5|A0ABR0TGQ5_AURPU",100,415,1.52e-268,730,"A0ABR0TGQ5"
"KAK6003911.1","tr|A0ABR0TIK6|A0ABR0TIK6_AURPU",100,358,1.8e-270,730,"A0ABR0TIK6"
"KEQ81943.1","tr|A0ABR0T9F7|A0ABR0T9F7_AURPU",95.5,401,1.59e-268,729,"A0ABR0T9F7"
"KEQ82337.1","tr|A0ABR0TJB2|A0ABR0TJB2_AURPU",91.7,384,2.76e-269,729,"A0ABR0TJB2"
"THX38050.1","tr|A0ABR0TDB3|A0ABR0TDB3_AURPU",92.3,379,1.95e-268,729,"A0ABR0TDB3"
"KAK6000973.1","tr|A0ABR0T958|A0ABR0T958_AURPU",100,389,5.79e-269,729,"A0ABR0T958"
"KAK6002038.1","tr|A0ABR0TC59|A0ABR0TC59_AURPU",100,342,1.47e-270,729,"A0ABR0TC59"
"KAK6003713.1","tr|A0ABR0TH02|A0ABR0TH02_AURPU",100,384,3.92e-269,729,"A0ABR0TH02"
"KAK6004392.1","tr|A0ABR0TJ75|A0ABR0TJ75_AURPU",100,387,4.96e-269,729,"A0ABR0TJ75"
"CAC9893970.1","tr|A0ABR0TJW8|A0ABR0TJW8_AURPU",95.6,385,3.26e-269,729,"A0ABR0TJW8"
"KEQ84275.1","tr|A0ABR0TQR1|A0ABR0TQR1_AURPU",91.4,383,1.48e-268,728,"A0ABR0TQR1"
"OBW66430.1","tr|A0ABR0TJX2|A0ABR0TJX2_AURPU",98.9,378,2.11e-262,728,"A0ABR0TJX2"
"THX26984.1","tr|A0ABR0TM10|A0ABR0TM10_AURPU",97,361,7.13e-269,728,"A0ABR0TM10"
"KAK6000052.1","tr|A0ABR0T7H7|A0ABR0T7H7_AURPU",100,367,4.24e-269,728,"A0ABR0T7H7"
"KAK6000540.1","tr|A0ABR0T7X0|A0ABR0T7X0_AURPU",100,338,4.36e-270,728,"A0ABR0T7X0"
"KAK6003780.1","tr|A0ABR0TH67|A0ABR0TH67_AURPU",100,360,1.22e-269,728,"A0ABR0TH67"
"KAK6005370.1","tr|A0ABR0TLQ0|A0ABR0TLQ0_AURPU",100,384,1.12e-268,728,"A0ABR0TLQ0"
"KAK6005459.1","tr|A0ABR0TM30|A0ABR0TM30_AURPU",100,385,8.56e-269,728,"A0ABR0TM30"
"KAK6005901.1","tr|A0ABR0TPU5|A0ABR0TPU5_AURPU",100,361,1.31e-269,728,"A0ABR0TPU5"
"KAK6006155.1","tr|A0ABR0TQL0|A0ABR0TQL0_AURPU",100,359,2.27e-269,728,"A0ABR0TQL0"
"KAK6006541.1","tr|A0ABR0TQ43|A0ABR0TQ43_AURPU",100,396,4.06e-268,728,"A0ABR0TQ43"
"CAD0058970.1","tr|A0ABR0T6G4|A0ABR0T6G4_AURPU",86.9,421,1.27e-267,728,"A0ABR0T6G4"
"THX07027.1","tr|A0ABR0TU31|A0ABR0TU31_AURPU",93.9,379,4.68e-267,727,"A0ABR0TU31"
"KAK6002553.1","tr|A0ABR0TDP2|A0ABR0TDP2_AURPU",100,361,3.77e-269,727,"A0ABR0TDP2"
"KAK6006002.1","tr|A0ABR0TNK1|A0ABR0TNK1_AURPU",100,371,8.23e-269,727,"A0ABR0TNK1"
"KAK6006056.1","tr|A0ABR0TPM9|A0ABR0TPM9_AURPU",100,376,1.22e-268,727,"A0ABR0TPM9"
"OBW67553.1","tr|A0ABR0TNQ7|A0ABR0TNQ7_AURPU",97.3,370,3.1e-268,726,"A0ABR0TNQ7"
"THV78369.1","tr|A0ABR0TTI9|A0ABR0TTI9_AURPU",89.2,399,2.85e-266,726,"A0ABR0TTI9"
"THW68039.1","tr|A0ABR0TTM8|A0ABR0TTM8_AURPU",91.1,405,4.18e-266,726,"A0ABR0TTM8"
"TIA85796.1","tr|A0ABR0TFB4|A0ABR0TFB4_AURPU",91.4,419,3.06e-264,726,"A0ABR0TFB4"
"KAK6001642.1","tr|A0ABR0TBZ0|A0ABR0TBZ0_AURPU",100,335,1.4e-269,726,"A0ABR0TBZ0"
"KAK6002754.1","tr|A0ABR0TEU1|A0ABR0TEU1_AURPU",100,343,1.85e-269,726,"A0ABR0TEU1"
"KAK6004459.1","tr|A0ABR0TJ26|A0ABR0TJ26_AURPU",100,395,1.53e-267,726,"A0ABR0TJ26"
"KAK6005516.1","tr|A0ABR0TN31|A0ABR0TN31_AURPU",100,361,1.08e-268,726,"A0ABR0TN31"
"KAK6005875.1","tr|A0ABR0TPL6|A0ABR0TPL6_AURPU",100,362,1.17e-268,726,"A0ABR0TPL6"
"KAK6006115.1","tr|A0ABR0TQ95|A0ABR0TQ95_AURPU",100,358,6.01e-269,726,"A0ABR0TQ95"
"KAK6006182.1","tr|A0ABR0TP08|A0ABR0TP08_AURPU",100,358,1.21e-268,726,"A0ABR0TP08"
"KAK6008616.1","tr|A0ABR0TXA6|A0ABR0TXA6_AURPU",100,380,4.76e-268,726,"A0ABR0TXA6"
"CAD0047290.1","tr|A0ABR0TFI2|A0ABR0TFI2_AURPU",90.5,419,6.83e-267,726,"A0ABR0TFI2"
"CAR1003441.1","tr|A0ABR0T9C1|A0ABR0T9C1_AURPU",90,418,3.84e-261,726,"A0ABR0T9C1"
"THX75198.1","tr|A0ABR0TPM5|A0ABR0TPM5_AURPU",92.3,417,2.77e-264,725,"A0ABR0TPM5"
"THY27163.1","tr|A0ABR0TD41|A0ABR0TD41_AURPU",96.1,384,5.49e-267,725,"A0ABR0TD41"
"KAK5999473.1","tr|A0ABR0T4R9|A0ABR0T4R9_AURPU",100,506,1.51e-263,725,"A0ABR0T4R9"
"KAK6000929.1","tr|A0ABR0T975|A0ABR0T975_AURPU",100,366,4.58e-268,725,"A0ABR0T975"
"KAK6001470.1","tr|A0ABR0TAK1|A0ABR0TAK1_AURPU",100,358,2.45e-268,725,"A0ABR0TAK1"
"KAK6002558.1","tr|A0ABR0TDP5|A0ABR0TDP5_AURPU",100,383,1.72e-267,725,"A0ABR0TDP5"
"KAK6002992.1","tr|A0ABR0TFU8|A0ABR0TFU8_AURPU",100,373,7.9e-268,725,"A0ABR0TFU8"
"KAK5999446.1","tr|A0ABR0T4U1|A0ABR0T4U1_AURPU",100,359,7.59e-268,724,"A0ABR0T4U1"
"KAK6000992.1","tr|A0ABR0T977|A0ABR0T977_AURPU",100,377,2.18e-267,724,"A0ABR0T977"
"KAK6001567.1","tr|A0ABR0TBR3|A0ABR0TBR3_AURPU",100,369,1.17e-267,724,"A0ABR0TBR3"
"KAK6002702.1","tr|A0ABR0TE37|A0ABR0TE37_AURPU",100,371,9.61e-268,724,"A0ABR0TE37"
"KAK6004265.1","tr|A0ABR0TK57|A0ABR0TK57_AURPU",100,469,1.84e-264,724,"A0ABR0TK57"
"KAK6004268.1","tr|A0ABR0TIL1|A0ABR0TIL1_AURPU",100,356,2.97e-268,724,"A0ABR0TIL1"
"KAK6005960.1","tr|A0ABR0TQ18|A0ABR0TQ18_AURPU",100,367,7.03e-268,724,"A0ABR0TQ18"
"KAK6006046.1","tr|A0ABR0TNN8|A0ABR0TNN8_AURPU",100,355,2.75e-268,724,"A0ABR0TNN8"
"KAK6006195.1","tr|A0ABR0TP31|A0ABR0TP31_AURPU",100,354,3.61e-268,724,"A0ABR0TP31"
"KAK6006687.1","tr|A0ABR0TQT8|A0ABR0TQT8_AURPU",100,370,8.88e-268,724,"A0ABR0TQT8"
"KAK6007280.1","tr|A0ABR0TTW4|A0ABR0TTW4_AURPU",100,354,5.13e-268,724,"A0ABR0TTW4"
"KEQ84486.1","tr|A0ABR0TPW7|A0ABR0TPW7_AURPU",90.8,358,1.94e-267,723,"A0ABR0TPW7"
"OBW63954.1","tr|A0ABR0TRG4|A0ABR0TRG4_AURPU",94.7,377,2.79e-262,723,"A0ABR0TRG4"
"THV76870.1","tr|A0ABR0TTI6|A0ABR0TTI6_AURPU",93.2,384,4.07e-265,723,"A0ABR0TTI6"
"THW02563.1","tr|A0ABR0T853|A0ABR0T853_AURPU",92.4,406,3.38e-265,723,"A0ABR0T853"
"KAK6000448.1","tr|A0ABR0T7N1|A0ABR0T7N1_AURPU",100,386,1.79e-266,723,"A0ABR0T7N1"
"KAK6000544.1","tr|A0ABR0T7X3|A0ABR0T7X3_AURPU",100,523,4.42e-262,723,"A0ABR0T7X3"
"KAK6001237.1","tr|A0ABR0TAV5|A0ABR0TAV5_AURPU",100,380,5.55e-267,723,"A0ABR0TAV5"
"KAK6003038.1","tr|A0ABR0TF33|A0ABR0TF33_AURPU",100,418,2.13e-265,723,"A0ABR0TF33"
"KAK6003440.1","tr|A0ABR0THP3|A0ABR0THP3_AURPU",100,347,8.49e-268,723,"A0ABR0THP3"
"KAK6003568.1","tr|A0ABR0TGK7|A0ABR0TGK7_AURPU",100,368,4.39e-267,723,"A0ABR0TGK7"
"KAK6003836.1","tr|A0ABR0TID6|A0ABR0TID6_AURPU",100,359,1.08e-267,723,"A0ABR0TID6"
"KAK6005366.1","tr|A0ABR0TMN4|A0ABR0TMN4_AURPU",100,389,2.26e-266,723,"A0ABR0TMN4"
"KAK6005774.1","tr|A0ABR0TMZ2|A0ABR0TMZ2_AURPU",100,377,8.87e-267,723,"A0ABR0TMZ2"
"KAK6006303.1","tr|A0ABR0TPC0|A0ABR0TPC0_AURPU",100,361,1.26e-267,723,"A0ABR0TPC0"
"KAK6007196.1","tr|A0ABR0TSR2|A0ABR0TSR2_AURPU",100,357,1.31e-267,723,"A0ABR0TSR2"
"KAK6002748.1","tr|A0ABR0TEA3|A0ABR0TEA3_AURPU",100,345,1.47e-267,722,"A0ABR0TEA3"
"KAK6002918.1","tr|A0ABR0TER8|A0ABR0TER8_AURPU",100,348,1.85e-267,722,"A0ABR0TER8"
"KAK6003897.1","tr|A0ABR0THS4|A0ABR0THS4_AURPU",100,367,8.2e-267,722,"A0ABR0THS4"
"KAK6004254.1","tr|A0ABR0TJ28|A0ABR0TJ28_AURPU",100,365,4.94e-267,722,"A0ABR0TJ28"
"KAK6006212.1","tr|A0ABR0TP39|A0ABR0TP39_AURPU",100,389,4.55e-266,722,"A0ABR0TP39"
"KAK6008277.1","tr|A0ABR0TVD7|A0ABR0TVD7_AURPU",100,346,1.58e-267,722,"A0ABR0TVD7"
"KAK6008466.1","tr|A0ABR0TWZ8|A0ABR0TWZ8_AURPU",100,419,3.27e-265,722,"A0ABR0TWZ8"
"KAK6008675.1","tr|A0ABR0TXK8|A0ABR0TXK8_AURPU",100,379,1.47e-266,722,"A0ABR0TXK8"
"CAD0044792.1","tr|A0ABR0THT9|A0ABR0THT9_AURPU",92.6,405,1.04e-265,722,"A0ABR0THT9"
"CAD0048236.1","tr|A0ABR0TEI5|A0ABR0TEI5_AURPU",87.2,414,1.67e-265,722,"A0ABR0TEI5"
"KEQ80384.1","tr|A0ABR0TGN5|A0ABR0TGN5_AURPU",91.2,422,1.18e-264,721,"A0ABR0TGN5"
"THV87503.1","tr|A0ABR0TJF9|A0ABR0TJF9_AURPU",95.9,363,2.42e-265,721,"A0ABR0TJF9"
"THY28056.1","tr|A0ABR0T6V6|A0ABR0T6V6_AURPU",93.1,389,8.52e-265,721,"A0ABR0T6V6"
"THZ61350.1","tr|A0ABR0T835|A0ABR0T835_AURPU",91.6,358,2.67e-265,721,"A0ABR0T835"
"KAK6001172.1","tr|A0ABR0T9P9|A0ABR0T9P9_AURPU",100,414,4.48e-265,721,"A0ABR0T9P9"
"KAK6002965.1","tr|A0ABR0TG72|A0ABR0TG72_AURPU",100,381,4.93e-266,721,"A0ABR0TG72"
"KAK6003541.1","tr|A0ABR0TGG6|A0ABR0TGG6_AURPU",100,361,1.47e-266,721,"A0ABR0TGG6"
"KAK6005029.1","tr|A0ABR0TKQ1|A0ABR0TKQ1_AURPU",100,365,9.96e-267,721,"A0ABR0TKQ1"
"KAK6006857.1","tr|A0ABR0TQZ4|A0ABR0TQZ4_AURPU",100,350,3.08e-267,721,"A0ABR0TQZ4"
"KAK6007300.1","tr|A0ABR0TTS8|A0ABR0TTS8_AURPU",100,353,3.9e-267,721,"A0ABR0TTS8"
"KAK6008088.1","tr|A0ABR0TUF5|A0ABR0TUF5_AURPU",100,345,4.2e-267,721,"A0ABR0TUF5"
"KAK5999432.1","tr|A0ABR0T4V7|A0ABR0T4V7_AURPU",100,355,1.86e-266,720,"A0ABR0T4V7"
"KAK5999806.1","tr|A0ABR0T5U2|A0ABR0T5U2_AURPU",100,339,5.29e-267,720,"A0ABR0T5U2"
"KAK6005417.1","tr|A0ABR0TLW3|A0ABR0TLW3_AURPU",100,357,1.53e-266,720,"A0ABR0TLW3"
"KAK6005914.1","tr|A0ABR0TNA2|A0ABR0TNA2_AURPU",100,353,1.59e-266,720,"A0ABR0TNA2"
"KAK6006453.1","tr|A0ABR0TPS8|A0ABR0TPS8_AURPU",100,346,9.17e-267,720,"A0ABR0TPS8"
"KAK6007052.1","tr|A0ABR0TRJ7|A0ABR0TRJ7_AURPU",100,350,8.83e-267,720,"A0ABR0TRJ7"
"KAK6008830.1","tr|A0ABR0TXR6|A0ABR0TXR6_AURPU",100,375,8.85e-266,720,"A0ABR0TXR6"
"OBW65341.1","tr|A0ABR0T6E0|A0ABR0T6E0_AURPU",96.4,364,1.2e-257,719,"A0ABR0T6E0"
"THV72440.1","tr|A0ABR0TB82|A0ABR0TB82_AURPU",92.7,371,3.69e-260,719,"A0ABR0TB82"
"THW85070.1","tr|A0ABR0TKT5|A0ABR0TKT5_AURPU",96.9,355,2.07e-265,719,"A0ABR0TKT5"
"KAK5999319.1","tr|A0ABR0T534|A0ABR0T534_AURPU",100,356,4.05e-266,719,"A0ABR0T534"
"KAK5999707.1","tr|A0ABR0T6I8|A0ABR0T6I8_AURPU",100,361,4.22e-266,719,"A0ABR0T6I8"
"KAK6000092.1","tr|A0ABR0T6N7|A0ABR0T6N7_AURPU",100,366,6.23e-266,719,"A0ABR0T6N7"
"KAK6000184.1","tr|A0ABR0T6V8|A0ABR0T6V8_AURPU",100,355,3.75e-266,719,"A0ABR0T6V8"
"KAK6002820.1","tr|A0ABR0TEG9|A0ABR0TEG9_AURPU",100,351,2.74e-266,719,"A0ABR0TEG9"
"KAK6002891.1","tr|A0ABR0TFV2|A0ABR0TFV2_AURPU",100,480,4.04e-262,719,"A0ABR0TFV2"
"KAK6004093.1","tr|A0ABR0TI21|A0ABR0TI21_AURPU",100,350,1.78e-266,719,"A0ABR0TI21"
"KAK6006019.1","tr|A0ABR0TNK6|A0ABR0TNK6_AURPU",100,369,1.12e-265,719,"A0ABR0TNK6"
"KAK6006594.1","tr|A0ABR0TQQ0|A0ABR0TQQ0_AURPU",100,393,5.1e-265,719,"A0ABR0TQQ0"
"KAK6007535.1","tr|A0ABR0TUL0|A0ABR0TUL0_AURPU",100,369,2.81e-263,719,"A0ABR0TUL0"
"KAK6008174.1","tr|A0ABR0TUN5|A0ABR0TUN5_AURPU",100,361,4.22e-266,719,"A0ABR0TUN5"
"CAD0026747.1","tr|A0ABR0TCZ3|A0ABR0TCZ3_AURPU",80.3,478,6.74e-262,719,"A0ABR0TCZ3"
"CAR1028513.1","tr|A0ABR0TVC8|A0ABR0TVC8_AURPU",97.2,461,2.88e-261,719,"A0ABR0TVC8"
"KEQ85537.1","tr|A0ABR0T9B9|A0ABR0T9B9_AURPU",94.3,367,2.74e-265,718,"A0ABR0T9B9"
"KEQ88453.1","tr|A0ABR0TL93|A0ABR0TL93_AURPU",95.7,391,1.25e-264,718,"A0ABR0TL93"
"THZ53723.1","tr|A0ABR0TU56|A0ABR0TU56_AURPU",89.8,412,5.35e-263,718,"A0ABR0TU56"
"KAK6000990.1","tr|A0ABR0T972|A0ABR0T972_AURPU",100,387,1.3e-264,718,"A0ABR0T972"
"KAK6002525.1","tr|A0ABR0TF15|A0ABR0TF15_AURPU",100,405,5.25e-264,718,"A0ABR0TF15"
"KAK6002762.1","tr|A0ABR0TE97|A0ABR0TE97_AURPU",100,361,1.21e-265,718,"A0ABR0TE97"
"KAK6004496.1","tr|A0ABR0TK81|A0ABR0TK81_AURPU",100,361,1.72e-265,718,"A0ABR0TK81"
"KAK6006052.1","tr|A0ABR0TPK5|A0ABR0TPK5_AURPU",100,362,1.86e-265,718,"A0ABR0TPK5"
"KAK6006726.1","tr|A0ABR0TS70|A0ABR0TS70_AURPU",100,375,5.12e-265,718,"A0ABR0TS70"
"KAK6006860.1","tr|A0ABR0TSL6|A0ABR0TSL6_AURPU",100,358,9.56e-266,718,"A0ABR0TSL6"
"KAK6008199.1","tr|A0ABR0TVE5|A0ABR0TVE5_AURPU",100,357,8.84e-266,718,"A0ABR0TVE5"
"KAK6008660.1","tr|A0ABR0TXJ7|A0ABR0TXJ7_AURPU",100,384,7.26e-265,718,"A0ABR0TXJ7"
"KAK6008864.1","tr|A0ABR0TWL3|A0ABR0TWL3_AURPU",100,396,1.84e-264,718,"A0ABR0TWL3"
"CAD0018924.1","tr|A0ABR0TWJ9|A0ABR0TWJ9_AURPU",93.5,386,1.28e-263,718,"A0ABR0TWJ9"
"CAD0020244.1","tr|A0ABR0TEG4|A0ABR0TEG4_AURPU",85.9,434,1.41e-263,718,"A0ABR0TEG4"
"OBW68619.1","tr|A0ABR0TIF0|A0ABR0TIF0_AURPU",93.2,368,1.19e-263,717,"A0ABR0TIF0"
"THY35552.1","tr|A0ABR0TVQ6|A0ABR0TVQ6_AURPU",94.3,368,2.98e-264,717,"A0ABR0TVQ6"
"THY59211.1","tr|A0ABR0TEQ4|A0ABR0TEQ4_AURPU",95.6,363,6.45e-263,717,"A0ABR0TEQ4"
"KAK6001122.1","tr|A0ABR0T9Z0|A0ABR0T9Z0_AURPU",100,356,3.33e-265,717,"A0ABR0T9Z0"
"KAK6001903.1","tr|A0ABR0TBT3|A0ABR0TBT3_AURPU",100,359,2.09e-265,717,"A0ABR0TBT3"
"KAK6003741.1","tr|A0ABR0TIK3|A0ABR0TIK3_AURPU",100,341,5.09e-266,717,"A0ABR0TIK3"
"KAK6007766.1","tr|A0ABR0TUC1|A0ABR0TUC1_AURPU",100,570,3.95e-258,717,"A0ABR0TUC1"
"THW74794.1","tr|A0ABR0T682|A0ABR0T682_AURPU",89.1,442,8.33e-261,716,"A0ABR0T682"
"THW93104.1","tr|A0ABR0TII5|A0ABR0TII5_AURPU",94.2,359,1.43e-263,716,"A0ABR0TII5"
"KAK5999665.1","tr|A0ABR0T6L6|A0ABR0T6L6_AURPU",100,371,2.17e-264,716,"A0ABR0T6L6"
"KAK6000102.1","tr|A0ABR0T703|A0ABR0T703_AURPU",100,383,7.83e-264,716,"A0ABR0T703"
"KAK6000298.1","tr|A0ABR0T781|A0ABR0T781_AURPU",100,377,2.43e-264,716,"A0ABR0T781"
"KAK6000670.1","tr|A0ABR0T9H1|A0ABR0T9H1_AURPU",100,347,3.32e-265,716,"A0ABR0T9H1"
"KAK6001298.1","tr|A0ABR0TA50|A0ABR0TA50_AURPU",100,390,9.5e-264,716,"A0ABR0TA50"
"KAK6004861.1","tr|A0ABR0TK77|A0ABR0TK77_AURPU",100,369,1.31e-264,716,"A0ABR0TK77"
"KAK6005415.1","tr|A0ABR0TLU2|A0ABR0TLU2_AURPU",100,368,1.71e-264,716,"A0ABR0TLU2"
"KAK6006242.1","tr|A0ABR0TP68|A0ABR0TP68_AURPU",100,410,4.47e-263,716,"A0ABR0TP68"
"KAK6006450.1","tr|A0ABR0TPU1|A0ABR0TPU1_AURPU",100,356,4.73e-265,716,"A0ABR0TPU1"
"KAK6006699.1","tr|A0ABR0TQZ9|A0ABR0TQZ9_AURPU",100,421,7.35e-263,716,"A0ABR0TQZ9"
"KAK6006975.1","tr|A0ABR0TR91|A0ABR0TR91_AURPU",100,380,6.2e-264,716,"A0ABR0TR91"
"THW17121.1","tr|A0ABR0TM21|A0ABR0TM21_AURPU",91.1,404,1.52e-262,715,"A0ABR0TM21"
"THW58926.1","tr|A0ABR0T7F8|A0ABR0T7F8_AURPU",94.9,395,1.05e-262,715,"A0ABR0T7F8"
"KAK6003934.1","tr|A0ABR0THL8|A0ABR0THL8_AURPU",100,379,1.16e-263,715,"A0ABR0THL8"
"KAK6004393.1","tr|A0ABR0TIW8|A0ABR0TIW8_AURPU",100,366,2.96e-264,715,"A0ABR0TIW8"
"KAK6007178.1","tr|A0ABR0TRW0|A0ABR0TRW0_AURPU",100,363,2.34e-264,715,"A0ABR0TRW0"
"KAK6007871.1","tr|A0ABR0TUM1|A0ABR0TUM1_AURPU",100,365,3.89e-264,715,"A0ABR0TUM1"
"KAK6007912.1","tr|A0ABR0TUZ5|A0ABR0TUZ5_AURPU",100,355,1.78e-264,715,"A0ABR0TUZ5"
"THW83431.1","tr|A0ABR0TUS7|A0ABR0TUS7_AURPU",91.5,402,1.54e-257,714,"A0ABR0TUS7"
"THY31517.1","tr|A0ABR0THP5|A0ABR0THP5_AURPU",96.1,357,3.5e-263,714,"A0ABR0THP5"
"KAK6000379.1","tr|A0ABR0T7F1|A0ABR0T7F1_AURPU",100,365,7.85e-264,714,"A0ABR0T7F1"
"KAK6001913.1","tr|A0ABR0TBU6|A0ABR0TBU6_AURPU",100,368,1.41e-263,714,"A0ABR0TBU6"
"KAK6002473.1","tr|A0ABR0TDE9|A0ABR0TDE9_AURPU",100,383,2.24e-263,714,"A0ABR0TDE9"
"KAK6003854.1","tr|A0ABR0THF1|A0ABR0THF1_AURPU",100,346,2.52e-264,714,"A0ABR0THF1"
"KAK6003863.1","tr|A0ABR0THF0|A0ABR0THF0_AURPU",100,353,2.16e-264,714,"A0ABR0THF0"
"KAK6005111.1","tr|A0ABR0TM02|A0ABR0TM02_AURPU",100,376,1.85e-263,714,"A0ABR0TM02"
"KAK6005263.1","tr|A0ABR0TLD9|A0ABR0TLD9_AURPU",100,351,2.63e-264,714,"A0ABR0TLD9"
"KAK6007606.1","tr|A0ABR0TT14|A0ABR0TT14_AURPU",100,385,3.72e-263,714,"A0ABR0TT14"
"KAK6008666.1","tr|A0ABR0TWU3|A0ABR0TWU3_AURPU",100,337,8.76e-265,714,"A0ABR0TWU3"
"CAD0015143.1","tr|A0ABR0THJ5|A0ABR0THJ5_AURPU",91.1,393,5.22e-263,714,"A0ABR0THJ5"
"KAK6001671.1","tr|A0ABR0TCK9|A0ABR0TCK9_AURPU",100,354,9.52e-264,713,"A0ABR0TCK9"
"KAK6002667.1","tr|A0ABR0TE95|A0ABR0TE95_AURPU",100,349,4.53e-264,713,"A0ABR0TE95"
"KAK6004452.1","tr|A0ABR0TJD6|A0ABR0TJD6_AURPU",100,345,4.71e-264,713,"A0ABR0TJD6"
"KAK6005513.1","tr|A0ABR0TM41|A0ABR0TM41_AURPU",100,344,3.06e-264,713,"A0ABR0TM41"
"KAK6005720.1","tr|A0ABR0TPD4|A0ABR0TPD4_AURPU",100,374,4.54e-263,713,"A0ABR0TPD4"
"KAK6006956.1","tr|A0ABR0TS34|A0ABR0TS34_AURPU",100,364,1.46e-263,713,"A0ABR0TS34"
"KAK6007260.1","tr|A0ABR0TS27|A0ABR0TS27_AURPU",100,360,1.52e-263,713,"A0ABR0TS27"
"KAK6007348.1","tr|A0ABR0TSB6|A0ABR0TSB6_AURPU",100,608,1.49e-255,713,"A0ABR0TSB6"
"KAK6008131.1","tr|A0ABR0TUF8|A0ABR0TUF8_AURPU",100,411,5.62e-262,713,"A0ABR0TUF8"
"KAK6008227.1","tr|A0ABR0TVX3|A0ABR0TVX3_AURPU",100,363,1.92e-263,713,"A0ABR0TVX3"
"KAK6003818.1","tr|A0ABR0THA5|A0ABR0THA5_AURPU",100,437,8.37e-261,712,"A0ABR0THA5"
"KAK6006308.1","tr|A0ABR0TPF1|A0ABR0TPF1_AURPU",100,353,1.78e-263,712,"A0ABR0TPF1"
"CAD0042645.1","tr|A0ABR0TVF0|A0ABR0TVF0_AURPU",94,382,9.34e-263,712,"A0ABR0TVF0"
"TIA42367.1","tr|A0ABR0TPI4|A0ABR0TPI4_AURPU",96.7,550,2.4e-256,711,"A0ABR0TPI4"
"KAK5999927.1","tr|A0ABR0T695|A0ABR0T695_AURPU",100,373,2.43e-262,711,"A0ABR0T695"
"KAK6004896.1","tr|A0ABR0TLW8|A0ABR0TLW8_AURPU",100,354,5.51e-263,711,"A0ABR0TLW8"
"KAK6006517.1","tr|A0ABR0TQY7|A0ABR0TQY7_AURPU",100,349,3.72e-263,711,"A0ABR0TQY7"
"KAK6007058.1","tr|A0ABR0TRJ0|A0ABR0TRJ0_AURPU",100,386,9.47e-262,711,"A0ABR0TRJ0"
"KAK6007166.1","tr|A0ABR0TSM5|A0ABR0TSM5_AURPU",100,408,3.66e-261,711,"A0ABR0TSM5"
"KAK6008439.1","tr|A0ABR0TW48|A0ABR0TW48_AURPU",100,353,7.24e-263,711,"A0ABR0TW48"
"KAK6008564.1","tr|A0ABR0TVR7|A0ABR0TVR7_AURPU",100,448,7.89e-260,711,"A0ABR0TVR7"
"KAK5999501.1","tr|A0ABR0T684|A0ABR0T684_AURPU",100,348,6.95e-263,710,"A0ABR0T684"
"KAK6001355.1","tr|A0ABR0TBM9|A0ABR0TBM9_AURPU",100,356,1.85e-262,710,"A0ABR0TBM9"
"KAK6001531.1","tr|A0ABR0TAS0|A0ABR0TAS0_AURPU",100,354,1.58e-262,710,"A0ABR0TAS0"
"KAK6001783.1","tr|A0ABR0TBG9|A0ABR0TBG9_AURPU",100,362,2.08e-262,710,"A0ABR0TBG9"
"KAK6004574.1","tr|A0ABR0TJJ7|A0ABR0TJJ7_AURPU",100,351,1.25e-262,710,"A0ABR0TJJ7"
"KAK6008191.1","tr|A0ABR0TUM6|A0ABR0TUM6_AURPU",100,358,1.52e-262,710,"A0ABR0TUM6"
"KAK6008272.1","tr|A0ABR0TW19|A0ABR0TW19_AURPU",100,346,8.44e-263,710,"A0ABR0TW19"
"CAC9886679.1","tr|A0ABR0THD9|A0ABR0THD9_AURPU",90,370,3.59e-262,710,"A0ABR0THD9"
"THW29753.1","tr|A0ABR0TW82|A0ABR0TW82_AURPU",92.2,373,1.25e-260,709,"A0ABR0TW82"
"THV91910.1","tr|A0ABR0TK71|A0ABR0TK71_AURPU",93.1,407,8.49e-260,709,"A0ABR0TK71"
"TIA23013.1","tr|A0ABR0TVZ2|A0ABR0TVZ2_AURPU",91.5,386,5.23e-259,709,"A0ABR0TVZ2"
"KAK5999692.1","tr|A0ABR0T6H4|A0ABR0T6H4_AURPU",100,337,5.92e-263,709,"A0ABR0T6H4"
"KAK6000060.1","tr|A0ABR0T6J1|A0ABR0T6J1_AURPU",100,353,4.19e-262,709,"A0ABR0T6J1"
"KAK6001630.1","tr|A0ABR0TCB7|A0ABR0TCB7_AURPU",100,356,5.29e-262,709,"A0ABR0TCB7"
"KAK6004132.1","tr|A0ABR0TJ18|A0ABR0TJ18_AURPU",100,367,8.79e-262,709,"A0ABR0TJ18"
"KAK6008090.1","tr|A0ABR0TW77|A0ABR0TW77_AURPU",100,361,5.5e-262,709,"A0ABR0TW77"
"KAK6008505.1","tr|A0ABR0TVK7|A0ABR0TVK7_AURPU",100,420,3.75e-260,709,"A0ABR0TVK7"
"KAK6008526.1","tr|A0ABR0TX42|A0ABR0TX42_AURPU",100,389,6.9e-261,709,"A0ABR0TX42"
"CAD0043332.1","tr|A0ABR0T8P2|A0ABR0T8P2_AURPU",92.4,396,3.11e-261,709,"A0ABR0T8P2"
"KEQ85719.1","tr|A0ABR0TAN9|A0ABR0TAN9_AURPU",91.5,388,9.07e-261,708,"A0ABR0TAN9"
"KAK5999994.1","tr|A0ABR0T6Y5|A0ABR0T6Y5_AURPU",100,370,3.18e-261,708,"A0ABR0T6Y5"
"KAK6001182.1","tr|A0ABR0TA51|A0ABR0TA51_AURPU",100,361,1.11e-261,708,"A0ABR0TA51"
"KAK6001395.1","tr|A0ABR0TAD5|A0ABR0TAD5_AURPU",100,429,3.05e-259,708,"A0ABR0TAD5"
"KAK6002710.1","tr|A0ABR0TFH9|A0ABR0TFH9_AURPU",100,349,4.35e-262,708,"A0ABR0TFH9"
"KAK6003287.1","tr|A0ABR0TFS0|A0ABR0TFS0_AURPU",100,360,1.03e-261,708,"A0ABR0TFS0"
"CAR4719948.1","tr|A0ABR0T8M4|A0ABR0T8M4_AURPU",94.3,369,1.07e-260,708,"A0ABR0T8M4"
"THW51341.1","tr|A0ABR0TU66|A0ABR0TU66_AURPU",98.6,368,8.62e-260,707,"A0ABR0TU66"
"THX25778.1","tr|A0ABR0TLC3|A0ABR0TLC3_AURPU",90.7,407,1.44e-254,707,"A0ABR0TLC3"
"KAK5999696.1","tr|A0ABR0T6T5|A0ABR0T6T5_AURPU",100,355,2.83e-261,707,"A0ABR0T6T5"
"KAK5999808.1","tr|A0ABR0T5V0|A0ABR0T5V0_AURPU",100,353,2.42e-261,707,"A0ABR0T5V0"
"KAK5999957.1","tr|A0ABR0T6C4|A0ABR0T6C4_AURPU",100,382,1.63e-260,707,"A0ABR0T6C4"
"KAK6002294.1","tr|A0ABR0TCZ9|A0ABR0TCZ9_AURPU",100,374,1.24e-260,707,"A0ABR0TCZ9"
"KAK6004975.1","tr|A0ABR0TM37|A0ABR0TM37_AURPU",100,364,4.02e-261,707,"A0ABR0TM37"
"KAK6006910.1","tr|A0ABR0TSK6|A0ABR0TSK6_AURPU",100,357,3.31e-261,707,"A0ABR0TSK6"
"KAK6008776.1","tr|A0ABR0TWB6|A0ABR0TWB6_AURPU",100,357,3.31e-261,707,"A0ABR0TWB6"
"KEQ84822.1","tr|A0ABR0TE20|A0ABR0TE20_AURPU",95.5,358,4.89e-261,706,"A0ABR0TE20"
"KAK6000158.1","tr|A0ABR0T6V0|A0ABR0T6V0_AURPU",100,346,2.83e-261,706,"A0ABR0T6V0"
"KAK6000286.1","tr|A0ABR0T761|A0ABR0T761_AURPU",100,351,4.18e-261,706,"A0ABR0T761"
"KAK6000747.1","tr|A0ABR0T8W1|A0ABR0T8W1_AURPU",100,368,2.24e-260,706,"A0ABR0T8W1"
"KAK6002296.1","tr|A0ABR0TCX9|A0ABR0TCX9_AURPU",100,336,9.08000000000000e-262,706,"A0ABR0TCX9"
"KAK6002991.1","tr|A0ABR0TGF8|A0ABR0TGF8_AURPU",100,363,1.51e-260,706,"A0ABR0TGF8"
"KAK6007626.1","tr|A0ABR0TUT1|A0ABR0TUT1_AURPU",100,353,4.88e-261,706,"A0ABR0TUT1"
"KAK6007744.1","tr|A0ABR0TTG0|A0ABR0TTG0_AURPU",100,353,3.44e-261,706,"A0ABR0TTG0"
"KAK5999671.1","tr|A0ABR0T5F9|A0ABR0T5F9_AURPU",100,353,9.85999999999999e-261,705,"A0ABR0T5F9"
"KAK6002517.1","tr|A0ABR0TDX0|A0ABR0TDX0_AURPU",100,396,2.79e-259,705,"A0ABR0TDX0"
"KAK6002987.1","tr|A0ABR0TEY2|A0ABR0TEY2_AURPU",100,368,3.18e-260,705,"A0ABR0TEY2"
"KEQ84682.1","tr|A0ABR0T5T5|A0ABR0T5T5_AURPU",95.3,362,4.02e-260,704,"A0ABR0T5T5"
"TIA46666.1","tr|A0ABR0TWF3|A0ABR0TWF3_AURPU",91.6,430,7.31e-252,704,"A0ABR0TWF3"
"KAK6000877.1","tr|A0ABR0T9S8|A0ABR0T9S8_AURPU",100,347,1.77e-260,704,"A0ABR0T9S8"
"KAK6001408.1","tr|A0ABR0TAF2|A0ABR0TAF2_AURPU",100,356,3.57e-260,704,"A0ABR0TAF2"
"KAK6003255.1","tr|A0ABR0TFP9|A0ABR0TFP9_AURPU",100,339,1.34e-260,704,"A0ABR0TFP9"
"KAK6003479.1","tr|A0ABR0TGC7|A0ABR0TGC7_AURPU",100,447,5.71e-257,704,"A0ABR0TGC7"
"KAK6003636.1","tr|A0ABR0TIA1|A0ABR0TIA1_AURPU",100,354,4.34e-260,704,"A0ABR0TIA1"
"KAK6003715.1","tr|A0ABR0TIC9|A0ABR0TIC9_AURPU",100,359,4.51e-260,704,"A0ABR0TIC9"
"KAK6006267.1","tr|A0ABR0TPJ3|A0ABR0TPJ3_AURPU",100,345,1.51e-260,704,"A0ABR0TPJ3"
"KAK6007974.1","tr|A0ABR0TUS2|A0ABR0TUS2_AURPU",100,366,5.48e-260,704,"A0ABR0TUS2"
"KAK6008565.1","tr|A0ABR0TVR8|A0ABR0TVR8_AURPU",100,351,3.43e-260,704,"A0ABR0TVR8"
"KAK6001248.1","tr|A0ABR0T9Y3|A0ABR0T9Y3_AURPU",100,333,1.69e-260,703,"A0ABR0T9Y3"
"KAK6003413.1","tr|A0ABR0TG48|A0ABR0TG48_AURPU",100,367,2.41e-259,703,"A0ABR0TG48"
"KAK6004940.1","tr|A0ABR0TM12|A0ABR0TM12_AURPU",100,352,5.27e-260,703,"A0ABR0TM12"
"KAK6007702.1","tr|A0ABR0TUE4|A0ABR0TUE4_AURPU",100,352,7.49e-260,703,"A0ABR0TUE4"
"CAD0058564.1","tr|A0ABR0T9R9|A0ABR0T9R9_AURPU",98.8,343,3.66e-259,703,"A0ABR0T9R9"
"CAR4684493.1","tr|A0ABR0TMP7|A0ABR0TMP7_AURPU",92.8,433,4.27e-256,703,"A0ABR0TMP7"
"THV83376.1","tr|A0ABR0TQS5|A0ABR0TQS5_AURPU",92.5,385,3.69e-257,702,"A0ABR0TQS5"
"THW02818.1","tr|A0ABR0TEM6|A0ABR0TEM6_AURPU",96.3,356,4.76e-259,702,"A0ABR0TEM6"
"THW06804.1","tr|A0ABR0TLK0|A0ABR0TLK0_AURPU",86.9,444,3.3e-256,702,"A0ABR0TLK0"
"KAK5999950.1","tr|A0ABR0T7F7|A0ABR0T7F7_AURPU",100,345,1.24e-259,702,"A0ABR0T7F7"
"KAK6001225.1","tr|A0ABR0TB64|A0ABR0TB64_AURPU",100,361,2.15e-259,702,"A0ABR0TB64"
"KAK6004793.1","tr|A0ABR0TK41|A0ABR0TK41_AURPU",100,351,1.4e-259,702,"A0ABR0TK41"
"KAK6005006.1","tr|A0ABR0TLP6|A0ABR0TLP6_AURPU",100,372,1.02e-258,702,"A0ABR0TLP6"
"KAK6006005.1","tr|A0ABR0TQ63|A0ABR0TQ63_AURPU",100,341,6.39e-260,702,"A0ABR0TQ63"
"KAK6006103.1","tr|A0ABR0TNV2|A0ABR0TNV2_AURPU",100,379,8.71e-259,702,"A0ABR0TNV2"
"CAD0026989.1","tr|A0ABR0TCR1|A0ABR0TCR1_AURPU",92.3,390,1.96e-258,702,"A0ABR0TCR1"
"CAD0055765.1","tr|A0ABR0TQH7|A0ABR0TQH7_AURPU",95.7,391,1.02e-257,702,"A0ABR0TQH7"
"THW67470.1","tr|A0ABR0TI47|A0ABR0TI47_AURPU",92.7,438,2.65e-256,701,"A0ABR0TI47"
"THW74022.1","tr|A0ABR0TQF6|A0ABR0TQF6_AURPU",92.6,390,1.97e-256,701,"A0ABR0TQF6"
"THX46475.1","tr|A0ABR0T9I4|A0ABR0T9I4_AURPU",92.8,456,9.89e-254,701,"A0ABR0T9I4"
"KAK5999340.1","tr|A0ABR0T4H7|A0ABR0T4H7_AURPU",100,369,2.32e-258,701,"A0ABR0T4H7"
"KAK6005150.1","tr|A0ABR0TMM9|A0ABR0TMM9_AURPU",100,346,3.85e-259,701,"A0ABR0TMM9"
"KAK6005820.1","tr|A0ABR0TN08|A0ABR0TN08_AURPU",100,352,6.15e-259,701,"A0ABR0TN08"
"KAK6008130.1","tr|A0ABR0TUL1|A0ABR0TUL1_AURPU",100,377,2.14e-258,701,"A0ABR0TUL1"
"KAK6008158.1","tr|A0ABR0TUI5|A0ABR0TUI5_AURPU",100,369,1.15e-258,701,"A0ABR0TUI5"
"CAC9893815.1","tr|A0ABR0TSF3|A0ABR0TSF3_AURPU",87.7,430,2.62e-256,701,"A0ABR0TSF3"
"CAD0028013.1","tr|A0ABR0T9G6|A0ABR0T9G6_AURPU",88.8,418,5.04e-257,701,"A0ABR0T9G6"
"OBW64344.1","tr|A0ABR0TWQ0|A0ABR0TWQ0_AURPU",90.8,380,7.45e-256,700,"A0ABR0TWQ0"
"THW11048.1","tr|A0ABR0TQ16|A0ABR0TQ16_AURPU",98.1,367,4.21e-257,700,"A0ABR0TQ16"
"THW29027.1","tr|A0ABR0TF12|A0ABR0TF12_AURPU",90.5,391,5.48e-257,700,"A0ABR0TF12"
"KAK5999438.1","tr|A0ABR0T4R5|A0ABR0T4R5_AURPU",100,341,5.25e-259,700,"A0ABR0T4R5"
"KAK6000055.1","tr|A0ABR0T7Q9|A0ABR0T7Q9_AURPU",100,360,1.63e-258,700,"A0ABR0T7Q9"
"KAK6001429.1","tr|A0ABR0TAG0|A0ABR0TAG0_AURPU",100,329,1.44e-259,700,"A0ABR0TAG0"
"KAK6002159.1","tr|A0ABR0TCN4|A0ABR0TCN4_AURPU",100,353,9.44999999999999e-259,700,"A0ABR0TCN4"
"KAK6002198.1","tr|A0ABR0TCM2|A0ABR0TCM2_AURPU",100,361,2.51e-258,700,"A0ABR0TCM2"
"KAK6002923.1","tr|A0ABR0TER9|A0ABR0TER9_AURPU",100,383,1.39e-257,700,"A0ABR0TER9"
"KAK6003425.1","tr|A0ABR0THM5|A0ABR0THM5_AURPU",100,342,5.68e-259,700,"A0ABR0THM5"
"KAK6005425.1","tr|A0ABR0TNA4|A0ABR0TNA4_AURPU",100,340,4.86e-259,700,"A0ABR0TNA4"
"KEQ86920.1","tr|A0ABR0TFR6|A0ABR0TFR6_AURPU",89,445,6.36e-255,699,"A0ABR0TFR6"
"THW66454.1","tr|A0ABR0TSW6|A0ABR0TSW6_AURPU",87.8,410,1.2e-255,699,"A0ABR0TSW6"
"THX60733.1","tr|A0ABR0TKZ3|A0ABR0TKZ3_AURPU",97.9,375,3.59e-256,699,"A0ABR0TKZ3"
"KAK6000015.1","tr|A0ABR0T6F3|A0ABR0T6F3_AURPU",100,399,6.79e-257,699,"A0ABR0T6F3"
"KAK6002222.1","tr|A0ABR0TCR5|A0ABR0TCR5_AURPU",100,448,5.87e-255,699,"A0ABR0TCR5"
"KAK6003380.1","tr|A0ABR0THI0|A0ABR0THI0_AURPU",100,347,1.19e-258,699,"A0ABR0THI0"
"KAK6003557.1","tr|A0ABR0TGJ7|A0ABR0TGJ7_AURPU",100,353,3.85e-258,699,"A0ABR0TGJ7"
"KAK6003750.1","tr|A0ABR0TH43|A0ABR0TH43_AURPU",100,336,1.02e-258,699,"A0ABR0TH43"
"KAK6004359.1","tr|A0ABR0TJD8|A0ABR0TJD8_AURPU",100,344,1.9e-258,699,"A0ABR0TJD8"
"KAK6005274.1","tr|A0ABR0TM04|A0ABR0TM04_AURPU",100,399,6.79e-257,699,"A0ABR0TM04"
"KAK6006223.1","tr|A0ABR0TP65|A0ABR0TP65_AURPU",100,352,3.56e-258,699,"A0ABR0TP65"
"KAK6006841.1","tr|A0ABR0TQY5|A0ABR0TQY5_AURPU",100,375,1.5e-257,699,"A0ABR0TQY5"
"KAK6007046.1","tr|A0ABR0TSB7|A0ABR0TSB7_AURPU",100,377,1.76e-257,699,"A0ABR0TSB7"
"KAK6007164.1","tr|A0ABR0TSC9|A0ABR0TSC9_AURPU",100,349,1.4e-258,699,"A0ABR0TSC9"
"KAK6007761.1","tr|A0ABR0TV77|A0ABR0TV77_AURPU",100,364,4.5e-258,699,"A0ABR0TV77"
"KAK6008179.1","tr|A0ABR0TUL8|A0ABR0TUL8_AURPU",100,378,2.69e-257,699,"A0ABR0TUL8"
"KAK6008763.1","tr|A0ABR0TWE3|A0ABR0TWE3_AURPU",100,431,1.13e-255,699,"A0ABR0TWE3"
"KAK6008839.1","tr|A0ABR0TWH7|A0ABR0TWH7_AURPU",100,346,1.1e-258,699,"A0ABR0TWH7"
"CAC9889896.1","tr|A0ABR0T992|A0ABR0T992_AURPU",91.8,439,1.65e-255,699,"A0ABR0T992"
"CAD0017184.1","tr|A0ABR0TU70|A0ABR0TU70_AURPU",89.7,389,1.58e-256,699,"A0ABR0TU70"
"THW82301.1","tr|A0ABR0T699|A0ABR0T699_AURPU",91.6,379,6.7e-254,698,"A0ABR0T699"
"THY60634.1","tr|A0ABR0T598|A0ABR0T598_AURPU",91.9,382,1.53e-256,698,"A0ABR0T598"
"KAK5999706.1","tr|A0ABR0T6Z9|A0ABR0T6Z9_AURPU",100,348,5.25e-258,698,"A0ABR0T6Z9"
"KAK6000704.1","tr|A0ABR0T8J9|A0ABR0T8J9_AURPU",100,368,1.76e-257,698,"A0ABR0T8J9"
"KAK6001330.1","tr|A0ABR0TBH2|A0ABR0TBH2_AURPU",100,374,3.98e-257,698,"A0ABR0TBH2"
"KAK6001527.1","tr|A0ABR0TB65|A0ABR0TB65_AURPU",100,358,1.15e-257,698,"A0ABR0TB65"
"KAK6001763.1","tr|A0ABR0TBD6|A0ABR0TBD6_AURPU",100,349,4e-258,698,"A0ABR0TBD6"
"KAK6004546.1","tr|A0ABR0TJB7|A0ABR0TJB7_AURPU",100,422,1.14e-255,698,"A0ABR0TJB7"
"KAK6005285.1","tr|A0ABR0TN17|A0ABR0TN17_AURPU",100,350,4.32e-258,698,"A0ABR0TN17"
"KAK6008491.1","tr|A0ABR0TVH6|A0ABR0TVH6_AURPU",100,525,3.91e-252,698,"A0ABR0TVH6"
"KEQ87799.1","tr|A0ABR0TVJ0|A0ABR0TVJ0_AURPU",96.4,358,2.31e-257,697,"A0ABR0TVJ0"
"OBW64038.1","tr|A0ABR0TLQ7|A0ABR0TLQ7_AURPU",92.5,386,2.9e-256,697,"A0ABR0TLQ7"
"THY37646.1","tr|A0ABR0T5U5|A0ABR0T5U5_AURPU",97,372,3.83e-256,697,"A0ABR0T5U5"
"KAK6000765.1","tr|A0ABR0T8J3|A0ABR0T8J3_AURPU",100,426,4.44e-255,697,"A0ABR0T8J3"
"KAK6001244.1","tr|A0ABR0TA45|A0ABR0TA45_AURPU",100,349,1.63e-257,697,"A0ABR0TA45"
"KAK6002668.1","tr|A0ABR0TDZ8|A0ABR0TDZ8_AURPU",100,385,2.68e-256,697,"A0ABR0TDZ8"
"KAK6004364.1","tr|A0ABR0TIZ4|A0ABR0TIZ4_AURPU",100,377,1.01e-256,697,"A0ABR0TIZ4"
"KAK6005095.1","tr|A0ABR0TMF7|A0ABR0TMF7_AURPU",100,396,6.27e-256,697,"A0ABR0TMF7"
"KAK6005221.1","tr|A0ABR0TL97|A0ABR0TL97_AURPU",100,369,5.45e-257,697,"A0ABR0TL97"
"KAK6005262.1","tr|A0ABR0TLN6|A0ABR0TLN6_AURPU",100,356,2.81e-257,697,"A0ABR0TLN6"
"KAK6007288.1","tr|A0ABR0TS74|A0ABR0TS74_AURPU",100,349,1.15e-257,697,"A0ABR0TS74"
"KAK6007729.1","tr|A0ABR0TTE9|A0ABR0TTE9_AURPU",100,344,5.46e-258,697,"A0ABR0TTE9"
"KAK6008358.1","tr|A0ABR0TV73|A0ABR0TV73_AURPU",100,356,1.39e-257,697,"A0ABR0TV73"
"CAD0024870.1","tr|A0A1A7MQX0|A0A1A7MQX0_AURPU",91.4,394,1.45e-256,697,"A0A1A7MQX0"
"CAR1000808.1","tr|A0ABR0THE5|A0ABR0THE5_AURPU",94.9,370,1.07e-255,697,"A0ABR0THE5"
"THV72802.1","tr|A0ABR0TIZ1|A0ABR0TIZ1_AURPU",95.3,362,7.62e-256,696,"A0ABR0TIZ1"
"THW30542.1","tr|A0ABR0T676|A0ABR0T676_AURPU",91,367,6.35e-256,696,"A0ABR0T676"
"THW03276.1","tr|A0ABR0THN6|A0ABR0THN6_AURPU",90.7,375,1.24e-255,696,"A0ABR0THN6"
"THX09864.1","tr|A0ABR0TP38|A0ABR0TP38_AURPU",90.8,391,3.31e-255,696,"A0ABR0TP38"
"KAK5999399.1","tr|A0ABR0T4Y0|A0ABR0T4Y0_AURPU",100,353,4.49e-257,696,"A0ABR0T4Y0"
"KAK5999509.1","tr|A0ABR0T4Z5|A0ABR0T4Z5_AURPU",100,342,1.9e-257,696,"A0ABR0T4Z5"
"KAK5999893.1","tr|A0ABR0T630|A0ABR0T630_AURPU",100,347,2.81e-257,696,"A0ABR0T630"
"KAK6000288.1","tr|A0ABR0T769|A0ABR0T769_AURPU",100,342,1.9e-257,696,"A0ABR0T769"
"KAK6002548.1","tr|A0ABR0TDN0|A0ABR0TDN0_AURPU",100,354,4.86e-257,696,"A0ABR0TDN0"
"KAK6003932.1","tr|A0ABR0THM6|A0ABR0THM6_AURPU",100,334,7.15e-258,696,"A0ABR0THM6"
"KAK6004019.1","tr|A0ABR0THY0|A0ABR0THY0_AURPU",100,400,2.45e-255,696,"A0ABR0THY0"
"KAK6004098.1","tr|A0ABR0TI41|A0ABR0TI41_AURPU",100,358,6.63e-257,696,"A0ABR0TI41"
"KAK6004895.1","tr|A0ABR0TLW6|A0ABR0TLW6_AURPU",100,342,2.7e-257,696,"A0ABR0TLW6"
"KAK6006273.1","tr|A0ABR0TP91|A0ABR0TP91_AURPU",100,323,4.29e-258,696,"A0ABR0TP91"
"KAK6006807.1","tr|A0ABR0TR72|A0ABR0TR72_AURPU",100,514,6.99e-252,696,"A0ABR0TR72"
"KAK6007388.1","tr|A0ABR0TSH1|A0ABR0TSH1_AURPU",100,370,2.4e-256,696,"A0ABR0TSH1"
"KAK6008611.1","tr|A0ABR0TVU4|A0ABR0TVU4_AURPU",100,369,2.22e-256,696,"A0ABR0TVU4"
"CAC9890688.1","tr|A0ABR0TMJ4|A0ABR0TMJ4_AURPU",93.9,360,1.02e-256,696,"A0ABR0TMJ4"
"THV75220.1","tr|A0ABR0TER3|A0ABR0TER3_AURPU",94.4,375,1.14e-253,695,"A0ABR0TER3"
"THX29278.1","tr|A0ABR0TFA9|A0ABR0TFA9_AURPU",96.4,366,8.99e-256,695,"A0ABR0TFA9"
"KAK5999540.1","tr|A0ABR0T675|A0ABR0T675_AURPU",100,448,1.38e-253,695,"A0ABR0T675"
"KAK6000051.1","tr|A0ABR0T7Y9|A0ABR0T7Y9_AURPU",100,341,3.55e-257,695,"A0ABR0T7Y9"
"KAK6000119.1","tr|A0ABR0T6Y2|A0ABR0T6Y2_AURPU",100,353,9.06e-257,695,"A0ABR0T6Y2"
"KAK6001260.1","tr|A0ABR0T9Z9|A0ABR0T9Z9_AURPU",100,344,4.49e-257,695,"A0ABR0T9Z9"
"KAK6003415.1","tr|A0ABR0THH8|A0ABR0THH8_AURPU",100,364,3.03e-256,695,"A0ABR0THH8"
"KAK6004313.1","tr|A0ABR0TIQ4|A0ABR0TIQ4_AURPU",100,343,4.15e-257,695,"A0ABR0TIQ4"
"KAK6006211.1","tr|A0ABR0TP63|A0ABR0TP63_AURPU",100,343,5.89e-257,695,"A0ABR0TP63"
"KAK6008662.1","tr|A0ABR0TX29|A0ABR0TX29_AURPU",100,442,8.71e-254,695,"A0ABR0TX29"
"KAK6008696.1","tr|A0ABR0TWY2|A0ABR0TWY2_AURPU",100,356,1.63e-256,695,"A0ABR0TWY2"
"KAK6008833.1","tr|A0ABR0TWE7|A0ABR0TWE7_AURPU",100,344,6.37e-257,695,"A0ABR0TWE7"
"CAD0023548.1","tr|A0ABR0TTZ5|A0ABR0TTZ5_AURPU",95,418,3.87e-254,695,"A0ABR0TTZ5"
"KEQ80490.1","tr|A0ABR0TQ78|A0ABR0TQ78_AURPU",98.3,349,1.34e-256,694,"A0ABR0TQ78"
"KEQ86520.1","tr|A0ABR0TKM6|A0ABR0TKM6_AURPU",90.8,371,1.15e-255,694,"A0ABR0TKM6"
"THV96139.1","tr|A0ABR0TVZ3|A0ABR0TVZ3_AURPU",93.4,376,8.37e-250,694,"A0ABR0TVZ3"
"THZ21130.1","tr|A0ABR0TF00|A0ABR0TF00_AURPU",91.8,376,5.54e-255,694,"A0ABR0TF00"
"THZ56880.1","tr|A0ABR0TAE0|A0ABR0TAE0_AURPU",91.3,381,1e-254,694,"A0ABR0TAE0"
"KAK6005786.1","tr|A0ABR0TNY7|A0ABR0TNY7_AURPU",100,341,1.44e-256,694,"A0ABR0TNY7"
"THX75975.1","tr|A0ABR0TKH5|A0ABR0TKH5_AURPU",91.3,378,4.65e-255,693,"A0ABR0TKH5"
"KAK6002221.1","tr|A0ABR0TCP3|A0ABR0TCP3_AURPU",100,336,1.97e-256,693,"A0ABR0TCP3"
"KAK6002351.1","tr|A0ABR0TE68|A0ABR0TE68_AURPU",100,332,1.01e-256,693,"A0ABR0TE68"
"THW53787.1","tr|A0ABR0TTX9|A0ABR0TTX9_AURPU",89.9,386,7.26e-255,692,"A0ABR0TTX9"
"KAK5999528.1","tr|A0ABR0T501|A0ABR0T501_AURPU",100,491,8.33e-251,692,"A0ABR0T501"
"KAK5999750.1","tr|A0ABR0T6X5|A0ABR0T6X5_AURPU",100,355,2.49e-255,692,"A0ABR0T6X5"
"KAK5999878.1","tr|A0ABR0T615|A0ABR0T615_AURPU",100,468,1.04e-251,692,"A0ABR0T615"
"KAK6000800.1","tr|A0ABR0T9Z1|A0ABR0T9Z1_AURPU",100,378,1.49e-254,692,"A0ABR0T9Z1"
"KAK6000863.1","tr|A0ABR0T8V1|A0ABR0T8V1_AURPU",100,402,4.72e-254,692,"A0ABR0T8V1"
"KAK6002440.1","tr|A0ABR0TEN1|A0ABR0TEN1_AURPU",100,368,6.86e-255,692,"A0ABR0TEN1"
"KAK6004034.1","tr|A0ABR0THZ6|A0ABR0THZ6_AURPU",100,357,2.05e-255,692,"A0ABR0THZ6"
"KAK6004509.1","tr|A0ABR0TJT5|A0ABR0TJT5_AURPU",100,348,1.02e-255,692,"A0ABR0TJT5"
"KAK6004566.1","tr|A0ABR0TL04|A0ABR0TL04_AURPU",100,378,7.39e-255,692,"A0ABR0TL04"
"KAK6006050.1","tr|A0ABR0TQA5|A0ABR0TQA5_AURPU",100,365,3.82e-255,692,"A0ABR0TQA5"
"KAK6006325.1","tr|A0ABR0TQV4|A0ABR0TQV4_AURPU",100,354,1.14e-255,692,"A0ABR0TQV4"
"KAK6006942.1","tr|A0ABR0TRJ8|A0ABR0TRJ8_AURPU",100,351,1.29e-255,692,"A0ABR0TRJ8"
"KAK6007483.1","tr|A0ABR0TSN8|A0ABR0TSN8_AURPU",100,339,3.54e-256,692,"A0ABR0TSN8"
"KAK6007520.1","tr|A0ABR0TUJ2|A0ABR0TUJ2_AURPU",100,370,8.01e-255,692,"A0ABR0TUJ2"
"THY23715.1","tr|A0ABR0TAM2|A0ABR0TAM2_AURPU",93.9,375,1.48e-253,691,"A0ABR0TAM2"
"KAK5999431.1","tr|A0ABR0T4R8|A0ABR0T4R8_AURPU",100,365,1.1e-254,691,"A0ABR0T4R8"
"KAK6003101.1","tr|A0ABR0TGE5|A0ABR0TGE5_AURPU",100,383,6.29e-254,691,"A0ABR0TGE5"
"KAK6004120.1","tr|A0ABR0TJJ3|A0ABR0TJJ3_AURPU",100,390,7.61e-254,691,"A0ABR0TJJ3"
"KAK6004478.1","tr|A0ABR0TJ76|A0ABR0TJ76_AURPU",100,379,3.25e-254,691,"A0ABR0TJ76"
"KAK6005448.1","tr|A0ABR0TLX5|A0ABR0TLX5_AURPU",100,355,3.54e-255,691,"A0ABR0TLX5"
"KAK6005909.1","tr|A0ABR0TNA1|A0ABR0TNA1_AURPU",100,370,1.14e-254,691,"A0ABR0TNA1"
"KAK6006064.1","tr|A0ABR0TNP9|A0ABR0TNP9_AURPU",100,355,5.03e-255,691,"A0ABR0TNP9"
"KAK6007268.1","tr|A0ABR0TS50|A0ABR0TS50_AURPU",100,340,2.22e-255,691,"A0ABR0TS50"
"KAK6007487.1","tr|A0ABR0TST7|A0ABR0TST7_AURPU",100,347,2.7e-255,691,"A0ABR0TST7"
"CAC9893637.1","tr|A0ABR0TTB8|A0ABR0TTB8_AURPU",86.1,431,6.13e-253,691,"A0ABR0TTB8"
"THX48415.1","tr|A0ABR0TV50|A0ABR0TV50_AURPU",89.1,377,6.86e-254,690,"A0ABR0TV50"
"THY65460.1","tr|A0ABR0TJN8|A0ABR0TJN8_AURPU",92.2,373,3.17e-254,690,"A0ABR0TJN8"
"KAK5999888.1","tr|A0ABR0T625|A0ABR0T625_AURPU",100,344,4.3e-255,690,"A0ABR0T625"
"KAK6000446.1","tr|A0ABR0T8Y8|A0ABR0T8Y8_AURPU",100,388,1.87e-253,690,"A0ABR0T8Y8"
"KAK6003499.1","tr|A0ABR0TGD0|A0ABR0TGD0_AURPU",100,375,4.81e-254,690,"A0ABR0TGD0"
"KAK6004379.1","tr|A0ABR0TJ09|A0ABR0TJ09_AURPU",100,399,4.37e-253,690,"A0ABR0TJ09"
"KAK6004669.1","tr|A0ABR0TJN2|A0ABR0TJN2_AURPU",100,401,5.09e-253,690,"A0ABR0TJN2"
"KAK6004721.1","tr|A0ABR0TKV3|A0ABR0TKV3_AURPU",100,373,5.85e-254,690,"A0ABR0TKV3"
"KAK6006352.1","tr|A0ABR0TQG6|A0ABR0TQG6_AURPU",100,335,3.02e-255,690,"A0ABR0TQG6"
"KAK6008499.1","tr|A0ABR0TWA5|A0ABR0TWA5_AURPU",100,340,4.47e-255,690,"A0ABR0TWA5"
"CAC9885102.1","tr|A0ABR0TQT9|A0ABR0TQT9_AURPU",92.7,385,1.37e-253,690,"A0ABR0TQT9"
"KEQ81799.1","tr|A0ABR0T8Q4|A0ABR0T8Q4_AURPU",92.1,379,3.79e-252,689,"A0ABR0T8Q4"
"THW63425.1","tr|A0ABR0TP16|A0ABR0TP16_AURPU",94.8,347,3.02e-252,689,"A0ABR0TP16"
"KAK5999766.1","tr|A0ABR0T750|A0ABR0T750_AURPU",100,367,5.21e-254,689,"A0ABR0T750"
"KAK6001279.1","tr|A0ABR0TA11|A0ABR0TA11_AURPU",100,321,2.89e-255,689,"A0ABR0TA11"
"KAK6001326.1","tr|A0ABR0TBM5|A0ABR0TBM5_AURPU",100,336,4.64e-255,689,"A0ABR0TBM5"
"KAK6001451.1","tr|A0ABR0TBQ8|A0ABR0TBQ8_AURPU",100,354,1.89e-254,689,"A0ABR0TBQ8"
"KAK6003436.1","tr|A0ABR0TG62|A0ABR0TG62_AURPU",100,354,1.89e-254,689,"A0ABR0TG62"
"KAK6004270.1","tr|A0ABR0TK14|A0ABR0TK14_AURPU",100,335,6.1e-255,689,"A0ABR0TK14"
"KAK6004373.1","tr|A0ABR0TIX0|A0ABR0TIX0_AURPU",100,349,1.28e-254,689,"A0ABR0TIX0"
"KAK6005436.1","tr|A0ABR0TNF1|A0ABR0TNF1_AURPU",100,369,1.23e-253,689,"A0ABR0TNF1"
"KAK6006285.1","tr|A0ABR0TPC8|A0ABR0TPC8_AURPU",100,339,1.19e-254,689,"A0ABR0TPC8"
"KAK6008509.1","tr|A0ABR0TVL1|A0ABR0TVL1_AURPU",100,386,2.27e-253,689,"A0ABR0TVL1"
"TIA39355.1","tr|A0ABR0TNW7|A0ABR0TNW7_AURPU",95.2,357,3.22e-252,688,"A0ABR0TNW7"
"KAK5999544.1","tr|A0ABR0T5P7|A0ABR0T5P7_AURPU",100,342,3.02e-254,688,"A0ABR0T5P7"
"KAK6001845.1","tr|A0ABR0TBN1|A0ABR0TBN1_AURPU",100,334,1.62e-254,688,"A0ABR0TBN1"
"KAK6001846.1","tr|A0ABR0TBM7|A0ABR0TBM7_AURPU",100,413,7.4e-252,688,"A0ABR0TBM7"
"KAK6002861.1","tr|A0ABR0TFR0|A0ABR0TFR0_AURPU",100,351,6.11e-254,688,"A0ABR0TFR0"
"KAK6006446.1","tr|A0ABR0TQR8|A0ABR0TQR8_AURPU",100,357,9.74e-254,688,"A0ABR0TQR8"
"THY30970.1","tr|A0ABR0TXK2|A0ABR0TXK2_AURPU",98,354,2.72e-252,687,"A0ABR0TXK2"
"THX44661.1","tr|A0ABR0TPR4|A0ABR0TPR4_AURPU",87.7,405,1.61e-251,687,"A0ABR0TPR4"
"THY57599.1","tr|A0ABR0TNY1|A0ABR0TNY1_AURPU",95,380,3.89e-252,687,"A0ABR0TNY1"
"KAK5999903.1","tr|A0ABR0T644|A0ABR0T644_AURPU",100,359,2.3e-253,687,"A0ABR0T644"
"KAK6000014.1","tr|A0ABR0T6N5|A0ABR0T6N5_AURPU",100,355,1.18e-253,687,"A0ABR0T6N5"
"KAK6000115.1","tr|A0ABR0T7W8|A0ABR0T7W8_AURPU",100,419,3.36e-251,687,"A0ABR0T7W8"
"KAK6000180.1","tr|A0ABR0T6W2|A0ABR0T6W2_AURPU",100,337,2.91e-254,687,"A0ABR0T6W2"
"KAK6000283.1","tr|A0ABR0T771|A0ABR0T771_AURPU",100,338,6.34e-254,687,"A0ABR0T771"
"KAK6000400.1","tr|A0ABR0T8N7|A0ABR0T8N7_AURPU",100,345,1.1e-253,687,"A0ABR0T8N7"
"KAK6002656.1","tr|A0ABR0TE05|A0ABR0TE05_AURPU",100,342,4.3e-254,687,"A0ABR0TE05"
"KAK6003760.1","tr|A0ABR0TIG6|A0ABR0TIG6_AURPU",100,350,8.02e-254,687,"A0ABR0TIG6"
"KAK6003890.1","tr|A0ABR0TJ05|A0ABR0TJ05_AURPU",100,337,5.86e-254,687,"A0ABR0TJ05"
"KAK6004206.1","tr|A0ABR0TK04|A0ABR0TK04_AURPU",100,361,2.68e-253,687,"A0ABR0TK04"
"KAK6005081.1","tr|A0ABR0TLX3|A0ABR0TLX3_AURPU",100,367,6.08e-253,687,"A0ABR0TLX3"
"KAK6005194.1","tr|A0ABR0TL69|A0ABR0TL69_AURPU",100,356,1.28e-253,687,"A0ABR0TL69"
"KAK6008316.1","tr|A0ABR0TWN3|A0ABR0TWN3_AURPU",100,346,5.87e-254,687,"A0ABR0TWN3"
"THW27292.1","tr|A0ABR0TJN5|A0ABR0TJN5_AURPU",91.3,368,2.71e-252,686,"A0ABR0TJN5"
"THW87914.1","tr|A0ABR0TVF7|A0ABR0TVF7_AURPU",94.7,342,3.82e-252,686,"A0ABR0TVF7"
"THY33614.1","tr|A0ABR0THW6|A0ABR0THW6_AURPU",94.1,373,1.03e-249,686,"A0ABR0THW6"
"KAK5999991.1","tr|A0ABR0T7T8|A0ABR0T7T8_AURPU",100,336,7.7e-254,686,"A0ABR0T7T8"
"KAK6002014.1","tr|A0ABR0TC43|A0ABR0TC43_AURPU",100,351,3.53e-253,686,"A0ABR0TC43"
"KAK6002609.1","tr|A0ABR0TDX1|A0ABR0TDX1_AURPU",100,340,2.13e-253,686,"A0ABR0TDX1"
"KAK6004853.1","tr|A0ABR0TKA2|A0ABR0TKA2_AURPU",100,342,1.75e-253,686,"A0ABR0TKA2"
"KAK6004906.1","tr|A0ABR0TKC1|A0ABR0TKC1_AURPU",100,343,1.89e-253,686,"A0ABR0TKC1"
"KAK6005602.1","tr|A0ABR0TN68|A0ABR0TN68_AURPU",100,338,1.82e-253,686,"A0ABR0TN68"
"KAK6006653.1","tr|A0ABR0TQD2|A0ABR0TQD2_AURPU",100,350,4.64e-253,686,"A0ABR0TQD2"
"KAK6007516.1","tr|A0ABR0TSS8|A0ABR0TSS8_AURPU",100,324,4.27e-254,686,"A0ABR0TSS8"
"KAK6008456.1","tr|A0ABR0TW97|A0ABR0TW97_AURPU",100,354,6.34e-253,686,"A0ABR0TW97"
"KAK6000422.1","tr|A0ABR0T7K2|A0ABR0T7K2_AURPU",100,341,4.64e-253,685,"A0ABR0T7K2"
"KAK6000703.1","tr|A0ABR0T8D6|A0ABR0T8D6_AURPU",100,347,7.41e-253,685,"A0ABR0T8D6"
"KAK6003851.1","tr|A0ABR0TIE9|A0ABR0TIE9_AURPU",100,346,6.85e-253,685,"A0ABR0TIE9"
"KAK6006291.1","tr|A0ABR0TQY2|A0ABR0TQY2_AURPU",100,343,3.82e-253,685,"A0ABR0TQY2"
"KAK6007057.1","tr|A0ABR0TSH4|A0ABR0TSH4_AURPU",100,336,2.21e-253,685,"A0ABR0TSH4"
"KAK6008001.1","tr|A0ABR0TVU5|A0ABR0TVU5_AURPU",100,344,4.13e-253,685,"A0ABR0TVU5"
"CAC9889646.1","tr|A0ABR0TGZ1|A0ABR0TGZ1_AURPU",86.4,478,1.44e-247,685,"A0ABR0TGZ1"
"CAD0030921.1","tr|A0ABR0TKC3|A0ABR0TKC3_AURPU",93.1,378,4.54e-251,685,"A0ABR0TKC3"
"THW29195.1","tr|A0ABR0T951|A0ABR0T951_AURPU",81,615,5.48e-238,684,"A0ABR0T951"
"THW83587.1","tr|A0ABR0TMF4|A0ABR0TMF4_AURPU",94.4,392,3.59e-251,684,"A0ABR0TMF4"
"KAK6002776.1","tr|A0ABR0TEC9|A0ABR0TEC9_AURPU",100,361,6.32e-252,684,"A0ABR0TEC9"
"KAK6002964.1","tr|A0ABR0TFC7|A0ABR0TFC7_AURPU",100,349,1.23e-252,684,"A0ABR0TFC7"
"KAK6002969.1","tr|A0ABR0TEW2|A0ABR0TEW2_AURPU",100,363,5.19e-252,684,"A0ABR0TEW2"
"CAR1015667.1","tr|A0ABR0TWD4|A0ABR0TWD4_AURPU",93.1,377,2.15e-250,684,"A0ABR0TWD4"
"THX77884.1","tr|A0ABR0TTH5|A0ABR0TTH5_AURPU",93.1,393,4.12e-250,683,"A0ABR0TTH5"
"KAK6000325.1","tr|A0ABR0T8G9|A0ABR0T8G9_AURPU",100,342,2.04e-252,683,"A0ABR0T8G9"
"KAK6001302.1","tr|A0ABR0TAJ5|A0ABR0TAJ5_AURPU",100,339,1.62e-252,683,"A0ABR0TAJ5"
"KAK6003956.1","tr|A0ABR0TIP9|A0ABR0TIP9_AURPU",100,343,3.14e-252,683,"A0ABR0TIP9"
"KAK6005980.1","tr|A0ABR0TPW2|A0ABR0TPW2_AURPU",100,339,1.62e-252,683,"A0ABR0TPW2"
"THX61886.1","tr|A0ABR0TAR0|A0ABR0TAR0_AURPU",91.6,393,3.13e-250,682,"A0ABR0TAR0"
"THZ14029.1","tr|A0ABR0TIX6|A0ABR0TIX6_AURPU",96.8,343,2.27e-251,682,"A0ABR0TIX6"
"KAK5999398.1","tr|A0ABR0T4K1|A0ABR0T4K1_AURPU",100,374,4.96e-251,682,"A0ABR0T4K1"
"KAK6002739.1","tr|A0ABR0TES4|A0ABR0TES4_AURPU",100,344,4.82e-252,682,"A0ABR0TES4"
"KAK6005243.1","tr|A0ABR0TLC9|A0ABR0TLC9_AURPU",100,342,8.31e-252,682,"A0ABR0TLC9"
"KAK6005321.1","tr|A0ABR0TMK3|A0ABR0TMK3_AURPU",100,401,8.05e-250,682,"A0ABR0TMK3"
"KAK6005998.1","tr|A0ABR0TNI9|A0ABR0TNI9_AURPU",100,368,4.43e-251,682,"A0ABR0TNI9"
"KAK6006006.1","tr|A0ABR0TQ51|A0ABR0TQ51_AURPU",100,374,1e-250,682,"A0ABR0TQ51"
"KAK6006740.1","tr|A0ABR0TS99|A0ABR0TS99_AURPU",100,384,1.53e-250,682,"A0ABR0TS99"
"KAK6007531.1","tr|A0ABR0TSU3|A0ABR0TSU3_AURPU",100,351,1.18e-251,682,"A0ABR0TSU3"
"THV77334.1","tr|A0ABR0TPV7|A0ABR0TPV7_AURPU",92.6,391,5.52e-250,681,"A0ABR0TPV7"
"THZ68660.1","tr|A0ABR0TFM1|A0ABR0TFM1_AURPU",93.2,381,8.85e-250,681,"A0ABR0TFM1"
"KAK5999367.1","tr|A0ABR0T4V5|A0ABR0T4V5_AURPU",100,336,1.05e-251,681,"A0ABR0T4V5"
"KAK6000969.1","tr|A0ABR0T9Q9|A0ABR0T9Q9_AURPU",100,326,4.8e-252,681,"A0ABR0T9Q9"
"KAK6002125.1","tr|A0ABR0TDT4|A0ABR0TDT4_AURPU",100,342,1.68e-251,681,"A0ABR0TDT4"
"KAK6003875.1","tr|A0ABR0TIY6|A0ABR0TIY6_AURPU",100,332,7.68e-252,681,"A0ABR0TIY6"
"KAK6004872.1","tr|A0ABR0TKJ7|A0ABR0TKJ7_AURPU",100,328,7.98e-252,681,"A0ABR0TKJ7"
"KAK6005929.1","tr|A0ABR0TNB7|A0ABR0TNB7_AURPU",100,343,1.28e-251,681,"A0ABR0TNB7"
"KAK6008429.1","tr|A0ABR0TVD4|A0ABR0TVD4_AURPU",100,371,1.6e-250,681,"A0ABR0TVD4"
"CAR1001859.1","tr|A0ABR0TAF4|A0ABR0TAF4_AURPU",94.2,343,3.1e-251,681,"A0ABR0TAF4"
"THY45708.1","tr|A0ABR0TIJ6|A0ABR0TIJ6_AURPU",97.4,350,6.95e-250,680,"A0ABR0TIJ6"
"KAK5999310.1","tr|A0ABR0T4F6|A0ABR0T4F6_AURPU",100,319,7.95e-252,680,"A0ABR0T4F6"
"KAK6000351.1","tr|A0ABR0T8T3|A0ABR0T8T3_AURPU",100,333,2.38e-251,680,"A0ABR0T8T3"
"KAK6004179.1","tr|A0ABR0TIU0|A0ABR0TIU0_AURPU",100,335,2.78e-251,680,"A0ABR0TIU0"
"KAK6007359.1","tr|A0ABR0TSZ9|A0ABR0TSZ9_AURPU",100,338,2.48e-251,680,"A0ABR0TSZ9"
"CAD0021375.1","tr|A0ABR0TBL0|A0ABR0TBL0_AURPU",89.8,393,1.19e-249,680,"A0ABR0TBL0"
"THV95806.1","tr|A0ABR0TIG2|A0ABR0TIG2_AURPU",91.6,368,4.26e-246,679,"A0ABR0TIG2"
"THX04225.1","tr|A0ABR0TF60|A0ABR0TF60_AURPU",93,357,5.76e-250,679,"A0ABR0TF60"
"THW93418.1","tr|A0ABR0TKF8|A0ABR0TKF8_AURPU",95.4,345,3.22e-250,679,"A0ABR0TKF8"
"THX92046.1","tr|A0ABR0TQH9|A0ABR0TQH9_AURPU",95.3,359,6.66e-250,679,"A0ABR0TQH9"
"KAK6003500.1","tr|A0ABR0THV5|A0ABR0THV5_AURPU",100,339,5.4e-251,679,"A0ABR0THV5"
"KAK6003544.1","tr|A0ABR0TGH8|A0ABR0TGH8_AURPU",100,345,1.23e-250,679,"A0ABR0TGH8"
"KAK6004094.1","tr|A0ABR0TI55|A0ABR0TI55_AURPU",100,376,1.36e-249,679,"A0ABR0TI55"
"KAK6004104.1","tr|A0ABR0TIK8|A0ABR0TIK8_AURPU",100,432,1.43e-247,679,"A0ABR0TIK8"
"KAK6004729.1","tr|A0ABR0TJU1|A0ABR0TJU1_AURPU",100,331,2.89e-251,679,"A0ABR0TJU1"
"KAK6004846.1","tr|A0ABR0TK63|A0ABR0TK63_AURPU",100,339,1.09e-250,679,"A0ABR0TK63"
"KAK6005073.1","tr|A0ABR0TKU4|A0ABR0TKU4_AURPU",100,329,3.51e-251,679,"A0ABR0TKU4"
"KAK6007194.1","tr|A0ABR0TSI3|A0ABR0TSI3_AURPU",100,359,5.18e-250,679,"A0ABR0TSI3"
"CAD0012450.1","tr|A0ABR0T593|A0ABR0T593_AURPU",93.4,364,3.02e-250,679,"A0ABR0T593"
"CAD0057369.1","tr|A0ABR0TTF4|A0ABR0TTF4_AURPU",94.6,349,1.14e-250,679,"A0ABR0TTF4"
"KAK5999462.1","tr|A0ABR0T4Y3|A0ABR0T4Y3_AURPU",100,330,7.67e-251,678,"A0ABR0T4Y3"
"KAK6001141.1","tr|A0ABR0T9M4|A0ABR0T9M4_AURPU",100,362,9.29e-250,678,"A0ABR0T9M4"
"KAK6001450.1","tr|A0ABR0TBU4|A0ABR0TBU4_AURPU",100,345,2.47e-250,678,"A0ABR0TBU4"
"KAK6005753.1","tr|A0ABR0TMU2|A0ABR0TMU2_AURPU",100,334,1.05e-250,678,"A0ABR0TMU2"
"KEQ85869.1","tr|A0ABR0TAJ7|A0ABR0TAJ7_AURPU",95.2,397,2.89e-248,677,"A0ABR0TAJ7"
"THW93980.1","tr|A0ABR0TR76|A0ABR0TR76_AURPU",93.5,337,6.97e-250,677,"A0ABR0TR76"
"KAK6001908.1","tr|A0ABR0TBU1|A0ABR0TBU1_AURPU",100,358,1.95e-249,677,"A0ABR0TBU1"
"KAK6001944.1","tr|A0ABR0TCG2|A0ABR0TCG2_AURPU",100,371,3.77e-249,677,"A0ABR0TCG2"
"KAK6002284.1","tr|A0ABR0TCW7|A0ABR0TCW7_AURPU",100,339,4.44e-250,677,"A0ABR0TCW7"
"KAK6004229.1","tr|A0ABR0TIK7|A0ABR0TIK7_AURPU",100,336,3.51e-250,677,"A0ABR0TIK7"
"KAK6004747.1","tr|A0ABR0TKR9|A0ABR0TKR9_AURPU",100,334,2.12e-250,677,"A0ABR0TKR9"
"KAK6007167.1","tr|A0ABR0TS67|A0ABR0TS67_AURPU",100,382,8.82e-249,677,"A0ABR0TS67"
"KAK6008726.1","tr|A0ABR0TX02|A0ABR0TX02_AURPU",100,350,1.05e-249,677,"A0ABR0TX02"
"CAD0047122.1","tr|A0ABR0TFP5|A0ABR0TFP5_AURPU",90.6,363,3.38e-249,677,"A0ABR0TFP5"
"THV73502.1","tr|A0ABR0TUS8|A0ABR0TUS8_AURPU",93.2,339,1.44e-249,676,"A0ABR0TUS8"
"THZ86306.1","tr|A0ABR0TD88|A0ABR0TD88_AURPU",87.9,390,6.04e-248,676,"A0ABR0TD88"
"KAK5999731.1","tr|A0ABR0T5M4|A0ABR0T5M4_AURPU",100,338,8.29e-250,676,"A0ABR0T5M4"
"KAK6000154.1","tr|A0ABR0T6S7|A0ABR0T6S7_AURPU",100,371,1.53e-248,676,"A0ABR0T6S7"
"KAK6001293.1","tr|A0ABR0TA29|A0ABR0TA29_AURPU",100,334,1.22e-249,676,"A0ABR0TA29"
"KAK6001824.1","tr|A0ABR0TC42|A0ABR0TC42_AURPU",100,322,4.78e-250,676,"A0ABR0TC42"
"KAK6004422.1","tr|A0ABR0TJA6|A0ABR0TJA6_AURPU",100,346,3.12e-249,676,"A0ABR0TJA6"
"KAK6005560.1","tr|A0ABR0TNN5|A0ABR0TNN5_AURPU",100,330,4.43e-250,676,"A0ABR0TNN5"
"KAK6008167.1","tr|A0ABR0TVQ3|A0ABR0TVQ3_AURPU",100,356,3.37e-249,676,"A0ABR0TVQ3"
"KAK6008676.1","tr|A0ABR0TXF8|A0ABR0TXF8_AURPU",100,361,4.97e-249,676,"A0ABR0TXF8"
"KAK6008715.1","tr|A0ABR0TW84|A0ABR0TW84_AURPU",100,328,5.39e-250,676,"A0ABR0TW84"
"CAD0020179.1","tr|A0ABR0TEJ5|A0ABR0TEJ5_AURPU",92.4,357,3.38e-249,676,"A0ABR0TEJ5"
"KAK5999374.1","tr|A0ABR0T4L6|A0ABR0T4L6_AURPU",100,462,4.62e-245,675,"A0ABR0T4L6"
"KAK6000238.1","tr|A0ABR0T730|A0ABR0T730_AURPU",100,341,3e-249,675,"A0ABR0T730"
"KAK6000655.1","tr|A0ABR0T9F5|A0ABR0T9F5_AURPU",100,368,2.45e-248,675,"A0ABR0T9F5"
"KAK6002572.1","tr|A0ABR0TEI8|A0ABR0TEI8_AURPU",100,357,1.48e-248,675,"A0ABR0TEI8"
"KAK6003023.1","tr|A0ABR0TF20|A0ABR0TF20_AURPU",100,347,4.79e-249,675,"A0ABR0TF20"
"KAK6007135.1","tr|A0ABR0TTA5|A0ABR0TTA5_AURPU",100,319,7.63e-250,675,"A0ABR0TTA5"
"KAK6007462.1","tr|A0ABR0TTP7|A0ABR0TTP7_AURPU",100,325,1.22e-249,675,"A0ABR0TTP7"
"KAK6008017.1","tr|A0ABR0TVA1|A0ABR0TVA1_AURPU",100,352,1e-248,675,"A0ABR0TVA1"
"KAK6008229.1","tr|A0ABR0TVH8|A0ABR0TVH8_AURPU",100,358,1.13e-248,675,"A0ABR0TVH8"
"KAK6008759.1","tr|A0ABR0TWB3|A0ABR0TWB3_AURPU",100,352,7.07e-249,675,"A0ABR0TWB3"
"KEQ81581.1","tr|A0ABR0TRP9|A0ABR0TRP9_AURPU",97.1,342,6.55e-249,674,"A0ABR0TRP9"
"KEQ88838.1","tr|A0ABR0TH82|A0ABR0TH82_AURPU",87.3,455,5.49e-245,674,"A0ABR0TH82"
"THV75788.1","tr|A0ABR0TV10|A0ABR0TV10_AURPU",99.1,328,2.89e-249,674,"A0ABR0TV10"
"THW60057.1","tr|A0ABR0TF45|A0ABR0TF45_AURPU",92.2,372,3.44e-247,674,"A0ABR0TF45"
"KAK5999412.1","tr|A0ABR0T506|A0ABR0T506_AURPU",100,343,1.01e-248,674,"A0ABR0T506"
"KAK5999582.1","tr|A0ABR0T5A5|A0ABR0T5A5_AURPU",100,330,3.64e-249,674,"A0ABR0T5A5"
"KAK6000301.1","tr|A0ABR0T777|A0ABR0T777_AURPU",100,429,5.37e-246,674,"A0ABR0T777"
"KAK6001818.1","tr|A0ABR0TBK4|A0ABR0TBK4_AURPU",100,319,1.54e-249,674,"A0ABR0TBK4"
"KAK6005039.1","tr|A0ABR0TKV2|A0ABR0TKV2_AURPU",100,350,1.73e-248,674,"A0ABR0TKV2"
"KAK6006306.1","tr|A0ABR0TQZ8|A0ABR0TQZ8_AURPU",100,333,4.61e-249,674,"A0ABR0TQZ8"
"KAK6007404.1","tr|A0ABR0TT52|A0ABR0TT52_AURPU",100,361,4.08e-248,674,"A0ABR0TT52"
"KAK6007891.1","tr|A0ABR0TTS3|A0ABR0TTS3_AURPU",100,334,7.08e-249,674,"A0ABR0TTS3"
"KAK6007913.1","tr|A0ABR0TU21|A0ABR0TU21_AURPU",100,345,1.18e-248,674,"A0ABR0TU21"
"KAK6007939.1","tr|A0ABR0TTY9|A0ABR0TTY9_AURPU",100,339,7.36e-249,674,"A0ABR0TTY9"
"KAK6008356.1","tr|A0ABR0TV46|A0ABR0TV46_AURPU",100,339,1.05e-248,674,"A0ABR0TV46"
"KEQ82651.1","tr|A0ABR0TMD0|A0ABR0TMD0_AURPU",95.5,353,6.28e-248,673,"A0ABR0TMD0"
"KEQ85546.1","tr|A0ABR0T9C4|A0ABR0T9C4_AURPU",92.4,355,5.16e-248,673,"A0ABR0T9C4"
"KAK6008020.1","tr|A0ABR0TVV6|A0ABR0TVV6_AURPU",100,362,1.26e-247,673,"A0ABR0TVV6"
"KEQ84301.1","tr|A0ABR0TPH1|A0ABR0TPH1_AURPU",92.7,356,1.13e-247,672,"A0ABR0TPH1"
"KEQ86101.1","tr|A0ABR0T571|A0ABR0T571_AURPU",90.6,373,8.16999999999999e-247,672,"A0ABR0T571"
"KEQ87558.1","tr|A0ABR0TT65|A0ABR0TT65_AURPU",97.7,352,1.6e-247,672,"A0ABR0TT65"
"THV83172.1","tr|A0ABR0TFS4|A0ABR0TFS4_AURPU",93.7,350,2.83e-246,672,"A0ABR0TFS4"
"THY00109.1","tr|A0ABR0TK31|A0ABR0TK31_AURPU",96.3,322,3.41e-248,672,"A0ABR0TK31"
"THZ74729.1","tr|A0ABR0TCT8|A0ABR0TCT8_AURPU",91.8,354,2.96e-247,672,"A0ABR0TCT8"
"TIA60027.1","tr|A0ABR0TQN6|A0ABR0TQN6_AURPU",97.1,349,1.4e-247,672,"A0ABR0TQN6"
"KAK6002614.1","tr|A0ABR0TDV7|A0ABR0TDV7_AURPU",100,328,1.8e-248,672,"A0ABR0TDV7"
"KAK6004196.1","tr|A0ABR0TJF4|A0ABR0TJF4_AURPU",100,455,4.49e-244,672,"A0ABR0TJF4"
"KAK6004930.1","tr|A0ABR0TLZ1|A0ABR0TLZ1_AURPU",100,347,1.13e-247,672,"A0ABR0TLZ1"
"KAK6005426.1","tr|A0ABR0TMT9|A0ABR0TMT9_AURPU",100,362,2.55e-247,672,"A0ABR0TMT9"
"KAK6007082.1","tr|A0ABR0TRM7|A0ABR0TRM7_AURPU",100,382,8.42999999999999e-247,672,"A0ABR0TRM7"
"KAK6008035.1","tr|A0ABR0TVW4|A0ABR0TVW4_AURPU",100,335,4.43e-248,672,"A0ABR0TVW4"
"KAK6008428.1","tr|A0ABR0TVA8|A0ABR0TVA8_AURPU",100,351,7.63e-248,672,"A0ABR0TVA8"
"CAR0989797.1","tr|A0ABR0TKU0|A0ABR0TKU0_AURPU",94.5,343,5.93e-247,672,"A0ABR0TKU0"
"THY70279.1","tr|A0ABR0TFT2|A0ABR0TFT2_AURPU",91.4,374,1.82e-244,671,"A0ABR0TFT2"
"KAK5999541.1","tr|A0ABR0T6F5|A0ABR0T6F5_AURPU",100,334,5.82e-248,671,"A0ABR0T6F5"
"KAK5999583.1","tr|A0ABR0T563|A0ABR0T563_AURPU",100,405,1.42e-245,671,"A0ABR0T563"
"KAK6000490.1","tr|A0ABR0T8Y0|A0ABR0T8Y0_AURPU",100,490,1.79e-242,671,"A0ABR0T8Y0"
"KAK6000809.1","tr|A0ABR0T8V3|A0ABR0T8V3_AURPU",100,337,7.35e-248,671,"A0ABR0T8V3"
"KAK6001950.1","tr|A0ABR0TBY7|A0ABR0TBY7_AURPU",100,350,4.08e-247,671,"A0ABR0TBY7"
"KAK6002249.1","tr|A0ABR0TCV7|A0ABR0TCV7_AURPU",100,366,7.01e-247,671,"A0ABR0TCV7"
"KAK6003463.1","tr|A0ABR0TGA6|A0ABR0TGA6_AURPU",100,359,8.21999999999999e-247,671,"A0ABR0TGA6"
"KAK6004371.1","tr|A0ABR0TKG5|A0ABR0TKG5_AURPU",100,325,5.81e-248,671,"A0ABR0TKG5"
"KAK6005377.1","tr|A0ABR0TMI0|A0ABR0TMI0_AURPU",100,330,8.59e-248,671,"A0ABR0TMI0"
"KAK6005639.1","tr|A0ABR0TMJ6|A0ABR0TMJ6_AURPU",100,359,8.21999999999999e-247,671,"A0ABR0TMJ6"
"KAK6006476.1","tr|A0ABR0TQU5|A0ABR0TQU5_AURPU",100,341,2.03e-247,671,"A0ABR0TQU5"
"KAK6007990.1","tr|A0ABR0TVS3|A0ABR0TVS3_AURPU",100,347,1.6e-247,671,"A0ABR0TVS3"
"THX57288.1","tr|A0ABR0TQG4|A0ABR0TQG4_AURPU",89.2,388,2.38e-245,670,"A0ABR0TQG4"
"KAK6000462.1","tr|A0ABR0T821|A0ABR0T821_AURPU",100,405,5.76e-245,670,"A0ABR0T821"
"KAK6001000.1","tr|A0ABR0TAF6|A0ABR0TAF6_AURPU",100,322,9.27e-248,670,"A0ABR0TAF6"
"KAK6004670.1","tr|A0ABR0TLA0|A0ABR0TLA0_AURPU",100,332,2.03e-247,670,"A0ABR0TLA0"
"KAK6005710.1","tr|A0ABR0TP47|A0ABR0TP47_AURPU",100,335,2.56e-247,670,"A0ABR0TP47"
"KAK6008134.1","tr|A0ABR0TUI0|A0ABR0TUI0_AURPU",100,335,1.8e-247,670,"A0ABR0TUI0"
"THV90871.1","tr|A0ABR0TU74|A0ABR0TU74_AURPU",85.2,413,1.48e-244,669,"A0ABR0TU74"
"TIA43615.1","tr|A0ABR0TFP3|A0ABR0TFP3_AURPU",99.4,327,2.87e-246,669,"A0ABR0TFP3"
"THZ94959.1","tr|A0ABR0TVL2|A0ABR0TVL2_AURPU",90.7,410,2.96e-244,669,"A0ABR0TVL2"
"KAK6002034.1","tr|A0ABR0TCP5|A0ABR0TCP5_AURPU",100,348,7.66e-245,669,"A0ABR0TCP5"
"KAK6004344.1","tr|A0ABR0TJC4|A0ABR0TJC4_AURPU",100,327,3.93e-247,669,"A0ABR0TJC4"
"KAK6004415.1","tr|A0ABR0TKJ8|A0ABR0TKJ8_AURPU",100,400,5.57e-245,669,"A0ABR0TKJ8"
"KAK6005037.1","tr|A0ABR0TL15|A0ABR0TL15_AURPU",100,389,2.39e-245,669,"A0ABR0TL15"
"KAK6005220.1","tr|A0ABR0TLA2|A0ABR0TLA2_AURPU",100,343,1.37e-246,669,"A0ABR0TLA2"
"KAK6006582.1","tr|A0ABR0TQI2|A0ABR0TQI2_AURPU",100,334,3.36e-247,669,"A0ABR0TQI2"
"KAK6008674.1","tr|A0ABR0TW21|A0ABR0TW21_AURPU",100,329,3.23e-247,669,"A0ABR0TW21"
"KEQ84629.1","tr|A0ABR0TPD2|A0ABR0TPD2_AURPU",94.7,356,7.59e-246,668,"A0ABR0TPD2"
"THY96118.1","tr|A0ABR0TTQ6|A0ABR0TTQ6_AURPU",90.3,370,2.16e-244,668,"A0ABR0TTQ6"
"KAK6003913.1","tr|A0ABR0THK0|A0ABR0THK0_AURPU",100,356,5.35e-246,668,"A0ABR0THK0"
"KAK6006124.1","tr|A0ABR0TNV8|A0ABR0TNV8_AURPU",100,523,2.41e-240,668,"A0ABR0TNV8"
"KAK6008814.1","tr|A0ABR0TX36|A0ABR0TX36_AURPU",100,344,2.1e-246,668,"A0ABR0TX36"
"KEQ86552.1","tr|A0ABR0TJH5|A0ABR0TJH5_AURPU",95.9,345,9.25e-246,667,"A0ABR0TJH5"
"THV76745.1","tr|A0ABR0TI20|A0ABR0TI20_AURPU",94.9,355,2.39e-244,667,"A0ABR0TI20"
"THX96564.1","tr|A0ABR0TKS1|A0ABR0TKS1_AURPU",93.4,362,5.43e-245,667,"A0ABR0TKS1"
"KAK5999315.1","tr|A0ABR0T5J5|A0ABR0T5J5_AURPU",100,336,3.23e-246,667,"A0ABR0T5J5"
"KAK5999740.1","tr|A0ABR0T6V1|A0ABR0T6V1_AURPU",100,331,3.11e-246,667,"A0ABR0T6V1"
"KAK6000684.1","tr|A0ABR0T8W0|A0ABR0T8W0_AURPU",100,341,6.78e-246,667,"A0ABR0T8W0"
"KAK6004483.1","tr|A0ABR0TJ57|A0ABR0TJ57_AURPU",100,337,4.96e-246,667,"A0ABR0TJ57"
"THV90402.1","tr|A0ABR0TDA0|A0ABR0TDA0_AURPU",91.3,369,7.72e-245,666,"A0ABR0TDA0"
"THX43148.1","tr|A0ABR0TU12|A0ABR0TU12_AURPU",92.8,347,6.79e-245,666,"A0ABR0TU12"
"KAK5999326.1","tr|A0ABR0T4G9|A0ABR0T4G9_AURPU",100,779,7.23e-232,666,"A0ABR0T4G9"
"KAK5999633.1","tr|A0ABR0T5B5|A0ABR0T5B5_AURPU",100,346,2.02e-245,666,"A0ABR0T5B5"
"KAK6000907.1","tr|A0ABR0T9V4|A0ABR0T9V4_AURPU",100,324,2.55e-246,666,"A0ABR0T9V4"
"KAK6003698.1","tr|A0ABR0TGY6|A0ABR0TGY6_AURPU",100,355,4.06e-245,666,"A0ABR0TGY6"
"KAK6004290.1","tr|A0ABR0TIN0|A0ABR0TIN0_AURPU",100,335,8.57e-246,666,"A0ABR0TIN0"
"KAK6007107.1","tr|A0ABR0TS10|A0ABR0TS10_AURPU",100,360,5.99e-245,666,"A0ABR0TS10"
"KAK6007821.1","tr|A0ABR0TVC5|A0ABR0TVC5_AURPU",100,343,1.12e-245,666,"A0ABR0TVC5"
"KEQ81248.1","tr|A0ABR0TV81|A0ABR0TV81_AURPU",89.9,358,1.41e-244,665,"A0ABR0TV81"
"KEQ87639.1","tr|A0ABR0TTL0|A0ABR0TTL0_AURPU",99.4,320,5.35e-246,665,"A0ABR0TTL0"
"KAK5999373.1","tr|A0ABR0T4K5|A0ABR0T4K5_AURPU",100,343,2.27e-245,665,"A0ABR0T4K5"
"KAK5999686.1","tr|A0ABR0T5H3|A0ABR0T5H3_AURPU",100,349,7.3e-245,665,"A0ABR0T5H3"
"KAK5999788.1","tr|A0ABR0T5R6|A0ABR0T5R6_AURPU",100,336,1.87e-245,665,"A0ABR0T5R6"
"KAK6003016.1","tr|A0ABR0TF06|A0ABR0TF06_AURPU",100,327,1.31e-245,665,"A0ABR0TF06"
"KAK6003111.1","tr|A0ABR0TGS3|A0ABR0TGS3_AURPU",100,336,2.65e-245,665,"A0ABR0TGS3"
"KAK6003852.1","tr|A0ABR0THM9|A0ABR0THM9_AURPU",100,332,9.63e-246,665,"A0ABR0THM9"
"KAK6004023.1","tr|A0ABR0THW3|A0ABR0THW3_AURPU",100,343,3.22e-245,665,"A0ABR0THW3"
"KAK6008353.1","tr|A0ABR0TV34|A0ABR0TV34_AURPU",100,330,8.24e-246,665,"A0ABR0TV34"
"KAK6008780.1","tr|A0ABR0TXS7|A0ABR0TXS7_AURPU",100,335,1.22e-245,665,"A0ABR0TXS7"
"KEQ83474.1","tr|A0ABR0TE26|A0ABR0TE26_AURPU",96.3,354,3.09e-244,664,"A0ABR0TE26"
"THV83527.1","tr|A0ABR0TI19|A0ABR0TI19_AURPU",91.7,360,3.36e-244,664,"A0ABR0TI19"
"THX85688.1","tr|A0ABR0TTS7|A0ABR0TTS7_AURPU",90.2,356,1.29e-244,664,"A0ABR0TTS7"
"THZ58012.1","tr|A0ABR0TB41|A0ABR0TB41_AURPU",93.3,356,5.93e-244,664,"A0ABR0TB41"
"KAK5999551.1","tr|A0ABR0T544|A0ABR0T544_AURPU",100,339,6.77e-245,664,"A0ABR0T544"
"KAK5999640.1","tr|A0ABR0T5D6|A0ABR0T5D6_AURPU",100,327,2.65e-245,664,"A0ABR0T5D6"
"KAK6000048.1","tr|A0ABR0T6H9|A0ABR0T6H9_AURPU",100,329,4.41e-245,664,"A0ABR0T6H9"
"KAK6000309.1","tr|A0ABR0T7U1|A0ABR0T7U1_AURPU",100,335,7.04e-245,664,"A0ABR0T7U1"
"KAK6002775.1","tr|A0ABR0TEC6|A0ABR0TEC6_AURPU",100,371,8.11e-244,664,"A0ABR0TEC6"
"KAK6003583.1","tr|A0ABR0TGM2|A0ABR0TGM2_AURPU",100,325,1.6e-245,664,"A0ABR0TGM2"
"KAK6003980.1","tr|A0ABR0TJ98|A0ABR0TJ98_AURPU",100,352,2.64e-244,664,"A0ABR0TJ98"
"KAK6004358.1","tr|A0ABR0TIV4|A0ABR0TIV4_AURPU",100,328,2.02e-245,664,"A0ABR0TIV4"
"KAK6008506.1","tr|A0ABR0TVJ1|A0ABR0TVJ1_AURPU",100,441,1.72e-241,664,"A0ABR0TVJ1"
"CAC9893742.1","tr|A0ABR0TUD8|A0ABR0TUD8_AURPU",87.4,388,1.07e-243,664,"A0ABR0TUD8"
"THX57939.1","tr|A0ABR0TG78|A0ABR0TG78_AURPU",92.9,364,1.1e-237,663,"A0ABR0TG78"
"KAK6001707.1","tr|A0ABR0TBN2|A0ABR0TBN2_AURPU",100,327,5.35e-245,663,"A0ABR0TBN2"
"KAK6002408.1","tr|A0ABR0TD85|A0ABR0TD85_AURPU",100,320,4.4e-245,663,"A0ABR0TD85"
"KAK6003350.1","tr|A0ABR0THF7|A0ABR0THF7_AURPU",100,339,1.94e-244,663,"A0ABR0THF7"
"KAK6003387.1","tr|A0ABR0TGA9|A0ABR0TGA9_AURPU",100,322,3.62e-245,663,"A0ABR0TGA9"
"KAK6003939.1","tr|A0ABR0TI53|A0ABR0TI53_AURPU",100,323,3.92e-245,663,"A0ABR0TI53"
"KAK6006711.1","tr|A0ABR0TS52|A0ABR0TS52_AURPU",100,361,1.07e-243,663,"A0ABR0TS52"
"KAK6007403.1","tr|A0ABR0TSJ3|A0ABR0TSJ3_AURPU",100,319,2.86e-245,663,"A0ABR0TSJ3"
"KAK6000636.1","tr|A0ABR0T9M6|A0ABR0T9M6_AURPU",100,318,1.08e-244,662,"A0ABR0T9M6"
"KAK6001545.1","tr|A0ABR0TAS3|A0ABR0TAS3_AURPU",100,350,9.21e-244,662,"A0ABR0TAS3"
"KAK6005556.1","tr|A0ABR0TNR6|A0ABR0TNR6_AURPU",100,318,7.6e-245,662,"A0ABR0TNR6"
"KAK6007664.1","tr|A0ABR0TT99|A0ABR0TT99_AURPU",100,575,2.92e-236,662,"A0ABR0TT99"
"KAK6007949.1","tr|A0ABR0TU11|A0ABR0TU11_AURPU",100,399,4.04e-242,662,"A0ABR0TU11"
"KAK6008216.1","tr|A0ABR0TVL6|A0ABR0TVL6_AURPU",100,330,2.76e-244,662,"A0ABR0TVL6"
"CAC9893242.1","tr|A0ABR0TTR9|A0ABR0TTR9_AURPU",93.2,367,4.53e-243,662,"A0ABR0TTR9"
"THZ41194.1","tr|A0ABR0T6Q7|A0ABR0T6Q7_AURPU",91.6,370,2.19e-242,661,"A0ABR0T6Q7"
"KAK6005662.1","tr|A0ABR0TNC4|A0ABR0TNC4_AURPU",100,337,9.6e-244,661,"A0ABR0TNC4"
"KAK6008331.1","tr|A0ABR0TWP2|A0ABR0TWP2_AURPU",100,330,5.56e-244,661,"A0ABR0TWP2"
"KAK6008441.1","tr|A0ABR0TW79|A0ABR0TW79_AURPU",100,331,4.23e-244,661,"A0ABR0TW79"
"KAK6008448.1","tr|A0ABR0TVG5|A0ABR0TVG5_AURPU",100,406,1.39e-241,661,"A0ABR0TVG5"
"CAD0027260.1","tr|A0ABR0TF19|A0ABR0TF19_AURPU",85,468,1.09e-239,661,"A0ABR0TF19"
"THV78740.1","tr|A0ABR0TRA0|A0ABR0TRA0_AURPU",95.3,363,7.51e-242,660,"A0ABR0TRA0"
"THV95328.1","tr|A0ABR0TSI8|A0ABR0TSI8_AURPU",97.3,338,2.23e-242,660,"A0ABR0TSI8"
"THX80275.1","tr|A0ABR0T6I3|A0ABR0T6I3_AURPU",95.5,352,5.17e-243,660,"A0ABR0T6I3"
"KAK5999786.1","tr|A0ABR0T727|A0ABR0T727_AURPU",100,329,1.04e-243,660,"A0ABR0T727"
"KAK6005956.1","tr|A0ABR0TNE6|A0ABR0TNE6_AURPU",100,333,2.01e-243,660,"A0ABR0TNE6"
"KAK6007351.1","tr|A0ABR0TSC2|A0ABR0TSC2_AURPU",100,333,1.42e-243,660,"A0ABR0TSC2"
"KAK6007468.1","tr|A0ABR0TSM8|A0ABR0TSM8_AURPU",100,366,1.84e-242,660,"A0ABR0TSM8"
"KAK6007693.1","tr|A0ABR0TT85|A0ABR0TT85_AURPU",100,410,5.41e-241,660,"A0ABR0TT85"
"KAK6008766.1","tr|A0ABR0TXM2|A0ABR0TXM2_AURPU",100,316,3.76e-244,660,"A0ABR0TXM2"
"CAR0981096.1","tr|A0ABR0TE83|A0ABR0TE83_AURPU",90.7,345,8.45e-243,660,"A0ABR0TE83"
"OBW67882.1","tr|A0ABR0TSV4|A0ABR0TSV4_AURPU",96.5,345,1.65e-236,659,"A0ABR0TSV4"
"THY15055.1","tr|A0ABR0TNR9|A0ABR0TNR9_AURPU",93,341,1.93e-242,659,"A0ABR0TNR9"
"KAK6000874.1","tr|A0ABR0T8W6|A0ABR0T8W6_AURPU",100,326,1.66e-243,659,"A0ABR0T8W6"
"KAK6001088.1","tr|A0ABR0T9I7|A0ABR0T9I7_AURPU",100,316,7.58e-244,659,"A0ABR0T9I7"
"KAK6002232.1","tr|A0ABR0TD70|A0ABR0TD70_AURPU",100,370,5.05e-242,659,"A0ABR0TD70"
"KAK6002690.1","tr|A0ABR0TFK8|A0ABR0TFK8_AURPU",100,337,5.55e-243,659,"A0ABR0TFK8"
"KAK6003508.1","tr|A0ABR0TGE7|A0ABR0TGE7_AURPU",100,360,2.33e-242,659,"A0ABR0TGE7"
"KAK6004291.1","tr|A0ABR0TIM5|A0ABR0TIM5_AURPU",100,330,4.57e-243,659,"A0ABR0TIM5"
"KAK6004462.1","tr|A0ABR0TJZ4|A0ABR0TJZ4_AURPU",100,317,8.2e-244,659,"A0ABR0TJZ4"
"KAK6004992.1","tr|A0ABR0TKX1|A0ABR0TKX1_AURPU",100,316,1.08e-243,659,"A0ABR0TKX1"
"KAK6005236.1","tr|A0ABR0TLB3|A0ABR0TLB3_AURPU",100,328,2.75e-243,659,"A0ABR0TLB3"
"KAK6007439.1","tr|A0ABR0TSK3|A0ABR0TSK3_AURPU",100,346,1.59e-242,659,"A0ABR0TSK3"
"THW10652.1","tr|A0ABR0TF90|A0ABR0TF90_AURPU",93.5,354,4.18e-241,658,"A0ABR0TF90"
"KAK6001464.1","tr|A0ABR0TB50|A0ABR0TB50_AURPU",100,421,7.23e-240,658,"A0ABR0TB50"
"KAK6003781.1","tr|A0ABR0TH63|A0ABR0TH63_AURPU",100,336,1.04e-242,658,"A0ABR0TH63"
"KAK6008734.1","tr|A0ABR0TW89|A0ABR0TW89_AURPU",100,339,1.86e-242,658,"A0ABR0TW89"
"CAD0057088.1","tr|A0ABR0TU87|A0ABR0TU87_AURPU",92.8,347,2.25e-242,658,"A0ABR0TU87"
"THV76821.1","tr|A0ABR0TRW3|A0ABR0TRW3_AURPU",94,364,1.39e-240,657,"A0ABR0TRW3"
"THV77309.1","tr|A0ABR0TNK8|A0ABR0TNK8_AURPU",91.2,362,2.72e-241,657,"A0ABR0TNK8"
"THW90305.1","tr|A0ABR0TJ11|A0ABR0TJ11_AURPU",88.2,381,4.44e-241,657,"A0ABR0TJ11"
"KAK6000407.1","tr|A0ABR0T7I8|A0ABR0T7I8_AURPU",100,343,7.27e-242,657,"A0ABR0T7I8"
"KAK6002471.1","tr|A0ABR0TEK3|A0ABR0TEK3_AURPU",100,341,3.09e-242,657,"A0ABR0TEK3"
"KAK6003187.1","tr|A0ABR0TGE3|A0ABR0TGE3_AURPU",100,336,2.97e-242,657,"A0ABR0TGE3"
"KAK6003920.1","tr|A0ABR0TJ40|A0ABR0TJ40_AURPU",100,353,1.11e-241,657,"A0ABR0TJ40"
"KAK6004128.1","tr|A0ABR0TI67|A0ABR0TI67_AURPU",100,329,1.72e-242,657,"A0ABR0TI67"
"KAK6006903.1","tr|A0ABR0TR19|A0ABR0TR19_AURPU",100,344,3.9e-242,657,"A0ABR0TR19"
"KAK6007422.1","tr|A0ABR0TSY3|A0ABR0TSY3_AURPU",100,319,1.12e-242,657,"A0ABR0TSY3"
"KAK6007481.1","tr|A0ABR0TTJ7|A0ABR0TTJ7_AURPU",100,380,6.31e-241,657,"A0ABR0TTJ7"
"KAK6008104.1","tr|A0ABR0TUF0|A0ABR0TUF0_AURPU",100,329,1.21e-242,657,"A0ABR0TUF0"
"THX78135.1","tr|A0ABR0THU3|A0ABR0THU3_AURPU",87.6,452,7.06e-238,656,"A0ABR0THU3"
"KAK5999306.1","tr|A0ABR0T5P0|A0ABR0T5P0_AURPU",100,326,2.75e-242,656,"A0ABR0T5P0"
"KAK6000204.1","tr|A0ABR0T7J0|A0ABR0T7J0_AURPU",100,356,4.02e-241,656,"A0ABR0T7J0"
"KAK6000685.1","tr|A0ABR0T9I5|A0ABR0T9I5_AURPU",100,326,2.75e-242,656,"A0ABR0T9I5"
"KAK6001383.1","tr|A0ABR0TAB5|A0ABR0TAB5_AURPU",100,341,1.26e-241,656,"A0ABR0TAB5"
"KAK6001623.1","tr|A0ABR0TB01|A0ABR0TB01_AURPU",100,329,3.47e-242,656,"A0ABR0TB01"
"KAK6002749.1","tr|A0ABR0TEB4|A0ABR0TEB4_AURPU",100,410,1.8e-239,656,"A0ABR0TEB4"
"THV77838.1","tr|A0ABR0TS32|A0ABR0TS32_AURPU",88.8,367,3.27e-240,655,"A0ABR0TS32"
"THV90255.1","tr|A0ABR0T9V8|A0ABR0T9V8_AURPU",92.8,349,4.97e-241,655,"A0ABR0T9V8"
"KAK6001214.1","tr|A0ABR0TA18|A0ABR0TA18_AURPU",100,329,1.41e-241,655,"A0ABR0TA18"
"KAK6001235.1","tr|A0ABR0TBB5|A0ABR0TBB5_AURPU",100,328,9.21e-242,655,"A0ABR0TBB5"
"KAK6001535.1","tr|A0ABR0TC69|A0ABR0TC69_AURPU",100,336,1.21e-241,655,"A0ABR0TC69"
"KAK6002602.1","tr|A0ABR0TEL6|A0ABR0TEL6_AURPU",100,409,4.78e-239,655,"A0ABR0TEL6"
"KAK6005932.1","tr|A0ABR0TP72|A0ABR0TP72_AURPU",100,367,1.34e-240,655,"A0ABR0TP72"
"KAK6006372.1","tr|A0ABR0TPV6|A0ABR0TPV6_AURPU",100,350,5.1e-241,655,"A0ABR0TPV6"
"KAK6007201.1","tr|A0ABR0TRZ0|A0ABR0TRZ0_AURPU",100,334,2.09e-241,655,"A0ABR0TRZ0"
"KEQ86093.1","tr|A0ABR0T6C8|A0ABR0T6C8_AURPU",97.6,337,3.75e-241,654,"A0ABR0T6C8"
"THV66452.1","tr|A0ABR0TLJ2|A0ABR0TLJ2_AURPU",94.6,355,3.37e-240,654,"A0ABR0TLJ2"
"THV71734.1","tr|A0ABR0TM05|A0ABR0TM05_AURPU",94.2,345,1.5e-240,654,"A0ABR0TM05"
"THW18659.1","tr|A0ABR0T6W4|A0ABR0T6W4_AURPU",96.2,345,5.8e-240,654,"A0ABR0T6W4"
"THY12137.1","tr|A0ABR0TE46|A0ABR0TE46_AURPU",91.5,399,8.72e-237,654,"A0ABR0TE46"
"THY21534.1","tr|A0ABR0TPC7|A0ABR0TPC7_AURPU",90.7,389,6.79e-234,654,"A0ABR0TPC7"
"THY78401.1","tr|A0ABR0TRM9|A0ABR0TRM9_AURPU",88.6,387,2.58e-239,654,"A0ABR0TRM9"
"KAK6000003.1","tr|A0ABR0T6E1|A0ABR0T6E1_AURPU",100,316,1.47e-241,654,"A0ABR0T6E1"
"KAK6003369.1","tr|A0ABR0TGI3|A0ABR0TGI3_AURPU",100,318,8.51e-242,654,"A0ABR0TGI3"
"KAK6004318.1","tr|A0ABR0TIP8|A0ABR0TIP8_AURPU",100,324,1.93e-241,654,"A0ABR0TIP8"
"KAK6004818.1","tr|A0ABR0TK39|A0ABR0TK39_AURPU",100,326,2.26e-241,654,"A0ABR0TK39"
"KAK6006540.1","tr|A0ABR0TQ30|A0ABR0TQ30_AURPU",100,338,5.75e-241,654,"A0ABR0TQ30"
"CAC9886018.1","tr|A0ABR0TIV2|A0ABR0TIV2_AURPU",92.8,346,1.47e-240,654,"A0ABR0TIV2"
"CAD0014706.1","tr|A0ABR0TAU5|A0ABR0TAU5_AURPU",90.2,358,1.63e-240,654,"A0ABR0TAU5"
"CAD0041093.1","tr|A0ABR0TL43|A0ABR0TL43_AURPU",92.5,332,5.05e-235,654,"A0ABR0TL43"
"THV74297.1","tr|A0ABR0TWR0|A0ABR0TWR0_AURPU",92.2,360,1.3e-239,653,"A0ABR0TWR0"
"KAK6002625.1","tr|A0ABR0TDX6|A0ABR0TDX6_AURPU",100,322,4.74e-241,653,"A0ABR0TDX6"
"KAK6008274.1","tr|A0ABR0TVM2|A0ABR0TVM2_AURPU",100,320,4.05e-241,653,"A0ABR0TVM2"
"CAD0030489.1","tr|A0ABR0T8F2|A0ABR0T8F2_AURPU",90.6,360,3.39e-240,653,"A0ABR0T8F2"
"THW85426.1","tr|A0ABR0TUV0|A0ABR0TUV0_AURPU",95.1,344,7.91e-239,652,"A0ABR0TUV0"
"KAK5999410.1","tr|A0ABR0T5T6|A0ABR0T5T6_AURPU",100,332,2.09e-240,652,"A0ABR0T5T6"
"KAK6000363.1","tr|A0ABR0T7D8|A0ABR0T7D8_AURPU",100,326,9.2e-241,652,"A0ABR0T7D8"
"KAK6000912.1","tr|A0ABR0T9C2|A0ABR0T9C2_AURPU",100,372,4.63e-239,652,"A0ABR0T9C2"
"KAK6001520.1","tr|A0ABR0TC55|A0ABR0TC55_AURPU",100,333,3.2e-240,652,"A0ABR0TC55"
"KAK6001898.1","tr|A0ABR0TBT1|A0ABR0TBT1_AURPU",100,318,9.94e-241,652,"A0ABR0TBT1"
"KAK6003331.1","tr|A0ABR0TFV5|A0ABR0TFV5_AURPU",100,331,2.74e-240,652,"A0ABR0TFV5"
"KAK6004312.1","tr|A0ABR0TJK7|A0ABR0TJK7_AURPU",100,325,8.51e-241,652,"A0ABR0TJK7"
"KAK6006630.1","tr|A0ABR0TQC1|A0ABR0TQC1_AURPU",100,377,6.8e-239,652,"A0ABR0TQC1"
"KEQ87317.1","tr|A0ABR0THH9|A0ABR0THH9_AURPU",94.7,356,2.06e-238,651,"A0ABR0THH9"
"THV99428.1","tr|A0ABR0TNS9|A0ABR0TNS9_AURPU",88.5,384,3.33e-238,651,"A0ABR0TNS9"
"TIA35637.1","tr|A0ABR0TBD5|A0ABR0TBD5_AURPU",97.2,320,2.65e-240,651,"A0ABR0TBD5"
"KAK5999291.1","tr|A0ABR0T5M6|A0ABR0T5M6_AURPU",100,322,1.93e-240,651,"A0ABR0T5M6"
"KAK6003326.1","tr|A0ABR0TH09|A0ABR0TH09_AURPU",100,318,2.01e-240,651,"A0ABR0TH09"
"KAK6006355.1","tr|A0ABR0TQZ3|A0ABR0TQZ3_AURPU",100,327,2.85e-240,651,"A0ABR0TQZ3"
"KAK6006795.1","tr|A0ABR0TQR5|A0ABR0TQR5_AURPU",100,322,2.74e-240,651,"A0ABR0TQR5"
"KAK6007100.1","tr|A0ABR0TTA6|A0ABR0TTA6_AURPU",100,331,3.89e-240,651,"A0ABR0TTA6"
"CAD0028771.1","tr|A0ABR0TGJ9|A0ABR0TGJ9_AURPU",89.2,369,8.23e-239,651,"A0ABR0TGJ9"
"THY34427.1","tr|A0ABR0T7A6|A0ABR0T7A6_AURPU",90,371,5.52e-237,650,"A0ABR0T7A6"
"THX49782.1","tr|A0ABR0TGU1|A0ABR0TGU1_AURPU",97.8,324,2.69e-228,650,"A0ABR0TGU1"
"KAK6000171.1","tr|A0ABR0T8B3|A0ABR0T8B3_AURPU",100,316,4.92e-240,650,"A0ABR0T8B3"
"KAK6000212.1","tr|A0ABR0T6Z1|A0ABR0T6Z1_AURPU",100,321,7.27e-240,650,"A0ABR0T6Z1"
"KAK6000554.1","tr|A0ABR0T857|A0ABR0T857_AURPU",100,320,3.33e-240,650,"A0ABR0T857"
"KAK6001086.1","tr|A0ABR0TAX1|A0ABR0TAX1_AURPU",100,310,3.08e-240,650,"A0ABR0TAX1"
"KAK6004200.1","tr|A0ABR0TIE4|A0ABR0TIE4_AURPU",100,319,6.22e-240,650,"A0ABR0TIE4"
"KAK6004887.1","tr|A0ABR0TKL8|A0ABR0TKL8_AURPU",100,398,1.97e-237,650,"A0ABR0TKL8"
"KAK6005881.1","tr|A0ABR0TN65|A0ABR0TN65_AURPU",100,310,2.17e-240,650,"A0ABR0TN65"
"KAK6006326.1","tr|A0ABR0TQE3|A0ABR0TQE3_AURPU",100,316,3.46e-240,650,"A0ABR0TQE3"
"CAD0029975.1","tr|A0ABR0TX06|A0ABR0TX06_AURPU",87.2,374,9.23e-239,650,"A0ABR0TX06"
"KEQ83909.1","tr|A0ABR0TCS1|A0ABR0TCS1_AURPU",91.4,432,5.09e-236,649,"A0ABR0TCS1"
"THW82505.1","tr|A0ABR0T9W0|A0ABR0T9W0_AURPU",89.3,365,5.65e-237,649,"A0ABR0T9W0"
"THX73272.1","tr|A0ABR0TT19|A0ABR0TT19_AURPU",97.4,347,6.72e-238,649,"A0ABR0TT19"
"THZ93641.1","tr|A0ABR0TWV1|A0ABR0TWV1_AURPU",94.2,344,1.98e-236,649,"A0ABR0TWV1"
"KAK5999533.1","tr|A0ABR0T4Y7|A0ABR0T4Y7_AURPU",100,356,2.23e-238,649,"A0ABR0T4Y7"
"KAK5999555.1","tr|A0ABR0T697|A0ABR0T697_AURPU",100,354,1.91e-238,649,"A0ABR0T697"
"KAK5999823.1","tr|A0ABR0T5W4|A0ABR0T5W4_AURPU",100,340,9.15e-239,649,"A0ABR0T5W4"
"KAK6000791.1","tr|A0ABR0T9V1|A0ABR0T9V1_AURPU",100,464,8.36e-235,649,"A0ABR0T9V1"
"KAK6002598.1","tr|A0ABR0TDT8|A0ABR0TDT8_AURPU",100,307,6.97e-240,649,"A0ABR0TDT8"
"KAK6005376.1","tr|A0ABR0TN98|A0ABR0TN98_AURPU",100,323,2.44e-239,649,"A0ABR0TN98"
"KAK6006310.1","tr|A0ABR0TQU0|A0ABR0TQU0_AURPU",100,317,1.52e-239,649,"A0ABR0TQU0"
"KAK6007475.1","tr|A0ABR0TUF3|A0ABR0TUF3_AURPU",100,350,1.4e-238,649,"A0ABR0TUF3"
"THW80589.1","tr|A0ABR0TI82|A0ABR0TI82_AURPU",95.5,335,1.45e-237,648,"A0ABR0TI82"
"KAK6006456.1","tr|A0ABR0TRE7|A0ABR0TRE7_AURPU",100,320,3.89e-239,648,"A0ABR0TRE7"
"KAK6006835.1","tr|A0ABR0TSC8|A0ABR0TSC8_AURPU",100,325,4.04e-239,648,"A0ABR0TSC8"
"KAK6006872.1","tr|A0ABR0TR04|A0ABR0TR04_AURPU",100,317,3.08e-239,648,"A0ABR0TR04"
"CAD0057086.1","tr|A0ABR0TUB5|A0ABR0TUB5_AURPU",89.8,353,3.43e-238,648,"A0ABR0TUB5"
"THW30204.1","tr|A0ABR0TU20|A0ABR0TU20_AURPU",89.8,392,3.09e-236,647,"A0ABR0TU20"
"THW86327.1","tr|A0ABR0TKU8|A0ABR0TKU8_AURPU",92.3,349,1.79e-237,647,"A0ABR0TKU8"
"KAK6001877.1","tr|A0ABR0TBQ9|A0ABR0TBQ9_AURPU",100,331,2.63e-238,647,"A0ABR0TBQ9"
"KAK6001992.1","tr|A0ABR0TCH0|A0ABR0TCH0_AURPU",100,321,5.97e-239,647,"A0ABR0TCH0"
"KAK6003068.1","tr|A0ABR0TF62|A0ABR0TF62_AURPU",100,350,5.69e-238,647,"A0ABR0TF62"
"KAK6004357.1","tr|A0ABR0TJQ0|A0ABR0TJQ0_AURPU",100,323,9.92e-239,647,"A0ABR0TJQ0"
"KAK6005858.1","tr|A0ABR0TN39|A0ABR0TN39_AURPU",100,313,6.45e-239,647,"A0ABR0TN39"
"KAK6005916.1","tr|A0ABR0TPV4|A0ABR0TPV4_AURPU",100,324,7.55e-239,647,"A0ABR0TPV4"
"KAK6006176.1","tr|A0ABR0TPZ5|A0ABR0TPZ5_AURPU",100,328,1.03e-238,647,"A0ABR0TPZ5"
"THX56392.1","tr|A0ABR0TJ25|A0ABR0TJ25_AURPU",85.4,438,2.43e-234,646,"A0ABR0TJ25"
"KAK6002261.1","tr|A0ABR0TDY9|A0ABR0TDY9_AURPU",100,324,2.16e-238,646,"A0ABR0TDY9"
"KAK6003802.1","tr|A0ABR0TI52|A0ABR0TI52_AURPU",100,339,6.95e-238,646,"A0ABR0TI52"
"KAK6005435.1","tr|A0ABR0TNG6|A0ABR0TNG6_AURPU",100,325,3.32e-238,646,"A0ABR0TNG6"
"KAK6005851.1","tr|A0ABR0TN34|A0ABR0TN34_AURPU",100,335,5.09e-238,646,"A0ABR0TN34"
"KAK6006888.1","tr|A0ABR0TR08|A0ABR0TR08_AURPU",100,326,2.53e-238,646,"A0ABR0TR08"
"KEQ89056.1","tr|A0ABR0TV70|A0ABR0TV70_AURPU",95.5,311,2.34e-238,645,"A0ABR0TV70"
"THX64575.1","tr|A0ABR0TIT3|A0ABR0TIT3_AURPU",90.6,350,6.89e-232,645,"A0ABR0TIT3"
"THX52605.1","tr|A0ABR0TTE6|A0ABR0TTE6_AURPU",97,337,4.09e-237,645,"A0ABR0TTE6"
"KAK5999387.1","tr|A0ABR0T4R3|A0ABR0T4R3_AURPU",100,309,1.92e-238,645,"A0ABR0T4R3"
"KAK6001814.1","tr|A0ABR0TBM6|A0ABR0TBM6_AURPU",100,357,5.66e-237,645,"A0ABR0TBM6"
"KAK6002822.1","tr|A0ABR0TEG5|A0ABR0TEG5_AURPU",100,324,6.2e-238,645,"A0ABR0TEG5"
"KAK6004424.1","tr|A0ABR0TJ50|A0ABR0TJ50_AURPU",100,327,7.83e-238,645,"A0ABR0TJ50"
"KAK6004426.1","tr|A0ABR0TJ06|A0ABR0TJ06_AURPU",100,340,1.52e-237,645,"A0ABR0TJ06"
"KAK6007365.1","tr|A0ABR0TSC3|A0ABR0TSC3_AURPU",100,332,8.14e-238,645,"A0ABR0TSC3"
"KAK6008857.1","tr|A0ABR0TXH4|A0ABR0TXH4_AURPU",100,319,5.96e-238,645,"A0ABR0TXH4"
"CAC9889117.1","tr|A0ABR0TP22|A0ABR0TP22_AURPU",88.8,365,7.62e-237,645,"A0ABR0TP22"
"OBW64781.1","tr|A0ABR0TUB7|A0ABR0TUB7_AURPU",94.7,337,8.8e-236,644,"A0ABR0TUB7"
"KAK6000808.1","tr|A0ABR0T8P4|A0ABR0T8P4_AURPU",100,328,1.71e-237,644,"A0ABR0T8P4"
"KAK6001304.1","tr|A0ABR0TA96|A0ABR0TA96_AURPU",100,312,6.97e-238,644,"A0ABR0TA96"
"KAK6001509.1","tr|A0ABR0TB95|A0ABR0TB95_AURPU",100,315,6.2e-238,644,"A0ABR0TB95"
"KAK6004204.1","tr|A0ABR0TIE8|A0ABR0TIE8_AURPU",100,321,1.41e-237,644,"A0ABR0TIE8"
"THV85275.1","tr|A0ABR0TQ40|A0ABR0TQ40_AURPU",90.2,358,2.47e-235,643,"A0ABR0TQ40"
"THX40063.1","tr|A0ABR0TGH2|A0ABR0TGH2_AURPU",96.3,349,3.88e-230,643,"A0ABR0TGH2"
"THX60649.1","tr|A0ABR0THH1|A0ABR0THH1_AURPU",91.6,332,8.16e-237,643,"A0ABR0THH1"
"TIA75933.1","tr|A0ABR0TLN2|A0ABR0TLN2_AURPU",89.9,355,2.43e-235,643,"A0ABR0TLN2"
"KAK5999649.1","tr|A0ABR0T600|A0ABR0T600_AURPU",100,309,1.58e-237,643,"A0ABR0T600"
"KAK6000835.1","tr|A0ABR0T9Y6|A0ABR0T9Y6_AURPU",100,405,1.85e-234,643,"A0ABR0T9Y6"
"KAK6001311.1","tr|A0ABR0TBL6|A0ABR0TBL6_AURPU",100,312,2e-237,643,"A0ABR0TBL6"
"KAK6001752.1","tr|A0ABR0TBR9|A0ABR0TBR9_AURPU",100,315,1.78e-237,643,"A0ABR0TBR9"
"KAK6003208.1","tr|A0ABR0TFK0|A0ABR0TFK0_AURPU",100,324,5.09e-237,643,"A0ABR0TFK0"
"KAK6003279.1","tr|A0ABR0TG89|A0ABR0TG89_AURPU",100,400,1.79e-234,643,"A0ABR0TG89"
"CAD0010784.1","tr|A0ABR0TSV0|A0ABR0TSV0_AURPU",95.5,330,7.54e-237,643,"A0ABR0TSV0"
"KEQ78556.1","tr|A0ABR0TSW5|A0ABR0TSW5_AURPU",95,343,6.63e-236,642,"A0ABR0TSW5"
"KEQ79669.1","tr|A0ABR0TWT4|A0ABR0TWT4_AURPU",95.4,348,9.42e-236,642,"A0ABR0TWT4"
"THW68290.1","tr|A0ABR0TS94|A0ABR0TS94_AURPU",79.5,464,6.28e-233,642,"A0ABR0TS94"
"THV87291.1","tr|A0ABR0TCI6|A0ABR0TCI6_AURPU",96.8,349,2.36e-235,642,"A0ABR0TCI6"
"THW78360.1","tr|A0ABR0TC50|A0ABR0TC50_AURPU",95.1,329,2.71e-233,642,"A0ABR0TC50"
"THX36579.1","tr|A0ABR0TIF3|A0ABR0TIF3_AURPU",94.9,356,4.79e-235,642,"A0ABR0TIF3"
"KAK6000021.1","tr|A0ABR0T7W6|A0ABR0T7W6_AURPU",100,302,1.84e-237,642,"A0ABR0T7W6"
"KAK6000259.1","tr|A0ABR0T731|A0ABR0T731_AURPU",100,325,7.82e-237,642,"A0ABR0T731"
"KAK6000396.1","tr|A0ABR0T8X7|A0ABR0T8X7_AURPU",100,319,4.9e-237,642,"A0ABR0T8X7"
"KAK6005919.1","tr|A0ABR0TNV4|A0ABR0TNV4_AURPU",100,323,6.69e-237,642,"A0ABR0TNV4"
"KAK6006126.1","tr|A0ABR0TQG3|A0ABR0TQG3_AURPU",100,312,5.73e-237,642,"A0ABR0TQG3"
"KAK6006241.1","tr|A0ABR0TP94|A0ABR0TP94_AURPU",100,354,7.43e-236,642,"A0ABR0TP94"
"THX50022.1","tr|A0ABR0TA40|A0ABR0TA40_AURPU",89.2,360,3.27e-235,641,"A0ABR0TA40"
"THY89592.1","tr|A0ABR0TBD1|A0ABR0TBD1_AURPU",86.2,384,5.11e-233,641,"A0ABR0TBD1"
"KAK6000638.1","tr|A0ABR0T878|A0ABR0T878_AURPU",100,328,4.02e-236,641,"A0ABR0T878"
"KAK6003261.1","tr|A0ABR0TH75|A0ABR0TH75_AURPU",100,322,1.78e-236,641,"A0ABR0TH75"
"KAK6007435.1","tr|A0ABR0TU58|A0ABR0TU58_AURPU",100,318,1.85e-236,641,"A0ABR0TU58"
"CAC9887374.1","tr|A0ABR0TKZ2|A0ABR0TKZ2_AURPU",90.3,351,1.51e-235,641,"A0ABR0TKZ2"
"CAD0014673.1","tr|A0ABR0T6S3|A0ABR0T6S3_AURPU",92.2,344,3.88e-229,641,"A0ABR0T6S3"
"THX38585.1","tr|A0ABR0TAS6|A0ABR0TAS6_AURPU",99,311,8.02e-235,640,"A0ABR0TAS6"
"THZ16500.1","tr|A0ABR0TCC4|A0ABR0TCC4_AURPU",95.7,324,3.32e-235,640,"A0ABR0TCC4"
"TIA32266.1","tr|A0ABR0TIW7|A0ABR0TIW7_AURPU",86.1,446,8.08e-231,640,"A0ABR0TIW7"
"KAK5999311.1","tr|A0ABR0T4F3|A0ABR0T4F3_AURPU",100,327,7.51e-236,640,"A0ABR0T4F3"
"KAK6000476.1","tr|A0ABR0T913|A0ABR0T913_AURPU",100,348,5.44e-235,640,"A0ABR0T913"
"KAK6002127.1","tr|A0ABR0TCV8|A0ABR0TCV8_AURPU",100,321,3.31e-236,640,"A0ABR0TCV8"
"KAK6002367.1","tr|A0ABR0TDK2|A0ABR0TDK2_AURPU",100,344,1.98e-235,640,"A0ABR0TDK2"
"KAK6006865.1","tr|A0ABR0TSF8|A0ABR0TSF8_AURPU",100,318,5.29e-236,640,"A0ABR0TSF8"
"KAK6008165.1","tr|A0ABR0TWE9|A0ABR0TWE9_AURPU",100,309,2.62e-236,640,"A0ABR0TWE9"
"KAK6008816.1","tr|A0ABR0TX69|A0ABR0TX69_AURPU",100,334,1.84e-235,640,"A0ABR0TX69"
"CAD0054938.1","tr|A0ABR0TIW9|A0ABR0TIW9_AURPU",87.1,371,1.64e-234,640,"A0ABR0TIW9"
"KAK6002218.1","tr|A0ABR0TCP9|A0ABR0TCP9_AURPU",100,323,2.24e-235,639,"A0ABR0TCP9"
"KAK6002950.1","tr|A0ABR0TG60|A0ABR0TG60_AURPU",100,309,7.51e-236,639,"A0ABR0TG60"
"KAK6003069.1","tr|A0ABR0TFM8|A0ABR0TFM8_AURPU",100,321,1.35e-235,639,"A0ABR0TFM8"
"KAK6007152.1","tr|A0ABR0TS54|A0ABR0TS54_AURPU",100,322,1.46e-235,639,"A0ABR0TS54"
"KAK6008099.1","tr|A0ABR0TUF9|A0ABR0TUF9_AURPU",100,325,1.84e-235,639,"A0ABR0TUF9"
"THX55873.1","tr|A0ABR0TH93|A0ABR0TH93_AURPU",90.9,353,9.34e-232,638,"A0ABR0TH93"
"KAK6000010.1","tr|A0ABR0T7L4|A0ABR0T7L4_AURPU",100,327,6.17e-235,638,"A0ABR0T7L4"
"KAK6000056.1","tr|A0ABR0T7V0|A0ABR0T7V0_AURPU",100,340,1.19e-234,638,"A0ABR0T7V0"
"KAK6002234.1","tr|A0ABR0TCU3|A0ABR0TCU3_AURPU",100,332,6.41e-235,638,"A0ABR0TCU3"
"KAK6002976.1","tr|A0ABR0TGE0|A0ABR0TGE0_AURPU",100,310,1.64e-235,638,"A0ABR0TGE0"
"KAK6003213.1","tr|A0ABR0TFK2|A0ABR0TFK2_AURPU",100,315,1.71e-235,638,"A0ABR0TFK2"
"KAK6003550.1","tr|A0ABR0THW2|A0ABR0THW2_AURPU",100,318,2.15e-235,638,"A0ABR0THW2"
"KAK6006811.1","tr|A0ABR0TQV9|A0ABR0TQV9_AURPU",100,314,1.58e-235,638,"A0ABR0TQV9"
"THW66540.1","tr|A0ABR0T8S6|A0ABR0T8S6_AURPU",89.6,355,1.07e-233,637,"A0ABR0T8S6"
"TIA30686.1","tr|A0ABR0TGR7|A0ABR0TGR7_AURPU",91.7,325,5.79e-234,637,"A0ABR0TGR7"
"KAK6000652.1","tr|A0ABR0T964|A0ABR0T964_AURPU",100,308,1.99e-235,637,"A0ABR0T964"
"KAK6000689.1","tr|A0ABR0T8I2|A0ABR0T8I2_AURPU",100,336,2.51e-234,637,"A0ABR0T8I2"
"KAK6002224.1","tr|A0ABR0TCR2|A0ABR0TCR2_AURPU",100,324,9.86e-235,637,"A0ABR0TCR2"
"KAK6003102.1","tr|A0ABR0TFH5|A0ABR0TFH5_AURPU",100,313,4.18e-235,637,"A0ABR0TFH5"
"KAK6003644.1","tr|A0ABR0TGT4|A0ABR0TGT4_AURPU",100,578,1.85e-226,637,"A0ABR0TGT4"
"KAK6003947.1","tr|A0ABR0THP1|A0ABR0THP1_AURPU",100,324,9.86e-235,637,"A0ABR0THP1"
"KAK6004738.1","tr|A0ABR0TJV7|A0ABR0TJV7_AURPU",100,317,8.12e-235,637,"A0ABR0TJV7"
"KAK6005245.1","tr|A0ABR0TMT1|A0ABR0TMT1_AURPU",100,348,4.47e-234,637,"A0ABR0TMT1"
"THZ83375.1","tr|A0ABR0TRR8|A0ABR0TRR8_AURPU",97.5,323,4.29e-233,636,"A0ABR0TRR8"
"KAK5999290.1","tr|A0ABR0T5H7|A0ABR0T5H7_AURPU",100,326,2.32e-234,636,"A0ABR0T5H7"
"KAK6000108.1","tr|A0ABR0T6P1|A0ABR0T6P1_AURPU",100,327,2.51e-234,636,"A0ABR0T6P1"
"KAK6001117.1","tr|A0ABR0TAG7|A0ABR0TAG7_AURPU",100,313,8.44e-235,636,"A0ABR0TAG7"
"KAK6007649.1","tr|A0ABR0TT80|A0ABR0TT80_AURPU",100,327,3.57e-234,636,"A0ABR0TT80"
"KAK6008508.1","tr|A0ABR0TVM8|A0ABR0TVM8_AURPU",100,403,8.73e-232,636,"A0ABR0TVM8"
"KAK6008745.1","tr|A0ABR0TWB7|A0ABR0TWB7_AURPU",100,326,3.3e-234,636,"A0ABR0TWB7"
"CAD0012614.1","tr|A0ABR0TA65|A0ABR0TA65_AURPU",90.7,344,1.84e-233,636,"A0ABR0TA65"
"KEQ86041.1","tr|A0ABR0TB61|A0ABR0TB61_AURPU",91,398,1.2e-231,635,"A0ABR0TB61"
"THX86471.1","tr|A0ABR0TVG2|A0ABR0TVG2_AURPU",90.3,349,5.63e-233,635,"A0ABR0TVG2"
"THY67189.1","tr|A0ABR0TN25|A0ABR0TN25_AURPU",92.6,363,1.68e-232,635,"A0ABR0TN25"
"KAK6000710.1","tr|A0ABR0T9Q4|A0ABR0T9Q4_AURPU",100,316,2.15e-234,635,"A0ABR0T9Q4"
"KAK6001030.1","tr|A0ABR0TAJ0|A0ABR0TAJ0_AURPU",100,363,3.7e-232,635,"A0ABR0TAJ0"
"KAK6001645.1","tr|A0ABR0TCD2|A0ABR0TCD2_AURPU",100,312,2.24e-234,635,"A0ABR0TCD2"
"KAK6002031.1","tr|A0ABR0TDM5|A0ABR0TDM5_AURPU",100,339,1.83e-233,635,"A0ABR0TDM5"
"KAK6002584.1","tr|A0ABR0TDS7|A0ABR0TDS7_AURPU",100,295,5.92e-235,635,"A0ABR0TDS7"
"KAK6003071.1","tr|A0ABR0TGB8|A0ABR0TGB8_AURPU",100,368,2.44e-232,635,"A0ABR0TGB8"
"KAK6004185.1","tr|A0ABR0TIB8|A0ABR0TIB8_AURPU",100,322,6.93e-234,635,"A0ABR0TIB8"
"KAK6005109.1","tr|A0ABR0TLI6|A0ABR0TLI6_AURPU",100,317,4.7e-234,635,"A0ABR0TLI6"
"KAK6005647.1","tr|A0ABR0TNA5|A0ABR0TNA5_AURPU",100,333,8.08e-234,635,"A0ABR0TNA5"
"KAK6006513.1","tr|A0ABR0TPY8|A0ABR0TPY8_AURPU",100,330,6.4e-234,635,"A0ABR0TPY8"
"KAK6007366.1","tr|A0ABR0TSD8|A0ABR0TSD8_AURPU",100,317,3.31e-234,635,"A0ABR0TSD8"
"KAK6007559.1","tr|A0ABR0TSY8|A0ABR0TSY8_AURPU",100,334,8.73e-234,635,"A0ABR0TSY8"
"KAK6008849.1","tr|A0ABR0TWK0|A0ABR0TWK0_AURPU",100,326,6.66e-234,635,"A0ABR0TWK0"
"KEQ86479.1","tr|A0ABR0TIT5|A0ABR0TIT5_AURPU",97.3,337,3.16e-233,634,"A0ABR0TIT5"
"OBW68398.1","tr|A0ABR0TNT7|A0ABR0TNT7_AURPU",94.1,353,4e-228,634,"A0ABR0TNT7"
"THX07875.1","tr|A0ABR0TLD8|A0ABR0TLD8_AURPU",81.3,584,1.44e-221,634,"A0ABR0TLD8"
"KAK6000960.1","tr|A0ABR0T947|A0ABR0T947_AURPU",100,305,2.61e-234,634,"A0ABR0T947"
"KAK6001957.1","tr|A0ABR0TCU0|A0ABR0TCU0_AURPU",100,337,6.37e-233,634,"A0ABR0TCU0"
"KAK6006336.1","tr|A0ABR0TR30|A0ABR0TR30_AURPU",100,323,6.89e-233,634,"A0ABR0TR30"
"KAK6006743.1","tr|A0ABR0TQL8|A0ABR0TQL8_AURPU",100,335,5.46e-233,634,"A0ABR0TQL8"
"KAK6007320.1","tr|A0ABR0TS85|A0ABR0TS85_AURPU",100,315,8.11e-234,634,"A0ABR0TS85"
"KAK6008474.1","tr|A0ABR0TVH7|A0ABR0TVH7_AURPU",100,304,3.43e-234,634,"A0ABR0TVH7"
"KAK6005103.1","tr|A0ABR0TKX9|A0ABR0TKX9_AURPU",100,311,1.7e-233,633,"A0ABR0TKX9"
"KAK6005846.1","tr|A0ABR0TP29|A0ABR0TP29_AURPU",100,312,1.84e-233,633,"A0ABR0TP29"
"KAK6006950.1","tr|A0ABR0TSU9|A0ABR0TSU9_AURPU",100,324,3.3e-233,633,"A0ABR0TSU9"
"KAK6007830.1","tr|A0ABR0TTQ5|A0ABR0TTQ5_AURPU",100,325,3.56e-233,633,"A0ABR0TTQ5"
"KAK6007936.1","tr|A0ABR0TTX3|A0ABR0TTX3_AURPU",100,325,3.56e-233,633,"A0ABR0TTX3"
"OBW68444.1","tr|A0A4S9C0M7|A0A4S9C0M7_AURPU",100,351,1.67e-230,632,"A0A4S9C0M7"
"THV65794.1","tr|A0ABR0TN18|A0ABR0TN18_AURPU",95.2,356,2.2e-231,632,"A0ABR0TN18"
"KAK6000134.1","tr|A0ABR0T6Z4|A0ABR0T6Z4_AURPU",100,341,5.02e-232,632,"A0ABR0T6Z4"
"KAK6001697.1","tr|A0ABR0TB76|A0ABR0TB76_AURPU",100,333,1.34e-232,632,"A0ABR0TB76"
"KAK6002035.1","tr|A0ABR0TDJ4|A0ABR0TDJ4_AURPU",100,296,1.06e-233,632,"A0ABR0TDJ4"
"KAK6002130.1","tr|A0ABR0TCH3|A0ABR0TCH3_AURPU",100,306,1.64e-233,632,"A0ABR0TCH3"
"KAK6003844.1","tr|A0ABR0THC7|A0ABR0THC7_AURPU",100,367,3.73e-231,632,"A0ABR0THC7"
"KAK6004316.1","tr|A0ABR0TJR2|A0ABR0TJR2_AURPU",100,313,5.7e-233,632,"A0ABR0TJR2"
"CAC9889349.1","tr|A0ABR0TD60|A0ABR0TD60_AURPU",88.3,369,3.89e-231,632,"A0ABR0TD60"
"CAD0055571.1","tr|A0ABR0TN27|A0ABR0TN27_AURPU",89,362,1.57e-231,632,"A0ABR0TN27"
"THZ38278.1","tr|A0ABR0TEL1|A0ABR0TEL1_AURPU",96.2,342,2.06e-230,631,"A0ABR0TEL1"
"THZ95169.1","tr|A0ABR0TNH4|A0ABR0TNH4_AURPU",92.4,432,6.69e-229,631,"A0ABR0TNH4"
"KAK6003265.1","tr|A0ABR0TH32|A0ABR0TH32_AURPU",100,328,2.6e-232,631,"A0ABR0TH32"
"KEQ84013.1","tr|A0ABR0T6Z6|A0ABR0T6Z6_AURPU",96.8,349,3.51e-231,630,"A0ABR0T6Z6"
"THW18112.1","tr|A0ABR0T7C6|A0ABR0T7C6_AURPU",92.4,340,3.6e-231,630,"A0ABR0T7C6"
"THZ63333.1","tr|A0ABR0TH23|A0ABR0TH23_AURPU",92.6,339,4.22e-231,630,"A0ABR0TH23"
"KAK5999886.1","tr|A0ABR0T7H8|A0ABR0T7H8_AURPU",100,322,3.29e-232,630,"A0ABR0T7H8"
"KAK6002410.1","tr|A0ABR0TEK2|A0ABR0TEK2_AURPU",100,312,1.51e-232,630,"A0ABR0TEK2"
"KAK6003130.1","tr|A0ABR0TGP0|A0ABR0TGP0_AURPU",100,341,1.44e-231,630,"A0ABR0TGP0"
"KAK6003592.1","tr|A0ABR0THI9|A0ABR0THI9_AURPU",100,353,3.64e-231,630,"A0ABR0THI9"
"KAK6004954.1","tr|A0ABR0TKH1|A0ABR0TKH1_AURPU",100,572,4.55e-224,630,"A0ABR0TKH1"
"KAK6006866.1","tr|A0ABR0TRV5|A0ABR0TRV5_AURPU",100,315,3.85e-232,630,"A0ABR0TRV5"
"KAK6007890.1","tr|A0ABR0TTW3|A0ABR0TTW3_AURPU",100,304,8.09e-233,630,"A0ABR0TTW3"
"THY81874.1","tr|A0ABR0T927|A0ABR0T927_AURPU",88.9,369,6.78e-230,629,"A0ABR0T927"
"KAK6000417.1","tr|A0ABR0T7Y0|A0ABR0T7Y0_AURPU",100,313,4.68e-232,629,"A0ABR0T7Y0"
"KAK6002079.1","tr|A0ABR0TCU9|A0ABR0TCU9_AURPU",100,322,1.34e-231,629,"A0ABR0TCU9"
"KAK6003822.1","tr|A0ABR0THK4|A0ABR0THK4_AURPU",100,335,3.68e-231,629,"A0ABR0THK4"
"KAK6004027.1","tr|A0ABR0TIQ7|A0ABR0TIQ7_AURPU",100,323,2.06e-231,629,"A0ABR0TIQ7"
"KAK6005137.1","tr|A0ABR0TLU8|A0ABR0TLU8_AURPU",100,300,3.43e-232,629,"A0ABR0TLU8"
"KAK6006270.1","tr|A0ABR0TPB3|A0ABR0TPB3_AURPU",100,327,1.39e-231,629,"A0ABR0TPB3"
"KAK6006431.1","tr|A0ABR0TQQ4|A0ABR0TQQ4_AURPU",100,307,5.92e-232,629,"A0ABR0TQQ4"
"KAK6007315.1","tr|A0ABR0TTU2|A0ABR0TTU2_AURPU",100,310,3.71e-232,629,"A0ABR0TTU2"
"KAK6000078.1","tr|A0ABR0T6K9|A0ABR0T6K9_AURPU",100,318,1.98e-231,628,"A0ABR0T6K9"
"KAK6001684.1","tr|A0ABR0TB62|A0ABR0TB62_AURPU",100,319,3.04e-231,628,"A0ABR0TB62"
"KAK6003841.1","tr|A0ABR0THC6|A0ABR0THC6_AURPU",100,400,1.09e-228,628,"A0ABR0THC6"
"KAK6004352.1","tr|A0ABR0TIX7|A0ABR0TIX7_AURPU",100,310,1.51e-231,628,"A0ABR0TIX7"
"KAK6004365.1","tr|A0ABR0TIU3|A0ABR0TIU3_AURPU",100,305,1.02e-231,628,"A0ABR0TIU3"
"KAK6007441.1","tr|A0ABR0TSL2|A0ABR0TSL2_AURPU",100,316,1.7e-231,628,"A0ABR0TSL2"
"KAK6008264.1","tr|A0ABR0TUX6|A0ABR0TUX6_AURPU",100,330,7.15e-231,628,"A0ABR0TUX6"
"CAD0051277.1","tr|A0ABR0TNT1|A0ABR0TNT1_AURPU",92,327,2.96e-231,628,"A0ABR0TNT1"
"THW29313.1","tr|A0ABR0T672|A0ABR0T672_AURPU",94.3,349,6.62e-228,627,"A0ABR0T672"
"THW02609.1","tr|A0ABR0TJ56|A0ABR0TJ56_AURPU",94.8,327,2.53e-230,627,"A0ABR0TJ56"
"THW86254.1","tr|A0ABR0TVU3|A0ABR0TVU3_AURPU",90.6,351,4.05e-229,627,"A0ABR0TVU3"
"THX48917.1","tr|A0ABR0TFL4|A0ABR0TFL4_AURPU",84.8,435,1.31e-226,627,"A0ABR0TFL4"
"THX61436.1","tr|A0ABR0TGI5|A0ABR0TGI5_AURPU",93.4,319,1.04e-229,627,"A0ABR0TGI5"
"THY17212.1","tr|A0ABR0TGB2|A0ABR0TGB2_AURPU",93.6,344,5.48e-230,627,"A0ABR0TGB2"
"KAK5999824.1","tr|A0ABR0T5V8|A0ABR0T5V8_AURPU",100,332,1.69e-230,627,"A0ABR0T5V8"
"KAK6001887.1","tr|A0ABR0TC67|A0ABR0TC67_AURPU",100,309,1.98e-231,627,"A0ABR0TC67"
"KAK6003539.1","tr|A0ABR0TGI4|A0ABR0TGI4_AURPU",100,309,1.98e-231,627,"A0ABR0TGI4"
"KAK6003618.1","tr|A0ABR0TGQ0|A0ABR0TGQ0_AURPU",100,317,3.7e-231,627,"A0ABR0TGQ0"
"KAK6003719.1","tr|A0ABR0TH11|A0ABR0TH11_AURPU",100,324,1.29e-230,627,"A0ABR0TH11"
"KAK6004569.1","tr|A0ABR0TJZ1|A0ABR0TJZ1_AURPU",100,311,2.32e-231,627,"A0ABR0TJZ1"
"KAK6006603.1","tr|A0ABR0TQ76|A0ABR0TQ76_AURPU",100,323,5.9e-231,627,"A0ABR0TQ76"
"KAK6007459.1","tr|A0ABR0TSN4|A0ABR0TSN4_AURPU",100,316,6.91e-231,627,"A0ABR0TSN4"
"KAK6008098.1","tr|A0ABR0TUC3|A0ABR0TUC3_AURPU",100,303,2.51e-231,627,"A0ABR0TUC3"
"KAK6008560.1","tr|A0ABR0TX68|A0ABR0TX68_AURPU",100,306,1.57e-231,627,"A0ABR0TX68"
"THY61813.1","tr|A0ABR0TAU4|A0ABR0TAU4_AURPU",98.5,325,8.88e-228,626,"A0ABR0TAU4"
"KAK6001221.1","tr|A0ABR0TBC5|A0ABR0TBC5_AURPU",100,302,4.68e-231,626,"A0ABR0TBC5"
"KAK6003229.1","tr|A0ABR0TFL7|A0ABR0TFL7_AURPU",100,342,1.05e-229,626,"A0ABR0TFL7"
"KAK6005064.1","tr|A0ABR0TLE1|A0ABR0TLE1_AURPU",100,299,2.6e-231,626,"A0ABR0TLE1"
"KAK6007130.1","tr|A0ABR0TTD6|A0ABR0TTD6_AURPU",100,305,4.16e-231,626,"A0ABR0TTD6"
"THV96493.1","tr|A0ABR0TPR3|A0ABR0TPR3_AURPU",97.5,361,1.31e-227,625,"A0ABR0TPR3"
"KAK6001256.1","tr|A0ABR0TB69|A0ABR0TB69_AURPU",100,301,1.24e-230,625,"A0ABR0TB69"
"KAK6002300.1","tr|A0ABR0TEC0|A0ABR0TEC0_AURPU",100,310,2.5e-230,625,"A0ABR0TEC0"
"KAK6002994.1","tr|A0ABR0TFF8|A0ABR0TFF8_AURPU",100,320,2.7e-230,625,"A0ABR0TFF8"
"KAK6006003.1","tr|A0ABR0TNH0|A0ABR0TNH0_AURPU",100,320,5.45e-230,625,"A0ABR0TNH0"
"KAK6007155.1","tr|A0ABR0TRS2|A0ABR0TRS2_AURPU",100,331,9.02e-230,625,"A0ABR0TRS2"
"KAK6007542.1","tr|A0ABR0TT93|A0ABR0TT93_AURPU",100,407,2.17e-227,625,"A0ABR0TT93"
"KAK6007923.1","tr|A0ABR0TTZ1|A0ABR0TTZ1_AURPU",100,311,1.34e-230,625,"A0ABR0TTZ1"
"KAK6008244.1","tr|A0ABR0TVK1|A0ABR0TVK1_AURPU",100,423,1.03e-226,625,"A0ABR0TVK1"
"CAC9887094.1","tr|A0ABR0TLR1|A0ABR0TLR1_AURPU",86.9,367,1.06e-228,625,"A0ABR0TLR1"
"KEQ87348.1","tr|A0ABR0TG13|A0ABR0TG13_AURPU",94.4,319,7.17e-230,624,"A0ABR0TG13"
"THW61346.1","tr|A0ABR0TAM1|A0ABR0TAM1_AURPU",94.4,339,3.64e-228,624,"A0ABR0TAM1"
"KAK6000795.1","tr|A0ABR0T8N2|A0ABR0T8N2_AURPU",100,319,7.17e-230,624,"A0ABR0T8N2"
"KAK6001626.1","tr|A0ABR0TCH2|A0ABR0TCH2_AURPU",100,302,1.91e-230,624,"A0ABR0TCH2"
"KAK6002940.1","tr|A0ABR0TEU4|A0ABR0TEU4_AURPU",100,308,3.04e-230,624,"A0ABR0TEU4"
"KAK6003306.1","tr|A0ABR0THC2|A0ABR0THC2_AURPU",100,335,3.52e-229,624,"A0ABR0THC2"
"KAK6003494.1","tr|A0ABR0TGD9|A0ABR0TGD9_AURPU",100,306,3.7e-230,624,"A0ABR0TGD9"
"KAK6006553.1","tr|A0ABR0TQ23|A0ABR0TQ23_AURPU",100,352,9.23e-229,624,"A0ABR0TQ23"
"CAD0023136.1","tr|A0ABR0TTF1|A0ABR0TTF1_AURPU",89.8,381,1.28e-227,624,"A0ABR0TTF1"
"CAR0984396.1","tr|A0ABR0TM97|A0ABR0TM97_AURPU",95.1,329,1.13e-228,624,"A0ABR0TM97"
"OBW64131.1","tr|A0ABR0T985|A0ABR0T985_AURPU",91.6,322,1.29e-228,623,"A0ABR0T985"
"THX10445.1","tr|A0ABR0TDA5|A0ABR0TDA5_AURPU",92.9,324,8.54e-228,623,"A0ABR0TDA5"
"THZ39919.1","tr|A0ABR0TC15|A0ABR0TC15_AURPU",92.7,358,2.49e-227,623,"A0ABR0TC15"
"THZ94985.1","tr|A0ABR0T7U4|A0ABR0T7U4_AURPU",95.5,354,1.64e-225,623,"A0ABR0T7U4"
"TIA16798.1","tr|A0ABR0T6D4|A0ABR0T6D4_AURPU",95.9,316,1.2e-228,623,"A0ABR0T6D4"
"KAK6003284.1","tr|A0ABR0TFS6|A0ABR0TFS6_AURPU",100,319,2.92e-229,623,"A0ABR0TFS6"
"KAK6005463.1","tr|A0ABR0TLY9|A0ABR0TLY9_AURPU",100,307,8.07e-230,623,"A0ABR0TLY9"
"CAC9891248.1","tr|A0ABR0TTL3|A0ABR0TTL3_AURPU",87,384,2.3e-227,623,"A0ABR0TTL3"
"KEQ80610.1","tr|A0ABR0TPC9|A0ABR0TPC9_AURPU",97.2,318,7.74e-229,622,"A0ABR0TPC9"
"KAK5999652.1","tr|A0ABR0T5N8|A0ABR0T5N8_AURPU",100,304,1.83e-229,622,"A0ABR0T5N8"
"KAK6000243.1","tr|A0ABR0T720|A0ABR0T720_AURPU",100,391,1.5e-226,622,"A0ABR0T720"
"KAK6000359.1","tr|A0ABR0T7L0|A0ABR0T7L0_AURPU",100,322,1.06e-228,622,"A0ABR0T7L0"
"KAK6002889.1","tr|A0ABR0TF58|A0ABR0TF58_AURPU",100,317,1.11e-227,622,"A0ABR0TF58"
"KAK6007710.1","tr|A0ABR0TTD4|A0ABR0TTD4_AURPU",100,317,5.04e-229,622,"A0ABR0TTD4"
"KAK6000162.1","tr|A0ABR0T772|A0ABR0T772_AURPU",100,311,9.06e-229,621,"A0ABR0T772"
"KAK6003589.1","tr|A0ABR0TGM8|A0ABR0TGM8_AURPU",100,321,1.39e-228,621,"A0ABR0TGM8"
"KAK6005365.1","tr|A0ABR0TN55|A0ABR0TN55_AURPU",100,362,4.68e-227,621,"A0ABR0TN55"
"KAK6007742.1","tr|A0ABR0TTK3|A0ABR0TTK3_AURPU",100,311,9.06e-229,621,"A0ABR0TTK3"
"KAK6007827.1","tr|A0ABR0TU28|A0ABR0TU28_AURPU",100,383,1.65e-226,621,"A0ABR0TU28"
"THV73626.1","tr|A0ABR0TF54|A0ABR0TF54_AURPU",97.1,311,2e-228,620,"A0ABR0TF54"
"THY16538.1","tr|A0ABR0TPU7|A0ABR0TPU7_AURPU",99.7,311,9.4e-227,620,"A0ABR0TPU7"
"KAK5999413.1","tr|A0ABR0T4L5|A0ABR0T4L5_AURPU",100,306,1.76e-228,620,"A0ABR0T4L5"
"KAK6004612.1","tr|A0ABR0TKD9|A0ABR0TKD9_AURPU",100,318,2.22e-228,620,"A0ABR0TKD9"
"KAK6006551.1","tr|A0ABR0TR12|A0ABR0TR12_AURPU",100,309,2.22e-228,620,"A0ABR0TR12"
"KAK6006694.1","tr|A0ABR0TQI4|A0ABR0TQI4_AURPU",100,416,4.08e-225,620,"A0ABR0TQI4"
"KAK6008052.1","tr|A0ABR0TUR3|A0ABR0TUR3_AURPU",100,310,1.69e-228,620,"A0ABR0TUR3"
"KEQ84577.1","tr|A0ABR0TQQ8|A0ABR0TQQ8_AURPU",89.3,384,1.55e-222,619,"A0ABR0TQQ8"
"THW00373.1","tr|A0ABR0TW31|A0ABR0TW31_AURPU",95.7,370,1.29e-225,619,"A0ABR0TW31"
"THZ75398.1","tr|A0ABR0TVK0|A0ABR0TVK0_AURPU",91.7,349,2.12e-223,619,"A0ABR0TVK0"
"KAK6000961.1","tr|A0ABR0T938|A0ABR0T938_AURPU",100,344,4.76e-227,619,"A0ABR0T938"
"KAK6003198.1","tr|A0ABR0TFI9|A0ABR0TFI9_AURPU",100,314,9.4e-228,619,"A0ABR0TFI9"
"KAK6004010.1","tr|A0ABR0TJC9|A0ABR0TJC9_AURPU",100,326,2.39e-227,619,"A0ABR0TJC9"
"KAK6004522.1","tr|A0ABR0TK53|A0ABR0TK53_AURPU",100,337,3.94e-227,619,"A0ABR0TK53"
"KAK6006595.1","tr|A0ABR0TRN0|A0ABR0TRN0_AURPU",100,307,3.84e-228,619,"A0ABR0TRN0"
"KAK6008868.1","tr|A0ABR0TWN2|A0ABR0TWN2_AURPU",100,301,1.69e-228,619,"A0ABR0TWN2"
"CAR1035213.1","tr|A0ABR0T6K4|A0ABR0T6K4_AURPU",93,328,2.1e-224,619,"A0ABR0T6K4"
"KAK6002798.1","tr|A0ABR0TEF7|A0ABR0TEF7_AURPU",100,322,2.49e-227,618,"A0ABR0TEF7"
"TIA64093.1","tr|A0ABR0T8S3|A0ABR0T8S3_AURPU",94.6,333,4.73e-226,617,"A0ABR0T8S3"
"KAK5999375.1","tr|A0ABR0T5Q1|A0ABR0T5Q1_AURPU",100,302,2.14e-227,617,"A0ABR0T5Q1"
"KAK5999570.1","tr|A0ABR0T6B5|A0ABR0T6B5_AURPU",100,407,3.4e-224,617,"A0ABR0T6B5"
"KAK6005984.1","tr|A0ABR0TNH1|A0ABR0TNH1_AURPU",100,321,6.59e-227,617,"A0ABR0TNH1"
"KAK6006401.1","tr|A0ABR0TQM2|A0ABR0TQM2_AURPU",100,305,1.34e-227,617,"A0ABR0TQM2"
"CAD0012689.1","tr|A0ABR0TB87|A0ABR0TB87_AURPU",91.8,401,7.32e-223,617,"A0ABR0TB87"
"CAD0041568.1","tr|A0ABR0TVV2|A0ABR0TVV2_AURPU",93.7,318,4.48e-220,617,"A0ABR0TVV2"
"CAD0049397.1","tr|A0ABR0TDU6|A0ABR0TDU6_AURPU",91.4,336,7.71e-226,617,"A0ABR0TDU6"
"KAK5999376.1","tr|A0ABR0T602|A0ABR0T602_AURPU",100,310,5.66e-227,616,"A0ABR0T602"
"KAK6001805.1","tr|A0ABR0TD08|A0ABR0TD08_AURPU",100,295,2.5e-227,616,"A0ABR0TD08"
"KAK6003082.1","tr|A0ABR0TG40|A0ABR0TG40_AURPU",100,306,5.89e-227,616,"A0ABR0TG40"
"KAK6003252.1","tr|A0ABR0TFY1|A0ABR0TFY1_AURPU",100,332,3.12e-226,616,"A0ABR0TFY1"
"KAK6003582.1","tr|A0ABR0TGV7|A0ABR0TGV7_AURPU",100,303,3.28e-227,616,"A0ABR0TGV7"
"KAK6004205.1","tr|A0ABR0TK03|A0ABR0TK03_AURPU",100,316,9.02e-227,616,"A0ABR0TK03"
"KAK6006849.1","tr|A0ABR0TRG2|A0ABR0TRG2_AURPU",100,300,2.59e-227,616,"A0ABR0TRG2"
"KAK6008246.1","tr|A0ABR0TVP8|A0ABR0TVP8_AURPU",100,315,1.19e-226,616,"A0ABR0TVP8"
"KAK6008348.1","tr|A0ABR0TVA4|A0ABR0TVA4_AURPU",100,309,7.43e-227,616,"A0ABR0TVA4"
"KAK6008693.1","tr|A0ABR0TWC0|A0ABR0TWC0_AURPU",100,320,1.75e-226,616,"A0ABR0TWC0"
"TIA01722.1","tr|A0ABR0TBJ3|A0ABR0TBJ3_AURPU",95.6,317,5.46e-225,615,"A0ABR0TBJ3"
"TIA75185.1","tr|A0ABR0TEM5|A0ABR0TEM5_AURPU",95.6,294,7e-227,615,"A0ABR0TEM5"
"KAK5999313.1","tr|A0ABR0T4F8|A0ABR0T4F8_AURPU",100,293,4.31e-227,615,"A0ABR0T4F8"
"KAK6002683.1","tr|A0ABR0TE11|A0ABR0TE11_AURPU",100,292,5.66e-227,615,"A0ABR0TE11"
"KAK6003000.1","tr|A0ABR0TEZ3|A0ABR0TEZ3_AURPU",100,299,6.88e-227,615,"A0ABR0TEZ3"
"KAK6003501.1","tr|A0ABR0THW7|A0ABR0THW7_AURPU",100,305,7.73e-227,615,"A0ABR0THW7"
"KAK6004812.1","tr|A0ABR0TKE4|A0ABR0TKE4_AURPU",100,325,5.2e-226,615,"A0ABR0TKE4"
"KAK6004941.1","tr|A0ABR0TM15|A0ABR0TM15_AURPU",100,326,7.98e-226,615,"A0ABR0TM15"
"KAK6006362.1","tr|A0ABR0TPI3|A0ABR0TPI3_AURPU",100,333,9.66e-226,615,"A0ABR0TPI3"
"KAK6006974.1","tr|A0ABR0TR93|A0ABR0TR93_AURPU",100,305,1.56e-226,615,"A0ABR0TR93"
"CAR1037313.1","tr|A0ABR0TQ34|A0ABR0TQ34_AURPU",90.5,326,1.22e-225,615,"A0ABR0TQ34"
"KEQ85276.1","tr|A0ABR0T906|A0ABR0T906_AURPU",94.3,331,2.37e-225,614,"A0ABR0T906"
"THV74759.1","tr|A0ABR0T752|A0ABR0T752_AURPU",87.9,412,1.79e-222,614,"A0ABR0T752"
"THY20637.1","tr|A0ABR0TRA4|A0ABR0TRA4_AURPU",91.6,346,1.74e-224,614,"A0ABR0TRA4"
"THW00041.1","tr|A0ABR0TM03|A0ABR0TM03_AURPU",92.5,361,2.96e-223,613,"A0ABR0TM03"
"THW69471.1","tr|A0ABR0TUR4|A0ABR0TUR4_AURPU",94.4,303,3.95e-225,613,"A0ABR0TUR4"
"THY07290.1","tr|A0ABR0T9P1|A0ABR0T9P1_AURPU",94,336,1.82e-224,613,"A0ABR0T9P1"
"THY62552.1","tr|A0ABR0TNR3|A0ABR0TNR3_AURPU",90,350,1.59e-224,613,"A0ABR0TNR3"
"KAK6000406.1","tr|A0ABR0T7I3|A0ABR0T7I3_AURPU",100,310,1.33e-225,613,"A0ABR0T7I3"
"KAK6002675.1","tr|A0ABR0TFH4|A0ABR0TFH4_AURPU",100,314,9.01e-226,613,"A0ABR0TFH4"
"KAK6003475.1","tr|A0ABR0THN8|A0ABR0THN8_AURPU",100,307,5.23e-226,613,"A0ABR0THN8"
"KAK6003625.1","tr|A0ABR0TI37|A0ABR0TI37_AURPU",100,337,5.36e-225,613,"A0ABR0TI37"
"KAK6004038.1","tr|A0ABR0THY2|A0ABR0THY2_AURPU",100,310,9.38e-226,613,"A0ABR0THY2"
"KAK6004332.1","tr|A0ABR0TJ21|A0ABR0TJ21_AURPU",100,307,7.43e-226,613,"A0ABR0TJ21"
"KAK6005856.1","tr|A0ABR0TPP5|A0ABR0TPP5_AURPU",100,308,1.14e-225,613,"A0ABR0TPP5"
"KAK6007485.1","tr|A0ABR0TSQ0|A0ABR0TSQ0_AURPU",100,363,3.96e-224,613,"A0ABR0TSQ0"
"KAK6007490.1","tr|A0ABR0TUG8|A0ABR0TUG8_AURPU",100,352,3.43e-224,613,"A0ABR0TUG8"
"KEQ86100.1","tr|A0ABR0T6D5|A0ABR0T6D5_AURPU",90,361,9.37999999999999e-224,612,"A0ABR0T6D5"
"KEQ88846.1","tr|A0ABR0TH90|A0ABR0TH90_AURPU",90.9,328,1.92e-224,612,"A0ABR0TH90"
"OBW68926.1","tr|A0ABR0TWB2|A0ABR0TWB2_AURPU",91.3,335,5.15e-218,612,"A0ABR0TWB2"
"THW63006.1","tr|A0ABR0T8X4|A0ABR0T8X4_AURPU",94.1,322,8.43e-224,612,"A0ABR0T8X4"
"THW65408.1","tr|A0ABR0TV38|A0ABR0TV38_AURPU",93.6,342,1.45e-222,612,"A0ABR0TV38"
"THX55280.1","tr|A0ABR0TQK4|A0ABR0TQK4_AURPU",95,322,4.69e-224,612,"A0ABR0TQK4"
"KAK6000536.1","tr|A0ABR0T968|A0ABR0T968_AURPU",100,301,9.39e-226,612,"A0ABR0T968"
"KAK6002120.1","tr|A0ABR0TDV0|A0ABR0TDV0_AURPU",100,296,9.03e-226,612,"A0ABR0TDV0"
"KAK6002269.1","tr|A0ABR0TCV0|A0ABR0TCV0_AURPU",100,307,2.13e-225,612,"A0ABR0TCV0"
"KAK6002705.1","tr|A0ABR0TFM3|A0ABR0TFM3_AURPU",100,328,7.65e-225,612,"A0ABR0TFM3"
"KAK6005729.1","tr|A0ABR0TMV3|A0ABR0TMV3_AURPU",100,302,1.44e-225,612,"A0ABR0TMV3"
"KAK6006856.1","tr|A0ABR0TR00|A0ABR0TR00_AURPU",100,303,2.21e-225,612,"A0ABR0TR00"
"KAK6007263.1","tr|A0ABR0TS36|A0ABR0TS36_AURPU",100,318,7.11e-225,612,"A0ABR0TS36"
"KAK6007570.1","tr|A0ABR0TUK7|A0ABR0TUK7_AURPU",100,304,1.69e-225,612,"A0ABR0TUK7"
"CAD0047804.1","tr|A0ABR0TEY5|A0ABR0TEY5_AURPU",90,349,3.15e-223,612,"A0ABR0TEY5"
"THW04614.1","tr|A0ABR0T6M0|A0ABR0T6M0_AURPU",94,299,9.43999999999999e-224,611,"A0ABR0T6M0"
"THY24708.1","tr|A0ABR0TPP9|A0ABR0TPP9_AURPU",96.2,319,6.61e-224,611,"A0ABR0TPP9"
"KAK5999392.1","tr|A0ABR0T5K1|A0ABR0T5K1_AURPU",100,352,1.98e-223,611,"A0ABR0T5K1"
"KAK6003534.1","tr|A0ABR0TH05|A0ABR0TH05_AURPU",100,322,1.96e-224,611,"A0ABR0TH05"
"KAK6003769.1","tr|A0ABR0TH52|A0ABR0TH52_AURPU",100,325,1.74e-224,611,"A0ABR0TH52"
"KAK6004538.1","tr|A0ABR0TJD4|A0ABR0TJD4_AURPU",100,306,5.65e-225,611,"A0ABR0TJD4"
"KAK6007467.1","tr|A0ABR0TT30|A0ABR0TT30_AURPU",100,292,1.33e-225,611,"A0ABR0TT30"
"THV77515.1","tr|A0ABR0TU38|A0ABR0TU38_AURPU",90.4,332,7.22e-224,610,"A0ABR0TU38"
"THW06371.1","tr|A0ABR0TRT5|A0ABR0TRT5_AURPU",93.1,408,3.91e-221,610,"A0ABR0TRT5"
"THV88043.1","tr|A0ABR0TUY2|A0ABR0TUY2_AURPU",89.7,348,4.39e-223,610,"A0ABR0TUY2"
"THW55486.1","tr|A0ABR0T8G4|A0ABR0T8G4_AURPU",92.7,313,1.53e-222,610,"A0ABR0T8G4"
"THW67887.1","tr|A0ABR0T957|A0ABR0T957_AURPU",94.6,336,7.41e-218,610,"A0ABR0T957"
"THX15567.1","tr|A0ABR0T7M3|A0ABR0T7M3_AURPU",92.4,328,1.96e-222,610,"A0ABR0T7M3"
"KAK5999609.1","tr|A0ABR0T5H9|A0ABR0T5H9_AURPU",100,307,8.67e-225,610,"A0ABR0T5H9"
"KAK5999848.1","tr|A0ABR0T5X7|A0ABR0T5X7_AURPU",100,302,8.34e-225,610,"A0ABR0T5X7"
"KAK6000780.1","tr|A0ABR0T8L6|A0ABR0T8L6_AURPU",100,313,2.79e-224,610,"A0ABR0T8L6"
"KAK6002375.1","tr|A0ABR0TEJ4|A0ABR0TEJ4_AURPU",100,302,8.34e-225,610,"A0ABR0TEJ4"
"KAK6003314.1","tr|A0ABR0TFW1|A0ABR0TFW1_AURPU",100,399,1.02e-221,610,"A0ABR0TFW1"
"KAK6004363.1","tr|A0ABR0TIU1|A0ABR0TIU1_AURPU",100,299,4.65e-225,610,"A0ABR0TIU1"
"KAK6006230.1","tr|A0ABR0TQT7|A0ABR0TQT7_AURPU",100,295,4.83e-225,610,"A0ABR0TQT7"
"THZ73589.1","tr|A0ABR0TLU0|A0ABR0TLU0_AURPU",94.7,321,1.15e-222,609,"A0ABR0TLU0"
"TIA44844.1","tr|A0ABR0TVJ6|A0ABR0TVJ6_AURPU",94.2,346,2.31e-222,609,"A0ABR0TVJ6"
"KAK5999651.1","tr|A0ABR0T6N1|A0ABR0T6N1_AURPU",100,301,1.56e-224,609,"A0ABR0T6N1"
"KAK6000185.1","tr|A0ABR0T869|A0ABR0T869_AURPU",100,301,2.21e-224,609,"A0ABR0T869"
"KAK6001453.1","tr|A0ABR0TAJ1|A0ABR0TAJ1_AURPU",100,299,1.33e-224,609,"A0ABR0TAJ1"
"KAK6003351.1","tr|A0ABR0THG4|A0ABR0THG4_AURPU",100,288,5.65e-225,609,"A0ABR0THG4"
"KAK6006769.1","tr|A0ABR0TQQ9|A0ABR0TQQ9_AURPU",100,307,3.53e-224,609,"A0ABR0TQQ9"
"CAD0056596.1","tr|A0ABR0TUW0|A0ABR0TUW0_AURPU",83.3,371,9.52999999999999e-223,609,"A0ABR0TUW0"
"CAR4708110.1","tr|A0ABR0TWE8|A0ABR0TWE8_AURPU",93.4,333,8.37e-223,609,"A0ABR0TWE8"
"CAR1018114.1","tr|A0ABR0T8T5|A0ABR0T8T5_AURPU",81.4,447,6.83e-219,609,"A0ABR0T8T5"
"THZ27445.1","tr|A0ABR0TSR7|A0ABR0TSR7_AURPU",93.6,313,3.13e-223,608,"A0ABR0TSR7"
"KAK6000279.1","tr|A0ABR0T7R7|A0ABR0T7R7_AURPU",100,310,1.28e-223,608,"A0ABR0T7R7"
"KAK6001651.1","tr|A0ABR0TB31|A0ABR0TB31_AURPU",100,298,5.02e-224,608,"A0ABR0TB31"
"KAK6002845.1","tr|A0ABR0TFV8|A0ABR0TFV8_AURPU",100,301,4.46e-224,608,"A0ABR0TFV8"
"KAK6003094.1","tr|A0ABR0TF91|A0ABR0TF91_AURPU",100,358,2.58e-222,608,"A0ABR0TF91"
"KAK6003969.1","tr|A0ABR0TI83|A0ABR0TI83_AURPU",100,294,1.82e-224,608,"A0ABR0TI83"
"KAK6004822.1","tr|A0ABR0TKZ7|A0ABR0TKZ7_AURPU",100,316,1.43e-223,608,"A0ABR0TKZ7"
"KAK6007259.1","tr|A0ABR0TS30|A0ABR0TS30_AURPU",100,326,3.11e-223,608,"A0ABR0TS30"
"KAK6008680.1","tr|A0ABR0TXG0|A0ABR0TXG0_AURPU",100,310,1.28e-223,608,"A0ABR0TXG0"
"KEQ88722.1","tr|A0ABR0TGX0|A0ABR0TGX0_AURPU",92.6,336,1.93e-222,607,"A0ABR0TGX0"
"KEQ89352.1","tr|A0ABR0TVT2|A0ABR0TVT2_AURPU",91.3,320,1.34e-221,607,"A0ABR0TVT2"
"THX73097.1","tr|A0ABR0TP57|A0ABR0TP57_AURPU",92.5,320,5.18e-223,607,"A0ABR0TP57"
"THZ93819.1","tr|A0ABR0T8L8|A0ABR0T8L8_AURPU",95,323,3.98e-222,607,"A0ABR0T8L8"
"KAK6001024.1","tr|A0ABR0T9A4|A0ABR0T9A4_AURPU",100,305,1.75e-223,607,"A0ABR0T9A4"
"KAK6001388.1","tr|A0ABR0TAC6|A0ABR0TAC6_AURPU",100,320,5.6e-223,607,"A0ABR0TAC6"
"KAK6003758.1","tr|A0ABR0TH47|A0ABR0TH47_AURPU",100,321,4.26e-223,607,"A0ABR0TH47"
"KAK6006012.1","tr|A0ABR0TNT6|A0ABR0TNT6_AURPU",100,300,8.34e-224,607,"A0ABR0TNT6"
"CAC9889498.1","tr|A0ABR0T626|A0ABR0T626_AURPU",91.5,329,1.37e-222,607,"A0ABR0T626"
"CAD0045827.1","tr|A0ABR0TAD1|A0ABR0TAD1_AURPU",95.1,324,5.9e-221,607,"A0ABR0TAD1"
"KAK5999955.1","tr|A0ABR0T689|A0ABR0T689_AURPU",100,307,5.85e-223,606,"A0ABR0T689"
"KAK6000062.1","tr|A0ABR0T6K8|A0ABR0T6K8_AURPU",100,311,7.99e-223,606,"A0ABR0T6K8"
"KAK6002541.1","tr|A0ABR0TF26|A0ABR0TF26_AURPU",100,298,2.04e-223,606,"A0ABR0TF26"
"KAK6006236.1","tr|A0ABR0TQ54|A0ABR0TQ54_AURPU",100,290,1.56e-223,606,"A0ABR0TQ54"
"THV77763.1","tr|A0ABR0TG52|A0ABR0TG52_AURPU",96.3,298,1.17e-222,605,"A0ABR0TG52"
"KAK6000910.1","tr|A0ABR0TA66|A0ABR0TA66_AURPU",100,308,8.99e-223,605,"A0ABR0TA66"
"KAK6004463.1","tr|A0ABR0TJ58|A0ABR0TJ58_AURPU",100,361,5.37e-221,605,"A0ABR0TJ58"
"KAK6004787.1","tr|A0ABR0TK44|A0ABR0TK44_AURPU",100,296,3.53e-223,605,"A0ABR0TK44"
"CAC9893588.1","tr|A0ABR0TT08|A0ABR0TT08_AURPU",90.1,487,3.25e-217,605,"A0ABR0TT08"
"CAR0999718.1","tr|A0ABR0TLJ3|A0ABR0TLJ3_AURPU",87.5,353,1.31e-220,605,"A0ABR0TLJ3"
"KEQ84094.1","tr|A0ABR0T6A4|A0ABR0T6A4_AURPU",90.8,325,1.37e-221,604,"A0ABR0T6A4"
"KEQ84964.1","tr|A0ABR0TG18|A0ABR0TG18_AURPU",97.2,290,3.57e-222,604,"A0ABR0TG18"
"THV75071.1","tr|A0ABR0TBT5|A0ABR0TBT5_AURPU",95.1,306,2.27e-220,604,"A0ABR0TBT5"
"THX90874.1","tr|A0ABR0TAF5|A0ABR0TAF5_AURPU",95.2,333,9.5e-221,604,"A0ABR0TAF5"
"THZ60849.1","tr|A0ABR0TQC4|A0ABR0TQC4_AURPU",98.3,292,1.83e-221,604,"A0ABR0TQC4"
"KAK5999577.1","tr|A0ABR0T5G6|A0ABR0T5G6_AURPU",100,319,8.59e-222,604,"A0ABR0T5G6"
"KAK6000965.1","tr|A0ABR0TAG4|A0ABR0TAG4_AURPU",100,392,2.32e-219,604,"A0ABR0TAG4"
"KAK6001069.1","tr|A0ABR0T9E6|A0ABR0T9E6_AURPU",100,292,1.05e-222,604,"A0ABR0T9E6"
"KAK6002687.1","tr|A0ABR0TE07|A0ABR0TE07_AURPU",100,308,3.66e-222,604,"A0ABR0TE07"
"KAK6003595.1","tr|A0ABR0TI06|A0ABR0TI06_AURPU",100,378,8e-220,604,"A0ABR0TI06"
"KAK6004597.1","tr|A0ABR0TKC6|A0ABR0TKC6_AURPU",100,293,1.14e-222,604,"A0ABR0TKC6"
"KAK6005023.1","tr|A0ABR0TKP8|A0ABR0TKP8_AURPU",100,304,2.68e-222,604,"A0ABR0TKP8"
"KAK6005170.1","tr|A0ABR0TMM3|A0ABR0TMM3_AURPU",100,320,9.28e-222,604,"A0ABR0TMM3"
"CAD0050217.1","tr|A0ABR0TPE6|A0ABR0TPE6_AURPU",82.7,404,1.94e-219,604,"A0ABR0TPE6"
"THW59253.1","tr|A0ABR0TT67|A0ABR0TT67_AURPU",94.7,322,7.5e-219,603,"A0ABR0TT67"
"KAK5999521.1","tr|A0ABR0T516|A0ABR0T516_AURPU",100,308,7.38e-222,603,"A0ABR0T516"
"KAK6001115.1","tr|A0ABR0TAX8|A0ABR0TAX8_AURPU",100,337,6.97e-221,603,"A0ABR0TAX8"
"KAK6001920.1","tr|A0ABR0TBV7|A0ABR0TBV7_AURPU",100,296,2.9e-222,603,"A0ABR0TBV7"
"KAK6002443.1","tr|A0ABR0TDC3|A0ABR0TDC3_AURPU",100,304,7.68e-222,603,"A0ABR0TDC3"
"KAK6004099.1","tr|A0ABR0TI26|A0ABR0TI26_AURPU",100,367,9.9e-220,603,"A0ABR0TI26"
"KAK6008175.1","tr|A0ABR0TUQ6|A0ABR0TUQ6_AURPU",100,293,3.26e-222,603,"A0ABR0TUQ6"
"CAD0014549.1","tr|A0ABR0TP60|A0ABR0TP60_AURPU",90.5,349,1.28e-220,603,"A0ABR0TP60"
"THW59923.1","tr|A0ABR0TKV0|A0ABR0TKV0_AURPU",96,321,9.87e-221,602,"A0ABR0TKV0"
"THX30834.1","tr|A0ABR0THS9|A0ABR0THS9_AURPU",94.4,337,5.6e-220,602,"A0ABR0THS9"
"THX52589.1","tr|A0ABR0TSK4|A0ABR0TSK4_AURPU",92.1,331,5.96e-220,602,"A0ABR0TSK4"
"THX60313.1","tr|A0ABR0TEK1|A0ABR0TEK1_AURPU",93.7,315,1.73e-220,602,"A0ABR0TEK1"
"THY54424.1","tr|A0ABR0TF46|A0ABR0TF46_AURPU",92.7,316,1.86e-220,602,"A0ABR0TF46"
"KAK5999677.1","tr|A0ABR0T6E2|A0ABR0T6E2_AURPU",100,332,1.93e-220,602,"A0ABR0T6E2"
"KAK6000976.1","tr|A0ABR0T963|A0ABR0T963_AURPU",100,294,5.01e-222,602,"A0ABR0T963"
"KAK6001394.1","tr|A0ABR0TAI5|A0ABR0TAI5_AURPU",100,382,3.58e-218,602,"A0ABR0TAI5"
"KAK6001939.1","tr|A0ABR0TBW3|A0ABR0TBW3_AURPU",100,294,5.01e-222,602,"A0ABR0TBW3"
"KAK6003770.1","tr|A0ABR0TIM8|A0ABR0TIM8_AURPU",100,327,6.49e-221,602,"A0ABR0TIM8"
"CAD0045728.1","tr|A0ABR0TBE6|A0ABR0TBE6_AURPU",88.5,330,5.96e-221,602,"A0ABR0TBE6"
"KEQ82107.1","tr|A0ABR0TJ55|A0ABR0TJ55_AURPU",92.5,320,1.87e-220,601,"A0ABR0TJ55"
"THY60134.1","tr|A0ABR0TFS2|A0ABR0TFS2_AURPU",90.5,348,6.24e-219,601,"A0ABR0TFS2"
"THZ87766.1","tr|A0ABR0TNS3|A0ABR0TNS3_AURPU",92.1,329,2.54e-219,601,"A0ABR0TNS3"
"KAK6000855.1","tr|A0ABR0T8T9|A0ABR0T8T9_AURPU",100,305,3.38e-221,601,"A0ABR0T8T9"
"KAK6001257.1","tr|A0ABR0TAF0|A0ABR0TAF0_AURPU",100,316,1.13e-220,601,"A0ABR0TAF0"
"KAK6001751.1","tr|A0ABR0TCL2|A0ABR0TCL2_AURPU",100,291,1.62e-221,601,"A0ABR0TCL2"
"KAK6002492.1","tr|A0ABR0TDI6|A0ABR0TDI6_AURPU",100,292,1.75e-221,601,"A0ABR0TDI6"
"KAK6005541.1","tr|A0ABR0TNP5|A0ABR0TNP5_AURPU",100,302,3.8e-221,601,"A0ABR0TNP5"
"KEQ87626.1","tr|A0ABR0TUQ0|A0ABR0TUQ0_AURPU",95.4,306,1.05e-220,600,"A0ABR0TUQ0"
"THV77836.1","tr|A0ABR0TS28|A0ABR0TS28_AURPU",95.7,328,2.34e-219,600,"A0ABR0TS28"
"THV81435.1","tr|A0ABR0T7N9|A0ABR0T7N9_AURPU",98.1,309,2.87e-220,600,"A0ABR0T7N9"
"THY23815.1","tr|A0ABR0TSM2|A0ABR0TSM2_AURPU",91.4,362,7.66e-219,600,"A0ABR0TSM2"
"THY34177.1","tr|A0ABR0TE84|A0ABR0TE84_AURPU",86.1,380,1.27e-218,600,"A0ABR0TE84"
"TIA03019.1","tr|A0ABR0T5W0|A0ABR0T5W0_AURPU",94.9,313,9.84e-218,600,"A0ABR0T5W0"
"KAK6002080.1","tr|A0ABR0TDP4|A0ABR0TDP4_AURPU",100,302,1.09e-220,600,"A0ABR0TDP4"
"KAK6002197.1","tr|A0ABR0TDH1|A0ABR0TDH1_AURPU",100,360,6.75e-219,600,"A0ABR0TDH1"
"KAK6007419.1","tr|A0ABR0TT73|A0ABR0TT73_AURPU",100,797,1.88e-205,600,"A0ABR0TT73"
"KAK6007763.1","tr|A0ABR0TTK9|A0ABR0TTK9_AURPU",100,315,1.48e-220,600,"A0ABR0TTK9"
"KAK6008652.1","tr|A0ABR0TWG2|A0ABR0TWG2_AURPU",100,304,8.97e-221,600,"A0ABR0TWG2"
"CAC9895538.1","tr|A0ABR0TE13|A0ABR0TE13_AURPU",93.9,312,1.62e-220,600,"A0ABR0TE13"
"CAD0010376.1","tr|A0ABR0TRN3|A0ABR0TRN3_AURPU",97.1,314,3.52e-220,600,"A0ABR0TRN3"
"CAD0030397.1","tr|A0ABR0T8A9|A0ABR0T8A9_AURPU",89,335,5.67e-220,600,"A0ABR0T8A9"
"CAD0030466.1","tr|A0ABR0T8I6|A0ABR0T8I6_AURPU",81,401,9.22e-218,600,"A0ABR0T8I6"
"OBW69050.1","tr|A0ABR0TM32|A0ABR0TM32_AURPU",94.9,487,1.85e-206,599,"A0ABR0TM32"
"THW43171.1","tr|A0ABR0TJQ3|A0ABR0TJQ3_AURPU",86.9,352,1.96e-218,599,"A0ABR0TJQ3"
"THZ35186.1","tr|A0ABR0TQ75|A0ABR0TQ75_AURPU",91.6,346,3.1e-218,599,"A0ABR0TQ75"
"KAK6000159.1","tr|A0ABR0T7E0|A0ABR0T7E0_AURPU",100,287,4.82e-221,599,"A0ABR0T7E0"
"KAK6002761.1","tr|A0ABR0TEB7|A0ABR0TEB7_AURPU",100,308,2.47e-220,599,"A0ABR0TEB7"
"KAK6003657.1","tr|A0ABR0TH38|A0ABR0TH38_AURPU",100,306,2.11e-220,599,"A0ABR0TH38"
"KAK6007505.1","tr|A0ABR0TUI2|A0ABR0TUI2_AURPU",100,313,5.17e-220,599,"A0ABR0TUI2"
"CAR1041217.1","tr|A0ABR0TEW8|A0ABR0TEW8_AURPU",86.5,342,1.42e-218,599,"A0ABR0TEW8"
"KAK6004107.1","tr|A0ABR0TID4|A0ABR0TID4_AURPU",100,327,4.38e-219,598,"A0ABR0TID4"
"KAK6005331.1","tr|A0ABR0TN44|A0ABR0TN44_AURPU",100,322,2.09e-219,598,"A0ABR0TN44"
"KAK6005676.1","tr|A0ABR0TP42|A0ABR0TP42_AURPU",100,315,8.58e-220,598,"A0ABR0TP42"
"KAK6005905.1","tr|A0ABR0TPN9|A0ABR0TPN9_AURPU",100,301,2.89e-220,598,"A0ABR0TPN9"
"KEQ86367.1","tr|A0ABR0TIV6|A0ABR0TIV6_AURPU",97.3,301,8.29e-220,597,"A0ABR0TIV6"
"THW25757.1","tr|A0ABR0TVD2|A0ABR0TVD2_AURPU",99,311,6.78e-219,597,"A0ABR0TVD2"
"THW89758.1","tr|A0ABR0TAR3|A0ABR0TAR3_AURPU",93.8,321,1.69e-218,597,"A0ABR0TAR3"
"THX79808.1","tr|A0ABR0TDZ6|A0ABR0TDZ6_AURPU",91.2,340,8.69e-219,597,"A0ABR0TDZ6"
"THZ07198.1","tr|A0ABR0TU93|A0ABR0TU93_AURPU",95.7,303,1.3e-219,597,"A0ABR0TU93"
"KAK6001253.1","tr|A0ABR0TA06|A0ABR0TA06_AURPU",100,305,1.61e-219,597,"A0ABR0TA06"
"KAK6001676.1","tr|A0ABR0TCD9|A0ABR0TCD9_AURPU",100,304,1.49e-219,597,"A0ABR0TCD9"
"KAK6002259.1","tr|A0ABR0TDC8|A0ABR0TDC8_AURPU",100,329,1.46e-218,597,"A0ABR0TDC8"
"KAK6002310.1","tr|A0ABR0TCZ8|A0ABR0TCZ8_AURPU",100,295,7.38e-220,597,"A0ABR0TCZ8"
"KAK6002642.1","tr|A0ABR0TDW3|A0ABR0TDW3_AURPU",100,301,8.29e-220,597,"A0ABR0TDW3"
"KAK6006919.1","tr|A0ABR0TR68|A0ABR0TR68_AURPU",100,309,2.19e-219,597,"A0ABR0TR68"
"KAK6007428.1","tr|A0ABR0TSJ6|A0ABR0TSJ6_AURPU",100,443,4.14e-215,597,"A0ABR0TSJ6"
"CAC9890917.1","tr|A0ABR0TNG5|A0ABR0TNG5_AURPU",90.3,330,5.71e-219,597,"A0ABR0TNG5"
"THV81581.1","tr|A0ABR0TIK0|A0ABR0TIK0_AURPU",97.4,302,3.65e-219,596,"A0ABR0TIK0"
"TIA52921.1","tr|A0ABR0TJE6|A0ABR0TJE6_AURPU",99.7,330,4.8e-218,596,"A0ABR0TJE6"
"KAK6001183.1","tr|A0ABR0T9S6|A0ABR0T9S6_AURPU",100,321,1.12e-218,596,"A0ABR0T9S6"
"KAK6001227.1","tr|A0ABR0TAB6|A0ABR0TAB6_AURPU",100,292,1.68e-219,596,"A0ABR0TAB6"
"KAK6001458.1","tr|A0ABR0TAJ2|A0ABR0TAJ2_AURPU",100,294,1.96e-219,596,"A0ABR0TAJ2"
"KAK6003236.1","tr|A0ABR0TGS6|A0ABR0TGS6_AURPU",100,294,1.38e-219,596,"A0ABR0TGS6"
"KAK6004191.1","tr|A0ABR0TJY8|A0ABR0TJY8_AURPU",100,301,2.38e-219,596,"A0ABR0TJY8"
"KAK6004387.1","tr|A0ABR0TJS9|A0ABR0TJS9_AURPU",100,296,1.61e-219,596,"A0ABR0TJS9"
"KAK6005078.1","tr|A0ABR0TKW8|A0ABR0TKW8_AURPU",100,358,1.93e-217,596,"A0ABR0TKW8"
"THW00553.1","tr|A0ABR0TQK3|A0ABR0TQK3_AURPU",89.6,336,1.36e-217,595,"A0ABR0TQK3"
"THW90643.1","tr|A0ABR0TR05|A0ABR0TR05_AURPU",92.6,340,9.14e-218,595,"A0ABR0TR05"
"THX68004.1","tr|A0ABR0TMN2|A0ABR0TMN2_AURPU",95.4,303,1.41e-217,595,"A0ABR0TMN2"
"THZ83162.1","tr|A0ABR0TEI6|A0ABR0TEI6_AURPU",93.5,307,3.07e-217,595,"A0ABR0TEI6"
"THZ55220.1","tr|A0ABR0TDQ8|A0ABR0TDQ8_AURPU",88.6,368,2.31e-216,595,"A0ABR0TDQ8"
"KAK5999839.1","tr|A0ABR0T5X2|A0ABR0T5X2_AURPU",100,320,4.22e-218,595,"A0ABR0T5X2"
"KAK5999865.1","tr|A0ABR0T609|A0ABR0T609_AURPU",100,310,9.65e-219,595,"A0ABR0T609"
"KAK6000548.1","tr|A0ABR0T7Z5|A0ABR0T7Z5_AURPU",100,317,2.36e-218,595,"A0ABR0T7Z5"
"KAK6001861.1","tr|A0ABR0TBP4|A0ABR0TBP4_AURPU",100,294,2.78e-219,595,"A0ABR0TBP4"
"KAK6002888.1","tr|A0ABR0TEN7|A0ABR0TEN7_AURPU",100,306,1.43e-218,595,"A0ABR0TEN7"
"KAK6003060.1","tr|A0ABR0TF55|A0ABR0TF55_AURPU",100,300,8.95e-219,595,"A0ABR0TF55"
"KAK6004017.1","tr|A0ABR0TI44|A0ABR0TI44_AURPU",100,294,5.61e-219,595,"A0ABR0TI44"
"KAK6004914.1","tr|A0ABR0TKZ1|A0ABR0TKZ1_AURPU",100,293,5.19e-219,595,"A0ABR0TKZ1"
"KAK6005163.1","tr|A0ABR0TL40|A0ABR0TL40_AURPU",100,283,1.68e-219,595,"A0ABR0TL40"
"KAK6005178.1","tr|A0ABR0TL57|A0ABR0TL57_AURPU",100,339,1.29e-217,595,"A0ABR0TL57"
"KAK6005985.1","tr|A0ABR0TNH3|A0ABR0TNH3_AURPU",100,473,3.12e-213,595,"A0ABR0TNH3"
"KAK6006361.1","tr|A0ABR0TPL7|A0ABR0TPL7_AURPU",100,314,1.32e-218,595,"A0ABR0TPL7"
"KAK6006652.1","tr|A0ABR0TRD1|A0ABR0TRD1_AURPU",100,300,4.44e-219,595,"A0ABR0TRD1"
"KAK6007035.1","tr|A0ABR0TRF6|A0ABR0TRF6_AURPU",100,297,4.99e-219,595,"A0ABR0TRF6"
"KAK6008387.1","tr|A0ABR0TVH4|A0ABR0TVH4_AURPU",100,313,1.22e-218,595,"A0ABR0TVH4"
"CAD0013444.1","tr|A0ABR0TH71|A0ABR0TH71_AURPU",79.3,368,1.75e-217,595,"A0ABR0TH71"
"CAD0023635.1","tr|A0ABR0TVP0|A0ABR0TVP0_AURPU",93.7,332,6.66e-218,595,"A0ABR0TVP0"
"CAD0040174.1","tr|A0ABR0TSX9|A0ABR0TSX9_AURPU",86.8,364,3.23e-217,595,"A0ABR0TSX9"
"THW83129.1","tr|A0ABR0TEF8|A0ABR0TEF8_AURPU",90.6,329,1.98e-210,594,"A0ABR0TEF8"
"THY37144.1","tr|A0ABR0TKR7|A0ABR0TKR7_AURPU",93.9,313,2.79e-216,594,"A0ABR0TKR7"
"KAK6004654.1","tr|A0ABR0TJL9|A0ABR0TJL9_AURPU",100,341,3.03e-217,594,"A0ABR0TJL9"
"KAK6005588.1","tr|A0ABR0TMB5|A0ABR0TMB5_AURPU",100,315,4.07e-218,594,"A0ABR0TMB5"
"KAK6005813.1","tr|A0ABR0TN02|A0ABR0TN02_AURPU",100,309,3.63e-218,594,"A0ABR0TN02"
"THY06643.1","tr|A0ABR0TGX8|A0ABR0TGX8_AURPU",95,300,8.35e-217,593,"A0ABR0TGX8"
"KAK6002023.1","tr|A0ABR0TC45|A0ABR0TC45_AURPU",100,297,2.03e-218,593,"A0ABR0TC45"
"KAK6002593.1","tr|A0ABR0TDT0|A0ABR0TDT0_AURPU",100,320,1.21e-217,593,"A0ABR0TDT0"
"KAK6003492.1","tr|A0ABR0TGL8|A0ABR0TGL8_AURPU",100,342,6.59e-217,593,"A0ABR0TGL8"
"KAK6004164.1","tr|A0ABR0TIS5|A0ABR0TIS5_AURPU",100,290,1.18e-218,593,"A0ABR0TIS5"
"KAK6005395.1","tr|A0ABR0TN81|A0ABR0TN81_AURPU",100,278,9.33e-219,593,"A0ABR0TN81"
"KAK6006720.1","tr|A0ABR0TQK2|A0ABR0TQK2_AURPU",100,324,2.34e-217,593,"A0ABR0TQK2"
"CAD0042546.1","tr|A0ABR0TWF1|A0ABR0TWF1_AURPU",93.6,328,2.96e-217,593,"A0ABR0TWF1"
"KEQ86080.1","tr|A0ABR0T661|A0ABR0T661_AURPU",90.6,331,1.11e-216,592,"A0ABR0T661"
"KEQ86757.1","tr|A0ABR0TKJ0|A0ABR0TKJ0_AURPU",88.9,370,1.33e-215,592,"A0ABR0TKJ0"
"THV94427.1","tr|A0ABR0TAL9|A0ABR0TAL9_AURPU",98.6,288,1.03e-217,592,"A0ABR0TAL9"
"THY36455.1","tr|A0ABR0TUW1|A0ABR0TUW1_AURPU",90.7,344,1.1e-209,592,"A0ABR0TUW1"
"KAK5999418.1","tr|A0ABR0T4Q0|A0ABR0T4Q0_AURPU",100,290,3.38e-218,592,"A0ABR0T4Q0"
"KAK5999734.1","tr|A0ABR0T5M9|A0ABR0T5M9_AURPU",100,294,4.61e-218,592,"A0ABR0T5M9"
"KAK6004969.1","tr|A0ABR0TKI6|A0ABR0TKI6_AURPU",100,287,3.8e-218,592,"A0ABR0TKI6"
"KAK6005359.1","tr|A0ABR0TLN1|A0ABR0TLN1_AURPU",100,300,1.05e-217,592,"A0ABR0TLN1"
"KAK6005561.1","tr|A0ABR0TN80|A0ABR0TN80_AURPU",100,289,6.31e-218,592,"A0ABR0TN80"
"KAK6005938.1","tr|A0ABR0TNC5|A0ABR0TNC5_AURPU",100,288,2.89e-218,592,"A0ABR0TNC5"
"KAK6007562.1","tr|A0ABR0TT16|A0ABR0TT16_AURPU",100,340,2.3e-216,592,"A0ABR0TT16"
"KAK6007578.1","tr|A0ABR0TT02|A0ABR0TT02_AURPU",100,288,2.89e-218,592,"A0ABR0TT02"
"OBW69017.1","tr|A0ABR0TCQ9|A0ABR0TCQ9_AURPU",94.2,309,2.91e-215,591,"A0ABR0TCQ9"
"THZ53982.1","tr|A0ABR0T7M7|A0ABR0T7M7_AURPU",97,303,9.63999999999999e-217,591,"A0ABR0T7M7"
"KAK5999656.1","tr|A0ABR0T5E6|A0ABR0T5E6_AURPU",100,299,1.95e-217,591,"A0ABR0T5E6"
"CAD0019564.1","tr|A0ABR0TV18|A0ABR0TV18_AURPU",83.6,385,7.87e-215,591,"A0ABR0TV18"
"OBW68003.1","tr|A0ABR0TIQ8|A0ABR0TIQ8_AURPU",97.2,290,4.33e-208,590,"A0ABR0TIQ8"
"KAK6001094.1","tr|A0ABR0T9N0|A0ABR0T9N0_AURPU",100,290,1.96e-217,590,"A0ABR0T9N0"
"KAK6002556.1","tr|A0ABR0TF40|A0ABR0TF40_AURPU",100,301,9.27999999999999e-217,590,"A0ABR0TF40"
"KAK6004301.1","tr|A0ABR0TJP8|A0ABR0TJP8_AURPU",100,301,6.53e-217,590,"A0ABR0TJP8"
"KAK6004842.1","tr|A0ABR0TKH4|A0ABR0TKH4_AURPU",100,306,9.62999999999999e-217,590,"A0ABR0TKH4"
"KAK6005290.1","tr|A0ABR0TMX8|A0ABR0TMX8_AURPU",100,301,6.53e-217,590,"A0ABR0TMX8"
"KAK6008667.1","tr|A0ABR0TWH6|A0ABR0TWH6_AURPU",100,310,9.24e-217,590,"A0ABR0TWH6"
"THX93750.1","tr|A0ABR0TFC0|A0ABR0TFC0_AURPU",93.3,344,2.81e-215,589,"A0ABR0TFC0"
"THY36799.1","tr|A0ABR0TUL9|A0ABR0TUL9_AURPU",90.9,318,1.77e-215,589,"A0ABR0TUL9"
"KAK6003693.1","tr|A0ABR0TGX2|A0ABR0TGX2_AURPU",100,328,1.51e-215,589,"A0ABR0TGX2"
"KAK6006677.1","tr|A0ABR0TQE7|A0ABR0TQE7_AURPU",100,296,1.27e-216,589,"A0ABR0TQE7"
"KAK6008231.1","tr|A0ABR0TVM3|A0ABR0TVM3_AURPU",100,297,9.66e-217,589,"A0ABR0TVM3"
"THW20995.1","tr|A0ABR0TB48|A0ABR0TB48_AURPU",90.6,341,6.08e-215,588,"A0ABR0TB48"
"KAK6002054.1","tr|A0ABR0TCC3|A0ABR0TCC3_AURPU",100,289,1.49e-216,588,"A0ABR0TCC3"
"KAK6003079.1","tr|A0ABR0TF75|A0ABR0TF75_AURPU",100,280,5.19e-217,588,"A0ABR0TF75"
"KAK6003335.1","tr|A0ABR0THE0|A0ABR0THE0_AURPU",100,289,1.05e-216,588,"A0ABR0THE0"
"KAK6004617.1","tr|A0ABR0TJV4|A0ABR0TJV4_AURPU",100,379,2.14e-213,588,"A0ABR0TJV4"
"KAK6005093.1","tr|A0ABR0TKY3|A0ABR0TKY3_AURPU",100,342,1.27e-214,588,"A0ABR0TKY3"
"KAK6005440.1","tr|A0ABR0TNC3|A0ABR0TNC3_AURPU",100,402,1.61e-207,588,"A0ABR0TNC3"
"KAK6005781.1","tr|A0ABR0TPG7|A0ABR0TPG7_AURPU",100,291,2.47e-216,588,"A0ABR0TPG7"
"KAK6006768.1","tr|A0ABR0TQN5|A0ABR0TQN5_AURPU",100,351,1.78e-214,588,"A0ABR0TQN5"
"CAD0042154.1","tr|A0ABR0TV49|A0ABR0TV49_AURPU",95.5,333,7.12e-215,588,"A0ABR0TV49"
"KEQ82777.1","tr|A0ABR0TSA5|A0ABR0TSA5_AURPU",94.8,291,3.51e-216,587,"A0ABR0TSA5"
"TIA43680.1","tr|A0ABR0TH37|A0ABR0TH37_AURPU",98.7,305,2.22e-214,587,"A0ABR0TH37"
"KAK5999368.1","tr|A0ABR0T4G2|A0ABR0T4G2_AURPU",100,289,3e-216,587,"A0ABR0T4G2"
"KAK5999764.1","tr|A0ABR0T5Q2|A0ABR0T5Q2_AURPU",100,289,4.26e-216,587,"A0ABR0T5Q2"
"KAK6001224.1","tr|A0ABR0TAH2|A0ABR0TAH2_AURPU",100,297,5.59e-216,587,"A0ABR0TAH2"
"KAK6002998.1","tr|A0ABR0TEZ6|A0ABR0TEZ6_AURPU",100,299,9.27e-216,587,"A0ABR0TEZ6"
"KAK6003178.1","tr|A0ABR0TFH1|A0ABR0TFH1_AURPU",100,332,8.37e-215,587,"A0ABR0TFH1"
"KAK6003215.1","tr|A0ABR0TH19|A0ABR0TH19_AURPU",100,308,1.86e-215,587,"A0ABR0TH19"
"KAK6004403.1","tr|A0ABR0TIZ6|A0ABR0TIZ6_AURPU",100,291,7.07e-216,587,"A0ABR0TIZ6"
"KAK6004594.1","tr|A0ABR0TJG2|A0ABR0TJG2_AURPU",100,285,2.2e-216,587,"A0ABR0TJG2"
"KEQ89185.1","tr|A0ABR0TWY8|A0ABR0TWY8_AURPU",92.6,323,1.2e-214,586,"A0ABR0TWY8"
"THW23954.1","tr|A0ABR0THR7|A0ABR0THR7_AURPU",90.5,316,1.01e-214,586,"A0ABR0THR7"
"THZ22927.1","tr|A0ABR0T8D5|A0ABR0T8D5_AURPU",94.6,315,1.6e-213,586,"A0ABR0T8D5"
"KAK5999757.1","tr|A0ABR0T620|A0ABR0T620_AURPU",100,323,1.7e-214,586,"A0ABR0T620"
"KAK6004468.1","tr|A0ABR0TJ46|A0ABR0TJ46_AURPU",100,309,3.97e-214,586,"A0ABR0TJ46"
"KAK6004956.1","tr|A0ABR0TM31|A0ABR0TM31_AURPU",100,334,3.97e-214,586,"A0ABR0TM31"
"KEQ81013.1","tr|A0ABR0TN05|A0ABR0TN05_AURPU",91.4,315,2.63e-214,585,"A0ABR0TN05"
"THW31708.1","tr|A0ABR0THE7|A0ABR0THE7_AURPU",82.8,472,2.54e-209,585,"A0ABR0THE7"
"KAK6000006.1","tr|A0ABR0T7V1|A0ABR0T7V1_AURPU",100,290,1.88e-215,585,"A0ABR0T7V1"
"KAK6000860.1","tr|A0ABR0TA49|A0ABR0TA49_AURPU",100,284,2.37e-215,585,"A0ABR0TA49"
"KAK6001490.1","tr|A0ABR0TC24|A0ABR0TC24_AURPU",100,353,3.44e-213,585,"A0ABR0TC24"
"KAK6003292.1","tr|A0ABR0TGP5|A0ABR0TGP5_AURPU",100,428,6.99e-211,585,"A0ABR0TGP5"
"KAK6004173.1","tr|A0ABR0TIB1|A0ABR0TIB1_AURPU",100,301,8.9e-215,585,"A0ABR0TIB1"
"KAK6004319.1","tr|A0ABR0TIU7|A0ABR0TIU7_AURPU",100,300,5.8e-215,585,"A0ABR0TIU7"
"KAK6004455.1","tr|A0ABR0TJ27|A0ABR0TJ27_AURPU",100,295,2.77e-215,585,"A0ABR0TJ27"
"KAK6004679.1","tr|A0ABR0TJU8|A0ABR0TJU8_AURPU",100,307,1.42e-214,585,"A0ABR0TJU8"
"KAK6004933.1","tr|A0ABR0TKF2|A0ABR0TKF2_AURPU",100,308,7.59e-215,585,"A0ABR0TKF2"
"KAK6005842.1","tr|A0ABR0TNX3|A0ABR0TNX3_AURPU",100,296,6.04e-215,585,"A0ABR0TNX3"
"KAK6005972.1","tr|A0ABR0TNH5|A0ABR0TNH5_AURPU",100,293,3.37e-215,585,"A0ABR0TNH5"
"KAK6008603.1","tr|A0ABR0TW16|A0ABR0TW16_AURPU",100,307,7.02e-215,585,"A0ABR0TW16"
"CAD0027959.1","tr|A0ABR0T9L0|A0ABR0T9L0_AURPU",87.7,326,9.72e-215,585,"A0ABR0T9L0"
"CAD0053253.1","tr|A0ABR0TNU7|A0ABR0TNU7_AURPU",82.9,368,5.37e-213,585,"A0ABR0TNU7"
"THV97015.1","tr|A0ABR0TV07|A0ABR0TV07_AURPU",95.3,296,2.61e-214,584,"A0ABR0TV07"
"THW87478.1","tr|A0ABR0TJY9|A0ABR0TJY9_AURPU",93.1,304,5.76e-214,584,"A0ABR0TJY9"
"KAK6004124.1","tr|A0ABR0TI85|A0ABR0TI85_AURPU",100,291,8.26e-215,584,"A0ABR0TI85"
"KAK6006069.1","tr|A0ABR0TP86|A0ABR0TP86_AURPU",100,292,6.28e-215,584,"A0ABR0TP86"
"KAK6008301.1","tr|A0ABR0TWL9|A0ABR0TWL9_AURPU",100,305,2.45e-214,584,"A0ABR0TWL9"
"CAC9890792.1","tr|A0ABR0TM33|A0ABR0TM33_AURPU",92.7,317,2.89e-214,584,"A0ABR0TM33"
"OBW68514.1","tr|A0ABR0TCB1|A0ABR0TCB1_AURPU",97.7,310,8.14e-212,583,"A0ABR0TCB1"
"THV76603.1","tr|A0ABR0T9U4|A0ABR0T9U4_AURPU",97.1,314,4.01e-213,583,"A0ABR0T9U4"
"THW92569.1","tr|A0ABR0T7R3|A0ABR0T7R3_AURPU",93.4,287,2.36e-214,583,"A0ABR0T7R3"
"THY30542.1","tr|A0ABR0TVV5|A0ABR0TVV5_AURPU",91,335,3.65e-213,583,"A0ABR0TVV5"
"KAK5999394.1","tr|A0ABR0T5A3|A0ABR0T5A3_AURPU",100,324,2.14e-213,583,"A0ABR0T5A3"
"KAK6000644.1","tr|A0ABR0T8E3|A0ABR0T8E3_AURPU",100,335,7.1e-213,583,"A0ABR0T8E3"
"KAK6005297.1","tr|A0ABR0TLJ8|A0ABR0TLJ8_AURPU",100,309,9.56e-214,583,"A0ABR0TLJ8"
"KAK6005622.1","tr|A0ABR0TMN9|A0ABR0TMN9_AURPU",100,293,2.77e-214,583,"A0ABR0TMN9"
"KAK6007965.1","tr|A0ABR0TU37|A0ABR0TU37_AURPU",100,300,4.76e-214,583,"A0ABR0TU37"
"KAK6008874.1","tr|A0ABR0TX82|A0ABR0TX82_AURPU",100,279,6.55e-215,583,"A0ABR0TX82"
"KEQ80115.1","tr|A0ABR0TM75|A0ABR0TM75_AURPU",95.3,316,2.33e-213,582,"A0ABR0TM75"
"THW27848.1","tr|A0A4S9W8N5|A0A4S9W8N5_AURPU",100,316,2.63e-213,582,"A0A4S9W8N5"
"KAK6000879.1","tr|A0ABR0T9G5|A0ABR0T9G5_AURPU",100,291,6.79e-214,582,"A0ABR0T9G5"
"KAK6003305.1","tr|A0ABR0THA8|A0ABR0THA8_AURPU",100,315,2.16e-213,582,"A0ABR0THA8"
"KAK6005441.1","tr|A0ABR0TMU9|A0ABR0TMU9_AURPU",100,292,5.16e-214,582,"A0ABR0TMU9"
"KAK6006014.1","tr|A0ABR0TNJ6|A0ABR0TNJ6_AURPU",100,278,1.22e-214,582,"A0ABR0TNJ6"
"KAK6008184.1","tr|A0ABR0TVC9|A0ABR0TVC9_AURPU",100,303,1.21e-213,582,"A0ABR0TVC9"
"KAK5999819.1","tr|A0ABR0T654|A0ABR0T654_AURPU",100,314,8.14e-213,581,"A0ABR0T654"
"KAK6000113.1","tr|A0ABR0T6Q9|A0ABR0T6Q9_AURPU",100,312,6.97e-213,581,"A0ABR0T6Q9"
"KAK6001300.1","tr|A0ABR0TBE3|A0ABR0TBE3_AURPU",100,304,2.64e-213,581,"A0ABR0TBE3"
"KAK6002952.1","tr|A0ABR0TF28|A0ABR0TF28_AURPU",100,288,1.08e-213,581,"A0ABR0TF28"
"KAK6003894.1","tr|A0ABR0TI14|A0ABR0TI14_AURPU",100,481,2.34e-207,581,"A0ABR0TI14"
"KAK6005068.1","tr|A0ABR0TKU2|A0ABR0TKU2_AURPU",100,296,1.42e-213,581,"A0ABR0TKU2"
"KAK6005166.1","tr|A0ABR0TMM7|A0ABR0TMM7_AURPU",100,283,7.35e-214,581,"A0ABR0TMM7"
"CAD0022816.1","tr|A0ABR0TDK7|A0ABR0TDK7_AURPU",95.3,301,1.81e-213,581,"A0ABR0TDK7"
"KAK6002372.1","tr|A0ABR0TD55|A0ABR0TD55_AURPU",100,292,4.24e-213,580,"A0ABR0TD55"
"KAK6002585.1","tr|A0ABR0TF83|A0ABR0TF83_AURPU",100,297,3.1e-213,580,"A0ABR0TF83"
"KAK6004269.1","tr|A0ABR0TJ49|A0ABR0TJ49_AURPU",100,310,1.71e-212,580,"A0ABR0TJ49"
"KAK6004499.1","tr|A0ABR0TJC1|A0ABR0TJC1_AURPU",100,298,6.76e-213,580,"A0ABR0TJC1"
"KAK6007034.1","tr|A0ABR0TRF2|A0ABR0TRF2_AURPU",100,283,1.04e-213,580,"A0ABR0TRF2"
"KAK6008102.1","tr|A0ABR0TUN2|A0ABR0TUN2_AURPU",100,282,9.66e-214,580,"A0ABR0TUN2"
"CAR0993300.1","tr|A0ABR0TK50|A0ABR0TK50_AURPU",85.4,410,3.36e-207,580,"A0ABR0TK50"
"KEQ78541.1","tr|A0ABR0TT55|A0ABR0TT55_AURPU",97.7,303,3.39e-212,579,"A0ABR0TT55"
"OBW68158.1","tr|A0ABR0TSC1|A0ABR0TSC1_AURPU",83,358,1.15e-210,579,"A0ABR0TSC1"
"THW15303.1","tr|A0ABR0TC78|A0ABR0TC78_AURPU",93.8,289,3.41e-212,579,"A0ABR0TC78"
"THW89698.1","tr|A0ABR0TPZ4|A0ABR0TPZ4_AURPU",88.4,344,3.16e-209,579,"A0ABR0TPZ4"
"THZ13214.1","tr|A0ABR0TRY7|A0ABR0TRY7_AURPU",96.7,301,1.54e-211,579,"A0ABR0TRY7"
"KAK6004692.1","tr|A0ABR0TK24|A0ABR0TK24_AURPU",100,294,1e-212,579,"A0ABR0TK24"
"KAK6005780.1","tr|A0ABR0TPJ7|A0ABR0TPJ7_AURPU",100,294,7.04e-213,579,"A0ABR0TPJ7"
"KAK6007165.1","tr|A0ABR0TTC9|A0ABR0TTC9_AURPU",100,308,2.96e-212,579,"A0ABR0TTC9"
"THV88297.1","tr|A0ABR0TXJ0|A0ABR0TXJ0_AURPU",97,296,5.12e-212,578,"A0ABR0TXJ0"
"KAK5999354.1","tr|A0ABR0T4T8|A0ABR0T4T8_AURPU",100,291,2.27e-212,578,"A0ABR0T4T8"
"KAK6001051.1","tr|A0ABR0T9D2|A0ABR0T9D2_AURPU",100,292,2.45e-212,578,"A0ABR0T9D2"
"KAK6003497.1","tr|A0ABR0TGD2|A0ABR0TGD2_AURPU",100,291,1.13e-212,578,"A0ABR0TGD2"
"KAK6004561.1","tr|A0ABR0TJD1|A0ABR0TJD1_AURPU",100,327,3.67e-211,578,"A0ABR0TJD1"
"KAK6008303.1","tr|A0ABR0TV62|A0ABR0TV62_AURPU",100,286,7.63e-213,578,"A0ABR0TV62"
"OBW67311.1","tr|A0ABR0TDF7|A0ABR0TDF7_AURPU",95.1,304,1.05e-210,577,"A0ABR0TDF7"
"KAK6000964.1","tr|A0ABR0T952|A0ABR0T952_AURPU",100,289,3.92e-212,577,"A0ABR0T952"
"KAK6001863.1","tr|A0ABR0TBQ1|A0ABR0TBQ1_AURPU",100,291,3.23e-212,577,"A0ABR0TBQ1"
"KAK6002447.1","tr|A0ABR0TDD8|A0ABR0TDD8_AURPU",100,300,1.31e-211,577,"A0ABR0TDD8"
"KAK6004579.1","tr|A0ABR0TJE8|A0ABR0TJE8_AURPU",100,299,1.21e-211,577,"A0ABR0TJE8"
"KAK6005174.1","tr|A0ABR0TL88|A0ABR0TL88_AURPU",100,286,3.11e-212,577,"A0ABR0TL88"
"KAK6005344.1","tr|A0ABR0TLL8|A0ABR0TLL8_AURPU",100,313,1.77e-211,577,"A0ABR0TLL8"
"KAK6008853.1","tr|A0ABR0TWM1|A0ABR0TWM1_AURPU",100,274,8.59e-213,577,"A0ABR0TWM1"
"KAK5999877.1","tr|A0ABR0T6D0|A0ABR0T6D0_AURPU",100,380,8.51e-209,576,"A0ABR0T6D0"
"KAK6005920.1","tr|A0ABR0TPQ4|A0ABR0TPQ4_AURPU",100,281,6.04e-212,576,"A0ABR0TPQ4"
"CAC9895546.1","tr|A0ABR0TET0|A0ABR0TET0_AURPU",90.6,339,1.93e-210,576,"A0ABR0TET0"
"CAD0058797.1","tr|A0ABR0T829|A0ABR0T829_AURPU",93,330,3.71e-210,576,"A0ABR0T829"
"KEQ89440.1","tr|A0ABR0TWD0|A0ABR0TWD0_AURPU",95.5,312,1.35e-210,575,"A0ABR0TWD0"
"KAK5999810.1","tr|A0ABR0T734|A0ABR0T734_AURPU",100,294,4.75e-211,575,"A0ABR0T734"
"KAK5999937.1","tr|A0ABR0T6J7|A0ABR0T6J7_AURPU",100,306,8.48e-211,575,"A0ABR0T6J7"
"KAK6001540.1","tr|A0ABR0TC37|A0ABR0TC37_AURPU",100,278,9.65e-212,575,"A0ABR0TC37"
"KAK6006185.1","tr|A0ABR0TQP5|A0ABR0TQP5_AURPU",100,292,2.02e-211,575,"A0ABR0TQP5"
"KAK6007740.1","tr|A0ABR0TTF7|A0ABR0TTF7_AURPU",100,284,1.08e-211,575,"A0ABR0TTF7"
"KAK6008757.1","tr|A0ABR0TWS4|A0ABR0TWS4_AURPU",100,280,7.93e-212,575,"A0ABR0TWS4"
"CAC9891724.1","tr|A0ABR0TC19|A0ABR0TC19_AURPU",85.7,349,6.63e-210,575,"A0ABR0TC19"
"CAC9893243.1","tr|A0ABR0TU92|A0ABR0TU92_AURPU",90.5,347,1.12e-208,575,"A0ABR0TU92"
"TIA01251.1","tr|A0ABR0T5L9|A0ABR0T5L9_AURPU",91.5,317,5.73e-210,574,"A0ABR0T5L9"
"TIA85581.1","tr|A0ABR0TVK5|A0ABR0TVK5_AURPU",91.1,316,3.5e-210,574,"A0ABR0TVK5"
"KAK5999982.1","tr|A0ABR0T6N8|A0ABR0T6N8_AURPU",100,277,1.8e-211,574,"A0ABR0T6N8"
"KAK6000282.1","tr|A0ABR0T7J2|A0ABR0T7J2_AURPU",100,352,5.85e-209,574,"A0ABR0T7J2"
"KAK6000831.1","tr|A0ABR0TA56|A0ABR0TA56_AURPU",100,277,1.8e-211,574,"A0ABR0TA56"
"KAK6002809.1","tr|A0ABR0TEH4|A0ABR0TEH4_AURPU",100,440,6.21e-206,574,"A0ABR0TEH4"
"KAK6003914.1","tr|A0ABR0THL4|A0ABR0THL4_AURPU",100,322,8.35e-210,574,"A0ABR0THL4"
"KAK6008082.1","tr|A0ABR0TUU3|A0ABR0TUU3_AURPU",100,301,1.16e-210,574,"A0ABR0TUU3"
"KAK5999565.1","tr|A0ABR0T561|A0ABR0T561_AURPU",100,296,1.59e-210,573,"A0ABR0T561"
"KAK6003127.1","tr|A0ABR0TG81|A0ABR0TG81_AURPU",100,295,2.09e-210,573,"A0ABR0TG81"
"KAK6003339.1","tr|A0ABR0TGF2|A0ABR0TGF2_AURPU",100,297,3.47e-210,573,"A0ABR0TGF2"
"KAK6004382.1","tr|A0ABR0TJ04|A0ABR0TJ04_AURPU",100,287,7.91e-211,573,"A0ABR0TJ04"
"KAK6005514.1","tr|A0ABR0TMP1|A0ABR0TMP1_AURPU",100,279,6.03e-211,573,"A0ABR0TMP1"
"KAK6008085.1","tr|A0ABR0TUG0|A0ABR0TUG0_AURPU",100,294,2.75e-210,573,"A0ABR0TUG0"
"KAK5999358.1","tr|A0ABR0T4J9|A0ABR0T4J9_AURPU",100,266,6.28e-211,572,"A0ABR0T4J9"
"KAK5999403.1","tr|A0ABR0T4N5|A0ABR0T4N5_AURPU",100,275,1.8e-210,572,"A0ABR0T4N5"
"KAK6000186.1","tr|A0ABR0T8C5|A0ABR0T8C5_AURPU",100,284,3.63e-210,572,"A0ABR0T8C5"
"KAK6005207.1","tr|A0ABR0TLA6|A0ABR0TLA6_AURPU",100,363,7.81e-208,572,"A0ABR0TLA6"
"KAK6006347.1","tr|A0ABR0TPG8|A0ABR0TPG8_AURPU",100,279,1.22e-210,572,"A0ABR0TPG8"
"KAK6008533.1","tr|A0ABR0TVL7|A0ABR0TVL7_AURPU",100,289,3.76e-210,572,"A0ABR0TVL7"
"CAD0014422.1","tr|A0ABR0TPR7|A0ABR0TPR7_AURPU",94.4,306,1.92e-209,572,"A0ABR0TPR7"
"KEQ89564.1","tr|A0ABR0TW69|A0ABR0TW69_AURPU",95.8,312,6.4e-209,571,"A0ABR0TW69"
"THX71717.1","tr|A0ABR0T6Q2|A0ABR0T6Q2_AURPU",95.4,306,2.73e-209,571,"A0ABR0T6Q2"
"THY31348.1","tr|A0ABR0TGW5|A0ABR0TGW5_AURPU",94.5,328,2.4e-208,571,"A0ABR0TGW5"
"KAK5999472.1","tr|A0ABR0T565|A0ABR0T565_AURPU",100,276,3.93e-210,571,"A0ABR0T565"
"KAK5999683.1","tr|A0ABR0T5E2|A0ABR0T5E2_AURPU",100,291,1.26e-209,571,"A0ABR0T5E2"
"KAK6001600.1","tr|A0ABR0TC90|A0ABR0TC90_AURPU",100,300,1.78e-209,571,"A0ABR0TC90"
"KAK6003519.1","tr|A0ABR0TGY9|A0ABR0TGY9_AURPU",100,294,1.12e-209,571,"A0ABR0TGY9"
"KAK6003671.1","tr|A0ABR0THY6|A0ABR0THY6_AURPU",100,288,9.98e-210,571,"A0ABR0THY6"
"KAK6005066.1","tr|A0ABR0TLV5|A0ABR0TLV5_AURPU",100,294,1.59e-209,571,"A0ABR0TLV5"
"KAK6008146.1","tr|A0ABR0TUH5|A0ABR0TUH5_AURPU",100,289,7.59e-210,571,"A0ABR0TUH5"
"KAK6008168.1","tr|A0ABR0TUS9|A0ABR0TUS9_AURPU",100,295,1.72e-209,571,"A0ABR0TUS9"
"KAK6008181.1","tr|A0ABR0TW95|A0ABR0TW95_AURPU",100,272,2.88e-210,571,"A0ABR0TW95"
"THV81246.1","tr|A0ABR0TK09|A0ABR0TK09_AURPU",96.2,293,5.07e-209,570,"A0ABR0TK09"
"THW03556.1","tr|A0ABR0TA08|A0ABR0TA08_AURPU",97.2,284,7.76e-209,570,"A0ABR0TA08"
"THY48027.1","tr|A0ABR0TWK1|A0ABR0TWK1_AURPU",91,321,1.66e-208,570,"A0ABR0TWK1"
"THZ73162.1","tr|A0ABR0TCD3|A0ABR0TCD3_AURPU",94.2,295,4.72e-208,570,"A0ABR0TCD3"
"KAK5999545.1","tr|A0ABR0T683|A0ABR0T683_AURPU",100,293,4.22e-209,570,"A0ABR0T683"
"KAK6000680.1","tr|A0ABR0T9M5|A0ABR0T9M5_AURPU",100,299,3.33e-209,570,"A0ABR0T9M5"
"KAK6004666.1","tr|A0ABR0TJN4|A0ABR0TJN4_AURPU",100,276,7.92e-210,570,"A0ABR0TJN4"
"KAK6007765.1","tr|A0ABR0TV54|A0ABR0TV54_AURPU",100,294,4.56e-209,570,"A0ABR0TV54"
"KAK6008215.1","tr|A0ABR0TWE6|A0ABR0TWE6_AURPU",100,297,4.05e-209,570,"A0ABR0TWE6"
"KAK6008386.1","tr|A0ABR0TV71|A0ABR0TV71_AURPU",100,280,7.62e-210,570,"A0ABR0TV71"
"KAK5999820.1","tr|A0ABR0T5W6|A0ABR0T5W6_AURPU",100,410,4.45e-205,569,"A0ABR0T5W6"
"KAK6003090.1","tr|A0ABR0TF84|A0ABR0TF84_AURPU",100,294,6.47e-209,569,"A0ABR0TF84"
"KAK6005032.1","tr|A0ABR0TLJ7|A0ABR0TLJ7_AURPU",100,416,6.96e-205,569,"A0ABR0TLJ7"
"KAK6007037.1","tr|A0ABR0TRI2|A0ABR0TRI2_AURPU",100,300,1.03e-208,569,"A0ABR0TRI2"
"CAR0999361.1","tr|A0ABR0TQP8|A0ABR0TQP8_AURPU",98,295,3.47e-208,569,"A0ABR0TQP8"
"KEQ87766.1","tr|A0ABR0TTV1|A0ABR0TTV1_AURPU",98,293,4.09e-208,568,"A0ABR0TTV1"
"OBW67246.1","tr|A0ABR0T685|A0ABR0T685_AURPU",91.7,301,7.2e-205,568,"A0ABR0T685"
"THX70971.1","tr|A0ABR0TRB8|A0ABR0TRB8_AURPU",91.4,313,1.2e-207,568,"A0ABR0TRB8"
"THX84903.1","tr|A0ABR0TJ13|A0ABR0TJ13_AURPU",86.1,418,3.98e-203,568,"A0ABR0TJ13"
"KAK5999892.1","tr|A0ABR0T6E6|A0ABR0T6E6_AURPU",100,302,3.45e-208,568,"A0ABR0T6E6"
"KAK6000673.1","tr|A0ABR0T8A3|A0ABR0T8A3_AURPU",100,284,6.01e-209,568,"A0ABR0T8A3"
"KAK6001392.1","tr|A0ABR0TAT3|A0ABR0TAT3_AURPU",100,272,3.36e-209,568,"A0ABR0TAT3"
"KAK6002039.1","tr|A0ABR0TCA6|A0ABR0TCA6_AURPU",100,266,1.48e-209,568,"A0ABR0TCA6"
"KAK6005624.1","tr|A0ABR0TMH8|A0ABR0TMH8_AURPU",100,367,1.34e-201,568,"A0ABR0TMH8"
"KAK6006922.1","tr|A0ABR0TS42|A0ABR0TS42_AURPU",100,299,3.88e-208,568,"A0ABR0TS42"
"KAK6007045.1","tr|A0ABR0TT05|A0ABR0TT05_AURPU",100,302,4.9e-208,568,"A0ABR0TT05"
"CAC9885562.1","tr|A0ABR0TVK9|A0ABR0TVK9_AURPU",91.8,317,3.97e-208,568,"A0ABR0TVK9"
"CAD0037750.1","tr|A0ABR0TNN1|A0ABR0TNN1_AURPU",83.7,369,1.11e-206,568,"A0ABR0TNN1"
"KAK6006392.1","tr|A0ABR0TPL0|A0ABR0TPL0_AURPU",100,291,2.97e-208,567,"A0ABR0TPL0"
"KAK6008388.1","tr|A0ABR0TV95|A0ABR0TV95_AURPU",100,283,1.59e-208,567,"A0ABR0TV95"
"CAD0023525.1","tr|A0ABR0TT48|A0ABR0TT48_AURPU",88,333,1.03e-206,567,"A0ABR0TT48"
"KEQ83720.1","tr|A0ABR0TD03|A0ABR0TD03_AURPU",96.6,298,1.46e-207,566,"A0ABR0TD03"
"THW65954.1","tr|A0ABR0TMB9|A0ABR0TMB9_AURPU",93.5,309,2.49e-206,566,"A0ABR0TMB9"
"THY46899.1","tr|A0ABR0TM28|A0ABR0TM28_AURPU",96.5,286,1.86e-207,566,"A0ABR0TM28"
"TIA65092.1","tr|A0ABR0TG20|A0ABR0TG20_AURPU",95.5,291,2.46e-203,566,"A0ABR0TG20"
"THZ54623.1","tr|A0ABR0THY9|A0ABR0THY9_AURPU",90.3,331,6.28e-206,566,"A0ABR0THY9"
"KAK6000071.1","tr|A0ABR0T7W5|A0ABR0T7W5_AURPU",100,267,9.26e-209,566,"A0ABR0T7W5"
"KAK6002379.1","tr|A0ABR0TDQ6|A0ABR0TDQ6_AURPU",100,302,1.4e-207,566,"A0ABR0TDQ6"
"KAK6003759.1","tr|A0ABR0THN1|A0ABR0THN1_AURPU",100,292,6.47e-208,566,"A0ABR0THN1"
"KAK6003931.1","tr|A0ABR0THL1|A0ABR0THL1_AURPU",100,277,4.07e-208,566,"A0ABR0THL1"
"KAK6005044.1","tr|A0ABR0TKR2|A0ABR0TKR2_AURPU",100,282,2.98e-208,566,"A0ABR0TKR2"
"THV71990.1","tr|A0ABR0TL50|A0ABR0TL50_AURPU",88.6,342,3.57e-205,565,"A0ABR0TL50"
"THV77582.1","tr|A0ABR0TEY3|A0ABR0TEY3_AURPU",94.3,298,1.05e-206,565,"A0ABR0TEY3"
"KAK5999793.1","tr|A0ABR0T5T7|A0ABR0T5T7_AURPU",100,327,3.91e-206,565,"A0ABR0T5T7"
"KAK6000024.1","tr|A0ABR0T704|A0ABR0T704_AURPU",100,282,8.54e-208,565,"A0ABR0T704"
"KAK6003682.1","tr|A0ABR0THT3|A0ABR0THT3_AURPU",100,285,1.53e-207,565,"A0ABR0THT3"
"KAK6004950.1","tr|A0ABR0TKH2|A0ABR0TKH2_AURPU",100,305,1.02e-206,565,"A0ABR0TKH2"
"KAK6005455.1","tr|A0ABR0TNE1|A0ABR0TNE1_AURPU",100,277,5.79e-208,565,"A0ABR0TNE1"
"KAK6005677.1","tr|A0ABR0TNE0|A0ABR0TNE0_AURPU",100,381,3.38e-204,565,"A0ABR0TNE0"
"KAK6006520.1","tr|A0ABR0TRF8|A0ABR0TRF8_AURPU",100,286,2.35e-207,565,"A0ABR0TRF8"
"KAK6006971.1","tr|A0ABR0TS47|A0ABR0TS47_AURPU",100,265,3.23e-208,565,"A0ABR0TS47"
"KAK6008067.1","tr|A0ABR0TUS6|A0ABR0TUS6_AURPU",100,275,1e-207,565,"A0ABR0TUS6"
"KAK6008400.1","tr|A0ABR0TVB2|A0ABR0TVB2_AURPU",100,354,3.08e-205,565,"A0ABR0TVB2"
"THV72380.1","tr|A0ABR0TQD9|A0ABR0TQD9_AURPU",84.4,359,7.24e-205,564,"A0ABR0TQD9"
"THZ96685.1","tr|A0ABR0TNZ7|A0ABR0TNZ7_AURPU",92.1,304,6.39e-206,564,"A0ABR0TNZ7"
"KAK6000174.1","tr|A0ABR0T7G1|A0ABR0T7G1_AURPU",100,330,1.41e-205,564,"A0ABR0T7G1"
"KAK6001964.1","tr|A0ABR0TC31|A0ABR0TC31_AURPU",100,307,1.69e-206,564,"A0ABR0TC31"
"KAK6003126.1","tr|A0ABR0TGT7|A0ABR0TGT7_AURPU",100,269,8.9e-208,564,"A0ABR0TGT7"
"KAK6006826.1","tr|A0ABR0TQW9|A0ABR0TQW9_AURPU",100,294,6.21e-207,564,"A0ABR0TQW9"
"KAK5999784.1","tr|A0ABR0T6D9|A0ABR0T6D9_AURPU",100,272,4.58e-207,563,"A0ABR0T6D9"
"KAK6000709.1","tr|A0ABR0T8F0|A0ABR0T8F0_AURPU",100,291,9.93e-207,563,"A0ABR0T8F0"
"KAK6003773.1","tr|A0ABR0TH61|A0ABR0TH61_AURPU",100,272,2.27e-207,563,"A0ABR0TH61"
"KAK6004018.1","tr|A0ABR0THV2|A0ABR0THV2_AURPU",100,286,9.57e-207,563,"A0ABR0THV2"
"KAK6006591.1","tr|A0ABR0TRT4|A0ABR0TRT4_AURPU",100,286,9.57e-207,563,"A0ABR0TRT4"
"KAK6007344.1","tr|A0ABR0TSZ1|A0ABR0TSZ1_AURPU",100,282,7.02e-207,563,"A0ABR0TSZ1"
"KAK6008361.1","tr|A0ABR0TWR8|A0ABR0TWR8_AURPU",100,289,1.72e-206,563,"A0ABR0TWR8"
"KAK6001334.1","tr|A0ABR0TAC3|A0ABR0TAC3_AURPU",100,299,5.28e-206,562,"A0ABR0TAC3"
"KAK6005861.1","tr|A0ABR0TP44|A0ABR0TP44_AURPU",100,329,5.32e-205,562,"A0ABR0TP44"
"KAK6006512.1","tr|A0ABR0TPZ1|A0ABR0TPZ1_AURPU",100,277,1.36e-206,562,"A0ABR0TPZ1"
"CAC9888196.1","tr|A0ABR0TNW3|A0ABR0TNW3_AURPU",90.9,341,9.29e-205,562,"A0ABR0TNW3"
"TIA08013.1","tr|A0ABR0T988|A0ABR0T988_AURPU",92.9,309,2.9e-204,561,"A0ABR0T988"
"KAK6003277.1","tr|A0ABR0TGM7|A0ABR0TGM7_AURPU",100,273,2.02e-206,561,"A0ABR0TGM7"
"KAK6004947.1","tr|A0ABR0TKS3|A0ABR0TKS3_AURPU",100,281,2.64e-206,561,"A0ABR0TKS3"
"KAK6007184.1","tr|A0ABR0TRV4|A0ABR0TRV4_AURPU",100,429,2.01e-201,561,"A0ABR0TRV4"
"KAK6007721.1","tr|A0ABR0TU84|A0ABR0TU84_AURPU",100,278,2.09e-206,561,"A0ABR0TU84"
"KAK6007809.1","tr|A0ABR0TUA8|A0ABR0TUA8_AURPU",100,285,5.12e-206,561,"A0ABR0TUA8"
"KAK6007868.1","tr|A0ABR0TTW6|A0ABR0TTW6_AURPU",100,319,4.98e-205,561,"A0ABR0TTW6"
"KAK6008032.1","tr|A0ABR0TVB5|A0ABR0TVB5_AURPU",100,344,6.8e-204,561,"A0ABR0TVB5"
"KAK6008195.1","tr|A0ABR0TWI1|A0ABR0TWI1_AURPU",100,276,3.62e-206,561,"A0ABR0TWI1"
"THV64696.1","tr|A0ABR0TTG8|A0ABR0TTG8_AURPU",94.6,297,3.89e-204,560,"A0ABR0TTG8"
"TIA45559.1","tr|A0ABR0TDE4|A0ABR0TDE4_AURPU",91.1,304,2.24e-204,560,"A0ABR0TDE4"
"KAK5999915.1","tr|A0ABR0T7E6|A0ABR0T7E6_AURPU",100,300,4.69e-205,560,"A0ABR0T7E6"
"KAK6000895.1","tr|A0ABR0TA52|A0ABR0TA52_AURPU",100,282,1.16e-205,560,"A0ABR0TA52"
"KAK6002245.1","tr|A0ABR0TE47|A0ABR0TE47_AURPU",100,288,1.3e-205,560,"A0ABR0TE47"
"KAK6002858.1","tr|A0ABR0TEL3|A0ABR0TEL3_AURPU",100,309,6.61e-205,560,"A0ABR0TEL3"
"KAK6005116.1","tr|A0ABR0TKY9|A0ABR0TKY9_AURPU",100,284,1.93e-205,560,"A0ABR0TKY9"
"KAK6006224.1","tr|A0ABR0TP52|A0ABR0TP52_AURPU",100,278,6e-206,560,"A0ABR0TP52"
"KAK6008087.1","tr|A0ABR0TUL4|A0ABR0TUL4_AURPU",100,276,5.14e-206,560,"A0ABR0TUL4"
"KAK6000011.1","tr|A0ABR0T7Q4|A0ABR0T7Q4_AURPU",100,304,1.29e-204,559,"A0ABR0T7Q4"
"KAK6000022.1","tr|A0ABR0T7E2|A0ABR0T7E2_AURPU",100,289,4.04e-205,559,"A0ABR0T7E2"
"KAK6000086.1","tr|A0ABR0T7X8|A0ABR0T7X8_AURPU",100,302,1.1e-204,559,"A0ABR0T7X8"
"KAK6006562.1","tr|A0ABR0TR38|A0ABR0TR38_AURPU",100,304,1.83e-204,559,"A0ABR0TR38"
"KAK6007963.1","tr|A0ABR0TTY7|A0ABR0TTY7_AURPU",100,270,1.31e-205,559,"A0ABR0TTY7"
"KAK6000430.1","tr|A0ABR0T8R7|A0ABR0T8R7_AURPU",100,281,6.23e-205,558,"A0ABR0T8R7"
"KAK6001800.1","tr|A0ABR0TBI1|A0ABR0TBI1_AURPU",100,288,7.54e-205,558,"A0ABR0TBI1"
"KAK6001991.1","tr|A0ABR0TD79|A0ABR0TD79_AURPU",100,279,7.57e-205,558,"A0ABR0TD79"
"KAK6003196.1","tr|A0ABR0TFI0|A0ABR0TFI0_AURPU",100,285,8.49e-205,558,"A0ABR0TFI0"
"KAK6003985.1","tr|A0ABR0TJ45|A0ABR0TJ45_AURPU",100,265,1.79e-205,558,"A0ABR0TJ45"
"KAK6004959.1","tr|A0ABR0TL34|A0ABR0TL34_AURPU",100,299,3.56e-204,558,"A0ABR0TL34"
"KAK6005801.1","tr|A0ABR0TP00|A0ABR0TP00_AURPU",100,288,1.07e-204,558,"A0ABR0TP00"
"KAK6005978.1","tr|A0ABR0TNF5|A0ABR0TNF5_AURPU",100,279,5.33e-205,558,"A0ABR0TNF5"
"KEQ82264.1","tr|A0ABR0TIA7|A0ABR0TIA7_AURPU",92.7,313,2.11e-203,557,"A0ABR0TIA7"
"TIA02953.1","tr|A0ABR0TBC6|A0ABR0TBC6_AURPU",97.2,282,1.48e-201,557,"A0ABR0TBC6"
"KAK5999391.1","tr|A0ABR0T612|A0ABR0T612_AURPU",100,274,1.04e-204,557,"A0ABR0T612"
"KAK6000487.1","tr|A0ABR0T8Q6|A0ABR0T8Q6_AURPU",100,268,4.58e-205,557,"A0ABR0T8Q6"
"KAK6007764.1","tr|A0ABR0TU64|A0ABR0TU64_AURPU",100,276,1.21e-204,557,"A0ABR0TU64"
"KAK6008423.1","tr|A0ABR0TVI0|A0ABR0TVI0_AURPU",100,369,1.51e-201,557,"A0ABR0TVI0"
"THW88115.1","tr|A0ABR0TLL3|A0ABR0TLL3_AURPU",87.3,314,7.41e-203,556,"A0ABR0TLL3"
"KAK6000507.1","tr|A0ABR0T864|A0ABR0T864_AURPU",100,278,4.05e-204,556,"A0ABR0T864"
"KAK6002337.1","tr|A0ABR0TDH2|A0ABR0TDH2_AURPU",100,271,1.66e-204,556,"A0ABR0TDH2"
"KAK6003556.1","tr|A0ABR0TGH9|A0ABR0TGH9_AURPU",100,283,5.98e-204,556,"A0ABR0TGH9"
"KAK6003576.1","tr|A0ABR0TI49|A0ABR0TI49_AURPU",100,334,1.5e-202,556,"A0ABR0TI49"
"KAK6004965.1","tr|A0ABR0TKI9|A0ABR0TKI9_AURPU",100,278,2.85e-204,556,"A0ABR0TKI9"
"KAK6005345.1","tr|A0ABR0TN76|A0ABR0TN76_AURPU",100,293,6.42e-204,556,"A0ABR0TN76"
"KAK6005835.1","tr|A0ABR0TN21|A0ABR0TN21_AURPU",100,281,2.54e-204,556,"A0ABR0TN21"
"KAK6006436.1","tr|A0ABR0TPU6|A0ABR0TPU6_AURPU",100,273,1.94e-204,556,"A0ABR0TPU6"
"THV90536.1","tr|A0ABR0TEX7|A0ABR0TEX7_AURPU",94.9,292,3.62e-203,555,"A0ABR0TEX7"
"THY34600.1","tr|A0ABR0TGZ5|A0ABR0TGZ5_AURPU",97,297,3.28e-202,555,"A0ABR0TGZ5"
"KAK6001138.1","tr|A0ABR0T9N6|A0ABR0T9N6_AURPU",100,276,7.01e-204,555,"A0ABR0T9N6"
"KAK6002110.1","tr|A0ABR0TDS1|A0ABR0TDS1_AURPU",100,285,9.91e-204,555,"A0ABR0TDS1"
"KAK6002422.1","tr|A0ABR0TE39|A0ABR0TE39_AURPU",100,266,4.57e-204,555,"A0ABR0TE39"
"KAK6005260.1","tr|A0ABR0TMV6|A0ABR0TMV6_AURPU",100,279,8.84e-204,555,"A0ABR0TMV6"
"KAK6008685.1","tr|A0ABR0TW41|A0ABR0TW41_AURPU",100,281,1.03e-203,555,"A0ABR0TW41"
"CAR4678918.1","tr|A0ABR0TC09|A0ABR0TC09_AURPU",96.1,285,6.48e-203,555,"A0ABR0TC09"
"THV89062.1","tr|A0ABR0TJ36|A0ABR0TJ36_AURPU",97.6,297,2.25e-201,554,"A0ABR0TJ36"
"THX01970.1","tr|A0ABR0TAH9|A0ABR0TAH9_AURPU",84.8,309,1.28e-202,554,"A0ABR0TAH9"
"KAK6002026.1","tr|A0ABR0TC60|A0ABR0TC60_AURPU",100,277,2.17e-203,554,"A0ABR0TC60"
"KAK6002204.1","tr|A0ABR0TCR9|A0ABR0TCR9_AURPU",100,278,1.65e-203,554,"A0ABR0TCR9"
"KAK6007629.1","tr|A0ABR0TTR7|A0ABR0TTR7_AURPU",100,284,2.63e-203,554,"A0ABR0TTR7"
"OBW65675.1","tr|A0ABR0T6Q0|A0ABR0T6Q0_AURPU",93.7,301,2.8e-202,553,"A0ABR0T6Q0"
"KAK6000524.1","tr|A0ABR0T827|A0ABR0T827_AURPU",100,284,7.54e-203,553,"A0ABR0T827"
"KAK6000681.1","tr|A0ABR0T9R4|A0ABR0T9R4_AURPU",100,266,2.65e-203,553,"A0ABR0T9R4"
"KAK6000836.1","tr|A0ABR0T9Z5|A0ABR0T9Z5_AURPU",100,262,1.36e-203,553,"A0ABR0T9Z5"
"KAK6002973.1","tr|A0ABR0TEW9|A0ABR0TEW9_AURPU",100,442,1.64e-197,553,"A0ABR0TEW9"
"KAK6002980.1","tr|A0ABR0TG87|A0ABR0TG87_AURPU",100,265,2.45e-203,553,"A0ABR0TG87"
"KAK6008414.1","tr|A0ABR0TVC4|A0ABR0TVC4_AURPU",100,370,5.42e-200,553,"A0ABR0TVC4"
"THW91787.1","tr|A0ABR0TT20|A0ABR0TT20_AURPU",95,279,9.31e-202,552,"A0ABR0TT20"
"KAK6000886.1","tr|A0ABR0T8W9|A0ABR0T8W9_AURPU",100,266,5.34e-203,552,"A0ABR0T8W9"
"KAK6003718.1","tr|A0ABR0TH07|A0ABR0TH07_AURPU",100,278,9.55e-203,552,"A0ABR0TH07"
"KAK6007421.1","tr|A0ABR0TTD0|A0ABR0TTD0_AURPU",100,292,2.82e-202,552,"A0ABR0TTD0"
"KAK6008591.1","tr|A0ABR0TWM9|A0ABR0TWM9_AURPU",100,272,8.52e-203,552,"A0ABR0TWM9"
"CAC9893130.1","tr|A0ABR0TUH9|A0ABR0TUH9_AURPU",93.3,300,4.44e-202,552,"A0ABR0TUH9"
"TIA74774.1","tr|A0ABR0TBF3|A0ABR0TBF3_AURPU",93.9,311,2.3e-195,551,"A0ABR0TBF3"
"KAK6001040.1","tr|A0ABR0TAQ0|A0ABR0TAQ0_AURPU",100,276,2.34e-202,551,"A0ABR0TAQ0"
"KAK6001467.1","tr|A0ABR0TB10|A0ABR0TB10_AURPU",100,294,6.65e-202,551,"A0ABR0TB10"
"KAK6001529.1","tr|A0ABR0TAV4|A0ABR0TAV4_AURPU",100,433,3.42e-197,551,"A0ABR0TAV4"
"KAK6003874.1","tr|A0ABR0THF8|A0ABR0THF8_AURPU",100,277,2.53e-202,551,"A0ABR0THF8"
"KAK6006192.1","tr|A0ABR0TPB9|A0ABR0TPB9_AURPU",100,296,1.57e-201,551,"A0ABR0TPB9"
"KAK6006371.1","tr|A0ABR0TQJ4|A0ABR0TQJ4_AURPU",100,276,2.34e-202,551,"A0ABR0TQJ4"
"KAK6007832.1","tr|A0ABR0TTU6|A0ABR0TTU6_AURPU",100,268,1.79e-202,551,"A0ABR0TTU6"
"THV89688.1","tr|A0ABR0TC91|A0ABR0TC91_AURPU",93.9,297,3.64e-199,550,"A0ABR0TC91"
"THY15137.1","tr|A0ABR0TVQ5|A0ABR0TVQ5_AURPU",93.9,313,5.92e-200,550,"A0ABR0TVQ5"
"TIA56486.1","tr|A0ABR0T8W2|A0ABR0T8W2_AURPU",95.2,290,1.04e-199,550,"A0ABR0T8W2"
"KAK5999858.1","tr|A0ABR0T5Z0|A0ABR0T5Z0_AURPU",100,280,9.17e-202,550,"A0ABR0T5Z0"
"KAK6000411.1","tr|A0ABR0T8Z4|A0ABR0T8Z4_AURPU",100,278,5.53e-202,550,"A0ABR0T8Z4"
"KAK6001904.1","tr|A0ABR0TBX1|A0ABR0TBX1_AURPU",100,303,4.85e-200,550,"A0ABR0TBX1"
"KAK6004725.1","tr|A0ABR0TJU7|A0ABR0TJU7_AURPU",100,282,1.07e-201,550,"A0ABR0TJU7"
"KAK6004730.1","tr|A0ABR0TLG2|A0ABR0TLG2_AURPU",100,268,3.61e-202,550,"A0ABR0TLG2"
"KAK6007704.1","tr|A0ABR0TTZ7|A0ABR0TTZ7_AURPU",100,288,1.7e-201,550,"A0ABR0TTZ7"
"KAK6008601.1","tr|A0ABR0TX97|A0ABR0TX97_AURPU",100,341,7e-200,550,"A0ABR0TX97"
"KAK6008856.1","tr|A0ABR0TXS0|A0ABR0TXS0_AURPU",100,269,2.75e-202,550,"A0ABR0TXS0"
"KAK5999791.1","tr|A0ABR0T5S8|A0ABR0T5S8_AURPU",100,299,1.14e-200,549,"A0ABR0T5S8"
"KAK6001342.1","tr|A0ABR0TB49|A0ABR0TB49_AURPU",100,269,7.88e-202,549,"A0ABR0TB49"
"KAK6007711.1","tr|A0ABR0TTA9|A0ABR0TTA9_AURPU",100,462,2.34e-195,549,"A0ABR0TTA9"
"THV77283.1","tr|A0ABR0TQ66|A0ABR0TQ66_AURPU",90.1,294,2.22e-200,548,"A0ABR0TQ66"
"THW30708.1","tr|A0ABR0TAS1|A0ABR0TAS1_AURPU",92.9,294,1.25e-199,548,"A0ABR0TAS1"
"THX33270.1","tr|A0ABR0TLY6|A0ABR0TLY6_AURPU",98.2,285,1.09e-199,548,"A0ABR0TLY6"
"KAK5999497.1","tr|A0ABR0T5V6|A0ABR0T5V6_AURPU",100,306,5.6e-200,548,"A0ABR0T5V6"
"KAK5999802.1","tr|A0ABR0T662|A0ABR0T662_AURPU",100,265,2.35e-201,548,"A0ABR0T662"
"KAK6000620.1","tr|A0ABR0T9H2|A0ABR0T9H2_AURPU",100,269,1.59e-201,548,"A0ABR0T9H2"
"KAK6000643.1","tr|A0ABR0T874|A0ABR0T874_AURPU",100,321,1.25e-199,548,"A0ABR0T874"
"KAK6001790.1","tr|A0ABR0TCY6|A0ABR0TCY6_AURPU",100,268,2.09e-201,548,"A0ABR0TCY6"
"KAK6002429.1","tr|A0ABR0TDC7|A0ABR0TDC7_AURPU",100,277,4.2e-201,548,"A0ABR0TDC7"
"KAK6002788.1","tr|A0ABR0TED2|A0ABR0TED2_AURPU",100,277,5.97e-201,548,"A0ABR0TED2"
"KAK6003423.1","tr|A0ABR0TG58|A0ABR0TG58_AURPU",100,276,3.89e-201,548,"A0ABR0TG58"
"KAK6003845.1","tr|A0ABR0TIV5|A0ABR0TIV5_AURPU",100,349,1.5e-198,548,"A0ABR0TIV5"
"KAK6004559.1","tr|A0ABR0TJI0|A0ABR0TJI0_AURPU",100,355,1.66e-198,548,"A0ABR0TJI0"
"KAK6004931.1","tr|A0ABR0TLG4|A0ABR0TLG4_AURPU",100,310,7.62e-200,548,"A0ABR0TLG4"
"KAK6006217.1","tr|A0ABR0TQ25|A0ABR0TQ25_AURPU",100,347,9.05e-199,548,"A0ABR0TQ25"
"KAK6007015.1","tr|A0ABR0TSW7|A0ABR0TSW7_AURPU",100,272,4.05e-201,548,"A0ABR0TSW7"
"KAK6007145.1","tr|A0ABR0TTE1|A0ABR0TTE1_AURPU",100,343,9.49e-199,548,"A0ABR0TTE1"
"KAK6008126.1","tr|A0ABR0TVD0|A0ABR0TVD0_AURPU",100,271,2.64e-201,548,"A0ABR0TVD0"
"KEQ89659.1","tr|A0ABR0TWB8|A0ABR0TWB8_AURPU",98.6,276,7.85e-201,547,"A0ABR0TWB8"
"THY99031.1","tr|A0ABR0TCF2|A0ABR0TCF2_AURPU",87.8,304,3.5e-199,547,"A0ABR0TCF2"
"KAK6000552.1","tr|A0ABR0T8B0|A0ABR0T8B0_AURPU",100,275,1.03e-200,547,"A0ABR0T8B0"
"KAK6000899.1","tr|A0ABR0T946|A0ABR0T946_AURPU",100,280,1.07e-200,547,"A0ABR0T946"
"KAK6001448.1","tr|A0ABR0TAI0|A0ABR0TAI0_AURPU",100,266,3.61e-201,547,"A0ABR0TAI0"
"KAK6002161.1","tr|A0ABR0TCI8|A0ABR0TCI8_AURPU",100,272,5.75e-201,547,"A0ABR0TCI8"
"KAK6004848.1","tr|A0ABR0TK72|A0ABR0TK72_AURPU",100,272,8.17e-201,547,"A0ABR0TK72"
"KEQ84159.1","tr|A0ABR0T653|A0ABR0T653_AURPU",95.7,281,6.65e-200,546,"A0ABR0T653"
"THV96721.1","tr|A0ABR0TR67|A0ABR0TR67_AURPU",93.7,287,3.71e-200,546,"A0ABR0TR67"
"KAK6001057.1","tr|A0ABR0TAB0|A0ABR0TAB0_AURPU",100,292,7.76e-200,546,"A0ABR0TAB0"
"KAK6001524.1","tr|A0ABR0TBA9|A0ABR0TBA9_AURPU",100,309,4.08e-199,546,"A0ABR0TBA9"
"KAK6002643.1","tr|A0ABR0TDY1|A0ABR0TDY1_AURPU",100,305,2.11e-199,546,"A0ABR0TDY1"
"KAK6002993.1","tr|A0ABR0TEY7|A0ABR0TEY7_AURPU",100,282,3.58e-200,546,"A0ABR0TEY7"
"KAK6003348.1","tr|A0ABR0TFY9|A0ABR0TFY9_AURPU",100,288,5.69e-200,546,"A0ABR0TFY9"
"KAK6006718.1","tr|A0ABR0TQK1|A0ABR0TQK1_AURPU",100,298,1.75e-199,546,"A0ABR0TQK1"
"KAK6008859.1","tr|A0ABR0TX73|A0ABR0TX73_AURPU",100,278,3.73e-200,546,"A0ABR0TX73"
"KAK5999328.1","tr|A0ABR0T4H3|A0ABR0T4H3_AURPU",100,304,7.96e-199,545,"A0ABR0T4H3"
"KAK5999581.1","tr|A0ABR0T577|A0ABR0T577_AURPU",100,310,1.26e-198,545,"A0ABR0T577"
"KAK6002929.1","tr|A0ABR0TET9|A0ABR0TET9_AURPU",100,289,1.76e-199,545,"A0ABR0TET9"
"KAK6003012.1","tr|A0ABR0TF86|A0ABR0TF86_AURPU",100,298,5.01e-199,545,"A0ABR0TF86"
"KAK6006107.1","tr|A0ABR0TNS0|A0ABR0TNS0_AURPU",100,268,2.44e-200,545,"A0ABR0TNS0"
"THV80627.1","tr|A0ABR0TUD4|A0ABR0TUD4_AURPU",91.6,297,8.66e-198,544,"A0ABR0TUD4"
"THZ87844.1","tr|A0ABR0TJY2|A0ABR0TJY2_AURPU",97.9,284,9.09e-199,544,"A0ABR0TJY2"
"TIA76289.1","tr|A0ABR0T687|A0ABR0T687_AURPU",95.3,297,9.4e-199,544,"A0ABR0T687"
"KAK5999579.1","tr|A0ABR0T5F2|A0ABR0T5F2_AURPU",100,319,5.07e-198,544,"A0ABR0T5F2"
"KAK6000403.1","tr|A0ABR0T7I6|A0ABR0T7I6_AURPU",100,267,9.2e-200,544,"A0ABR0T7I6"
"KAK6000933.1","tr|A0ABR0T920|A0ABR0T920_AURPU",100,282,2.07e-199,544,"A0ABR0T920"
"KAK6003391.1","tr|A0ABR0TG12|A0ABR0TG12_AURPU",100,275,1.2e-199,544,"A0ABR0TG12"
"KAK6003542.1","tr|A0ABR0TGI1|A0ABR0TGI1_AURPU",100,281,1.92e-199,544,"A0ABR0TGI1"
"KAK6004997.1","tr|A0ABR0TKQ0|A0ABR0TKQ0_AURPU",100,581,1.02e-189,544,"A0ABR0TKQ0"
"KAK6005511.1","tr|A0ABR0TNL9|A0ABR0TNL9_AURPU",100,299,7.69e-199,544,"A0ABR0TNL9"
"KAK6007303.1","tr|A0ABR0TS87|A0ABR0TS87_AURPU",100,334,1.59e-197,544,"A0ABR0TS87"
"KAK6007464.1","tr|A0ABR0TTB2|A0ABR0TTB2_AURPU",100,279,1.64e-199,544,"A0ABR0TTB2"
"KAK6007893.1","tr|A0ABR0TTW1|A0ABR0TTW1_AURPU",100,283,2.24e-199,544,"A0ABR0TTW1"
"THW27607.1","tr|A0ABR0TTL5|A0ABR0TTL5_AURPU",91.6,311,4.91e-198,543,"A0ABR0TTL5"
"TIA67634.1","tr|A0ABR0T7T5|A0ABR0T7T5_AURPU",97.2,323,1.07e-192,543,"A0ABR0T7T5"
"KAK6001454.1","tr|A0ABR0TAN6|A0ABR0TAN6_AURPU",100,269,2.17e-199,543,"A0ABR0TAN6"
"KAK6001969.1","tr|A0ABR0TBZ4|A0ABR0TBZ4_AURPU",100,265,1.12e-199,543,"A0ABR0TBZ4"
"KAK6003635.1","tr|A0ABR0TI94|A0ABR0TI94_AURPU",100,267,1.86e-199,543,"A0ABR0TI94"
"KAK6004166.1","tr|A0ABR0TJA5|A0ABR0TJA5_AURPU",100,283,9.11e-199,543,"A0ABR0TJA5"
"KAK6005343.1","tr|A0ABR0TLN3|A0ABR0TLN3_AURPU",100,283,4.51e-199,543,"A0ABR0TLN3"
"KAK6005970.1","tr|A0ABR0TNG0|A0ABR0TNG0_AURPU",100,276,2.63e-199,543,"A0ABR0TNG0"
"KAK6007314.1","tr|A0ABR0TSW3|A0ABR0TSW3_AURPU",100,280,7.22e-199,543,"A0ABR0TSW3"
"KAK6007589.1","tr|A0ABR0TT13|A0ABR0TT13_AURPU",100,296,1.23e-198,543,"A0ABR0TT13"
"THX77873.1","tr|A0ABR0TND7|A0ABR0TND7_AURPU",94.8,271,1.02e-197,542,"A0ABR0TND7"
"THY89252.1","tr|A0ABR0TUE3|A0ABR0TUE3_AURPU",87.8,328,3.01e-197,542,"A0ABR0TUE3"
"KAK6001756.1","tr|A0ABR0TBD3|A0ABR0TBD3_AURPU",100,292,3.68e-198,542,"A0ABR0TBD3"
"KAK6002476.1","tr|A0ABR0TDG9|A0ABR0TDG9_AURPU",100,295,3.27e-198,542,"A0ABR0TDG9"
"KAK6006127.1","tr|A0ABR0TPS4|A0ABR0TPS4_AURPU",100,276,1.07e-198,542,"A0ABR0TPS4"
"KAK6007587.1","tr|A0ABR0TTD1|A0ABR0TTD1_AURPU",100,293,2.8e-198,542,"A0ABR0TTD1"
"KEQ81458.1","tr|A0ABR0TT56|A0ABR0TT56_AURPU",96.3,298,1.18e-197,541,"A0ABR0TT56"
"THV72818.1","tr|A0ABR0TI31|A0ABR0TI31_AURPU",95.2,292,1.64e-197,541,"A0ABR0TI31"
"KAK5999333.1","tr|A0ABR0T4F0|A0ABR0T4F0_AURPU",100,270,1.36e-198,541,"A0ABR0T4F0"
"KAK6000202.1","tr|A0ABR0T7X6|A0ABR0T7X6_AURPU",100,253,5.14e-199,541,"A0ABR0T7X6"
"KAK6000545.1","tr|A0ABR0T995|A0ABR0T995_AURPU",100,288,3.84e-198,541,"A0ABR0T995"
"KAK6001546.1","tr|A0ABR0TAT0|A0ABR0TAT0_AURPU",100,275,1.41e-198,541,"A0ABR0TAT0"
"KAK6003732.1","tr|A0ABR0THB5|A0ABR0THB5_AURPU",100,316,6.67e-197,541,"A0ABR0THB5"
"KAK6005828.1","tr|A0ABR0TN12|A0ABR0TN12_AURPU",100,267,1.53e-198,541,"A0ABR0TN12"
"KAK6007618.1","tr|A0ABR0TT24|A0ABR0TT24_AURPU",100,308,3.61e-197,541,"A0ABR0TT24"
"KAK6007817.1","tr|A0ABR0TTS9|A0ABR0TTS9_AURPU",100,255,6e-199,541,"A0ABR0TTS9"
"KAK6007954.1","tr|A0ABR0TU06|A0ABR0TU06_AURPU",100,273,1.2e-198,541,"A0ABR0TU06"
"THV74813.1","tr|A0ABR0TSP4|A0ABR0TSP4_AURPU",92.8,290,4.2e-197,540,"A0ABR0TSP4"
"THW93762.1","tr|A0ABR0TG14|A0ABR0TG14_AURPU",92.2,345,8.87e-187,540,"A0ABR0TG14"
"THZ94344.1","tr|A0ABR0TIK2|A0ABR0TIK2_AURPU",85,386,2.32e-193,540,"A0ABR0TIK2"
"KAK5999738.1","tr|A0ABR0T5M7|A0ABR0T5M7_AURPU",100,341,9.04999999999999e-196,540,"A0ABR0T5M7"
"KAK5999909.1","tr|A0ABR0T6D7|A0ABR0T6D7_AURPU",100,269,3.6e-198,540,"A0ABR0T6D7"
"KAK6003073.1","tr|A0ABR0TF77|A0ABR0TF77_AURPU",100,267,3.08e-198,540,"A0ABR0TF77"
"KAK6003162.1","tr|A0ABR0TFN0|A0ABR0TFN0_AURPU",100,286,1.9e-197,540,"A0ABR0TFN0"
"KAK6005036.1","tr|A0ABR0TLS6|A0ABR0TLS6_AURPU",100,288,1.1e-197,540,"A0ABR0TLS6"
"KAK6005130.1","tr|A0ABR0TL08|A0ABR0TL08_AURPU",100,259,1.65e-198,540,"A0ABR0TL08"
"KAK6005520.1","tr|A0ABR0TM51|A0ABR0TM51_AURPU",100,319,1.69e-196,540,"A0ABR0TM51"
"KAK6007579.1","tr|A0ABR0TSZ3|A0ABR0TSZ3_AURPU",100,309,1.12e-196,540,"A0ABR0TSZ3"
"KAK6007937.1","tr|A0ABR0TU54|A0ABR0TU54_AURPU",100,276,4.35e-198,540,"A0ABR0TU54"
"CAC9893459.1","tr|A0ABR0TTB4|A0ABR0TTB4_AURPU",87.7,317,1.03e-196,540,"A0ABR0TTB4"
"THW41312.1","tr|A0ABR0TL45|A0ABR0TL45_AURPU",95.2,273,7.31e-197,539,"A0ABR0TL45"
"THW56048.1","tr|A0ABR0TF85|A0ABR0TF85_AURPU",90.9,297,4.79e-197,539,"A0ABR0TF85"
"TIA05210.1","tr|A0ABR0TPB5|A0ABR0TPB5_AURPU",94.9,292,2.47e-196,539,"A0ABR0TPB5"
"KAK5999282.1","tr|A0ABR0T4E9|A0ABR0T4E9_AURPU",100,278,2.07e-197,539,"A0ABR0T4E9"
"KAK6003341.1","tr|A0ABR0TH26|A0ABR0TH26_AURPU",100,260,5.12e-198,539,"A0ABR0TH26"
"KAK6003752.1","tr|A0ABR0TH35|A0ABR0TH35_AURPU",100,272,1.3e-197,539,"A0ABR0TH35"
"KEQ79211.1","tr|A0ABR0TD75|A0ABR0TD75_AURPU",94,282,5.09e-197,538,"A0ABR0TD75"
"THW05947.1","tr|A0ABR0TEP7|A0ABR0TEP7_AURPU",93.4,287,5.7e-197,538,"A0ABR0TEP7"
"THY02529.1","tr|A0ABR0T9U7|A0ABR0T9U7_AURPU",92.5,294,4.8e-195,538,"A0ABR0T9U7"
"THZ65740.1","tr|A0ABR0T657|A0ABR0T657_AURPU",95.1,287,7.18e-195,538,"A0ABR0T657"
"KAK5999864.1","tr|A0ABR0T693|A0ABR0T693_AURPU",100,263,9.19e-198,538,"A0ABR0T693"
"KAK6000506.1","tr|A0ABR0T937|A0ABR0T937_AURPU",100,329,1.48e-195,538,"A0ABR0T937"
"KAK6000821.1","tr|A0ABR0T9X9|A0ABR0T9X9_AURPU",100,276,5.08e-197,538,"A0ABR0T9X9"
"KAK6002361.1","tr|A0ABR0TEJ7|A0ABR0TEJ7_AURPU",100,275,3.31e-197,538,"A0ABR0TEJ7"
"KAK6003173.1","tr|A0ABR0TFG3|A0ABR0TFG3_AURPU",100,348,8.87e-195,538,"A0ABR0TFG3"
"KAK6003954.1","tr|A0ABR0TI69|A0ABR0TI69_AURPU",100,275,2.33e-197,538,"A0ABR0TI69"
"KAK6005289.1","tr|A0ABR0TM14|A0ABR0TM14_AURPU",100,262,1.72e-197,538,"A0ABR0TM14"
"KAK6006063.1","tr|A0ABR0TNP0|A0ABR0TNP0_AURPU",100,271,2.43e-197,538,"A0ABR0TNP0"
"CAD0027343.1","tr|A0ABR0TGI8|A0ABR0TGI8_AURPU",84.2,322,5.59e-196,538,"A0ABR0TGI8"
"CAD0055771.1","tr|A0ABR0TQI6|A0ABR0TQI6_AURPU",96.9,291,1.22e-195,538,"A0ABR0TQI6"
"KAK5999457.1","tr|A0ABR0T552|A0ABR0T552_AURPU",100,264,2.85e-197,537,"A0ABR0T552"
"KAK6001261.1","tr|A0ABR0T9Z2|A0ABR0T9Z2_AURPU",100,282,1.63e-196,537,"A0ABR0T9Z2"
"KAK6002559.1","tr|A0ABR0TE79|A0ABR0TE79_AURPU",100,261,2.26e-197,537,"A0ABR0TE79"
"KAK6004839.1","tr|A0ABR0TKR8|A0ABR0TKR8_AURPU",100,271,6.96e-197,537,"A0ABR0TKR8"
"THW64392.1","tr|A0ABR0TT10|A0ABR0TT10_AURPU",92.4,276,1.42e-195,536,"A0ABR0TT10"
"KAK5999855.1","tr|A0ABR0T778|A0ABR0T778_AURPU",100,265,1.25e-196,536,"A0ABR0T778"
"KAK6000394.1","tr|A0ABR0T7G8|A0ABR0T7G8_AURPU",100,273,1.64e-196,536,"A0ABR0T7G8"
"KAK6002549.1","tr|A0ABR0TDQ9|A0ABR0TDQ9_AURPU",100,260,4.21e-197,536,"A0ABR0TDQ9"
"KAK6004514.1","tr|A0ABR0TJD7|A0ABR0TJD7_AURPU",100,252,4.56e-197,536,"A0ABR0TJD7"
"KAK6005257.1","tr|A0ABR0TM73|A0ABR0TM73_AURPU",100,265,6.21e-197,536,"A0ABR0TM73"
"KAK6006164.1","tr|A0ABR0TNZ8|A0ABR0TNZ8_AURPU",100,273,2.33e-196,536,"A0ABR0TNZ8"
"KAK6007390.1","tr|A0ABR0TU13|A0ABR0TU13_AURPU",100,270,1.85e-196,536,"A0ABR0TU13"
"THV99273.1","tr|A0ABR0TSS1|A0ABR0TSS1_AURPU",94,268,8.02e-196,535,"A0ABR0TSS1"
"KAK5999388.1","tr|A0ABR0T4M0|A0ABR0T4M0_AURPU",100,317,1.97e-194,535,"A0ABR0T4M0"
"KAK6001742.1","tr|A0ABR0TBC3|A0ABR0TBC3_AURPU",100,267,2.08e-196,535,"A0ABR0TBC3"
"KAK6003442.1","tr|A0ABR0TH39|A0ABR0TH39_AURPU",100,277,4.51e-196,535,"A0ABR0TH39"
"KAK6004700.1","tr|A0ABR0TLD2|A0ABR0TLD2_AURPU",100,275,5.49e-196,535,"A0ABR0TLD2"
"KAK6005025.1","tr|A0ABR0TKP6|A0ABR0TKP6_AURPU",100,267,2.08e-196,535,"A0ABR0TKP6"
"KAK6006277.1","tr|A0ABR0TQ86|A0ABR0TQ86_AURPU",100,260,1.72e-196,535,"A0ABR0TQ86"
"KAK6006351.1","tr|A0ABR0TR44|A0ABR0TR44_AURPU",100,272,6.18e-196,535,"A0ABR0TR44"
"KAK6006561.1","tr|A0ABR0TRQ6|A0ABR0TRQ6_AURPU",100,302,3.1e-195,535,"A0ABR0TRQ6"
"KAK6008116.1","tr|A0ABR0TUE7|A0ABR0TUE7_AURPU",100,275,3.86e-196,535,"A0ABR0TUE7"
"CAC9886024.1","tr|A0ABR0TIK1|A0ABR0TIK1_AURPU",88.7,336,2.95e-194,535,"A0ABR0TIK1"
"THY30537.1","tr|A0ABR0TVD1|A0ABR0TVD1_AURPU",95.9,267,2.43e-195,534,"A0ABR0TVD1"
"KAK5999715.1","tr|A0ABR0T5L8|A0ABR0T5L8_AURPU",100,260,3.46e-196,534,"A0ABR0T5L8"
"KAK6005896.1","tr|A0ABR0TN78|A0ABR0TN78_AURPU",100,422,7.39e-191,534,"A0ABR0TN78"
"KAK6007730.1","tr|A0ABR0TV52|A0ABR0TV52_AURPU",100,278,1.98e-195,534,"A0ABR0TV52"
"KAK6008778.1","tr|A0ABR0TWF5|A0ABR0TWF5_AURPU",100,268,6.44e-196,534,"A0ABR0TWF5"
"CAD0020430.1","tr|A0ABR0T4K9|A0ABR0T4K9_AURPU",86.1,310,1.2e-194,534,"A0ABR0T4K9"
"THY66288.1","tr|A0ABR0TDK0|A0ABR0TDK0_AURPU",92.9,297,4.68e-194,533,"A0ABR0TDK0"
"KAK5999945.1","tr|A0ABR0T7H1|A0ABR0T7H1_AURPU",100,321,1.54e-193,533,"A0ABR0T7H1"
"KAK6001101.1","tr|A0ABR0TAY9|A0ABR0TAY9_AURPU",100,281,5.05e-195,533,"A0ABR0TAY9"
"KAK6001386.1","tr|A0ABR0TBT4|A0ABR0TBT4_AURPU",100,275,4.51e-195,533,"A0ABR0TBT4"
"KAK6002003.1","tr|A0ABR0TC35|A0ABR0TC35_AURPU",100,282,3.57e-194,533,"A0ABR0TC35"
"KAK6003364.1","tr|A0ABR0TFZ0|A0ABR0TFZ0_AURPU",100,260,1.41e-195,533,"A0ABR0TFZ0"
"KAK6003532.1","tr|A0ABR0THD3|A0ABR0THD3_AURPU",100,267,1.2e-195,533,"A0ABR0THD3"
"KAK6005357.1","tr|A0ABR0TLQ3|A0ABR0TLQ3_AURPU",100,275,4.51e-195,533,"A0ABR0TLQ3"
"KAK6006264.1","tr|A0ABR0TPS1|A0ABR0TPS1_AURPU",100,277,5.27e-195,533,"A0ABR0TPS1"
"KAK6006445.1","tr|A0ABR0TR81|A0ABR0TR81_AURPU",100,258,5.98e-196,533,"A0ABR0TR81"
"KAK6008005.1","tr|A0ABR0TVT8|A0ABR0TVT8_AURPU",100,264,9.52999999999999e-196,533,"A0ABR0TVT8"
"CAC9887561.1","tr|A0ABR0TIJ5|A0ABR0TIJ5_AURPU",95.5,290,1e-193,533,"A0ABR0TIJ5"
"THW20920.1","tr|A0ABR0T6U4|A0ABR0T6U4_AURPU",94.4,285,1.91e-194,532,"A0ABR0T6U4"
"THX10096.1","tr|A0ABR0T8C3|A0ABR0T8C3_AURPU",89.7,311,8.07e-194,532,"A0ABR0T8C3"
"KAK5999530.1","tr|A0ABR0T668|A0ABR0T668_AURPU",100,271,6.68e-195,532,"A0ABR0T668"
"KAK6000590.1","tr|A0ABR0T9D9|A0ABR0T9D9_AURPU",100,269,4.03e-195,532,"A0ABR0T9D9"
"KAK6000679.1","tr|A0ABR0T8B6|A0ABR0T8B6_AURPU",100,277,7.48e-195,532,"A0ABR0T8B6"
"KAK6001798.1","tr|A0ABR0TBH8|A0ABR0TBH8_AURPU",100,815,1.41e-178,532,"A0ABR0TBH8"
"KAK6005707.1","tr|A0ABR0TNI5|A0ABR0TNI5_AURPU",100,279,8.73e-195,532,"A0ABR0TNI5"
"KAK6007308.1","tr|A0ABR0TS84|A0ABR0TS84_AURPU",100,265,2.95e-195,532,"A0ABR0TS84"
"CAD0055992.1","tr|A0ABR0T811|A0ABR0T811_AURPU",96.8,279,1.65e-193,532,"A0ABR0T811"
"THV87723.1","tr|A0ABR0TFV7|A0ABR0TFV7_AURPU",95.7,276,3.23e-191,531,"A0ABR0TFV7"
"THV91048.1","tr|A0ABR0TEU7|A0ABR0TEU7_AURPU",90.1,312,1.49e-192,531,"A0ABR0TEU7"
"THX40716.1","tr|A0ABR0TG10|A0ABR0TG10_AURPU",97,268,2.57e-194,531,"A0ABR0TG10"
"THY64649.1","tr|A0ABR0TVT5|A0ABR0TVT5_AURPU",95.7,277,1.02e-193,531,"A0ABR0TVT5"
"THZ81873.1","tr|A0ABR0TC36|A0ABR0TC36_AURPU",94.1,289,2.38e-193,531,"A0ABR0TC36"
"KAK6002552.1","tr|A0ABR0TDN6|A0ABR0TDN6_AURPU",100,257,4.55e-195,531,"A0ABR0TDN6"
"KAK6004429.1","tr|A0ABR0TIZ8|A0ABR0TIZ8_AURPU",100,285,3.97e-194,531,"A0ABR0TIZ8"
"KAK6004952.1","tr|A0ABR0TKK8|A0ABR0TKK8_AURPU",100,279,3.55e-194,531,"A0ABR0TKK8"
"KAK6005358.1","tr|A0ABR0TLP4|A0ABR0TLP4_AURPU",100,290,8.3e-194,531,"A0ABR0TLP4"
"KAK6005502.1","tr|A0ABR0TMC1|A0ABR0TMC1_AURPU",100,275,1.84e-194,531,"A0ABR0TMC1"
"KAK6008190.1","tr|A0ABR0TUR8|A0ABR0TUR8_AURPU",100,262,4.72e-195,531,"A0ABR0TUR8"
"THX55704.1","tr|A0ABR0T979|A0ABR0T979_AURPU",93.3,314,1.45e-192,530,"A0ABR0T979"
"THZ15149.1","tr|A0ABR0T745|A0ABR0T745_AURPU",96.2,290,9.64e-190,530,"A0ABR0T745"
"KAK6001616.1","tr|A0ABR0TC82|A0ABR0TC82_AURPU",100,372,1.2e-190,530,"A0ABR0TC82"
"KAK6005094.1","tr|A0ABR0TLH1|A0ABR0TLH1_AURPU",100,309,7.2e-193,530,"A0ABR0TLH1"
"KAK6005131.1","tr|A0ABR0TL06|A0ABR0TL06_AURPU",100,256,8.5e-195,530,"A0ABR0TL06"
"KAK6006584.1","tr|A0ABR0TQ55|A0ABR0TQ55_AURPU",100,260,2.34e-194,530,"A0ABR0TQ55"
"KAK6007748.1","tr|A0ABR0TTJ2|A0ABR0TTJ2_AURPU",100,269,2.33e-194,530,"A0ABR0TTJ2"
"KAK6008308.1","tr|A0ABR0TUY3|A0ABR0TUY3_AURPU",100,261,1.78e-194,530,"A0ABR0TUY3"
"KAK6008409.1","tr|A0ABR0TW22|A0ABR0TW22_AURPU",100,256,8.5e-195,530,"A0ABR0TW22"
"THV81589.1","tr|A0ABR0TPW6|A0ABR0TPW6_AURPU",90,371,4.62e-189,529,"A0ABR0TPW6"
"THZ53412.1","tr|A0ABR0TLE8|A0ABR0TLE8_AURPU",91.8,294,1.77e-190,529,"A0ABR0TLE8"
"KAK5999978.1","tr|A0ABR0T6C3|A0ABR0T6C3_AURPU",100,267,5.72e-194,529,"A0ABR0T6C3"
"KAK6001974.1","tr|A0ABR0TCJ1|A0ABR0TCJ1_AURPU",100,260,3.32e-194,529,"A0ABR0TCJ1"
"KAK6006499.1","tr|A0ABR0TPZ6|A0ABR0TPZ6_AURPU",100,277,1.76e-193,529,"A0ABR0TPZ6"
"KAK6008494.1","tr|A0ABR0TVJ3|A0ABR0TVJ3_AURPU",100,270,7.22e-194,529,"A0ABR0TVJ3"
"KEQ78951.1","tr|A0ABR0TB51|A0ABR0TB51_AURPU",93.9,278,2.3e-192,528,"A0ABR0TB51"
"THX20250.1","tr|A0ABR0TJQ6|A0ABR0TJQ6_AURPU",94.3,297,8.38e-193,528,"A0ABR0TJQ6"
"THZ17044.1","tr|A0ABR0TNI3|A0ABR0TNI3_AURPU",90.6,288,3.08e-192,528,"A0ABR0TNI3"
"KAK5999956.1","tr|A0ABR0T688|A0ABR0T688_AURPU",100,263,8.47e-194,528,"A0ABR0T688"
"KAK6002095.1","tr|A0ABR0TDQ3|A0ABR0TDQ3_AURPU",100,274,4e-193,528,"A0ABR0TDQ3"
"KAK6005045.1","tr|A0ABR0TMC3|A0ABR0TMC3_AURPU",100,265,2e-193,528,"A0ABR0TMC3"
"KAK6005152.1","tr|A0ABR0TLX0|A0ABR0TLX0_AURPU",100,306,4.69e-192,528,"A0ABR0TLX0"
"KAK6007323.1","tr|A0ABR0TS92|A0ABR0TS92_AURPU",100,277,2.5e-193,528,"A0ABR0TS92"
"THW11908.1","tr|A0ABR0T7H5|A0ABR0T7H5_AURPU",90.7,300,4.79e-191,527,"A0ABR0T7H5"
"THY27343.1","tr|A0ABR0TBB0|A0ABR0TBB0_AURPU",89.7,282,3.62e-191,527,"A0ABR0TBB0"
"KAK5999629.1","tr|A0ABR0T5C2|A0ABR0T5C2_AURPU",100,256,1.41e-193,527,"A0ABR0T5C2"
"KAK6002674.1","tr|A0ABR0TE17|A0ABR0TE17_AURPU",100,268,5.08e-193,527,"A0ABR0TE17"
"KAK6005685.1","tr|A0ABR0TMM4|A0ABR0TMM4_AURPU",100,313,1.14e-191,527,"A0ABR0TMM4"
"KEQ83892.1","tr|A0ABR0TCV9|A0ABR0TCV9_AURPU",91.4,291,8.58e-192,526,"A0ABR0TCV9"
"KAK5999503.1","tr|A0ABR0T4U8|A0ABR0T4U8_AURPU",100,263,4.9e-193,526,"A0ABR0T4U8"
"KAK6001129.1","tr|A0ABR0T9K5|A0ABR0T9K5_AURPU",100,250,2.54e-193,526,"A0ABR0T9K5"
"KAK6007637.1","tr|A0ABR0TTA0|A0ABR0TTA0_AURPU",100,261,8.47e-193,526,"A0ABR0TTA0"
"KAK6008756.1","tr|A0ABR0TX23|A0ABR0TX23_AURPU",100,274,1.63e-192,526,"A0ABR0TX23"
"KEQ82844.1","tr|A0ABR0TMG8|A0ABR0TMG8_AURPU",90.7,281,1.14e-191,525,"A0ABR0TMG8"
"KEQ89778.1","tr|A0ABR0TQH4|A0ABR0TQH4_AURPU",92.5,295,3.34e-191,525,"A0ABR0TQH4"
"THX99305.1","tr|A0ABR0T7Y8|A0ABR0T7Y8_AURPU",83.7,331,1.04e-190,525,"A0ABR0T7Y8"
"THZ75653.1","tr|A0ABR0TBY4|A0ABR0TBY4_AURPU",93.7,270,1.94e-191,525,"A0ABR0TBY4"
"KAK6000701.1","tr|A0ABR0T9M8|A0ABR0T9M8_AURPU",100,277,8.37e-192,525,"A0ABR0T9M8"
"KAK6001949.1","tr|A0ABR0TC14|A0ABR0TC14_AURPU",100,266,2.52e-192,525,"A0ABR0TC14"
"KAK6002094.1","tr|A0ABR0TCW6|A0ABR0TCW6_AURPU",100,275,3.55e-192,525,"A0ABR0TCW6"
"KAK6003815.1","tr|A0ABR0TIS6|A0ABR0TIS6_AURPU",100,279,6.87e-192,525,"A0ABR0TIS6"
"KAK6004494.1","tr|A0ABR0TJS3|A0ABR0TJS3_AURPU",100,279,6.87e-192,525,"A0ABR0TJS3"
"KAK6006899.1","tr|A0ABR0TR22|A0ABR0TR22_AURPU",100,303,3.06e-191,525,"A0ABR0TR22"
"KAK6006999.1","tr|A0ABR0TRW6|A0ABR0TRW6_AURPU",100,256,8.16e-193,525,"A0ABR0TRW6"
"THV94152.1","tr|A0ABR0TRD6|A0ABR0TRD6_AURPU",73.4,508,1.03e-184,524,"A0ABR0TRD6"
"THW81334.1","tr|A0ABR0TCZ7|A0ABR0TCZ7_AURPU",94.5,289,1.87e-190,524,"A0ABR0TCZ7"
"THY33969.1","tr|A0ABR0TPA4|A0ABR0TPA4_AURPU",90.8,293,3.74e-190,524,"A0ABR0TPA4"
"THY18452.1","tr|A0ABR0TBY5|A0ABR0TBY5_AURPU",96.1,280,1.28e-189,524,"A0ABR0TBY5"
"KAK6001738.1","tr|A0ABR0TBB7|A0ABR0TBB7_AURPU",100,281,2.3e-191,524,"A0ABR0TBB7"
"KAK6004370.1","tr|A0ABR0TKF1|A0ABR0TKF1_AURPU",100,310,1.5e-190,524,"A0ABR0TKF1"
"KAK6006231.1","tr|A0ABR0TQS1|A0ABR0TQS1_AURPU",100,280,2.13e-191,524,"A0ABR0TQS1"
"KAK6008160.1","tr|A0ABR0TUP1|A0ABR0TUP1_AURPU",100,273,1.24e-191,524,"A0ABR0TUP1"
"THV96137.1","tr|A0ABR0TQ71|A0ABR0TQ71_AURPU",96.7,269,1.54e-188,523,"A0ABR0TQ71"
"KAK5999298.1","tr|A0ABR0T4E3|A0ABR0T4E3_AURPU",100,258,1.11e-191,523,"A0ABR0T4E3"
"KAK6000508.1","tr|A0ABR0T7U2|A0ABR0T7U2_AURPU",100,272,3.29e-191,523,"A0ABR0T7U2"
"KAK6001127.1","tr|A0ABR0T9K8|A0ABR0T9K8_AURPU",100,263,1.15e-191,523,"A0ABR0T9K8"
"KAK6001999.1","tr|A0ABR0TC28|A0ABR0TC28_AURPU",100,259,8.47e-192,523,"A0ABR0TC28"
"KAK6002526.1","tr|A0ABR0TF09|A0ABR0TF09_AURPU",100,478,1.09e-184,523,"A0ABR0TF09"
"KAK6002575.1","tr|A0ABR0TF17|A0ABR0TF17_AURPU",100,261,9.89e-192,523,"A0ABR0TF17"
"KAK6002803.1","tr|A0ABR0TEF1|A0ABR0TEF1_AURPU",100,265,9.49e-192,523,"A0ABR0TEF1"
"KAK6004256.1","tr|A0ABR0TJL2|A0ABR0TJL2_AURPU",100,267,1.57e-191,523,"A0ABR0TJL2"
"KAK6005603.1","tr|A0ABR0TMD6|A0ABR0TMD6_AURPU",100,271,2.14e-191,523,"A0ABR0TMD6"
"KAK6007212.1","tr|A0ABR0TSD3|A0ABR0TSD3_AURPU",100,290,1.32e-190,523,"A0ABR0TSD3"
"CAD0029953.1","tr|A0ABR0TXR5|A0ABR0TXR5_AURPU",92,287,1.01e-190,523,"A0ABR0TXR5"
"THX81227.1","tr|A0ABR0TA03|A0ABR0TA03_AURPU",92.9,297,1.27e-189,522,"A0ABR0TA03"
"KAK6001404.1","tr|A0ABR0TAZ7|A0ABR0TAZ7_AURPU",100,332,4.61e-189,522,"A0ABR0TAZ7"
"KAK6002681.1","tr|A0ABR0TF67|A0ABR0TF67_AURPU",100,287,1.48e-190,522,"A0ABR0TF67"
"KAK6004084.1","tr|A0ABR0TI16|A0ABR0TI16_AURPU",100,266,4.17e-191,522,"A0ABR0TI16"
"KAK6004714.1","tr|A0ABR0TJS4|A0ABR0TJS4_AURPU",100,271,4.32e-191,522,"A0ABR0TJS4"
"KAK6008211.1","tr|A0ABR0TWD1|A0ABR0TWD1_AURPU",100,258,2.25e-191,522,"A0ABR0TWD1"
"KEQ89632.1","tr|A0ABR0TWU5|A0ABR0TWU5_AURPU",97.4,274,2.22e-190,521,"A0ABR0TWU5"
"THV76054.1","tr|A0ABR0TI97|A0ABR0TI97_AURPU",87.1,373,4.2e-187,521,"A0ABR0TI97"
"KAK5999416.1","tr|A0ABR0T4Q5|A0ABR0T4Q5_AURPU",100,262,4.35e-191,521,"A0ABR0T4Q5"
"KAK6006466.1","tr|A0ABR0TPW8|A0ABR0TPW8_AURPU",100,288,3.23e-190,521,"A0ABR0TPW8"
"KAK6008699.1","tr|A0ABR0TW59|A0ABR0TW59_AURPU",100,339,3.18e-188,521,"A0ABR0TW59"
"CAD0058182.1","tr|A0ABR0TAV8|A0ABR0TAV8_AURPU",91,301,4.21e-190,521,"A0ABR0TAV8"
"THV67425.1","tr|A0ABR0TNT5|A0ABR0TNT5_AURPU",90.4,271,3.55e-190,520,"A0ABR0TNT5"
"THX41629.1","tr|A0ABR0TSK7|A0ABR0TSK7_AURPU",84.4,378,1.37e-186,520,"A0ABR0TSK7"
"TIA53302.1","tr|A0ABR0TSE7|A0ABR0TSE7_AURPU",88.6,369,2.43e-187,520,"A0ABR0TSE7"
"KAK5999803.1","tr|A0ABR0T5T2|A0ABR0T5T2_AURPU",100,291,2.35e-189,520,"A0ABR0T5T2"
"KAK6002398.1","tr|A0ABR0TD78|A0ABR0TD78_AURPU",100,278,4.29e-190,520,"A0ABR0TD78"
"KAK6004240.1","tr|A0ABR0TJY5|A0ABR0TJY5_AURPU",100,276,7.42e-190,520,"A0ABR0TJY5"
"KAK6004281.1","tr|A0ABR0TK79|A0ABR0TK79_AURPU",100,260,2.16e-190,520,"A0ABR0TK79"
"KAK6006834.1","tr|A0ABR0TRE8|A0ABR0TRE8_AURPU",100,254,1.35e-190,520,"A0ABR0TRE8"
"KAK6007959.1","tr|A0ABR0TUQ8|A0ABR0TUQ8_AURPU",100,250,9.93e-191,520,"A0ABR0TUQ8"
"THW08422.1","tr|A0ABR0T9G1|A0ABR0T9G1_AURPU",91.2,283,1.43e-189,519,"A0ABR0T9G1"
"TIA65909.1","tr|A0ABR0TI54|A0ABR0TI54_AURPU",92.3,297,3.8e-185,519,"A0ABR0TI54"
"KAK5999589.1","tr|A0ABR0T5T9|A0ABR0T5T9_AURPU",100,258,3.73e-190,519,"A0ABR0T5T9"
"KAK6004879.1","tr|A0ABR0TKA0|A0ABR0TKA0_AURPU",100,264,4.17e-190,519,"A0ABR0TKA0"
"KAK6004967.1","tr|A0ABR0TKM0|A0ABR0TKM0_AURPU",100,271,1.02e-189,519,"A0ABR0TKM0"
"KAK6005378.1","tr|A0ABR0TLQ6|A0ABR0TLQ6_AURPU",100,265,4.51e-190,519,"A0ABR0TLQ6"
"KAK6005845.1","tr|A0ABR0TPI0|A0ABR0TPI0_AURPU",100,266,6.92e-190,519,"A0ABR0TPI0"
"THV68804.1","tr|A0ABR0TFV3|A0ABR0TFV3_AURPU",96.7,273,6.09e-189,518,"A0ABR0TFV3"
"THV69609.1","tr|A0ABR0TGU4|A0ABR0TGU4_AURPU",91.5,283,7.14e-189,518,"A0ABR0TGU4"
"THW84634.1","tr|A0ABR0TCQ1|A0ABR0TCQ1_AURPU",91.6,287,4.01e-188,518,"A0ABR0TCQ1"
"THX33881.1","tr|A0ABR0TMG5|A0ABR0TMG5_AURPU",97,264,4.3e-189,518,"A0ABR0TMG5"
"KAK5999401.1","tr|A0ABR0T4N8|A0ABR0T4N8_AURPU",100,386,8.81e-186,518,"A0ABR0T4N8"
"KAK5999721.1","tr|A0ABR0T715|A0ABR0T715_AURPU",100,242,2.17e-190,518,"A0ABR0T715"
"KAK6003256.1","tr|A0ABR0TFN5|A0ABR0TFN5_AURPU",100,264,8.42e-190,518,"A0ABR0TFN5"
"CAD0017831.1","tr|A0ABR0TMR6|A0ABR0TMR6_AURPU",90.6,299,1.88e-186,518,"A0ABR0TMR6"
"KEQ85142.1","tr|A0ABR0TFJ0|A0ABR0TFJ0_AURPU",95.5,266,2.82e-189,517,"A0ABR0TFJ0"
"THW09558.1","tr|A0ABR0TV24|A0ABR0TV24_AURPU",96.2,266,3.18e-189,517,"A0ABR0TV24"
"TIA40333.1","tr|A0ABR0TNL3|A0ABR0TNL3_AURPU",90.4,292,2.65e-188,517,"A0ABR0TNL3"
"KAK6000568.1","tr|A0ABR0T806|A0ABR0T806_AURPU",100,261,2.72e-189,517,"A0ABR0T806"
"KAK6000663.1","tr|A0ABR0T894|A0ABR0T894_AURPU",100,257,1.4e-189,517,"A0ABR0T894"
"KAK6000993.1","tr|A0ABR0T976|A0ABR0T976_AURPU",100,262,2.07e-189,517,"A0ABR0T976"
"KAK6001685.1","tr|A0ABR0TCM6|A0ABR0TCM6_AURPU",100,275,5.64e-189,517,"A0ABR0TCM6"
"KAK6003434.1","tr|A0ABR0TG84|A0ABR0TG84_AURPU",100,261,2.72e-189,517,"A0ABR0TG84"
"KAK6003730.1","tr|A0ABR0TIE0|A0ABR0TIE0_AURPU",100,259,1.64e-189,517,"A0ABR0TIE0"
"KAK6004407.1","tr|A0ABR0TJ87|A0ABR0TJ87_AURPU",100,313,1.04e-187,517,"A0ABR0TJ87"
"KAK5999505.1","tr|A0ABR0T4Z4|A0ABR0T4Z4_AURPU",100,267,1.24e-188,516,"A0ABR0T4Z4"
"KAK6000962.1","tr|A0ABR0T942|A0ABR0T942_AURPU",100,253,2.08e-189,516,"A0ABR0T942"
"KAK6000999.1","tr|A0ABR0T9T3|A0ABR0T9T3_AURPU",100,257,5.72e-189,516,"A0ABR0T9T3"
"KAK6001522.1","tr|A0ABR0TBL7|A0ABR0TBL7_AURPU",100,253,4.2e-189,516,"A0ABR0TBL7"
"KAK6004111.1","tr|A0ABR0TI33|A0ABR0TI33_AURPU",100,265,7.48e-189,516,"A0ABR0TI33"
"KAK6005823.1","tr|A0ABR0TN06|A0ABR0TN06_AURPU",100,267,8.73e-189,516,"A0ABR0TN06"
"KAK6008360.1","tr|A0ABR0TWX9|A0ABR0TWX9_AURPU",100,330,7.62e-187,516,"A0ABR0TWX9"
"KEQ81477.1","tr|A0ABR0TRK6|A0ABR0TRK6_AURPU",96.7,271,2.4e-188,515,"A0ABR0TRK6"
"OBW64332.1","tr|A0ABR0TBL8|A0ABR0TBL8_AURPU",91.9,295,1.52e-187,515,"A0ABR0TBL8"
"KAK5999796.1","tr|A0ABR0T792|A0ABR0T792_AURPU",100,292,1.21e-187,515,"A0ABR0T792"
"KAK6001935.1","tr|A0ABR0TBX3|A0ABR0TBX3_AURPU",100,258,8.78e-189,515,"A0ABR0TBX3"
"KAK6003514.1","tr|A0ABR0TGE8|A0ABR0TGE8_AURPU",100,301,2.4e-187,515,"A0ABR0TGE8"
"KAK6005517.1","tr|A0ABR0TMD9|A0ABR0TMD9_AURPU",100,263,1.84e-188,515,"A0ABR0TMD9"
"KAK6006635.1","tr|A0ABR0TRY4|A0ABR0TRY4_AURPU",100,282,7.95e-188,515,"A0ABR0TRY4"
"KAK6007195.1","tr|A0ABR0TTI3|A0ABR0TTI3_AURPU",100,263,1.84e-188,515,"A0ABR0TTI3"
"KAK6007521.1","tr|A0ABR0TUI3|A0ABR0TUI3_AURPU",100,271,2.4e-188,515,"A0ABR0TUI3"
"KAK6008471.1","tr|A0ABR0TWB5|A0ABR0TWB5_AURPU",100,251,5.1e-189,515,"A0ABR0TWB5"
"THW65132.1","tr|A0ABR0TLR3|A0ABR0TLR3_AURPU",95.2,294,7.45e-187,514,"A0ABR0TLR3"
"THW50582.1","tr|A0ABR0TTX2|A0ABR0TTX2_AURPU",88.6,306,9.2e-187,514,"A0ABR0TTX2"
"KAK6004395.1","tr|A0ABR0TIX1|A0ABR0TIX1_AURPU",100,285,2.87e-187,514,"A0ABR0TIX1"
"KAK6004752.1","tr|A0ABR0TK85|A0ABR0TK85_AURPU",100,263,3.71e-188,514,"A0ABR0TK85"
"KAK6005675.1","tr|A0ABR0TP64|A0ABR0TP64_AURPU",100,268,7.75e-188,514,"A0ABR0TP64"
"KAK6006284.1","tr|A0ABR0TPA8|A0ABR0TPA8_AURPU",100,249,1.25e-188,514,"A0ABR0TPA8"
"KAK6007952.1","tr|A0ABR0TU69|A0ABR0TU69_AURPU",100,296,4.69e-187,514,"A0ABR0TU69"
"KAK6008468.1","tr|A0ABR0TVM5|A0ABR0TVM5_AURPU",100,262,3.43e-188,514,"A0ABR0TVM5"
"CAC9888670.1","tr|A0ABR0TRC8|A0ABR0TRC8_AURPU",77.6,330,4.6e-186,514,"A0ABR0TRC8"
"THV69095.1","tr|A0ABR0TL75|A0ABR0TL75_AURPU",95.7,257,3.58e-186,513,"A0ABR0TL75"
"THV69131.1","tr|A0ABR0T7A0|A0ABR0T7A0_AURPU",92.5,280,1.25e-186,513,"A0ABR0T7A0"
"THV75056.1","tr|A0ABR0TIX4|A0ABR0TIX4_AURPU",93.2,280,5.39e-186,513,"A0ABR0TIX4"
"THX09995.1","tr|A0ABR0T9T8|A0ABR0T9T8_AURPU",84.5,373,9.12e-177,513,"A0ABR0T9T8"
"THX77042.1","tr|A0ABR0TJM4|A0ABR0TJM4_AURPU",98.5,261,3.28e-187,513,"A0ABR0TJM4"
"THZ81394.1","tr|A0ABR0TRZ6|A0ABR0TRZ6_AURPU",96,274,8.07e-186,513,"A0ABR0TRZ6"
"TIA25149.1","tr|A0ABR0TM91|A0ABR0TM91_AURPU",86.4,338,1.85e-185,513,"A0ABR0TM91"
"KAK6000005.1","tr|A0ABR0T7N6|A0ABR0T7N6_AURPU",100,257,6.68e-188,513,"A0ABR0T7N6"
"KAK6006279.1","tr|A0ABR0TPT6|A0ABR0TPT6_AURPU",100,247,3.08e-188,513,"A0ABR0TPT6"
"KAK6008475.1","tr|A0ABR0TVI4|A0ABR0TVI4_AURPU",100,317,6.67e-186,513,"A0ABR0TVI4"
"KEQ78785.1","tr|A0ABR0TVM9|A0ABR0TVM9_AURPU",94,284,1.53e-186,512,"A0ABR0TVM9"
"THY26066.1","tr|A0ABR0THB7|A0ABR0THB7_AURPU",92.4,277,1.87e-182,512,"A0ABR0THB7"
"KAK5999558.1","tr|A0ABR0T535|A0ABR0T535_AURPU",100,281,8.58e-187,512,"A0ABR0T535"
"KAK6000984.1","tr|A0ABR0T9S4|A0ABR0T9S4_AURPU",100,257,1.35e-187,512,"A0ABR0T9S4"
"KAK6001924.1","tr|A0ABR0TBU9|A0ABR0TBU9_AURPU",100,253,1.4e-187,512,"A0ABR0TBU9"
"KAK6004386.1","tr|A0ABR0TKH9|A0ABR0TKH9_AURPU",100,329,4.74e-185,512,"A0ABR0TKH9"
"KAK6004907.1","tr|A0ABR0TKG4|A0ABR0TKG4_AURPU",100,287,8.43e-184,512,"A0ABR0TKG4"
"KAK6006302.1","tr|A0ABR0TPC4|A0ABR0TPC4_AURPU",100,266,3.84e-187,512,"A0ABR0TPC4"
"KAK6008306.1","tr|A0ABR0TVV0|A0ABR0TVV0_AURPU",100,263,2.14e-187,512,"A0ABR0TVV0"
"CAD0057670.1","tr|A0ABR0THM3|A0ABR0THM3_AURPU",88.7,301,1.57e-186,512,"A0ABR0THM3"
"TIA75186.1","tr|A0ABR0TEN2|A0ABR0TEN2_AURPU",92.8,292,7.02e-186,511,"A0ABR0TEN2"
"KAK5999294.1","tr|A0ABR0T4N6|A0ABR0T4N6_AURPU",100,256,5.08e-187,511,"A0ABR0T4N6"
"KAK5999973.1","tr|A0ABR0T6B6|A0ABR0T6B6_AURPU",100,243,1.31e-187,511,"A0ABR0T6B6"
"KAK6002022.1","tr|A0ABR0TCJ6|A0ABR0TCJ6_AURPU",100,245,1.07e-187,511,"A0ABR0TCJ6"
"KAK6002096.1","tr|A0ABR0TDH9|A0ABR0TDH9_AURPU",100,242,1.21e-187,511,"A0ABR0TDH9"
"KAK6003390.1","tr|A0ABR0TG44|A0ABR0TG44_AURPU",100,278,2.77e-186,511,"A0ABR0TG44"
"KAK6003606.1","tr|A0ABR0TI73|A0ABR0TI73_AURPU",100,306,2.37e-185,511,"A0ABR0TI73"
"KAK6004171.1","tr|A0ABR0TI86|A0ABR0TI86_AURPU",100,244,1.41e-187,511,"A0ABR0TI86"
"KAK6004314.1","tr|A0ABR0TJ95|A0ABR0TJ95_AURPU",100,237,8.19e-188,511,"A0ABR0TJ95"
"KAK6004699.1","tr|A0ABR0TJR3|A0ABR0TJR3_AURPU",100,259,6.41e-187,511,"A0ABR0TJR3"
"KAL2034342.1","tr|A0ABR0TV55|A0ABR0TV55_AURPU",99.2,254,2.86e-186,511,"A0ABR0TV55"
"KAK6003938.1","tr|A0ABR0THM7|A0ABR0THM7_AURPU",100,256,7.22e-187,510,"A0ABR0THM7"
"KAK6005539.1","tr|A0ABR0TM72|A0ABR0TM72_AURPU",100,274,4.11e-186,510,"A0ABR0TM72"
"KAK6008135.1","tr|A0ABR0TWC1|A0ABR0TWC1_AURPU",100,247,5.11e-187,510,"A0ABR0TWC1"
"CAD0014274.1","tr|A0ABR0TP82|A0ABR0TP82_AURPU",81,332,7.43e-185,510,"A0ABR0TP82"
"THW04020.1","tr|A0ABR0TVZ9|A0ABR0TVZ9_AURPU",96.7,269,1.07e-183,509,"A0ABR0TVZ9"
"THW92445.1","tr|A0ABR0TQ39|A0ABR0TQ39_AURPU",91.1,269,3.75e-181,509,"A0ABR0TQ39"
"KAK6000713.1","tr|A0ABR0T8E6|A0ABR0T8E6_AURPU",100,281,1e-185,509,"A0ABR0T8E6"
"KAK6003961.1","tr|A0ABR0THN7|A0ABR0THN7_AURPU",100,250,1.3e-186,509,"A0ABR0THN7"
"KAK6005908.1","tr|A0ABR0TN86|A0ABR0TN86_AURPU",100,252,2.16e-186,509,"A0ABR0TN86"
"KAK6006026.1","tr|A0ABR0TPJ8|A0ABR0TPJ8_AURPU",100,256,2.94e-186,509,"A0ABR0TPJ8"
"KAK6006940.1","tr|A0ABR0TSN6|A0ABR0TSN6_AURPU",100,272,1.01e-185,509,"A0ABR0TSN6"
"CAC9889239.1","tr|A0ABR0TDA4|A0ABR0TDA4_AURPU",85.1,315,6.72e-185,509,"A0ABR0TDA4"
"KEQ88477.1","tr|A0ABR0TLA5|A0ABR0TLA5_AURPU",90.8,282,4.4e-185,508,"A0ABR0TLA5"
"THY35220.1","tr|A0ABR0TFU5|A0ABR0TFU5_AURPU",90.4,272,4.64e-178,508,"A0ABR0TFU5"
"KAK6000020.1","tr|A0ABR0T7P8|A0ABR0T7P8_AURPU",100,246,3.88e-186,508,"A0ABR0T7P8"
"KAK6000511.1","tr|A0ABR0T7U8|A0ABR0T7U8_AURPU",100,261,1.24e-185,508,"A0ABR0T7U8"
"KAK6001123.1","tr|A0ABR0T9M2|A0ABR0T9M2_AURPU",100,253,4.7e-186,508,"A0ABR0T9M2"
"KAK6001688.1","tr|A0ABR0TB68|A0ABR0TB68_AURPU",100,252,3.06e-186,508,"A0ABR0TB68"
"CAD0013334.1","tr|A0ABR0TBB9|A0ABR0TBB9_AURPU",90.3,298,3.59e-184,508,"A0ABR0TBB9"
"THZ32188.1","tr|A0ABR0TQG0|A0ABR0TQG0_AURPU",88.3,273,4.88e-185,507,"A0ABR0TQG0"
"KAK6000182.1","tr|A0ABR0T6W8|A0ABR0T6W8_AURPU",100,257,1.29e-185,507,"A0ABR0T6W8"
"KAK6005342.1","tr|A0ABR0TLP3|A0ABR0TLP3_AURPU",100,247,8.47e-186,507,"A0ABR0TLP3"
"KAK6006354.1","tr|A0ABR0TQ08|A0ABR0TQ08_AURPU",100,247,5.96e-186,507,"A0ABR0TQ08"
"KAK6007640.1","tr|A0ABR0TUW7|A0ABR0TUW7_AURPU",100,250,7.52e-186,507,"A0ABR0TUW7"
"KAK6007989.1","tr|A0ABR0TUT7|A0ABR0TUT7_AURPU",100,271,3.81e-185,507,"A0ABR0TUT7"
"CAD0020399.1","tr|A0ABR0TIJ0|A0ABR0TIJ0_AURPU",92.8,279,9.3e-185,507,"A0ABR0TIJ0"
"THW04763.1","tr|A0ABR0TJH8|A0ABR0TJH8_AURPU",92.4,264,4.92e-184,506,"A0ABR0TJH8"
"KAK5999934.1","tr|A0ABR0T6S1|A0ABR0T6S1_AURPU",100,256,4.87e-185,506,"A0ABR0T6S1"
"KAK5999998.1","tr|A0ABR0T6D3|A0ABR0T6D3_AURPU",100,257,5.27e-185,506,"A0ABR0T6D3"
"KAK6000438.1","tr|A0ABR0T7L2|A0ABR0T7L2_AURPU",100,250,1.52e-185,506,"A0ABR0T7L2"
"KAK6002468.1","tr|A0ABR0TDE5|A0ABR0TDE5_AURPU",100,297,5.64e-184,506,"A0ABR0TDE5"
"KAK6004788.1","tr|A0ABR0TK06|A0ABR0TK06_AURPU",100,250,2.16e-185,506,"A0ABR0TK06"
"KAK6004869.1","tr|A0ABR0TKU9|A0ABR0TKU9_AURPU",100,250,2.16e-185,506,"A0ABR0TKU9"
"KAK6005273.1","tr|A0ABR0TLF7|A0ABR0TLF7_AURPU",100,260,6.64e-185,506,"A0ABR0TLF7"
"THX13185.1","tr|A0ABR0TW64|A0ABR0TW64_AURPU",88.4,292,1.88e-183,505,"A0ABR0TW64"
"KAK6000834.1","tr|A0ABR0T9B8|A0ABR0T9B8_AURPU",100,254,8.43e-185,505,"A0ABR0T9B8"
"KAK6002250.1","tr|A0ABR0TCU4|A0ABR0TCU4_AURPU",100,242,3.33e-185,505,"A0ABR0TCU4"
"KAK6004125.1","tr|A0ABR0TI59|A0ABR0TI59_AURPU",100,256,9.84e-185,505,"A0ABR0TI59"
"KAK6005717.1","tr|A0ABR0TMU3|A0ABR0TMU3_AURPU",100,283,7.87e-184,505,"A0ABR0TMU3"
"KAK6005770.1","tr|A0ABR0TPA1|A0ABR0TPA1_AURPU",100,255,6.41e-185,505,"A0ABR0TPA1"
"KAK6005928.1","tr|A0ABR0TNA8|A0ABR0TNA8_AURPU",100,257,7.48e-185,505,"A0ABR0TNA8"
"CAD0038706.1","tr|A0ABR0TD01|A0ABR0TD01_AURPU",89.5,277,2.57e-183,505,"A0ABR0TD01"
"KAK6000047.1","tr|A0ABR0T6J5|A0ABR0T6J5_AURPU",100,246,9.16e-185,504,"A0ABR0T6J5"
"KAK6001631.1","tr|A0ABR0TC93|A0ABR0TC93_AURPU",100,248,1.52e-184,504,"A0ABR0TC93"
"KAK6002192.1","tr|A0ABR0TCN2|A0ABR0TCN2_AURPU",100,250,8.78e-185,504,"A0ABR0TCN2"
"KAK6003506.1","tr|A0ABR0THI5|A0ABR0THI5_AURPU",100,323,3.34e-182,504,"A0ABR0THI5"
"KAK6003959.1","tr|A0ABR0THR3|A0ABR0THR3_AURPU",100,303,7.32e-183,504,"A0ABR0THR3"
"KAK6006417.1","tr|A0ABR0TQ02|A0ABR0TQ02_AURPU",100,258,1.63e-184,504,"A0ABR0TQ02"
"KAK6007880.1","tr|A0ABR0TVK6|A0ABR0TVK6_AURPU",100,272,9.68e-184,504,"A0ABR0TVK6"
"KAK6008307.1","tr|A0ABR0TVH1|A0ABR0TVH1_AURPU",100,258,3.29e-184,504,"A0ABR0TVH1"
"KAK6008373.1","tr|A0ABR0TV84|A0ABR0TV84_AURPU",100,249,1.16e-184,504,"A0ABR0TV84"
"KAK6008810.1","tr|A0ABR0TXU3|A0ABR0TXU3_AURPU",100,250,1.77e-184,504,"A0ABR0TXU3"
"THY52003.1","tr|A0ABR0TR40|A0ABR0TR40_AURPU",92.2,268,8.42e-184,503,"A0ABR0TR40"
"KAK6000437.1","tr|A0ABR0T7L6|A0ABR0T7L6_AURPU",100,246,1.85e-184,503,"A0ABR0T7L6"
"KAK6002230.1","tr|A0ABR0TE36|A0ABR0TE36_AURPU",100,254,6.93e-184,503,"A0ABR0TE36"
"KAK6002418.1","tr|A0ABR0TDA6|A0ABR0TDA6_AURPU",100,307,2e-182,503,"A0ABR0TDA6"
"KAK6002722.1","tr|A0ABR0TF32|A0ABR0TF32_AURPU",100,263,1.39e-183,503,"A0ABR0TF32"
"KAK6003966.1","tr|A0ABR0TJ80|A0ABR0TJ80_AURPU",100,245,2.43e-184,503,"A0ABR0TJ80"
"KAK6006639.1","tr|A0ABR0TQU7|A0ABR0TQU7_AURPU",100,273,1.49e-183,503,"A0ABR0TQU7"
"KAK6008503.1","tr|A0ABR0TVI6|A0ABR0TVI6_AURPU",100,253,4.51e-184,503,"A0ABR0TVI6"
"KAK6008794.1","tr|A0ABR0TWE1|A0ABR0TWE1_AURPU",100,244,2.25e-184,503,"A0ABR0TWE1"
"KAK6008828.1","tr|A0ABR0TWQ6|A0ABR0TWQ6_AURPU",100,249,4.7e-184,503,"A0ABR0TWQ6"
"CAD0029906.1","tr|A0ABR0TVB1|A0ABR0TVB1_AURPU",89.2,295,2.57e-181,503,"A0ABR0TVB1"
"TIA60164.1","tr|A0ABR0TWD7|A0ABR0TWD7_AURPU",94,265,7.63e-183,502,"A0ABR0TWD7"
"KAK6000120.1","tr|A0ABR0T6Q3|A0ABR0T6Q3_AURPU",100,253,1.29e-183,502,"A0ABR0T6Q3"
"KAK6001353.1","tr|A0ABR0TA86|A0ABR0TA86_AURPU",100,267,3.81e-183,502,"A0ABR0TA86"
"KAK6001406.1","tr|A0ABR0TBL1|A0ABR0TBL1_AURPU",100,285,1.07e-182,502,"A0ABR0TBL1"
"KAK6001534.1","tr|A0ABR0TAR2|A0ABR0TAR2_AURPU",100,247,8.13e-184,502,"A0ABR0TAR2"
"KAK6001621.1","tr|A0ABR0TAZ4|A0ABR0TAZ4_AURPU",100,263,1.97e-183,502,"A0ABR0TAZ4"
"KAK6002413.1","tr|A0ABR0TD93|A0ABR0TD93_AURPU",100,274,6.53e-183,502,"A0ABR0TD93"
"KAK6004711.1","tr|A0ABR0TJT0|A0ABR0TJT0_AURPU",100,247,8.13e-184,502,"A0ABR0TJT0"
"OBW67966.1","tr|A0ABR0TSD4|A0ABR0TSD4_AURPU",95,261,2.74e-178,501,"A0ABR0TSD4"
"THW70735.1","tr|A0ABR0TFF6|A0ABR0TFF6_AURPU",88.3,283,2.7e-182,501,"A0ABR0TFF6"
"THW28012.1","tr|A0ABR0TJP4|A0ABR0TJP4_AURPU",97.6,253,8.24e-179,501,"A0ABR0TJP4"
"THY86009.1","tr|A0ABR0TTU1|A0ABR0TTU1_AURPU",96.5,283,1.63e-181,501,"A0ABR0TTU1"
"KAK5999685.1","tr|A0ABR0T5H5|A0ABR0T5H5_AURPU",100,252,1.7e-183,501,"A0ABR0T5H5"
"KAK6000896.1","tr|A0ABR0TA54|A0ABR0TA54_AURPU",100,261,3.41e-183,501,"A0ABR0TA54"
"KAK6003720.1","tr|A0ABR0TH14|A0ABR0TH14_AURPU",100,260,4.48e-183,501,"A0ABR0TH14"
"KAK6006597.1","tr|A0ABR0TQJ2|A0ABR0TQJ2_AURPU",100,241,1.46e-183,501,"A0ABR0TQJ2"
"KAK6007675.1","tr|A0ABR0TUW5|A0ABR0TUW5_AURPU",100,252,3.43e-183,501,"A0ABR0TUW5"
"CAC9886669.1","tr|A0ABR0THI7|A0ABR0THI7_AURPU",91.7,290,3.3e-182,501,"A0ABR0THI7"
"CAR1021748.1","tr|A0ABR0TAK7|A0ABR0TAK7_AURPU",95.7,256,1e-182,501,"A0ABR0TAK7"
"TIA72615.1","tr|A0ABR0TGS9|A0ABR0TGS9_AURPU",93.4,256,2.37e-181,500,"A0ABR0TGS9"
"KAK6004665.1","tr|A0ABR0TJN9|A0ABR0TJN9_AURPU",100,238,2.34e-183,500,"A0ABR0TJN9"
"KAK6005572.1","tr|A0ABR0TN30|A0ABR0TN30_AURPU",100,260,1.28e-182,500,"A0ABR0TN30"
"KAK6008230.1","tr|A0ABR0TWG1|A0ABR0TWG1_AURPU",100,252,6.93e-183,500,"A0ABR0TWG1"
"KAK6008280.1","tr|A0ABR0TV03|A0ABR0TV03_AURPU",100,253,7.48e-183,500,"A0ABR0TV03"
"THZ94393.1","tr|A0ABR0TXG8|A0ABR0TXG8_AURPU",98.5,261,5.32e-181,499,"A0ABR0TXG8"
"KEQ81043.1","tr|A0ABR0TN57|A0ABR0TN57_AURPU",97.4,269,1.05e-181,498,"A0ABR0TN57"
"THV81666.1","tr|A0ABR0TAC0|A0ABR0TAC0_AURPU",90.8,272,4.44e-174,498,"A0ABR0TAC0"
"KAK6000216.1","tr|A0ABR0T8F8|A0ABR0T8F8_AURPU",100,278,4.21e-181,498,"A0ABR0T8F8"
"KAK6002550.1","tr|A0ABR0TDN9|A0ABR0TDN9_AURPU",100,255,7.18e-182,498,"A0ABR0TDN9"
"KAK6002913.1","tr|A0ABR0TEQ9|A0ABR0TEQ9_AURPU",100,294,1.43e-180,498,"A0ABR0TEQ9"
"KAK6004673.1","tr|A0ABR0TJS1|A0ABR0TJS1_AURPU",100,269,1.05e-181,498,"A0ABR0TJS1"
"KAK6007269.1","tr|A0ABR0TSR4|A0ABR0TSR4_AURPU",100,278,4.21e-181,498,"A0ABR0TSR4"
"KAK6008695.1","tr|A0ABR0TXI1|A0ABR0TXI1_AURPU",100,257,4.15e-182,498,"A0ABR0TXI1"
"KAK6001710.1","tr|A0ABR0TB89|A0ABR0TB89_AURPU",100,245,4.71e-182,497,"A0ABR0TB89"
"KAK6005749.1","tr|A0ABR0TMS9|A0ABR0TMS9_AURPU",100,248,5.94e-182,497,"A0ABR0TMS9"
"KEQ87871.1","tr|A0ABR0TU52|A0ABR0TU52_AURPU",91.2,262,7.12e-181,496,"A0ABR0TU52"
"THV77459.1","tr|A0ABR0TU68|A0ABR0TU68_AURPU",90.1,273,9.73e-181,496,"A0ABR0TU68"
"THV84545.1","tr|A0ABR0TL11|A0ABR0TL11_AURPU",94.8,267,3.31e-180,496,"A0ABR0TL11"
"TIA22242.1","tr|A0ABR0T6K0|A0ABR0T6K0_AURPU",90.8,272,2.18e-179,496,"A0ABR0T6K0"
"KAK6002435.1","tr|A0ABR0TER0|A0ABR0TER0_AURPU",100,255,2.06e-181,496,"A0ABR0TER0"
"KAK6005003.1","tr|A0ABR0TKP9|A0ABR0TKP9_AURPU",100,245,1.92e-181,496,"A0ABR0TKP9"
"KAK6006388.1","tr|A0ABR0TPK7|A0ABR0TPK7_AURPU",100,246,2.07e-181,496,"A0ABR0TPK7"
"KAK6006600.1","tr|A0ABR0TQ89|A0ABR0TQ89_AURPU",100,252,1.63e-181,496,"A0ABR0TQ89"
"KAK6007547.1","tr|A0ABR0TSZ6|A0ABR0TSZ6_AURPU",100,250,1.4e-181,496,"A0ABR0TSZ6"
"KAK6008029.1","tr|A0ABR0TU78|A0ABR0TU78_AURPU",100,253,2.5e-181,496,"A0ABR0TU78"
"CAD0011098.1","tr|A0ABR0TNP7|A0ABR0TNP7_AURPU",88.3,273,7.42e-181,496,"A0ABR0TNP7"
"TIA10517.1","tr|A0ABR0TPZ8|A0ABR0TPZ8_AURPU",94.6,279,2.72e-179,495,"A0ABR0TPZ8"
"KAK6001362.1","tr|A0ABR0TAQ3|A0ABR0TAQ3_AURPU",100,234,1.65e-181,495,"A0ABR0TAQ3"
"KAK6002430.1","tr|A0ABR0TDB6|A0ABR0TDB6_AURPU",100,245,2.72e-181,495,"A0ABR0TDB6"
"KAK6006088.1","tr|A0ABR0TNU2|A0ABR0TNU2_AURPU",100,248,4.88e-181,495,"A0ABR0TNU2"
"KAK6006095.1","tr|A0ABR0TQE6|A0ABR0TQE6_AURPU",100,242,2.16e-181,495,"A0ABR0TQE6"
"KAK6006853.1","tr|A0ABR0TQX6|A0ABR0TQX6_AURPU",100,398,3.99e-176,495,"A0ABR0TQX6"
"KAK6007032.1","tr|A0ABR0TRU0|A0ABR0TRU0_AURPU",100,300,9.12e-179,495,"A0ABR0TRU0"
"KAK6007276.1","tr|A0ABR0TS58|A0ABR0TS58_AURPU",100,242,2.16e-181,495,"A0ABR0TS58"
"KAK6007978.1","tr|A0ABR0TTZ9|A0ABR0TTZ9_AURPU",100,402,3.77e-176,495,"A0ABR0TTZ9"
"THV88239.1","tr|A0ABR0TNL7|A0ABR0TNL7_AURPU",92,250,2.1e-179,494,"A0ABR0TNL7"
"TIA13235.1","tr|A0ABR0T9X4|A0ABR0T9X4_AURPU",94.8,267,2.07e-179,494,"A0ABR0T9X4"
"KAK6001274.1","tr|A0ABR0TA71|A0ABR0TA71_AURPU",100,237,5.97e-181,494,"A0ABR0TA71"
"KAK6001817.1","tr|A0ABR0TBJ9|A0ABR0TBJ9_AURPU",100,250,1.15e-180,494,"A0ABR0TBJ9"
"KAK6004340.1","tr|A0ABR0TKC2|A0ABR0TKC2_AURPU",100,251,1.76e-180,494,"A0ABR0TKC2"
"KAK6004541.1","tr|A0ABR0TKC8|A0ABR0TKC8_AURPU",100,252,1.34e-180,494,"A0ABR0TKC8"
"KEQ86691.1","tr|A0ABR0TJE9|A0ABR0TJE9_AURPU",96,252,5.46e-180,493,"A0ABR0TJE9"
"THV76932.1","tr|A0ABR0TXC8|A0ABR0TXC8_AURPU",86.8,342,5.08e-176,493,"A0ABR0TXC8"
"KAK6000073.1","tr|A0ABR0T6L7|A0ABR0T6L7_AURPU",100,320,4.88e-178,493,"A0ABR0T6L7"
"KAK6000455.1","tr|A0ABR0T903|A0ABR0T903_AURPU",100,248,2.82e-180,493,"A0ABR0T903"
"KAK6001405.1","tr|A0ABR0TBP3|A0ABR0TBP3_AURPU",100,261,7.7e-180,493,"A0ABR0TBP3"
"KAK6001807.1","tr|A0ABR0TCF0|A0ABR0TCF0_AURPU",100,254,4.49e-180,493,"A0ABR0TCF0"
"KAK6003352.1","tr|A0ABR0TGV5|A0ABR0TGV5_AURPU",100,258,4.3e-180,493,"A0ABR0TGV5"
"KAK6004213.1","tr|A0ABR0TIF1|A0ABR0TIF1_AURPU",100,240,1.52e-180,493,"A0ABR0TIF1"
"KAK6006809.1","tr|A0ABR0TQT5|A0ABR0TQT5_AURPU",100,275,3.2e-179,493,"A0ABR0TQT5"
"KAK6006949.1","tr|A0ABR0TR98|A0ABR0TR98_AURPU",100,238,1.3e-180,493,"A0ABR0TR98"
"KAK6007841.1","tr|A0ABR0TUJ0|A0ABR0TUJ0_AURPU",100,260,5.02e-180,493,"A0ABR0TUJ0"
"KAK6008501.1","tr|A0ABR0TWE5|A0ABR0TWE5_AURPU",100,244,2.07e-180,493,"A0ABR0TWE5"
"CAD0012998.1","tr|A0ABR0TLP0|A0ABR0TLP0_AURPU",84.1,309,1.2e-178,493,"A0ABR0TLP0"
"KAK6004163.1","tr|A0ABR0TIA2|A0ABR0TIA2_AURPU",100,251,7.18e-180,492,"A0ABR0TIA2"
"KAK6004259.1","tr|A0ABR0TIN6|A0ABR0TIN6_AURPU",100,247,7.49e-180,492,"A0ABR0TIN6"
"KAK6008192.1","tr|A0ABR0TUY1|A0ABR0TUY1_AURPU",100,263,1.81e-179,492,"A0ABR0TUY1"
"CAC9891402.1","tr|A0ABR0TT44|A0ABR0TT44_AURPU",88.2,280,4.98e-179,492,"A0ABR0TT44"
"OBW63838.1","tr|A0ABR0TIN8|A0ABR0TIN8_AURPU",91.7,266,1.46e-178,491,"A0ABR0TIN8"
"THV79089.1","tr|A0ABR0TJF8|A0ABR0TJF8_AURPU",96.3,270,1.37e-177,491,"A0ABR0TJF8"
"THW86257.1","tr|A0ABR0TWZ5|A0ABR0TWZ5_AURPU",87,301,5.57e-177,491,"A0ABR0TWZ5"
"THX35786.1","tr|A0ABR0TQ56|A0ABR0TQ56_AURPU",87.4,286,1.23e-178,491,"A0ABR0TQ56"
"KAK5999415.1","tr|A0ABR0T4Q7|A0ABR0T4Q7_AURPU",100,242,1.46e-179,491,"A0ABR0T4Q7"
"KAK6000500.1","tr|A0ABR0T948|A0ABR0T948_AURPU",100,235,4.2e-180,491,"A0ABR0T948"
"KAK6002446.1","tr|A0ABR0TDD2|A0ABR0TDD2_AURPU",100,252,3.16e-179,491,"A0ABR0TDD2"
"KAK6003450.1","tr|A0ABR0TGA8|A0ABR0TGA8_AURPU",100,241,6.69e-180,491,"A0ABR0TGA8"
"KAK6007248.1","tr|A0ABR0TS16|A0ABR0TS16_AURPU",100,249,1.76e-179,491,"A0ABR0TS16"
"KAK6008605.1","tr|A0ABR0TXA4|A0ABR0TXA4_AURPU",100,297,9.94e-178,491,"A0ABR0TXA4"
"THW11727.1","tr|A0ABR0T954|A0ABR0T954_AURPU",87.3,291,7.98e-178,490,"A0ABR0T954"
"KAK5999377.1","tr|A0ABR0T5I7|A0ABR0T5I7_AURPU",100,421,2.01e-173,490,"A0ABR0T5I7"
"KAK6004621.1","tr|A0ABR0TJJ0|A0ABR0TJJ0_AURPU",100,237,2e-179,490,"A0ABR0TJJ0"
"THV63917.1","tr|A0ABR0TKY7|A0ABR0TKY7_AURPU",95,261,1.37e-177,489,"A0ABR0TKY7"
"THV70731.1","tr|A0ABR0TAE6|A0ABR0TAE6_AURPU",93.3,254,1.1e-178,489,"A0ABR0TAE6"
"THV87674.1","tr|A0ABR0TM79|A0ABR0TM79_AURPU",99.1,233,4.83e-179,489,"A0ABR0TM79"
"THV97799.1","tr|A0ABR0T6G5|A0ABR0T6G5_AURPU",97.2,249,5.48e-178,489,"A0ABR0T6G5"
"THY58066.1","tr|A0ABR0TP74|A0ABR0TP74_AURPU",85.9,383,6.66e-174,489,"A0ABR0TP74"
"KAK6000392.1","tr|A0ABR0T7H0|A0ABR0T7H0_AURPU",100,243,6.42e-179,489,"A0ABR0T7H0"
"KAK6001269.1","tr|A0ABR0TAL8|A0ABR0TAL8_AURPU",100,249,1.02e-178,489,"A0ABR0TAL8"
"KAK6001286.1","tr|A0ABR0TB98|A0ABR0TB98_AURPU",100,258,1.44e-178,489,"A0ABR0TB98"
"KAK6001620.1","tr|A0ABR0TAZ3|A0ABR0TAZ3_AURPU",100,243,9.12e-179,489,"A0ABR0TAZ3"
"KAK6007267.1","tr|A0ABR0TT59|A0ABR0TT59_AURPU",100,240,7.23e-179,489,"A0ABR0TT59"
"THW38320.1","tr|A0ABR0TRS8|A0ABR0TRS8_AURPU",88.3,265,2.23e-177,488,"A0ABR0TRS8"
"THW55769.1","tr|A0ABR0TEK4|A0ABR0TEK4_AURPU",93.3,267,1.12e-176,488,"A0ABR0TEK4"
"THX38949.1","tr|A0ABR0T7N7|A0ABR0T7N7_AURPU",94.7,246,9.38e-177,488,"A0ABR0T7N7"
"THX72278.1","tr|A0ABR0TF44|A0ABR0TF44_AURPU",90,280,7.1e-177,488,"A0ABR0TF44"
"KAK5999756.1","tr|A0ABR0T6Z2|A0ABR0T6Z2_AURPU",100,246,2.32e-178,488,"A0ABR0T6Z2"
"KAK6002109.1","tr|A0ABR0TCY2|A0ABR0TCY2_AURPU",100,521,1.92e-169,488,"A0ABR0TCY2"
"KAK6003666.1","tr|A0ABR0TIC8|A0ABR0TIC8_AURPU",100,257,7.7e-178,488,"A0ABR0TIC8"
"KAK6004759.1","tr|A0ABR0TJX0|A0ABR0TJX0_AURPU",100,255,3.27e-178,488,"A0ABR0TJX0"
"KAK6005465.1","tr|A0ABR0TNJ7|A0ABR0TNJ7_AURPU",100,250,4.49e-178,488,"A0ABR0TNJ7"
"KAK6006016.1","tr|A0ABR0TNL1|A0ABR0TNL1_AURPU",100,241,1.11e-178,488,"A0ABR0TNL1"
"KAK6007341.1","tr|A0ABR0TU09|A0ABR0TU09_AURPU",100,248,1.91e-178,488,"A0ABR0TU09"
"CAD0021879.1","tr|A0ABR0TRT7|A0ABR0TRT7_AURPU",84.9,271,1.17e-177,488,"A0ABR0TRT7"
"THV74110.1","tr|A0ABR0TDL7|A0ABR0TDL7_AURPU",98.8,259,4.57e-177,487,"A0ABR0TDL7"
"THV87537.1","tr|A0ABR0THZ7|A0ABR0THZ7_AURPU",87.7,300,5.67e-175,487,"A0ABR0THZ7"
"THX79449.1","tr|A0ABR0T9Q7|A0ABR0T9Q7_AURPU",94.9,255,1.48e-169,487,"A0ABR0T9Q7"
"KAK6000755.1","tr|A0ABR0T9U8|A0ABR0T9U8_AURPU",100,250,6.38e-178,487,"A0ABR0T9U8"
"KAK6001273.1","tr|A0ABR0TA27|A0ABR0TA27_AURPU",100,253,1.14e-177,487,"A0ABR0TA27"
"KAK6004048.1","tr|A0ABR0THX6|A0ABR0THX6_AURPU",100,231,2.09e-178,487,"A0ABR0THX6"
"KAK6007474.1","tr|A0ABR0TSQ7|A0ABR0TSQ7_AURPU",100,277,7.21e-177,487,"A0ABR0TSQ7"
"KAK6008801.1","tr|A0ABR0TX58|A0ABR0TX58_AURPU",100,237,2.34e-178,487,"A0ABR0TX58"
"KEQ80238.1","tr|A0ABR0TDX9|A0ABR0TDX9_AURPU",94.1,272,6.98e-177,486,"A0ABR0TDX9"
"KEQ84449.1","tr|A0ABR0TR20|A0ABR0TR20_AURPU",94.1,273,9.96e-177,486,"A0ABR0TR20"
"THY81227.1","tr|A0ABR0TEP3|A0ABR0TEP3_AURPU",73,337,2.74e-173,486,"A0ABR0TEP3"
"KAK5999835.1","tr|A0ABR0T5Y5|A0ABR0T5Y5_AURPU",100,246,9.45e-178,486,"A0ABR0T5Y5"
"KAK6003778.1","tr|A0ABR0TH66|A0ABR0TH66_AURPU",100,363,1.34e-173,486,"A0ABR0TH66"
"KAK6004637.1","tr|A0ABR0TJP1|A0ABR0TJP1_AURPU",100,248,1.1e-177,486,"A0ABR0TJP1"
"CAD0024345.1","tr|A0ABR0TBN5|A0ABR0TBN5_AURPU",91.4,255,3.98e-177,486,"A0ABR0TBN5"
"CAD0041883.1","tr|A0ABR0TUS4|A0ABR0TUS4_AURPU",90.8,283,1.66e-175,486,"A0ABR0TUS4"
"THX36375.1","tr|A0ABR0TH10|A0ABR0TH10_AURPU",99.6,262,2.48e-175,485,"A0ABR0TH10"
"KAK6003456.1","tr|A0ABR0THS1|A0ABR0THS1_AURPU",100,235,1.65e-177,485,"A0ABR0THS1"
"KAK6004980.1","tr|A0ABR0TKK4|A0ABR0TKK4_AURPU",100,252,6.12e-177,485,"A0ABR0TKK4"
"THV95604.1","tr|A0ABR0TW37|A0ABR0TW37_AURPU",95.3,254,3.24e-176,484,"A0ABR0TW37"
"THX43856.1","tr|A0ABR0TPY3|A0ABR0TPY3_AURPU",94.4,266,1.35e-175,484,"A0ABR0TPY3"
"KAK6001907.1","tr|A0ABR0TBT8|A0ABR0TBT8_AURPU",100,241,5.28e-177,484,"A0ABR0TBT8"
"KAK6001940.1","tr|A0ABR0TDD9|A0ABR0TDD9_AURPU",100,242,5.71e-177,484,"A0ABR0TDD9"
"KAK6002280.1","tr|A0ABR0TCW8|A0ABR0TCW8_AURPU",100,250,1.06e-176,484,"A0ABR0TCW8"
"KAK6003669.1","tr|A0ABR0THE6|A0ABR0THE6_AURPU",100,240,4.89e-177,484,"A0ABR0THE6"
"KAK6003763.1","tr|A0ABR0TH51|A0ABR0TH51_AURPU",100,242,5.71e-177,484,"A0ABR0TH51"
"KAK6005601.1","tr|A0ABR0TNV5|A0ABR0TNV5_AURPU",100,235,2.34e-177,484,"A0ABR0TNV5"
"KAK6005666.1","tr|A0ABR0TNJ1|A0ABR0TNJ1_AURPU",100,252,8.69e-177,484,"A0ABR0TNJ1"
"KAK6007876.1","tr|A0ABR0TTQ9|A0ABR0TTQ9_AURPU",100,252,1.75e-176,484,"A0ABR0TTQ9"
"KAK6008096.1","tr|A0ABR0TVA0|A0ABR0TVA0_AURPU",100,246,1.1e-176,484,"A0ABR0TVA0"
"KAK6008182.1","tr|A0ABR0TVS1|A0ABR0TVS1_AURPU",100,265,4.76e-176,484,"A0ABR0TVS1"
"CAD0037448.1","tr|A0A4S9V848|A0A4S9V848_AURPU",100,267,3.1e-176,484,"A0A4S9V848"
"THV85919.1","tr|A0ABR0TE31|A0ABR0TE31_AURPU",99.6,243,1.33e-174,483,"A0ABR0TE31"
"KAK6000541.1","tr|A0ABR0T7X4|A0ABR0T7X4_AURPU",100,243,1.77e-176,483,"A0ABR0T7X4"
"KAK6001654.1","tr|A0ABR0TB32|A0ABR0TB32_AURPU",100,248,3.69e-176,483,"A0ABR0TB32"
"KAK6001724.1","tr|A0ABR0TBD9|A0ABR0TBD9_AURPU",100,393,1.63e-169,483,"A0ABR0TBD9"
"KAK6002720.1","tr|A0ABR0TFN2|A0ABR0TFN2_AURPU",100,234,1.25e-176,483,"A0ABR0TFN2"
"KAK6005229.1","tr|A0ABR0TLV6|A0ABR0TLV6_AURPU",100,409,5.65e-170,483,"A0ABR0TLV6"
"KAK6005979.1","tr|A0ABR0TP10|A0ABR0TP10_AURPU",100,236,1.03e-176,483,"A0ABR0TP10"
"KAK6007944.1","tr|A0ABR0TUP4|A0ABR0TUP4_AURPU",100,254,5.86e-176,483,"A0ABR0TUP4"
"CAD0028508.1","tr|A0ABR0TJV8|A0ABR0TJV8_AURPU",94.5,254,3.56e-176,483,"A0ABR0TJV8"
"CAD0031037.1","tr|A0ABR0TCX2|A0ABR0TCX2_AURPU",91.4,280,2.23e-175,483,"A0ABR0TCX2"
"CAD0054665.1","tr|A0ABR0TFT9|A0ABR0TFT9_AURPU",86.3,285,3.79e-175,483,"A0ABR0TFT9"
"KEQ90043.1","tr|A0ABR0TRX4|A0ABR0TRX4_AURPU",91.1,313,9.19e-174,482,"A0ABR0TRX4"
"THW29201.1","tr|A0ABR0T848|A0ABR0T848_AURPU",90.9,287,4.55e-170,482,"A0ABR0T848"
"THW67142.1","tr|A0ABR0T5V2|A0ABR0T5V2_AURPU",97.9,234,2.37e-176,482,"A0ABR0T5V2"
"KAK6002364.1","tr|A0ABR0TDP0|A0ABR0TDP0_AURPU",100,244,3.85e-176,482,"A0ABR0TDP0"
"KAK6002414.1","tr|A0ABR0TDB4|A0ABR0TDB4_AURPU",100,260,1.32e-175,482,"A0ABR0TDB4"
"KAK6002979.1","tr|A0ABR0TFE5|A0ABR0TFE5_AURPU",100,238,2.42e-176,482,"A0ABR0TFE5"
"KAK6006205.1","tr|A0ABR0TQH6|A0ABR0TQH6_AURPU",100,270,2.84e-175,482,"A0ABR0TQH6"
"THZ45597.1","tr|A0ABR0TV39|A0ABR0TV39_AURPU",94.6,297,4.91e-173,481,"A0ABR0TV39"
"KAK6002267.1","tr|A0ABR0TCV4|A0ABR0TCV4_AURPU",100,239,5.28e-176,481,"A0ABR0TCV4"
"KAK6006206.1","tr|A0ABR0TQ28|A0ABR0TQ28_AURPU",100,241,8.76e-176,481,"A0ABR0TQ28"
"THW09015.1","tr|A0ABR0TL14|A0ABR0TL14_AURPU",96.7,243,4.05e-175,480,"A0ABR0TL14"
"THW27113.1","tr|A0ABR0TMA0|A0ABR0TMA0_AURPU",90.9,274,6.69e-174,480,"A0ABR0TMA0"
"KAK6002806.1","tr|A0ABR0TEG0|A0ABR0TEG0_AURPU",100,241,1.77e-175,480,"A0ABR0TEG0"
"KAK6004331.1","tr|A0ABR0TJS5|A0ABR0TJS5_AURPU",100,241,1.77e-175,480,"A0ABR0TJS5"
"KAK6004551.1","tr|A0ABR0TKZ0|A0ABR0TKZ0_AURPU",100,259,7.07e-175,480,"A0ABR0TKZ0"
"KAK6006440.1","tr|A0ABR0TRE9|A0ABR0TRE9_AURPU",100,252,5.86e-175,480,"A0ABR0TRE9"
"CAC9889584.1","tr|A0ABR0TBN7|A0ABR0TBN7_AURPU",88.6,280,1.77e-174,480,"A0ABR0TBN7"
"OBW64759.1","tr|A0ABR0TBQ0|A0ABR0TBQ0_AURPU",98.8,244,4.56e-172,479,"A0ABR0TBQ0"
"THX58994.1","tr|A0ABR0TTA1|A0ABR0TTA1_AURPU",90.8,261,1.79e-173,479,"A0ABR0TTA1"
"KAK5999557.1","tr|A0ABR0T614|A0ABR0T614_AURPU",100,260,3.11e-174,479,"A0ABR0T614"
"KAK6000936.1","tr|A0ABR0TAF7|A0ABR0TAF7_AURPU",100,277,8.04e-174,479,"A0ABR0TAF7"
"KAK6001325.1","tr|A0ABR0TBK1|A0ABR0TBK1_AURPU",100,240,6.67e-175,479,"A0ABR0TBK1"
"KAK6001901.1","tr|A0ABR0TD07|A0ABR0TD07_AURPU",100,231,2.34e-175,479,"A0ABR0TD07"
"KAK6002450.1","tr|A0ABR0TES9|A0ABR0TES9_AURPU",100,237,5.29e-175,479,"A0ABR0TES9"
"KAK6002557.1","tr|A0ABR0TEH2|A0ABR0TEH2_AURPU",100,236,3.44e-175,479,"A0ABR0TEH2"
"KAK6004510.1","tr|A0ABR0TKR0|A0ABR0TKR0_AURPU",100,224,9.58e-176,479,"A0ABR0TKR0"
"KAK6004767.1","tr|A0ABR0TK97|A0ABR0TK97_AURPU",100,282,8.29e-174,479,"A0ABR0TK97"
"KAK6005728.1","tr|A0ABR0TMS1|A0ABR0TMS1_AURPU",100,291,3.32e-173,479,"A0ABR0TMS1"
"KAK6007146.1","tr|A0ABR0TTE4|A0ABR0TTE4_AURPU",100,268,1.18e-173,479,"A0ABR0TTE4"
"KAK6007609.1","tr|A0ABR0TT22|A0ABR0TT22_AURPU",100,246,1.06e-174,479,"A0ABR0TT22"
"KAK6008260.1","tr|A0ABR0TWJ2|A0ABR0TWJ2_AURPU",100,234,2.08e-175,479,"A0ABR0TWJ2"
"KEQ83774.1","tr|A0ABR0TML4|A0ABR0TML4_AURPU",93.8,257,7.08e-174,478,"A0ABR0TML4"
"THY05336.1","tr|A0ABR0TGM3|A0ABR0TGM3_AURPU",96,252,2.05e-173,478,"A0ABR0TGM3"
"KAK6000441.1","tr|A0ABR0T923|A0ABR0T923_AURPU",100,253,5.2e-174,478,"A0ABR0T923"
"KAK6003329.1","tr|A0ABR0TFX8|A0ABR0TFX8_AURPU",100,246,2.14e-174,478,"A0ABR0TFX8"
"KAK6003588.1","tr|A0ABR0TGM0|A0ABR0TGM0_AURPU",100,318,7.31e-172,478,"A0ABR0TGM0"
"KAK6004745.1","tr|A0ABR0TLH6|A0ABR0TLH6_AURPU",100,236,9.88e-175,478,"A0ABR0TLH6"
"KAK6005336.1","tr|A0ABR0TML3|A0ABR0TML3_AURPU",100,235,6.44e-175,478,"A0ABR0TML3"
"KAK6006488.1","tr|A0ABR0TPW9|A0ABR0TPW9_AURPU",100,269,1.78e-173,478,"A0ABR0TPW9"
"KAK6008821.1","tr|A0ABR0TWF9|A0ABR0TWF9_AURPU",100,230,4.37e-175,478,"A0ABR0TWF9"
"KAK6008834.1","tr|A0ABR0TWI7|A0ABR0TWI7_AURPU",100,233,1.11e-174,478,"A0ABR0TWI7"
"KAK5999304.1","tr|A0ABR0T521|A0ABR0T521_AURPU",100,247,6.62e-174,477,"A0ABR0T521"
"KAK6000529.1","tr|A0ABR0T7V5|A0ABR0T7V5_AURPU",100,244,3.7e-174,477,"A0ABR0T7V5"
"KAK6001878.1","tr|A0ABR0TBR6|A0ABR0TBR6_AURPU",100,240,1.22e-173,477,"A0ABR0TBR6"
"KAK6003093.1","tr|A0ABR0TF81|A0ABR0TF81_AURPU",100,241,4.17e-174,477,"A0ABR0TF81"
"KAK6005477.1","tr|A0ABR0TM17|A0ABR0TM17_AURPU",100,231,1.92e-174,477,"A0ABR0TM17"
"KAK6007284.1","tr|A0ABR0TST3|A0ABR0TST3_AURPU",100,256,1.32e-173,477,"A0ABR0TST3"
"KAK6002112.1","tr|A0ABR0TCU7|A0ABR0TCU7_AURPU",100,243,6.91e-174,476,"A0ABR0TCU7"
"KAK6002939.1","tr|A0ABR0TET3|A0ABR0TET3_AURPU",100,249,2.21e-173,476,"A0ABR0TET3"
"KAK6006400.1","tr|A0ABR0TR34|A0ABR0TR34_AURPU",100,251,2.58e-173,476,"A0ABR0TR34"
"KAK6006494.1","tr|A0ABR0TPV8|A0ABR0TPV8_AURPU",100,242,1.29e-173,476,"A0ABR0TPV8"
"KAK6007803.1","tr|A0ABR0TTM2|A0ABR0TTM2_AURPU",100,236,4.02e-174,476,"A0ABR0TTM2"
"KAK6008257.1","tr|A0ABR0TW01|A0ABR0TW01_AURPU",100,241,5.92e-174,476,"A0ABR0TW01"
"KAK6008691.1","tr|A0ABR0TXH7|A0ABR0TXH7_AURPU",100,280,1.67e-172,476,"A0ABR0TXH7"
"CAD0025389.1","tr|A0ABR0TQV7|A0ABR0TQV7_AURPU",93.2,263,4.09e-173,476,"A0ABR0TQV7"
"KAK6001853.1","tr|A0ABR0TBN4|A0ABR0TBN4_AURPU",100,336,2.31e-170,475,"A0ABR0TBN4"
"KAK6006530.1","tr|A0ABR0TRN9|A0ABR0TRN9_AURPU",100,241,2.41e-173,475,"A0ABR0TRN9"
"CAD0052002.1","tr|A0ABR0TJ92|A0ABR0TJ92_AURPU",94,250,4.15e-173,475,"A0ABR0TJ92"
"CAR4723369.1","tr|A0ABR0TV65|A0ABR0TV65_AURPU",91.1,258,1.39e-172,475,"A0ABR0TV65"
"THV69943.1","tr|A0ABR0TGK8|A0ABR0TGK8_AURPU",90.2,265,4.37e-172,474,"A0ABR0TGK8"
"THW88848.1","tr|A0ABR0TFZ9|A0ABR0TFZ9_AURPU",96,252,1.35e-172,474,"A0ABR0TFZ9"
"THY30419.1","tr|A0ABR0TQX4|A0ABR0TQX4_AURPU",87.1,287,7.78e-172,474,"A0ABR0TQX4"
"KAK6003166.1","tr|A0ABR0TFF7|A0ABR0TFF7_AURPU",100,248,1.18e-172,474,"A0ABR0TFF7"
"KAK6004040.1","tr|A0ABR0TJF7|A0ABR0TJF7_AURPU",100,245,9.4e-173,474,"A0ABR0TJF7"
"KAK6005727.1","tr|A0ABR0TN09|A0ABR0TN09_AURPU",100,260,1.48e-172,474,"A0ABR0TN09"
"KAK6007061.1","tr|A0ABR0TSD2|A0ABR0TSD2_AURPU",100,273,3.99e-172,474,"A0ABR0TSD2"
"THW84607.1","tr|A0ABR0TN90|A0ABR0TN90_AURPU",96.7,239,2.3e-171,473,"A0ABR0TN90"
"KAK6000464.1","tr|A0ABR0T7W1|A0ABR0T7W1_AURPU",100,233,5.29e-173,473,"A0ABR0T7W1"
"KAK6001120.1","tr|A0ABR0TAT7|A0ABR0TAT7_AURPU",100,249,2.58e-172,473,"A0ABR0TAT7"
"KAK6001365.1","tr|A0ABR0TAA0|A0ABR0TAA0_AURPU",100,239,1.7e-172,473,"A0ABR0TAA0"
"KAK6001967.1","tr|A0ABR0TBZ5|A0ABR0TBZ5_AURPU",100,350,7.59e-169,473,"A0ABR0TBZ5"
"KAK6008299.1","tr|A0ABR0TUY6|A0ABR0TUY6_AURPU",100,245,1.9e-172,473,"A0ABR0TUY6"
"CAC9885200.1","tr|A0A4T0BF95|A0A4T0BF95_AURPU",87.7,284,1.79e-171,473,"A0A4T0BF95"
"CAC9887678.1","tr|A0ABR0TGS5|A0ABR0TGS5_AURPU",87.8,286,2.97e-171,473,"A0ABR0TGS5"
"THV76379.1","tr|A0ABR0TCP2|A0ABR0TCP2_AURPU",96.3,242,4.68e-172,472,"A0ABR0TCP2"
"KAK6002241.1","tr|A0ABR0TE76|A0ABR0TE76_AURPU",100,278,6.81e-171,472,"A0ABR0TE76"
"KAK6004777.1","tr|A0ABR0TKV1|A0ABR0TKV1_AURPU",100,245,5.44e-172,472,"A0ABR0TKV1"
"KAK6005242.1","tr|A0ABR0TM58|A0ABR0TM58_AURPU",100,227,1.36e-172,472,"A0ABR0TM58"
"KAK6005251.1","tr|A0ABR0TLC8|A0ABR0TLC8_AURPU",100,245,3.83e-172,472,"A0ABR0TLC8"
"THV95404.1","tr|A0ABR0TPD6|A0ABR0TPD6_AURPU",99.1,232,4.86e-171,471,"A0ABR0TPD6"
"THY10036.1","tr|A0ABR0TG63|A0ABR0TG63_AURPU",93.2,249,6.99e-158,471,"A0ABR0TG63"
"THZ96302.1","tr|A0ABR0T966|A0ABR0T966_AURPU",92.2,257,5.19e-171,471,"A0ABR0T966"
"KAK6001188.1","tr|A0ABR0T9S3|A0ABR0T9S3_AURPU",100,234,6.68e-172,471,"A0ABR0T9S3"
"KAK6002425.1","tr|A0ABR0TEL9|A0ABR0TEL9_AURPU",100,252,1.88e-171,471,"A0ABR0TEL9"
"KAK6004201.1","tr|A0ABR0TID1|A0ABR0TID1_AURPU",100,237,4.17e-172,471,"A0ABR0TID1"
"KAK6004343.1","tr|A0ABR0TIT1|A0ABR0TIT1_AURPU",100,277,8.96e-171,471,"A0ABR0TIT1"
"KAK6004910.1","tr|A0ABR0TLY1|A0ABR0TLY1_AURPU",100,240,5.26e-172,471,"A0ABR0TLY1"
"KAK6005060.1","tr|A0ABR0TMD4|A0ABR0TMD4_AURPU",100,242,8.71e-172,471,"A0ABR0TMD4"
"KAK6005275.1","tr|A0ABR0TMW4|A0ABR0TMW4_AURPU",100,226,2.53e-172,471,"A0ABR0TMW4"
"KAK6005383.1","tr|A0ABR0TLR2|A0ABR0TLR2_AURPU",100,230,4.9e-172,471,"A0ABR0TLR2"
"KAK6006318.1","tr|A0ABR0TPD5|A0ABR0TPD5_AURPU",100,237,8.42e-172,471,"A0ABR0TPD5"
"CAD0023632.1","tr|A0ABR0TU25|A0ABR0TU25_AURPU",81.1,318,5.72e-170,471,"A0ABR0TU25"
"THY64023.1","tr|A0ABR0TG85|A0ABR0TG85_AURPU",88.7,293,3.71e-170,470,"A0ABR0TG85"
"KAK6002018.1","tr|A0ABR0TC49|A0ABR0TC49_AURPU",100,240,2.14e-171,470,"A0ABR0TC49"
"KAK6003118.1","tr|A0ABR0TFB9|A0ABR0TFB9_AURPU",100,259,6.49e-171,470,"A0ABR0TFB9"
"KAK6004330.1","tr|A0ABR0TK75|A0ABR0TK75_AURPU",100,236,1.11e-171,470,"A0ABR0TK75"
"KAK6005766.1","tr|A0ABR0TPF2|A0ABR0TPF2_AURPU",100,233,8.78e-172,470,"A0ABR0TPF2"
"KAK6005906.1","tr|A0ABR0TP84|A0ABR0TP84_AURPU",100,235,1.02e-171,470,"A0ABR0TP84"
"CAD0058881.1","tr|A0A1A7MSJ1|A0A1A7MSJ1_AURPU",91.3,275,7.37e-170,470,"A0A1A7MSJ1"
"THW81477.1","tr|A0ABR0TDL3|A0ABR0TDL3_AURPU",95.5,245,9.92e-170,469,"A0ABR0TDL3"
"KAK5999384.1","tr|A0ABR0T4W5|A0ABR0T4W5_AURPU",100,254,1.8e-170,469,"A0ABR0T4W5"
"KAK6000100.1","tr|A0ABR0T7V3|A0ABR0T7V3_AURPU",100,240,4.32e-171,469,"A0ABR0T7V3"
"KAK6000799.1","tr|A0ABR0T8P3|A0ABR0T8P3_AURPU",100,235,2.07e-171,469,"A0ABR0T8P3"
"KAK6000919.1","tr|A0ABR0T905|A0ABR0T905_AURPU",100,220,1.31e-171,469,"A0ABR0T905"
"KAK6002340.1","tr|A0ABR0TD23|A0ABR0TD23_AURPU",100,353,3.14e-167,469,"A0ABR0TD23"
"KAK6002459.1","tr|A0ABR0TDG2|A0ABR0TDG2_AURPU",100,238,2.61e-171,469,"A0ABR0TDG2"
"KAK6004303.1","tr|A0ABR0TIN3|A0ABR0TIN3_AURPU",100,240,4.32e-171,469,"A0ABR0TIN3"
"KAK6004831.1","tr|A0ABR0TK47|A0ABR0TK47_AURPU",100,233,3.58e-171,469,"A0ABR0TK47"
"KAK6004946.1","tr|A0ABR0TLI0|A0ABR0TLI0_AURPU",100,238,5.26e-171,469,"A0ABR0TLI0"
"KAK6005217.1","tr|A0ABR0TLJ9|A0ABR0TLJ9_AURPU",100,246,4.83e-171,469,"A0ABR0TLJ9"
"KAK6006932.1","tr|A0ABR0TR74|A0ABR0TR74_AURPU",100,223,8.18e-172,469,"A0ABR0TR74"
"KAK6006984.1","tr|A0ABR0TRV1|A0ABR0TRV1_AURPU",100,279,6.03e-170,469,"A0ABR0TRV1"
"KAK6008133.1","tr|A0ABR0TUK8|A0ABR0TUK8_AURPU",100,224,1.78e-171,469,"A0ABR0TUK8"
"KEQ81445.1","tr|A0ABR0TSG5|A0ABR0TSG5_AURPU",96.2,236,1.29e-170,468,"A0ABR0TSG5"
"KEQ88280.1","tr|A0ABR0TKC0|A0ABR0TKC0_AURPU",85.5,297,8.34e-169,468,"A0ABR0TKC0"
"THV72849.1","tr|A0ABR0TRK5|A0ABR0TRK5_AURPU",92.5,268,1.58e-169,468,"A0ABR0TRK5"
"THV73883.1","tr|A0ABR0TBE8|A0ABR0TBE8_AURPU",99.6,244,1.79e-170,468,"A0ABR0TBE8"
"KAK6002208.1","tr|A0ABR0TCP7|A0ABR0TCP7_AURPU",100,236,9.1e-171,468,"A0ABR0TCP7"
"KAK6005153.1","tr|A0ABR0TL39|A0ABR0TL39_AURPU",100,231,6.19e-171,468,"A0ABR0TL39"
"KAK6007287.1","tr|A0ABR0TSL3|A0ABR0TSL3_AURPU",100,238,7.47e-171,468,"A0ABR0TSL3"
"THX95022.1","tr|A0ABR0T9Q8|A0ABR0T9Q8_AURPU",91.9,248,1.52e-168,467,"A0ABR0T9Q8"
"KAK5999470.1","tr|A0ABR0T5Z8|A0ABR0T5Z8_AURPU",100,233,1.46e-170,467,"A0ABR0T5Z8"
"KAK6003368.1","tr|A0ABR0TG00|A0ABR0TG00_AURPU",100,238,2.14e-170,467,"A0ABR0TG00"
"KAK6007515.1","tr|A0ABR0TST0|A0ABR0TST0_AURPU",100,226,1.21e-170,467,"A0ABR0TST0"
"KAK6008203.1","tr|A0ABR0TUM4|A0ABR0TUM4_AURPU",100,233,1.46e-170,467,"A0ABR0TUM4"
"KAK6008463.1","tr|A0ABR0TVI2|A0ABR0TVI2_AURPU",100,234,2.24e-170,467,"A0ABR0TVI2"
"THZ20437.1","tr|A0ABR0T5R5|A0ABR0T5R5_AURPU",91.4,245,1.25e-169,466,"A0ABR0T5R5"
"KAK6000612.1","tr|A0ABR0T8H5|A0ABR0T8H5_AURPU",100,235,6.92e-170,466,"A0ABR0T8H5"
"KAK6001489.1","tr|A0ABR0TAL6|A0ABR0TAL6_AURPU",100,377,1.5e-165,466,"A0ABR0TAL6"
"KAK6002121.1","tr|A0ABR0TDW6|A0ABR0TDW6_AURPU",100,225,3.2e-170,466,"A0ABR0TDW6"
"KAK6004155.1","tr|A0ABR0TI90|A0ABR0TI90_AURPU",100,240,5.04e-170,466,"A0ABR0TI90"
"KAK6005108.1","tr|A0ABR0TKZ6|A0ABR0TKZ6_AURPU",100,229,2.16e-170,466,"A0ABR0TKZ6"
"KAK6006163.1","tr|A0ABR0TP09|A0ABR0TP09_AURPU",100,246,8e-170,466,"A0ABR0TP09"
"KAK6006898.1","tr|A0ABR0TR16|A0ABR0TR16_AURPU",100,225,2.25e-170,466,"A0ABR0TR16"
"CAD0041326.1","tr|A0ABR0TVQ2|A0ABR0TVQ2_AURPU",88.3,265,1.12e-168,466,"A0ABR0TVQ2"
"CAR4724947.1","tr|A0ABR0TRD5|A0ABR0TRD5_AURPU",90,260,5.85e-169,466,"A0ABR0TRD5"
"KAK5999337.1","tr|A0ABR0T4S5|A0ABR0T4S5_AURPU",100,234,1.29e-169,465,"A0ABR0T4S5"
"KAK6001561.1","tr|A0ABR0TAU2|A0ABR0TAU2_AURPU",100,350,5.88e-166,465,"A0ABR0TAU2"
"KAK6003765.1","tr|A0ABR0TH53|A0ABR0TH53_AURPU",100,235,1.4e-169,465,"A0ABR0TH53"
"KEQ88097.1","tr|A0ABR0TU30|A0ABR0TU30_AURPU",97.7,258,2.34e-168,464,"A0ABR0TU30"
"THW96532.1","tr|A0ABR0T8L1|A0ABR0T8L1_AURPU",91.8,257,7.52e-168,464,"A0ABR0T8L1"
"KAK5999580.1","tr|A0ABR0T573|A0ABR0T573_AURPU",100,228,2.33e-169,464,"A0ABR0T573"
"KAK6005022.1","tr|A0ABR0TL02|A0ABR0TL02_AURPU",100,231,2.94e-169,464,"A0ABR0TL02"
"KAK6005101.1","tr|A0ABR0TKX4|A0ABR0TKX4_AURPU",100,233,1.7e-169,464,"A0ABR0TKX4"
"KAK6005149.1","tr|A0ABR0TL25|A0ABR0TL25_AURPU",100,236,2.14e-169,464,"A0ABR0TL25"
"KAK6008252.1","tr|A0ABR0TV41|A0ABR0TV41_AURPU",100,230,1.92e-169,464,"A0ABR0TV41"
"KAK6008785.1","tr|A0ABR0TXN9|A0ABR0TXN9_AURPU",100,228,1.16e-169,464,"A0ABR0TXN9"
"THV67464.1","tr|A0ABR0TID5|A0ABR0TID5_AURPU",93.5,248,1.04e-168,463,"A0ABR0TID5"
"THX46212.1","tr|A0ABR0T7A8|A0ABR0T7A8_AURPU",94.1,256,1.92e-167,463,"A0ABR0T7A8"
"THZ22881.1","tr|A0ABR0TJY4|A0ABR0TJY4_AURPU",91,255,5.12e-167,463,"A0ABR0TJY4"
"KAK5999693.1","tr|A0ABR0T5I5|A0ABR0T5I5_AURPU",100,244,1.14e-168,463,"A0ABR0T5I5"
"KAK6000844.1","tr|A0ABR0T8U1|A0ABR0T8U1_AURPU",100,280,1.78e-167,463,"A0ABR0T8U1"
"KAK6003241.1","tr|A0ABR0TFL8|A0ABR0TFL8_AURPU",100,258,4.73e-168,463,"A0ABR0TFL8"
"KAK6005452.1","tr|A0ABR0TMQ4|A0ABR0TMQ4_AURPU",100,278,1.53e-167,463,"A0ABR0TMQ4"
"CAC9885259.1","tr|A0ABR0TW06|A0ABR0TW06_AURPU",90.5,273,7.19e-168,463,"A0ABR0TW06"
"KEQ84851.1","tr|A0ABR0TDZ1|A0ABR0TDZ1_AURPU",98.3,233,1.99e-168,462,"A0ABR0TDZ1"
"THV65328.1","tr|A0ABR0TIT7|A0ABR0TIT7_AURPU",92.6,257,1.39e-155,462,"A0ABR0TIT7"
"THV99403.1","tr|A0ABR0TU27|A0ABR0TU27_AURPU",93.8,240,4.34e-168,462,"A0ABR0TU27"
"THY35723.1","tr|A0ABR0TT28|A0ABR0TT28_AURPU",97.5,243,1.42e-167,462,"A0ABR0TT28"
"THY84351.1","tr|A0ABR0T8H8|A0ABR0T8H8_AURPU",92.5,252,6.79e-168,462,"A0ABR0T8H8"
"KAK6000810.1","tr|A0ABR0T8P0|A0ABR0T8P0_AURPU",100,229,1.46e-168,462,"A0ABR0T8P0"
"KAK6002384.1","tr|A0ABR0TD80|A0ABR0TD80_AURPU",100,228,1.35e-168,462,"A0ABR0TD80"
"KAK6002904.1","tr|A0ABR0TF73|A0ABR0TF73_AURPU",100,235,2.32e-168,462,"A0ABR0TF73"
"KAK6003414.1","tr|A0ABR0TGN3|A0ABR0TGN3_AURPU",100,240,2.4e-168,462,"A0ABR0TGN3"
"KAK6003567.1","tr|A0ABR0TGT9|A0ABR0TGT9_AURPU",100,244,2.3e-168,462,"A0ABR0TGT9"
"KAK6003978.1","tr|A0ABR0THR1|A0ABR0THR1_AURPU",100,233,1.4e-168,462,"A0ABR0THR1"
"KAK6006633.1","tr|A0ABR0TQA9|A0ABR0TQA9_AURPU",100,325,3.61e-165,462,"A0ABR0TQA9"
"KAK6007101.1","tr|A0ABR0TTA2|A0ABR0TTA2_AURPU",100,230,1.11e-168,462,"A0ABR0TTA2"
"KAK5999366.1","tr|A0ABR0T5U6|A0ABR0T5U6_AURPU",100,237,7.75e-168,461,"A0ABR0T5U6"
"KAK6001639.1","tr|A0ABR0TB16|A0ABR0TB16_AURPU",100,215,9.98e-169,461,"A0ABR0TB16"
"KAK6002480.1","tr|A0ABR0TEW3|A0ABR0TEW3_AURPU",100,227,2.52e-168,461,"A0ABR0TEW3"
"KAK6004208.1","tr|A0ABR0TIF7|A0ABR0TIF7_AURPU",100,228,3.87e-168,461,"A0ABR0TIF7"
"KAK6008173.1","tr|A0ABR0TUK0|A0ABR0TUK0_AURPU",100,238,4.15e-168,461,"A0ABR0TUK0"
"CAD0049295.1","tr|A0ABR0TDJ2|A0ABR0TDJ2_AURPU",87.1,278,5e-167,461,"A0ABR0TDJ2"
"CAD0050485.1","tr|A0ABR0TPJ2|A0ABR0TPJ2_AURPU",90.8,283,7.03e-167,461,"A0ABR0TPJ2"
"THY67265.1","tr|A0ABR0TNL8|A0ABR0TNL8_AURPU",98.3,232,9.11e-164,460,"A0ABR0TNL8"
"KAK5999836.1","tr|A0ABR0T5X0|A0ABR0T5X0_AURPU",100,239,1.82e-167,460,"A0ABR0T5X0"
"KAK6002817.1","tr|A0ABR0TEP9|A0ABR0TEP9_AURPU",100,268,1.68e-166,460,"A0ABR0TEP9"
"KAK6003015.1","tr|A0ABR0TF10|A0ABR0TF10_AURPU",100,227,5.09e-168,460,"A0ABR0TF10"
"KAK6003404.1","tr|A0ABR0TG50|A0ABR0TG50_AURPU",100,230,9.12e-168,460,"A0ABR0TG50"
"KAK6004821.1","tr|A0ABR0TLR0|A0ABR0TLR0_AURPU",100,238,1.19e-167,460,"A0ABR0TLR0"
"KAK6005886.1","tr|A0ABR0TPS6|A0ABR0TPS6_AURPU",100,226,4.72e-168,460,"A0ABR0TPS6"
"CAD0023414.1","tr|A0ABR0TTL1|A0ABR0TTL1_AURPU",92.2,256,5.81e-167,460,"A0ABR0TTL1"
"OBW67666.1","tr|A0ABR0TN14|A0ABR0TN14_AURPU",90.2,246,1.35e-166,459,"A0ABR0TN14"
"THV65315.1","tr|A0ABR0TEB3|A0ABR0TEB3_AURPU",93,244,6.48e-165,459,"A0ABR0TEB3"
"THV66695.1","tr|A0ABR0T728|A0ABR0T728_AURPU",97.7,261,8.95e-166,459,"A0ABR0T728"
"THW18617.1","tr|A0ABR0TD38|A0ABR0TD38_AURPU",90,261,2.31e-166,459,"A0ABR0TD38"
"KAK5999964.1","tr|A0ABR0T6V3|A0ABR0T6V3_AURPU",100,325,2.49e-164,459,"A0ABR0T6V3"
"KAK6000125.1","tr|A0ABR0T807|A0ABR0T807_AURPU",100,237,2.22e-167,459,"A0ABR0T807"
"KAK6000641.1","tr|A0ABR0T9H0|A0ABR0T9H0_AURPU",100,235,1.31e-166,459,"A0ABR0T9H0"
"KAK6001153.1","tr|A0ABR0T9Q6|A0ABR0T9Q6_AURPU",100,229,1.7e-167,459,"A0ABR0T9Q6"
"KAK6001895.1","tr|A0ABR0TD96|A0ABR0TD96_AURPU",100,230,1.3e-167,459,"A0ABR0TD96"
"KAK6002427.1","tr|A0ABR0TDQ0|A0ABR0TDQ0_AURPU",100,223,1.52e-167,459,"A0ABR0TDQ0"
"KAK6007488.1","tr|A0ABR0TSR1|A0ABR0TSR1_AURPU",100,230,2.62e-167,459,"A0ABR0TSR1"
"KAK6007879.1","tr|A0ABR0TTT3|A0ABR0TTT3_AURPU",100,240,2.8e-167,459,"A0ABR0TTT3"
"KAK6008077.1","tr|A0ABR0TVG6|A0ABR0TVG6_AURPU",100,240,5.65e-167,459,"A0ABR0TVG6"
"KAK6008176.1","tr|A0ABR0TUL3|A0ABR0TUL3_AURPU",100,222,1.41e-167,459,"A0ABR0TUL3"
"THW34548.1","tr|A0ABR0TJ90|A0ABR0TJ90_AURPU",92.7,245,1.18e-166,458,"A0ABR0TJ90"
"KAK5999407.1","tr|A0ABR0T5L6|A0ABR0T5L6_AURPU",100,257,4.19e-166,458,"A0ABR0T5L6"
"KAK5999532.1","tr|A0ABR0T5C6|A0ABR0T5C6_AURPU",100,219,1.59e-167,458,"A0ABR0T5C6"
"KAK6003349.1","tr|A0ABR0TFY3|A0ABR0TFY3_AURPU",100,207,8.92e-168,458,"A0ABR0TFY3"
"KAK6004446.1","tr|A0ABR0TKP1|A0ABR0TKP1_AURPU",100,314,2.21e-164,458,"A0ABR0TKP1"
"KAK6005360.1","tr|A0ABR0TN97|A0ABR0TN97_AURPU",100,250,2.45e-166,458,"A0ABR0TN97"
"THZ48045.1","tr|A0ABR0T7T4|A0ABR0T7T4_AURPU",97.1,242,4.51e-165,457,"A0ABR0T7T4"
"THY98491.1","tr|A0ABR0TC18|A0ABR0TC18_AURPU",86.3,291,8.52e-164,457,"A0ABR0TC18"
"KAK5999959.1","tr|A0ABR0T686|A0ABR0T686_AURPU",100,293,1.85e-164,457,"A0ABR0T686"
"KAK6000268.1","tr|A0ABR0T751|A0ABR0T751_AURPU",100,322,1.63e-163,457,"A0ABR0T751"
"KAK6002905.1","tr|A0ABR0TG19|A0ABR0TG19_AURPU",100,276,3.6e-165,457,"A0ABR0TG19"
"KAK6003122.1","tr|A0ABR0TFB0|A0ABR0TFB0_AURPU",100,224,9.53e-167,457,"A0ABR0TFB0"
"KAK6003643.1","tr|A0ABR0TGT2|A0ABR0TGT2_AURPU",100,219,6.48e-167,457,"A0ABR0TGT2"
"KAK6004400.1","tr|A0ABR0TKI2|A0ABR0TKI2_AURPU",100,322,1.63e-163,457,"A0ABR0TKI2"
"KAK6006764.1","tr|A0ABR0TQN8|A0ABR0TQN8_AURPU",100,231,1.63e-166,457,"A0ABR0TQN8"
"KAK6008648.1","tr|A0ABR0TW51|A0ABR0TW51_AURPU",100,220,4.92e-167,457,"A0ABR0TW51"
"KEQ84773.1","tr|A0ABR0TED9|A0ABR0TED9_AURPU",95,238,3.98e-166,456,"A0ABR0TED9"
"KEQ89182.1","tr|A0ABR0TVL3|A0ABR0TVL3_AURPU",91.7,252,1.86e-165,456,"A0ABR0TVL3"
"KAK6001628.1","tr|A0ABR0TB14|A0ABR0TB14_AURPU",100,327,3.36e-163,456,"A0ABR0TB14"
"KAK6002912.1","tr|A0ABR0TER2|A0ABR0TER2_AURPU",100,287,1.67e-164,456,"A0ABR0TER2"
"KAK6003116.1","tr|A0ABR0TGF5|A0ABR0TGF5_AURPU",100,321,4.33e-163,456,"A0ABR0TGF5"
"KAK6003290.1","tr|A0ABR0TH94|A0ABR0TH94_AURPU",100,319,1.85e-163,456,"A0ABR0TH94"
"KAK6005270.1","tr|A0ABR0TMZ5|A0ABR0TMZ5_AURPU",100,225,2.95e-166,456,"A0ABR0TMZ5"
"KAK6005444.1","tr|A0ABR0TM20|A0ABR0TM20_AURPU",100,248,8.57e-166,456,"A0ABR0TM20"
"KAK6006298.1","tr|A0ABR0TPD0|A0ABR0TPD0_AURPU",100,231,2.32e-166,456,"A0ABR0TPD0"
"KAK6006867.1","tr|A0ABR0TRC7|A0ABR0TRC7_AURPU",100,215,9.6e-167,456,"A0ABR0TRC7"
"KAK6006911.1","tr|A0ABR0TRY8|A0ABR0TRY8_AURPU",100,221,1.53e-166,456,"A0ABR0TRY8"
"CAD0010875.1","tr|A0ABR0TLW4|A0ABR0TLW4_AURPU",85.7,272,2.78e-165,456,"A0ABR0TLW4"
"THV70702.1","tr|A0ABR0T9C3|A0ABR0T9C3_AURPU",93.3,240,7.69e-165,455,"A0ABR0T9C3"
"THV73638.1","tr|A0ABR0TF43|A0ABR0TF43_AURPU",97.4,228,4.98e-165,455,"A0ABR0TF43"
"THW56363.1","tr|A0ABR0TMW3|A0ABR0TMW3_AURPU",91.9,258,5.05e-164,455,"A0ABR0TMW3"
"THY17928.1","tr|A0ABR0TD68|A0ABR0TD68_AURPU",90.5,262,5.74e-165,455,"A0ABR0TD68"
"THZ59038.1","tr|A0ABR0TEJ0|A0ABR0TEJ0_AURPU",92.2,245,3.63e-164,455,"A0ABR0TEJ0"
"KAK6004032.1","tr|A0ABR0TI56|A0ABR0TI56_AURPU",100,238,1.62e-165,455,"A0ABR0TI56"
"KAK6005915.1","tr|A0ABR0TPX4|A0ABR0TPX4_AURPU",100,229,8.11e-166,455,"A0ABR0TPX4"
"KAK6006675.1","tr|A0ABR0TQF7|A0ABR0TQF7_AURPU",100,229,8.11e-166,455,"A0ABR0TQF7"
"THV75217.1","tr|A0ABR0TFF0|A0ABR0TFF0_AURPU",97.8,230,2.38e-165,454,"A0ABR0TFF0"
"THX89766.1","tr|A0ABR0TS51|A0ABR0TS51_AURPU",92.9,254,1.57e-157,454,"A0ABR0TS51"
"KAK5999440.1","tr|A0ABR0T5W7|A0ABR0T5W7_AURPU",100,232,2.06e-165,454,"A0ABR0T5W7"
"KAK5999475.1","tr|A0ABR0T4W9|A0ABR0T4W9_AURPU",100,223,7.25e-166,454,"A0ABR0T4W9"
"KAK6001664.1","tr|A0ABR0TB78|A0ABR0TB78_AURPU",100,264,2.39e-164,454,"A0ABR0TB78"
"KAK6005296.1","tr|A0ABR0TLG9|A0ABR0TLG9_AURPU",100,226,1.3e-165,454,"A0ABR0TLG9"
"KAK6006229.1","tr|A0ABR0TP62|A0ABR0TP62_AURPU",100,285,1.18e-163,454,"A0ABR0TP62"
"KAK6008700.1","tr|A0ABR0TW72|A0ABR0TW72_AURPU",100,252,1.36e-164,454,"A0ABR0TW72"
"KAK5999301.1","tr|A0ABR0T5S5|A0ABR0T5S5_AURPU",100,230,3.57e-165,453,"A0ABR0T5S5"
"KAK6000627.1","tr|A0ABR0T8J5|A0ABR0T8J5_AURPU",100,243,9.68e-165,453,"A0ABR0T8J5"
"KAK6007489.1","tr|A0ABR0TSR6|A0ABR0TSR6_AURPU",100,225,3.45e-165,453,"A0ABR0TSR6"
"THW61500.1","tr|A0ABR0TC79|A0ABR0TC79_AURPU",97.9,234,2.31e-163,452,"A0ABR0TC79"
"THY54158.1","tr|A0ABR0TGV0|A0ABR0TGV0_AURPU",85.7,272,1.53e-163,452,"A0ABR0TGV0"
"KAK5999869.1","tr|A0ABR0T5Z9|A0ABR0T5Z9_AURPU",100,331,2.13e-161,452,"A0ABR0T5Z9"
"KAK6000362.1","tr|A0ABR0T7E5|A0ABR0T7E5_AURPU",100,336,2.17e-161,452,"A0ABR0T7E5"
"KAK6000774.1","tr|A0ABR0T953|A0ABR0T953_AURPU",100,317,1.07e-161,452,"A0ABR0T953"
"KAK6001403.1","tr|A0ABR0TAE1|A0ABR0TAE1_AURPU",100,225,3.34e-163,452,"A0ABR0TAE1"
"KAK6004008.1","tr|A0ABR0THV0|A0ABR0THV0_AURPU",100,236,1.62e-164,452,"A0ABR0THV0"
"KAK6006081.1","tr|A0ABR0TQC3|A0ABR0TQC3_AURPU",100,233,9.06e-165,452,"A0ABR0TQC3"
"KAK6007129.1","tr|A0ABR0TRR5|A0ABR0TRR5_AURPU",100,227,8.11e-165,452,"A0ABR0TRR5"
"KAK6008304.1","tr|A0ABR0TVR1|A0ABR0TVR1_AURPU",100,221,7.26e-165,452,"A0ABR0TVR1"
"THV96140.1","tr|A0ABR0TWB4|A0ABR0TWB4_AURPU",91.6,237,1.33e-161,451,"A0ABR0TWB4"
"THW45977.1","tr|A0ABR0TBD8|A0ABR0TBD8_AURPU",82.9,385,9.26e-160,451,"A0ABR0TBD8"
"THW60526.1","tr|A0ABR0T679|A0ABR0T679_AURPU",90.9,252,4e-163,451,"A0ABR0T679"
"THY78467.1","tr|A0ABR0TRR2|A0ABR0TRR2_AURPU",87.5,304,2.72e-160,451,"A0ABR0TRR2"
"KAK6000153.1","tr|A0ABR0T6T1|A0ABR0T6T1_AURPU",100,239,4.12e-164,451,"A0ABR0T6T1"
"KAK6004618.1","tr|A0ABR0TJI7|A0ABR0TJI7_AURPU",100,210,4.41e-165,451,"A0ABR0TJI7"
"KAK6004661.1","tr|A0ABR0TKP2|A0ABR0TKP2_AURPU",100,241,4.8e-164,451,"A0ABR0TKP2"
"KAK6005259.1","tr|A0ABR0TLY4|A0ABR0TLY4_AURPU",100,274,1.2e-162,451,"A0ABR0TLY4"
"KAK6006204.1","tr|A0ABR0TPK9|A0ABR0TPK9_AURPU",100,221,2.08e-164,451,"A0ABR0TPK9"
"KAK6006289.1","tr|A0ABR0TPC5|A0ABR0TPC5_AURPU",100,229,2.71e-164,451,"A0ABR0TPC5"
"KAK6006891.1","tr|A0ABR0TSN7|A0ABR0TSN7_AURPU",100,230,2.93e-164,451,"A0ABR0TSN7"
"KAK6007362.1","tr|A0ABR0TST2|A0ABR0TST2_AURPU",100,223,2.43e-164,451,"A0ABR0TST2"
"KAK6007423.1","tr|A0ABR0TSI6|A0ABR0TSI6_AURPU",100,219,1.78e-164,451,"A0ABR0TSI6"
"KAK6001784.1","tr|A0ABR0TBJ4|A0ABR0TBJ4_AURPU",100,237,1.01e-163,450,"A0ABR0TBJ4"
"KAK6002461.1","tr|A0ABR0TDE3|A0ABR0TDE3_AURPU",100,225,4.02e-164,450,"A0ABR0TDE3"
"KAK6004375.1","tr|A0ABR0TKB9|A0ABR0TKB9_AURPU",100,235,1.23e-163,450,"A0ABR0TKB9"
"KAK6004586.1","tr|A0ABR0TKG9|A0ABR0TKG9_AURPU",100,230,8.4e-164,450,"A0ABR0TKG9"
"KAK6005773.1","tr|A0ABR0TMV9|A0ABR0TMV9_AURPU",100,228,5.07e-164,450,"A0ABR0TMV9"
"CAC9888412.1","tr|A0ABR0TNY3|A0ABR0TNY3_AURPU",88.3,266,4.84e-163,450,"A0ABR0TNY3"
"KEQ81041.1","tr|A0ABR0TN75|A0ABR0TN75_AURPU",93,285,7.1e-162,449,"A0ABR0TN75"
"THY05575.1","tr|A0ABR0TT96|A0ABR0TT96_AURPU",90.5,243,3.24e-163,449,"A0ABR0TT96"
"KAK5999719.1","tr|A0ABR0T5L5|A0ABR0T5L5_AURPU",100,234,2.31e-163,449,"A0ABR0T5L5"
"KAK6001806.1","tr|A0ABR0TCZ1|A0ABR0TCZ1_AURPU",100,219,7.27e-164,449,"A0ABR0TCZ1"
"KAK6003235.1","tr|A0ABR0TH00|A0ABR0TH00_AURPU",100,231,1.83e-163,449,"A0ABR0TH00"
"KAK6004712.1","tr|A0ABR0TJW9|A0ABR0TJW9_AURPU",100,223,1.41e-163,449,"A0ABR0TJW9"
"KAK6007017.1","tr|A0ABR0TRS4|A0ABR0TRS4_AURPU",100,219,1.03e-163,449,"A0ABR0TRS4"
"KAK6008671.1","tr|A0ABR0TVZ6|A0ABR0TVZ6_AURPU",100,222,9.16e-164,449,"A0ABR0TVZ6"
"CAD0039647.1","tr|A0ABR0T7J7|A0ABR0T7J7_AURPU",87.5,256,7.83e-163,449,"A0ABR0T7J7"
"CAD0057765.1","tr|A0ABR0TIU4|A0ABR0TIU4_AURPU",95.7,230,2.61e-163,449,"A0ABR0TIU4"
"THZ80907.1","tr|A0ABR0TWH0|A0ABR0TWH0_AURPU",91.1,246,2.21e-161,448,"A0ABR0TWH0"
"KAK6000634.1","tr|A0ABR0T866|A0ABR0T866_AURPU",100,229,4.5e-163,448,"A0ABR0T866"
"KAK6002052.1","tr|A0ABR0TCN0|A0ABR0TCN0_AURPU",100,233,6.12e-163,448,"A0ABR0TCN0"
"KAK6008336.1","tr|A0ABR0TVY7|A0ABR0TVY7_AURPU",100,233,4.31e-163,448,"A0ABR0TVY7"
"CAD0010931.1","tr|A0ABR0TMG9|A0ABR0TMG9_AURPU",88.6,264,2.32e-162,448,"A0ABR0TMG9"
"KAK6000505.1","tr|A0ABR0T8Z6|A0ABR0T8Z6_AURPU",100,240,2.11e-162,447,"A0ABR0T8Z6"
"KAK6001653.1","tr|A0ABR0TB28|A0ABR0TB28_AURPU",100,216,4.74e-163,447,"A0ABR0TB28"
"KAK6003651.1","tr|A0ABR0TIB5|A0ABR0TIB5_AURPU",100,226,1.02e-162,447,"A0ABR0TIB5"
"KAK6006900.1","tr|A0ABR0TR14|A0ABR0TR14_AURPU",100,264,1.88e-161,447,"A0ABR0TR14"
"KAK6006985.1","tr|A0ABR0TST8|A0ABR0TST8_AURPU",100,244,2.87e-162,447,"A0ABR0TST8"
"OBW67669.1","tr|A0ABR0TMU8|A0ABR0TMU8_AURPU",92.3,235,6.71e-159,446,"A0ABR0TMU8"
"THW19772.1","tr|A0ABR0TVW8|A0ABR0TVW8_AURPU",93.4,243,8.6e-162,446,"A0ABR0TVW8"
"THV82894.1","tr|A0ABR0TGZ2|A0ABR0TGZ2_AURPU",98.6,209,4.26e-162,446,"A0ABR0TGZ2"
"KAK5999988.1","tr|A0ABR0T6C9|A0ABR0T6C9_AURPU",100,216,1.36e-162,446,"A0ABR0T6C9"
"KAK6001243.1","tr|A0ABR0T9Z8|A0ABR0T9Z8_AURPU",100,216,6.73e-163,446,"A0ABR0T9Z8"
"KAK6007120.1","tr|A0ABR0TT86|A0ABR0TT86_AURPU",100,223,1.16e-162,446,"A0ABR0TT86"
"KAK6007815.1","tr|A0ABR0TTN2|A0ABR0TTN2_AURPU",100,215,6.23e-163,446,"A0ABR0TTN2"
"KAK6008129.1","tr|A0ABR0TUI7|A0ABR0TUI7_AURPU",100,225,1.35e-162,446,"A0ABR0TUI7"
"KAK6008473.1","tr|A0ABR0TVF4|A0ABR0TVF4_AURPU",100,234,3.82e-162,446,"A0ABR0TVF4"
"KAK6008753.1","tr|A0ABR0TWH9|A0ABR0TWH9_AURPU",100,226,2.07e-162,446,"A0ABR0TWH9"
"THW60083.1","tr|A0ABR0TV44|A0ABR0TV44_AURPU",96.3,244,1.19e-158,445,"A0ABR0TV44"
"KAK6001918.1","tr|A0ABR0TBU8|A0ABR0TBU8_AURPU",100,221,4.03e-162,445,"A0ABR0TBU8"
"KAK6004105.1","tr|A0ABR0TJH6|A0ABR0TJH6_AURPU",100,295,7.94e-160,445,"A0ABR0TJH6"
"KAK6005107.1","tr|A0ABR0TLS4|A0ABR0TLS4_AURPU",100,220,2.63e-162,445,"A0ABR0TLS4"
"KAK6006761.1","tr|A0ABR0TRK9|A0ABR0TRK9_AURPU",100,220,2.63e-162,445,"A0ABR0TRK9"
"KAK6007072.1","tr|A0ABR0TSI7|A0ABR0TSI7_AURPU",100,216,2.74e-162,445,"A0ABR0TSI7"
"THW15713.1","tr|A0ABR0TQI8|A0ABR0TQI8_AURPU",92.7,245,2.9e-160,444,"A0ABR0TQI8"
"THW54162.1","tr|A0ABR0TGG3|A0ABR0TGG3_AURPU",79.9,343,9.8e-157,444,"A0ABR0TGG3"
"KAK6000046.1","tr|A0ABR0T6H8|A0ABR0T6H8_AURPU",100,241,2.66e-161,444,"A0ABR0T6H8"
"KAK6000666.1","tr|A0ABR0T9Q0|A0ABR0T9Q0_AURPU",100,216,3.9e-162,444,"A0ABR0T9Q0"
"KAK6001249.1","tr|A0ABR0T9Y5|A0ABR0T9Y5_AURPU",100,280,7.34e-160,444,"A0ABR0T9Y5"
"KAK6001678.1","tr|A0ABR0TB60|A0ABR0TB60_AURPU",100,214,4.75e-162,444,"A0ABR0TB60"
"KAK6005303.1","tr|A0ABR0TLI8|A0ABR0TLI8_AURPU",100,271,3.72e-160,444,"A0ABR0TLI8"
"THX46794.1","tr|A0ABR0T9J7|A0ABR0T9J7_AURPU",93.3,240,8.62e-160,443,"A0ABR0T9J7"
"TIA41256.1","tr|A0ABR0TFA2|A0ABR0TFA2_AURPU",98,253,3.76e-159,443,"A0ABR0TFA2"
"KAK6000195.1","tr|A0ABR0T6X7|A0ABR0T6X7_AURPU",100,221,1.64e-161,443,"A0ABR0T6X7"
"KAK6001515.1","tr|A0ABR0TAP3|A0ABR0TAP3_AURPU",100,215,1.03e-161,443,"A0ABR0TAP3"
"KAK6002307.1","tr|A0ABR0TDF3|A0ABR0TDF3_AURPU",100,214,9.58e-162,443,"A0ABR0TDF3"
"KAK6003416.1","tr|A0ABR0TH95|A0ABR0TH95_AURPU",100,242,8.24e-161,443,"A0ABR0TH95"
"KAK6003879.1","tr|A0ABR0TI00|A0ABR0TI00_AURPU",100,254,2.06e-160,443,"A0ABR0TI00"
"KAK6004832.1","tr|A0ABR0TK88|A0ABR0TK88_AURPU",100,210,7.04e-162,443,"A0ABR0TK88"
"KAK6005117.1","tr|A0ABR0TL13|A0ABR0TL13_AURPU",100,219,1.41e-161,443,"A0ABR0TL13"
"KAK6005169.1","tr|A0ABR0TLN8|A0ABR0TLN8_AURPU",100,216,1.12e-161,443,"A0ABR0TLN8"
"KAK6005252.1","tr|A0ABR0TLF2|A0ABR0TLF2_AURPU",100,225,3.18e-161,443,"A0ABR0TLF2"
"KAK6007398.1","tr|A0ABR0TSH0|A0ABR0TSH0_AURPU",100,232,3.83e-161,443,"A0ABR0TSH0"
"THV83139.1","tr|A0ABR0TD91|A0ABR0TD91_AURPU",89.1,258,6.76e-160,442,"A0ABR0TD91"
"THX73732.1","tr|A0ABR0TVH3|A0ABR0TVH3_AURPU",91.5,248,1.29e-159,442,"A0ABR0TVH3"
"KAK6000602.1","tr|A0ABR0T833|A0ABR0T833_AURPU",100,245,2.09e-160,442,"A0ABR0T833"
"KAK6001082.1","tr|A0ABR0T9G3|A0ABR0T9G3_AURPU",100,278,2.57e-159,442,"A0ABR0T9G3"
"KAK6005050.1","tr|A0ABR0TMB6|A0ABR0TMB6_AURPU",100,213,2.54e-161,442,"A0ABR0TMB6"
"KEQ83897.1","tr|A0ABR0TCQ2|A0ABR0TCQ2_AURPU",90.5,253,1.51e-159,441,"A0ABR0TCQ2"
"THX84051.1","tr|A0ABR0TAI3|A0ABR0TAI3_AURPU",93.9,231,9.77e-160,441,"A0ABR0TAI3"
"KAK6001095.1","tr|A0ABR0T9H8|A0ABR0T9H8_AURPU",100,257,2.12e-159,441,"A0ABR0T9H8"
"KAK6001733.1","tr|A0ABR0TBB2|A0ABR0TBB2_AURPU",100,321,2.61e-157,441,"A0ABR0TBB2"
"KAK6004542.1","tr|A0ABR0TJN0|A0ABR0TJN0_AURPU",100,215,8.51e-161,441,"A0ABR0TJN0"
"KAK6006243.1","tr|A0ABR0TP69|A0ABR0TP69_AURPU",100,232,4.47e-160,441,"A0ABR0TP69"
"KAK6007732.1","tr|A0ABR0TUG9|A0ABR0TUG9_AURPU",100,205,5.59e-161,441,"A0ABR0TUG9"
"KAK6008684.1","tr|A0ABR0TW28|A0ABR0TW28_AURPU",100,225,1.84e-160,441,"A0ABR0TW28"
"CAD0054929.1","tr|A0ABR0TFP8|A0ABR0TFP8_AURPU",90.5,253,1.41e-159,441,"A0ABR0TFP8"
"THW83091.1","tr|A0ABR0TJH3|A0ABR0TJH3_AURPU",92.8,236,7.69e-159,440,"A0ABR0TJH3"
"KAK6000661.1","tr|A0ABR0T896|A0ABR0T896_AURPU",100,215,1.72e-160,440,"A0ABR0T896"
"KAK6003742.1","tr|A0ABR0THY5|A0ABR0THY5_AURPU",100,224,4.88e-160,440,"A0ABR0THY5"
"KAK6005215.1","tr|A0ABR0TMQ2|A0ABR0TMQ2_AURPU",100,215,2.44e-160,440,"A0ABR0TMQ2"
"KAK6007739.1","tr|A0ABR0TTG9|A0ABR0TTG9_AURPU",100,238,1.01e-159,440,"A0ABR0TTG9"
"THV78524.1","tr|A0ABR0TIY4|A0ABR0TIY4_AURPU",98.7,233,8.69e-159,439,"A0ABR0TIY4"
"KAK6000172.1","tr|A0ABR0T7U7|A0ABR0T7U7_AURPU",100,230,1.56e-159,439,"A0ABR0T7U7"
"KAK6000177.1","tr|A0ABR0T785|A0ABR0T785_AURPU",100,222,5.94e-160,439,"A0ABR0T785"
"KAK6001854.1","tr|A0ABR0TC74|A0ABR0TC74_AURPU",100,216,7.56e-160,439,"A0ABR0TC74"
"KAK6005004.1","tr|A0ABR0TL76|A0ABR0TL76_AURPU",100,219,6.7e-160,439,"A0ABR0TL76"
"KAK6006390.1","tr|A0ABR0TPN0|A0ABR0TPN0_AURPU",100,258,1.32e-158,439,"A0ABR0TPN0"
"KAK6006614.1","tr|A0ABR0TQ84|A0ABR0TQ84_AURPU",100,222,5.94e-160,439,"A0ABR0TQ84"
"KAK6008127.1","tr|A0ABR0TUY7|A0ABR0TUY7_AURPU",100,217,5.74e-160,439,"A0ABR0TUY7"
"CAC9893994.1","tr|A0ABR0TK05|A0ABR0TK05_AURPU",98.3,232,3.57e-159,439,"A0ABR0TK05"
"CAD0018188.1","tr|A0ABR0T5V9|A0ABR0T5V9_AURPU",89.8,256,5.94e-159,439,"A0ABR0T5V9"
"CAD0058025.1","tr|A0ABR0TIH5|A0ABR0TIH5_AURPU",86.8,334,2.58e-156,439,"A0ABR0TIH5"
"KAK5999329.1","tr|A0ABR0T4H4|A0ABR0T4H4_AURPU",100,285,2.06e-157,438,"A0ABR0T4H4"
"KAK5999900.1","tr|A0ABR0T7D1|A0ABR0T7D1_AURPU",100,227,3.55e-159,438,"A0ABR0T7D1"
"KAK6001281.1","tr|A0ABR0TBI6|A0ABR0TBI6_AURPU",100,228,3.84e-159,438,"A0ABR0TBI6"
"KAK6001966.1","tr|A0ABR0TBZ7|A0ABR0TBZ7_AURPU",100,210,6.76e-160,438,"A0ABR0TBZ7"
"KAK6005379.1","tr|A0ABR0TMB4|A0ABR0TMB4_AURPU",100,218,1.25e-159,438,"A0ABR0TMB4"
"CAD0046016.1","tr|A0ABR0TKH6|A0ABR0TKH6_AURPU",85.7,286,9.88e-158,438,"A0ABR0TKH6"
"KEQ85539.1","tr|A0ABR0T9B7|A0ABR0T9B7_AURPU",92.7,247,4.38e-158,437,"A0ABR0T9B7"
"THX79541.1","tr|A0ABR0TFG2|A0ABR0TFG2_AURPU",97,235,6.45e-158,437,"A0ABR0TFG2"
"KAK6000660.1","tr|A0ABR0T888|A0ABR0T888_AURPU",100,236,2.03e-158,437,"A0ABR0T888"
"KAK6005088.1","tr|A0ABR0TKW2|A0ABR0TKW2_AURPU",100,219,2.73e-159,437,"A0ABR0TKW2"
"OBW63720.1","tr|A0ABR0TSS9|A0ABR0TSS9_AURPU",98.7,228,2.06e-152,436,"A0ABR0TSS9"
"THY90586.1","tr|A0ABR0TM60|A0ABR0TM60_AURPU",90.3,248,5.6e-158,436,"A0ABR0TM60"
"KAK5999778.1","tr|A0ABR0T5S4|A0ABR0T5S4_AURPU",100,230,1.82e-158,436,"A0ABR0T5S4"
"KAK6001503.1","tr|A0ABR0TAN5|A0ABR0TAN5_AURPU",100,217,9.53e-159,436,"A0ABR0TAN5"
"KAK6002646.1","tr|A0ABR0TFD2|A0ABR0TFD2_AURPU",100,308,6.65e-156,436,"A0ABR0TFD2"
"KAK6003297.1","tr|A0ABR0TG25|A0ABR0TG25_AURPU",100,272,6.33e-157,436,"A0ABR0TG25"
"KAK6003607.1","tr|A0ABR0THK1|A0ABR0THK1_AURPU",100,250,1.19e-157,436,"A0ABR0THK1"
"KAK6003833.1","tr|A0ABR0THB9|A0ABR0THB9_AURPU",100,209,7.31e-159,436,"A0ABR0THB9"
"KAK6004549.1","tr|A0ABR0TJB5|A0ABR0TJB5_AURPU",100,221,1.3e-158,436,"A0ABR0TJB5"
"KAK6006511.1","tr|A0ABR0TQ13|A0ABR0TQ13_AURPU",100,246,1.25e-157,436,"A0ABR0TQ13"
"KAK6006817.1","tr|A0ABR0TRU4|A0ABR0TRU4_AURPU",100,223,1.51e-158,436,"A0ABR0TRU4"
"CAD0028077.1","tr|A0ABR0T9S5|A0ABR0T9S5_AURPU",91.3,229,1.01e-157,436,"A0ABR0T9S5"
"CAR1035975.1","tr|A0ABR0TEZ0|A0ABR0TEZ0_AURPU",94,235,3.6e-156,436,"A0ABR0TEZ0"
"THX49142.1","tr|A0ABR0T7P4|A0ABR0T7P4_AURPU",96,223,2.1e-157,435,"A0ABR0T7P4"
"KAK6007482.1","tr|A0ABR0TT45|A0ABR0TT45_AURPU",100,245,1.64e-157,435,"A0ABR0TT45"
"KAK6007843.1","tr|A0ABR0TTN0|A0ABR0TTN0_AURPU",100,221,2.62e-158,435,"A0ABR0TTN0"
"THW49518.1","tr|A0ABR0TU89|A0ABR0TU89_AURPU",93,285,8.34e-156,434,"A0ABR0TU89"
"KAK6003581.1","tr|A0ABR0THQ3|A0ABR0THQ3_AURPU",100,265,2.15e-156,434,"A0ABR0THQ3"
"KAK6003912.1","tr|A0ABR0THT8|A0ABR0THT8_AURPU",100,206,2.36e-158,434,"A0ABR0THT8"
"KAK6005747.1","tr|A0ABR0TMX2|A0ABR0TMX2_AURPU",100,228,1.28e-157,434,"A0ABR0TMX2"
"KAK6006027.1","tr|A0ABR0TNV6|A0ABR0TNV6_AURPU",100,219,9.14e-158,434,"A0ABR0TNV6"
"KAK6008242.1","tr|A0ABR0TVY8|A0ABR0TVY8_AURPU",100,233,1.88e-157,434,"A0ABR0TVY8"
"KEQ80540.1","tr|A0ABR0T6R9|A0ABR0T6R9_AURPU",85.9,270,5.37e-156,433,"A0ABR0T6R9"
"KEQ84366.1","tr|A0ABR0TR96|A0ABR0TR96_AURPU",90.8,240,9.22e-157,433,"A0ABR0TR96"
"KAK6000640.1","tr|A0ABR0T9E0|A0ABR0T9E0_AURPU",100,230,4.29e-157,433,"A0ABR0T9E0"
"KAK6004695.1","tr|A0ABR0TJR9|A0ABR0TJR9_AURPU",100,223,2.51e-157,433,"A0ABR0TJR9"
"CAD0019043.1","tr|A0ABR0TW55|A0ABR0TW55_AURPU",89.5,238,6.85e-157,433,"A0ABR0TW55"
"CAD0029460.1","tr|A0ABR0TW60|A0ABR0TW60_AURPU",86.2,276,3.01e-156,433,"A0ABR0TW60"
"THY08162.1","tr|A0ABR0T8K7|A0ABR0T8K7_AURPU",90.9,231,2.9e-156,432,"A0ABR0T8K7"
"KAK5999700.1","tr|A0ABR0T5K0|A0ABR0T5K0_AURPU",100,218,3.45e-157,432,"A0ABR0T5K0"
"KAK6001978.1","tr|A0ABR0TC06|A0ABR0TC06_AURPU",100,221,3.06e-157,432,"A0ABR0TC06"
"KAK6003455.1","tr|A0ABR0THR6|A0ABR0THR6_AURPU",100,215,3.89e-157,432,"A0ABR0THR6"
"KAK6004769.1","tr|A0ABR0TK40|A0ABR0TK40_AURPU",100,214,1.78e-157,432,"A0ABR0TK40"
"THV83966.1","tr|A0ABR0TS39|A0ABR0TS39_AURPU",97.7,219,2.04e-156,431,"A0ABR0TS39"
"TIA52960.1","tr|A0ABR0TUF6|A0ABR0TUF6_AURPU",85.8,302,2.98e-153,431,"A0ABR0TUF6"
"KAK5999307.1","tr|A0ABR0T4P7|A0ABR0T4P7_AURPU",100,222,1.34e-156,431,"A0ABR0T4P7"
"KAK6000564.1","tr|A0ABR0T8J1|A0ABR0T8J1_AURPU",100,218,9.88e-157,431,"A0ABR0T8J1"
"KAK6003898.1","tr|A0ABR0THI2|A0ABR0THI2_AURPU",100,315,1.06e-153,431,"A0ABR0THI2"
"KAK6005090.1","tr|A0ABR0TMG4|A0ABR0TMG4_AURPU",100,223,1.02e-156,431,"A0ABR0TMG4"
"KAK6006509.1","tr|A0ABR0TPX3|A0ABR0TPX3_AURPU",100,267,4.14e-155,431,"A0ABR0TPX3"
"CAD0025823.1","tr|A0ABR0T5P3|A0ABR0T5P3_AURPU",92,226,2.74e-156,431,"A0ABR0T5P3"
"CAR0999208.1","tr|A0ABR0TMN3|A0ABR0TMN3_AURPU",93.8,227,1.99e-155,431,"A0ABR0TMN3"
"KAK6006505.1","tr|A0ABR0TRE3|A0ABR0TRE3_AURPU",100,226,3.68e-156,430,"A0ABR0TRE3"
"KEQ87687.1","tr|A0ABR0TUJ1|A0ABR0TUJ1_AURPU",76.8,409,5.18e-150,429,"A0ABR0TUJ1"
"KEQ87760.1","tr|A0ABR0TTD5|A0ABR0TTD5_AURPU",95,238,4.05e-155,429,"A0ABR0TTD5"
"KAK5999562.1","tr|A0ABR0T5F3|A0ABR0T5F3_AURPU",100,227,1.62e-155,429,"A0ABR0T5F3"
"KAK6000873.1","tr|A0ABR0T8V9|A0ABR0T8V9_AURPU",100,206,2.27e-156,429,"A0ABR0T8V9"
"KAK6006749.1","tr|A0ABR0TQM9|A0ABR0TQM9_AURPU",100,239,2.01e-155,429,"A0ABR0TQM9"
"KAK6006875.1","tr|A0ABR0TSN1|A0ABR0TSN1_AURPU",100,215,6.45e-156,429,"A0ABR0TSN1"
"KAK6006944.1","tr|A0ABR0TR63|A0ABR0TR63_AURPU",100,219,6.17e-156,429,"A0ABR0TR63"
"KAK6008418.1","tr|A0ABR0TVD8|A0ABR0TVD8_AURPU",100,252,7.68e-155,429,"A0ABR0TVD8"
"THV65751.1","tr|A0ABR0TN74|A0ABR0TN74_AURPU",88.4,251,6.97e-154,428,"A0ABR0TN74"
"KAK5999947.1","tr|A0ABR0T770|A0ABR0T770_AURPU",100,231,4.44e-155,428,"A0ABR0T770"
"KAK6000081.1","tr|A0ABR0T823|A0ABR0T823_AURPU",100,212,1.03e-155,428,"A0ABR0T823"
"KAK6003620.1","tr|A0ABR0TI78|A0ABR0TI78_AURPU",100,220,1.35e-155,428,"A0ABR0TI78"
"KAK6006342.1","tr|A0ABR0TPS3|A0ABR0TPS3_AURPU",100,292,3.16e-153,428,"A0ABR0TPS3"
"KAK6006937.1","tr|A0ABR0TS55|A0ABR0TS55_AURPU",100,211,6.74e-156,428,"A0ABR0TS55"
"KAK6008872.1","tr|A0ABR0TXI5|A0ABR0TXI5_AURPU",100,201,3.12e-156,428,"A0ABR0TXI5"
"THZ17990.1","tr|A0ABR0TCC8|A0ABR0TCC8_AURPU",94.4,232,4.26e-151,427,"A0ABR0TCC8"
"KAK6002173.1","tr|A0ABR0TCK1|A0ABR0TCK1_AURPU",100,248,4.65e-154,427,"A0ABR0TCK1"
"KAK6002574.1","tr|A0ABR0TE94|A0ABR0TE94_AURPU",100,232,1.37e-154,427,"A0ABR0TE94"
"THV67200.1","tr|A0ABR0TKV8|A0ABR0TKV8_AURPU",94.2,224,2.3e-154,426,"A0ABR0TKV8"
"THW38414.1","tr|A0ABR0TC81|A0ABR0TC81_AURPU",86.6,253,1.09e-148,426,"A0ABR0TC81"
"THW92892.1","tr|A0ABR0TEA5|A0ABR0TEA5_AURPU",93,230,4.28e-153,426,"A0ABR0TEA5"
"THY28275.1","tr|A0ABR0T7M5|A0ABR0T7M5_AURPU",90.9,263,3.17e-152,426,"A0ABR0T7M5"
"THY64320.1","tr|A0ABR0TP46|A0ABR0TP46_AURPU",88.1,252,6.47e-154,426,"A0ABR0TP46"
"KAK6001810.1","tr|A0ABR0TCV6|A0ABR0TCV6_AURPU",100,204,3.23e-155,426,"A0ABR0TCV6"
"KAK6003174.1","tr|A0ABR0TFY0|A0ABR0TFY0_AURPU",100,213,4.55e-155,426,"A0ABR0TFY0"
"KAK6004362.1","tr|A0ABR0TJ54|A0ABR0TJ54_AURPU",100,212,4.21e-155,426,"A0ABR0TJ54"
"KAK6004830.1","tr|A0ABR0TK46|A0ABR0TK46_AURPU",100,205,4.96e-155,426,"A0ABR0TK46"
"KAK6005082.1","tr|A0ABR0TL64|A0ABR0TL64_AURPU",100,217,6.18e-155,426,"A0ABR0TL64"
"KAK6007463.1","tr|A0ABR0TSQ2|A0ABR0TSQ2_AURPU",100,1246,3.72e-129,426,"A0ABR0TSQ2"
"KAK6007738.1","tr|A0ABR0TTC6|A0ABR0TTC6_AURPU",100,209,3.34e-155,426,"A0ABR0TTC6"
"CAR4704278.1","tr|A0ABR0TUT6|A0ABR0TUT6_AURPU",91.2,228,1.14e-153,426,"A0ABR0TUT6"
"KAK5999644.1","tr|A0ABR0T5E0|A0ABR0T5E0_AURPU",100,214,1.41e-154,425,"A0ABR0T5E0"
"KAK6001410.1","tr|A0ABR0TAE9|A0ABR0TAE9_AURPU",100,223,2.81e-154,425,"A0ABR0TAE9"
"KAK6001926.1","tr|A0ABR0TDC1|A0ABR0TDC1_AURPU",100,293,5.62e-152,425,"A0ABR0TDC1"
"KAK6002771.1","tr|A0ABR0TFG8|A0ABR0TFG8_AURPU",100,222,2.6e-154,425,"A0ABR0TFG8"
"KAK6006556.1","tr|A0ABR0TQ57|A0ABR0TQ57_AURPU",100,220,3.17e-154,425,"A0ABR0TQ57"
"KAK6007901.1","tr|A0ABR0TUQ2|A0ABR0TUQ2_AURPU",100,260,6.68e-153,425,"A0ABR0TUQ2"
"CAC9887560.1","tr|A0ABR0TIA0|A0ABR0TIA0_AURPU",81.9,271,5.24e-153,425,"A0ABR0TIA0"
"THV63873.1","tr|A0ABR0THE3|A0ABR0THE3_AURPU",84.9,271,8.26e-152,424,"A0ABR0THE3"
"TIA38323.1","tr|A0ABR0TTT1|A0ABR0TTT1_AURPU",92.2,256,5.09e-152,424,"A0ABR0TTT1"
"KAK5999396.1","tr|A0ABR0T5X8|A0ABR0T5X8_AURPU",100,210,4.22e-154,424,"A0ABR0T5X8"
"KAK6000324.1","tr|A0ABR0T7V7|A0ABR0T7V7_AURPU",100,378,8.11e-149,424,"A0ABR0T7V7"
"KAK6000336.1","tr|A0ABR0T8S1|A0ABR0T8S1_AURPU",100,213,3.74e-154,424,"A0ABR0T8S1"
"KAK6001951.1","tr|A0ABR0TBY2|A0ABR0TBY2_AURPU",100,221,4.86e-154,424,"A0ABR0TBY2"
"KAK6002336.1","tr|A0ABR0TE53|A0ABR0TE53_AURPU",100,213,2.63e-154,424,"A0ABR0TE53"
"KAK6002600.1","tr|A0ABR0TF96|A0ABR0TF96_AURPU",100,226,1.44e-153,424,"A0ABR0TF96"
"KAK6002967.1","tr|A0ABR0TF42|A0ABR0TF42_AURPU",100,204,2.66e-154,424,"A0ABR0TF42"
"KAK6002996.1","tr|A0ABR0TG43|A0ABR0TG43_AURPU",100,209,1.93e-154,424,"A0ABR0TG43"
"KAK6003136.1","tr|A0ABR0TFC3|A0ABR0TFC3_AURPU",100,262,2.22e-152,424,"A0ABR0TFC3"
"KAK6008593.1","tr|A0ABR0TVS8|A0ABR0TVS8_AURPU",100,218,5.49e-154,424,"A0ABR0TVS8"
"KEQ80235.1","tr|A0ABR0TDM8|A0ABR0TDM8_AURPU",96.7,240,5.95e-153,423,"A0ABR0TDM8"
"THV68236.1","tr|A0ABR0TVJ7|A0ABR0TVJ7_AURPU",85.8,260,3.86e-152,423,"A0ABR0TVJ7"
"THW24464.1","tr|A0ABR0TFB5|A0ABR0TFB5_AURPU",90.6,224,2.15e-153,423,"A0ABR0TFB5"
"THX52308.1","tr|A0ABR0TBY9|A0ABR0TBY9_AURPU",87.2,257,2.19e-151,423,"A0ABR0TBY9"
"THY98880.1","tr|A0ABR0TIP5|A0ABR0TIP5_AURPU",93.2,251,4.39e-152,423,"A0ABR0TIP5"
"KAK6000207.1","tr|A0ABR0T7C0|A0ABR0T7C0_AURPU",100,206,6.26e-154,423,"A0ABR0T7C0"
"KAK6008713.1","tr|A0ABR0TW49|A0ABR0TW49_AURPU",100,211,6.47e-154,423,"A0ABR0TW49"
"THV75944.1","tr|A0ABR0THD5|A0ABR0THD5_AURPU",97.7,219,4.77e-152,422,"A0ABR0THD5"
"THW01209.1","tr|A0ABR0TA87|A0ABR0TA87_AURPU",96.3,215,2.01e-144,422,"A0ABR0TA87"
"KAK5999344.1","tr|A0ABR0T4I9|A0ABR0T4I9_AURPU",100,211,2.64e-153,422,"A0ABR0T4I9"
"KAK6002175.1","tr|A0ABR0TCL8|A0ABR0TCL8_AURPU",100,327,1.63e-149,422,"A0ABR0TCL8"
"KAK6006525.1","tr|A0ABR0TQ14|A0ABR0TQ14_AURPU",100,265,1.13e-151,422,"A0ABR0TQ14"
"KAK6007097.1","tr|A0ABR0TRP4|A0ABR0TRP4_AURPU",100,223,4.66e-153,422,"A0ABR0TRP4"
"THW09074.1","tr|A0ABR0TJR8|A0ABR0TJR8_AURPU",95.7,208,3.45e-152,421,"A0ABR0TJR8"
"THW54817.1","tr|A0ABR0T542|A0ABR0T542_AURPU",90.7,226,5.65e-151,421,"A0ABR0T542"
"KAK6002773.1","tr|A0ABR0TEB5|A0ABR0TEB5_AURPU",100,269,4.39e-151,421,"A0ABR0TEB5"
"KAK6003487.1","tr|A0ABR0TH87|A0ABR0TH87_AURPU",100,250,1.04e-151,421,"A0ABR0TH87"
"KAK6005744.1","tr|A0ABR0TMW9|A0ABR0TMW9_AURPU",100,317,1.57e-149,421,"A0ABR0TMW9"
"KAK6008567.1","tr|A0ABR0TW15|A0ABR0TW15_AURPU",100,235,4.74e-152,421,"A0ABR0TW15"
"CAD0012030.1","tr|A0ABR0THZ3|A0ABR0THZ3_AURPU",89.3,244,3.59e-152,421,"A0ABR0THZ3"
"CAD0016723.1","tr|A0ABR0TUM0|A0ABR0TUM0_AURPU",91.3,229,1.68e-151,421,"A0ABR0TUM0"
"KAK6001830.1","tr|A0ABR0TBL3|A0ABR0TBL3_AURPU",100,244,1.34e-151,420,"A0ABR0TBL3"
"KAK6005574.1","tr|A0ABR0TMU6|A0ABR0TMU6_AURPU",100,216,1.58e-152,420,"A0ABR0TMU6"
"KAK6007010.1","tr|A0ABR0TT11|A0ABR0TT11_AURPU",100,250,2.99e-151,420,"A0ABR0TT11"
"KAK6008447.1","tr|A0ABR0TVP4|A0ABR0TVP4_AURPU",100,216,2.24e-152,420,"A0ABR0TVP4"
"KEQ83381.1","tr|A0A4S8WAD4|A0A4S8WAD4_AURPU",100,205,1.37e-152,419,"A0A4S8WAD4"
"THW17384.1","tr|A0ABR0TTN6|A0ABR0TTN6_AURPU",92.7,233,4.96e-151,419,"A0ABR0TTN6"
"KAK6001246.1","tr|A0ABR0T9X8|A0ABR0T9X8_AURPU",100,201,1e-152,419,"A0ABR0T9X8"
"KAK6001338.1","tr|A0ABR0TA75|A0ABR0TA75_AURPU",100,209,2.64e-152,419,"A0ABR0TA75"
"KAK6001787.1","tr|A0ABR0TBG4|A0ABR0TBG4_AURPU",100,204,1.27e-152,419,"A0ABR0TBG4"
"KAK6001852.1","tr|A0ABR0TCJ0|A0ABR0TCJ0_AURPU",100,254,5.75e-151,419,"A0ABR0TCJ0"
"KAK6002673.1","tr|A0ABR0TE19|A0ABR0TE19_AURPU",100,230,1.87e-151,419,"A0ABR0TE19"
"KAK6005172.1","tr|A0ABR0TLE7|A0ABR0TLE7_AURPU",100,204,2.55e-152,419,"A0ABR0TLE7"
"KAK6005593.1","tr|A0ABR0TMC8|A0ABR0TMC8_AURPU",100,232,1.54e-151,419,"A0ABR0TMC8"
"KAK6007804.1","tr|A0ABR0TTL2|A0ABR0TTL2_AURPU",100,213,2.53e-152,419,"A0ABR0TTL2"
"THW11049.1","tr|A0ABR0TPC3|A0ABR0TPC3_AURPU",91.2,216,1.87e-151,418,"A0ABR0TPC3"
"THZ74673.1","tr|A0ABR0TPP1|A0ABR0TPP1_AURPU",98.6,217,3.4e-151,418,"A0ABR0TPP1"
"KAK5999795.1","tr|A0ABR0T722|A0ABR0T722_AURPU",100,200,2.67e-152,418,"A0ABR0T722"
"KAK6008574.1","tr|A0ABR0TWI5|A0ABR0TWI5_AURPU",100,231,4.08e-151,418,"A0ABR0TWI5"
"KEQ78918.1","tr|A0A1A7MT36|A0A1A7MT36_AURPU",100,213,2.08e-151,417,"A0A1A7MT36"
"KEQ87726.1","tr|A0ABR0TTG1|A0ABR0TTG1_AURPU",96.8,219,2.23e-151,417,"A0ABR0TTG1"
"THV64063.1","tr|A0ABR0TUA3|A0ABR0TUA3_AURPU",90.8,228,4.61e-151,417,"A0ABR0TUA3"
"THW30017.1","tr|A0ABR0TLL5|A0ABR0TLL5_AURPU",92.8,236,9.7e-151,417,"A0ABR0TLL5"
"THZ77304.1","tr|A0ABR0TPF9|A0ABR0TPF9_AURPU",90.1,223,2.48e-150,417,"A0ABR0TPF9"
"KAK6001211.1","tr|A0ABR0TB26|A0ABR0TB26_AURPU",100,207,1.86e-151,417,"A0ABR0TB26"
"KAK6002036.1","tr|A0ABR0TDC5|A0ABR0TDC5_AURPU",100,200,5.38e-152,417,"A0ABR0TDC5"
"KAK6004929.1","tr|A0ABR0TL03|A0ABR0TL03_AURPU",100,261,8.01e-150,417,"A0ABR0TL03"
"KAK6005693.1","tr|A0ABR0TMP5|A0ABR0TMP5_AURPU",100,273,1.98e-149,417,"A0ABR0TMP5"
"KAK6006383.1","tr|A0ABR0TPM0|A0ABR0TPM0_AURPU",100,257,4.17e-150,417,"A0ABR0TPM0"
"KEQ84686.1","tr|A0ABR0T6T4|A0ABR0T6T4_AURPU",93.4,228,1.32e-150,416,"A0ABR0T6T4"
"THV89741.1","tr|A0ABR0TL73|A0ABR0TL73_AURPU",99,206,6.12e-151,416,"A0ABR0TL73"
"THV94987.1","tr|A0ABR0TBY3|A0ABR0TBY3_AURPU",91,234,3.37e-150,416,"A0ABR0TBY3"
"KAK6000114.1","tr|A0ABR0T794|A0ABR0T794_AURPU",100,220,1.02e-150,416,"A0ABR0T794"
"KAK6000357.1","tr|A0ABR0T7R8|A0ABR0T7R8_AURPU",100,204,2.1e-151,416,"A0ABR0T7R8"
"KAK6000798.1","tr|A0ABR0T8M8|A0ABR0T8M8_AURPU",100,205,2.27e-151,416,"A0ABR0T8M8"
"KAK6002007.1","tr|A0ABR0TCH7|A0ABR0TCH7_AURPU",100,252,1.16e-149,416,"A0ABR0TCH7"
"KAK6002124.1","tr|A0ABR0TCY7|A0ABR0TCY7_AURPU",100,203,2.76e-151,416,"A0ABR0TCY7"
"KAK6006783.1","tr|A0ABR0TQP9|A0ABR0TQP9_AURPU",100,220,1.45e-150,416,"A0ABR0TQP9"
"KAK6006883.1","tr|A0ABR0TR06|A0ABR0TR06_AURPU",100,224,9.73e-151,416,"A0ABR0TR06"
"KAK6008310.1","tr|A0ABR0TV29|A0ABR0TV29_AURPU",100,291,3.09e-148,416,"A0ABR0TV29"
"THW23433.1","tr|A0ABR0T7H9|A0ABR0T7H9_AURPU",98.6,210,1.39e-149,415,"A0ABR0T7H9"
"KAK6000604.1","tr|A0ABR0T834|A0ABR0T834_AURPU",100,210,1.36e-150,415,"A0ABR0T834"
"KAK6005892.1","tr|A0ABR0TNI0|A0ABR0TNI0_AURPU",100,328,9.55e-147,415,"A0ABR0TNI0"
"KAK6006464.1","tr|A0ABR0TPT4|A0ABR0TPT4_AURPU",100,208,8.19e-151,415,"A0ABR0TPT4"
"KAK6006568.1","tr|A0ABR0TQ36|A0ABR0TQ36_AURPU",100,206,7.02e-151,415,"A0ABR0TQ36"
"KAK6006620.1","tr|A0ABR0TRX0|A0ABR0TRX0_AURPU",100,213,1.71e-150,415,"A0ABR0TRX0"
"KAK6007109.1","tr|A0ABR0TRN4|A0ABR0TRN4_AURPU",100,263,7.64e-149,415,"A0ABR0TRN4"
"TIA32085.1","tr|A0ABR0TSG4|A0ABR0TSG4_AURPU",93.4,227,2.22e-149,414,"A0ABR0TSG4"
"KAK5999560.1","tr|A0ABR0T698|A0ABR0T698_AURPU",100,213,3.44e-150,414,"A0ABR0T698"
"KAK6008385.1","tr|A0ABR0TVA2|A0ABR0TVA2_AURPU",100,209,7.63e-150,414,"A0ABR0TVA2"
"CAD0011351.1","tr|A0ABR0TCQ8|A0ABR0TCQ8_AURPU",87.4,247,2.49e-149,414,"A0ABR0TCQ8"
"THX75805.1","tr|A0ABR0T910|A0ABR0T910_AURPU",88.4,242,5.18e-149,413,"A0ABR0T910"
"KAK5999586.1","tr|A0ABR0T6J8|A0ABR0T6J8_AURPU",100,204,4.95e-150,413,"A0ABR0T6J8"
"KAK5999780.1","tr|A0ABR0T713|A0ABR0T713_AURPU",100,227,2.88e-149,413,"A0ABR0T713"
"KAK6004117.1","tr|A0ABR0TJ03|A0ABR0TJ03_AURPU",100,248,1.42e-148,413,"A0ABR0TJ03"
"KAK6005649.1","tr|A0ABR0TN28|A0ABR0TN28_AURPU",100,209,7.27e-150,413,"A0ABR0TN28"
"KAK6006601.1","tr|A0ABR0TQ99|A0ABR0TQ99_AURPU",100,215,1.15e-149,413,"A0ABR0TQ99"
"THZ64453.1","tr|A0ABR0TXS3|A0ABR0TXS3_AURPU",90,259,3.52e-147,412,"A0ABR0TXS3"
"KAK5999323.1","tr|A0ABR0T4C5|A0ABR0T4C5_AURPU",100,209,1.47e-149,412,"A0ABR0T4C5"
"KAK6005001.1","tr|A0ABR0TM78|A0ABR0TM78_AURPU",100,249,2.18e-148,412,"A0ABR0TM78"
"KAK6006962.1","tr|A0ABR0TRA2|A0ABR0TRA2_AURPU",100,200,5.17e-150,412,"A0ABR0TRA2"
"KAK6001381.1","tr|A0ABR0TAB9|A0ABR0TAB9_AURPU",100,220,6.87e-149,411,"A0ABR0TAB9"
"KAK6003608.1","tr|A0ABR0TGN9|A0ABR0TGN9_AURPU",100,208,2.74e-149,411,"A0ABR0TGN9"
"KAK6003872.1","tr|A0ABR0THG0|A0ABR0THG0_AURPU",100,206,3.34e-149,411,"A0ABR0THG0"
"KAK6007632.1","tr|A0ABR0TTI4|A0ABR0TTI4_AURPU",100,232,1.72e-148,411,"A0ABR0TTI4"
"KAK6002724.1","tr|A0ABR0TEQ7|A0ABR0TEQ7_AURPU",100,215,9.46e-149,410,"A0ABR0TEQ7"
"KAK6003814.1","tr|A0ABR0TH98|A0ABR0TH98_AURPU",100,217,2.22e-148,410,"A0ABR0TH98"
"KAK6007149.1","tr|A0ABR0TSB5|A0ABR0TSB5_AURPU",100,213,1.64e-148,410,"A0ABR0TSB5"
"THW71383.1","tr|A0ABR0TN46|A0ABR0TN46_AURPU",91.9,223,5.65e-147,409,"A0ABR0TN46"
"THX24517.1","tr|A0ABR0TCK6|A0ABR0TCK6_AURPU",92.4,236,4.27e-147,409,"A0ABR0TCK6"
"THZ37644.1","tr|A0ABR0TIZ5|A0ABR0TIZ5_AURPU",98.7,227,1.5e-145,409,"A0ABR0TIZ5"
"KAK5999556.1","tr|A0ABR0T6G2|A0ABR0T6G2_AURPU",100,237,2.06e-147,409,"A0ABR0T6G2"
"KAK6002056.1","tr|A0ABR0TC85|A0ABR0TC85_AURPU",100,248,6.73e-147,409,"A0ABR0TC85"
"KAK6004886.1","tr|A0ABR0TLC1|A0ABR0TLC1_AURPU",100,201,1.32e-148,409,"A0ABR0TLC1"
"KAK6004973.1","tr|A0ABR0TKM2|A0ABR0TKM2_AURPU",100,202,2.02e-148,409,"A0ABR0TKM2"
"KAK6005287.1","tr|A0ABR0TM90|A0ABR0TM90_AURPU",100,204,1.66e-148,409,"A0ABR0TM90"
"KAK6006931.1","tr|A0ABR0TR66|A0ABR0TR66_AURPU",100,209,2.43e-148,409,"A0ABR0TR66"
"OBW68227.1","tr|A0ABR0TU49|A0ABR0TU49_AURPU",90.8,262,7.54e-146,407,"A0ABR0TU49"
"THV71418.1","tr|A0ABR0T706|A0ABR0T706_AURPU",90.9,242,5.31e-146,407,"A0ABR0T706"
"KAK6003801.1","tr|A0ABR0TIR8|A0ABR0TIR8_AURPU",100,207,1.72e-147,407,"A0ABR0TIR8"
"KAK6006983.1","tr|A0ABR0TRB6|A0ABR0TRB6_AURPU",100,328,1.48e-143,407,"A0ABR0TRB6"
"KAK6006989.1","tr|A0ABR0TRA9|A0ABR0TRA9_AURPU",100,204,6.75e-148,407,"A0ABR0TRA9"
"KAK6007855.1","tr|A0ABR0TVE4|A0ABR0TVE4_AURPU",100,209,2e-147,407,"A0ABR0TVE4"
"CAR1038052.1","tr|A0ABR0TQS3|A0ABR0TQS3_AURPU",84,250,4.91e-145,407,"A0ABR0TQS3"
"KEQ85109.1","tr|A0ABR0TG11|A0ABR0TG11_AURPU",87.8,237,2.44e-146,406,"A0ABR0TG11"
"OBW67667.1","tr|A0ABR0TNI6|A0ABR0TNI6_AURPU",92.4,210,2.77e-146,406,"A0ABR0TNI6"
"THZ19530.1","tr|A0ABR0TBP1|A0ABR0TBP1_AURPU",92.5,227,6.58e-145,406,"A0ABR0TBP1"
"KAK6004482.1","tr|A0ABR0TJG4|A0ABR0TJG4_AURPU",100,304,3.62e-144,406,"A0ABR0TJG4"
"CAR1010269.1","tr|A0ABR0TGH5|A0ABR0TGH5_AURPU",91.9,209,5.39e-146,406,"A0ABR0TGH5"
"KEQ82209.1","tr|A0ABR0THY1|A0ABR0THY1_AURPU",86.6,305,9.68e-144,405,"A0ABR0THY1"
"THW54491.1","tr|A0ABR0TRB1|A0ABR0TRB1_AURPU",96.4,224,4.3e-146,405,"A0ABR0TRB1"
"THW29526.1","tr|A0ABR0THQ1|A0ABR0THQ1_AURPU",95.4,216,6.64e-146,405,"A0ABR0THQ1"
"KAK6000725.1","tr|A0ABR0T9S1|A0ABR0T9S1_AURPU",100,202,3.35e-147,405,"A0ABR0T9S1"
"KAK6002416.1","tr|A0ABR0TDA1|A0ABR0TDA1_AURPU",100,217,1.5e-146,405,"A0ABR0TDA1"
"KAK6004154.1","tr|A0ABR0TIB9|A0ABR0TIB9_AURPU",100,201,6.27e-147,405,"A0ABR0TIB9"
"THW25386.1","tr|A0ABR0TSI2|A0ABR0TSI2_AURPU",91.3,229,1.82e-145,404,"A0ABR0TSI2"
"THY10817.1","tr|A0A4S9E1S8|A0A4S9E1S8_AURPU",99.5,203,1.76e-146,404,"A0A4S9E1S8"
"THY42589.1","tr|A0ABR0T8M3|A0ABR0T8M3_AURPU",91.6,225,1.63e-145,404,"A0ABR0T8M3"
"TIA38132.1","tr|A0ABR0TPQ0|A0ABR0TPQ0_AURPU",90.9,231,4.57e-136,404,"A0ABR0TPQ0"
"KAK6007523.1","tr|A0ABR0TSW0|A0ABR0TSW0_AURPU",100,226,8.55e-146,404,"A0ABR0TSW0"
"THV67158.1","tr|A0ABR0TSM6|A0ABR0TSM6_AURPU",87.9,247,1.96e-144,403,"A0ABR0TSM6"
"THV64453.1","tr|A0ABR0T6A5|A0ABR0T6A5_AURPU",94.6,224,3.79e-144,403,"A0ABR0T6A5"
"KAK6008553.1","tr|A0ABR0TVS4|A0ABR0TVS4_AURPU",100,203,4.23e-146,403,"A0ABR0TVS4"
"THW14013.1","tr|A0ABR0TWN4|A0ABR0TWN4_AURPU",89.6,241,7.32e-145,402,"A0ABR0TWN4"
"THW68504.1","tr|A0ABR0TIM1|A0ABR0TIM1_AURPU",86.7,233,7.77e-145,402,"A0ABR0TIM1"
"THX78335.1","tr|A0ABR0T8Q5|A0ABR0T8Q5_AURPU",93.4,213,2.26e-144,402,"A0ABR0T8Q5"
"THY20914.1","tr|A0ABR0T9F0|A0ABR0T9F0_AURPU",92,225,3.09e-144,402,"A0ABR0T9F0"
"KAK6002182.1","tr|A0ABR0TDF6|A0ABR0TDF6_AURPU",100,227,5.33e-145,402,"A0ABR0TDF6"
"KAK6008592.1","tr|A0ABR0TWA4|A0ABR0TWA4_AURPU",100,203,6.01e-146,402,"A0ABR0TWA4"
"KAK5999641.1","tr|A0ABR0T5D0|A0ABR0T5D0_AURPU",100,204,1.86e-145,401,"A0ABR0T5D0"
"KAK6003234.1","tr|A0ABR0TG41|A0ABR0TG41_AURPU",100,206,2.17e-145,401,"A0ABR0TG41"
"KAK6005423.1","tr|A0ABR0TLV4|A0ABR0TLV4_AURPU",100,203,2.45e-145,401,"A0ABR0TLV4"
"KAK6001299.1","tr|A0ABR0TAP4|A0ABR0TAP4_AURPU",100,202,6.5e-145,400,"A0ABR0TAP4"
"KAK6003554.1","tr|A0ABR0TGK0|A0ABR0TGK0_AURPU",100,205,8.18e-145,400,"A0ABR0TGK0"
"KAK6006528.1","tr|A0ABR0TQ01|A0ABR0TQ01_AURPU",100,221,1.37e-144,400,"A0ABR0TQ01"
"KAK6007735.1","tr|A0ABR0TV25|A0ABR0TV25_AURPU",100,224,3.48e-144,400,"A0ABR0TV25"
"THV86076.1","tr|A0ABR0TP53|A0ABR0TP53_AURPU",99,202,2.72e-143,399,"A0ABR0TP53"
"THZ54220.1","tr|A0ABR0TKE3|A0ABR0TKE3_AURPU",90.5,222,4.63e-144,399,"A0ABR0TKE3"
"KAK6002373.1","tr|A0ABR0TD59|A0ABR0TD59_AURPU",100,201,1.21e-144,399,"A0ABR0TD59"
"KAK6004851.1","tr|A0ABR0TLT2|A0ABR0TLT2_AURPU",100,282,7.83e-142,399,"A0ABR0TLT2"
"KAK6006405.1","tr|A0ABR0TPP4|A0ABR0TPP4_AURPU",100,201,8.55e-145,399,"A0ABR0TPP4"
"KAK6006472.1","tr|A0ABR0TQU3|A0ABR0TQU3_AURPU",100,232,9.09e-144,399,"A0ABR0TQU3"
"KAK6008389.1","tr|A0ABR0TV79|A0ABR0TV79_AURPU",100,204,2.17e-144,399,"A0ABR0TV79"
"THW20052.1","tr|A0ABR0T660|A0ABR0T660_AURPU",94.3,210,6.75e-142,398,"A0ABR0T660"
"KAK6006514.1","tr|A0ABR0TQ06|A0ABR0TQ06_AURPU",100,236,5.01e-143,398,"A0ABR0TQ06"
"KAK5999787.1","tr|A0ABR0T647|A0ABR0T647_AURPU",100,207,1.11e-143,397,"A0ABR0T647"
"KAK6004537.1","tr|A0ABR0TK64|A0ABR0TK64_AURPU",100,212,1.15e-143,397,"A0ABR0TK64"
"KAK6004994.1","tr|A0ABR0TKQ7|A0ABR0TKQ7_AURPU",100,206,7.25e-144,397,"A0ABR0TKQ7"
"KAK6005683.1","tr|A0ABR0TMM2|A0ABR0TMM2_AURPU",100,209,9.12e-144,397,"A0ABR0TMM2"
"KAK6007733.1","tr|A0ABR0TTH7|A0ABR0TTH7_AURPU",100,373,2.36e-138,397,"A0ABR0TTH7"
"KAK6001125.1","tr|A0ABR0T9K9|A0ABR0T9K9_AURPU",100,207,2.24e-143,396,"A0ABR0T9K9"
"KAK6001700.1","tr|A0ABR0TCP4|A0ABR0TCP4_AURPU",100,204,2.54e-143,396,"A0ABR0TCP4"
"THV75650.1","tr|A0ABR0THU2|A0ABR0THU2_AURPU",94.1,202,1.04e-142,395,"A0ABR0THU2"
"KAK6001231.1","tr|A0ABR0T9W7|A0ABR0T9W7_AURPU",100,336,6.22e-138,395,"A0ABR0T9W7"
"KAK6003172.1","tr|A0ABR0TGD1|A0ABR0TGD1_AURPU",100,206,5.96e-143,395,"A0ABR0TGD1"
"KAK6003910.1","tr|A0ABR0TIX3|A0ABR0TIX3_AURPU",100,292,5.45e-140,395,"A0ABR0TIX3"
"KAK6004859.1","tr|A0ABR0TKC4|A0ABR0TKC4_AURPU",100,200,3.77e-143,395,"A0ABR0TKC4"
"KAK6005688.1","tr|A0ABR0TML9|A0ABR0TML9_AURPU",100,206,8.47e-143,395,"A0ABR0TML9"
"KAK6005689.1","tr|A0ABR0TML6|A0ABR0TML6_AURPU",100,211,1.24e-142,395,"A0ABR0TML6"
"KAK6006972.1","tr|A0ABR0TRM8|A0ABR0TRM8_AURPU",100,230,3.71e-142,395,"A0ABR0TRM8"
"THX36357.1","tr|A0ABR0TQ65|A0ABR0TQ65_AURPU",92.5,214,1.61e-141,394,"A0ABR0TQ65"
"KAK5999874.1","tr|A0ABR0T6L9|A0ABR0T6L9_AURPU",100,326,1.32e-138,394,"A0ABR0T6L9"
"KAK6000986.1","tr|A0ABR0TAD9|A0ABR0TAD9_AURPU",100,204,2.08e-142,394,"A0ABR0TAD9"
"KAK6002134.1","tr|A0ABR0TCG9|A0ABR0TCG9_AURPU",100,250,6.82e-141,394,"A0ABR0TCG9"
"KAK6002881.1","tr|A0ABR0TEM3|A0ABR0TEM3_AURPU",100,218,8.61e-142,393,"A0ABR0TEM3"
"KAK6005250.1","tr|A0ABR0TLD1|A0ABR0TLD1_AURPU",100,204,2.96e-142,393,"A0ABR0TLD1"
"KEQ82230.1","tr|A0ABR0TI39|A0ABR0TI39_AURPU",90.9,209,8.75e-142,392,"A0ABR0TI39"
"THV77703.1","tr|A0ABR0TTP3|A0ABR0TTP3_AURPU",96.3,272,6.54e-139,392,"A0ABR0TTP3"
"THW93364.1","tr|A0ABR0TLA3|A0ABR0TLA3_AURPU",94.7,209,2.81e-141,392,"A0ABR0TLA3"
"KAK6001582.1","tr|A0ABR0TBT0|A0ABR0TBT0_AURPU",100,204,8.49e-142,392,"A0ABR0TBT0"
"KAK6002129.1","tr|A0ABR0TCJ8|A0ABR0TCJ8_AURPU",100,225,2.96e-141,392,"A0ABR0TCJ8"
"KAK6002334.1","tr|A0ABR0TDK5|A0ABR0TDK5_AURPU",100,209,8.75e-142,392,"A0ABR0TDK5"
"KAK6003591.1","tr|A0ABR0TI63|A0ABR0TI63_AURPU",100,205,9.16e-142,392,"A0ABR0TI63"
"TIA25629.1","tr|A0ABR0TA83|A0ABR0TA83_AURPU",95.7,208,1.14e-138,391,"A0ABR0TA83"
"KAK5999515.1","tr|A0ABR0T648|A0ABR0T648_AURPU",100,231,6.88e-138,391,"A0ABR0T648"
"KAK6003564.1","tr|A0ABR0TH36|A0ABR0TH36_AURPU",100,204,1.71e-141,391,"A0ABR0TH36"
"KAK6004188.1","tr|A0ABR0TIC5|A0ABR0TIC5_AURPU",100,225,1.2e-140,391,"A0ABR0TIC5"
"KAK6008458.1","tr|A0ABR0TVD9|A0ABR0TVD9_AURPU",100,206,2.83e-141,391,"A0ABR0TVD9"
"KAK5999630.1","tr|A0ABR0T6I6|A0ABR0T6I6_AURPU",100,201,3.9e-141,390,"A0ABR0T6I6"
"KAK6008863.1","tr|A0ABR0TWH1|A0ABR0TWH1_AURPU",100,245,1.56e-139,390,"A0ABR0TWH1"
"THW60235.1","tr|A0ABR0TMV4|A0ABR0TMV4_AURPU",89.1,230,3.37e-139,389,"A0ABR0TMV4"
"KAK6005329.1","tr|A0ABR0TLK4|A0ABR0TLK4_AURPU",100,226,7.5e-140,389,"A0ABR0TLK4"
"KAK6007209.1","tr|A0ABR0TSK2|A0ABR0TSK2_AURPU",100,206,1.15e-140,389,"A0ABR0TSK2"
"KAK6007615.1","tr|A0ABR0TUQ3|A0ABR0TUQ3_AURPU",100,211,1.69e-140,389,"A0ABR0TUQ3"
"KAK6007851.1","tr|A0ABR0TVF5|A0ABR0TVF5_AURPU",100,235,1.48e-139,389,"A0ABR0TVF5"
"TIA12107.1","tr|A0ABR0TTI1|A0ABR0TTI1_AURPU",91.3,207,2.42e-139,388,"A0ABR0TTI1"
"KAK6005202.1","tr|A0ABR0TLI2|A0ABR0TLI2_AURPU",100,235,2.99e-139,388,"A0ABR0TLI2"
"KAK6007092.1","tr|A0ABR0TRZ7|A0ABR0TRZ7_AURPU",100,205,3.07e-140,388,"A0ABR0TRZ7"
"KAK6007700.1","tr|A0ABR0TV21|A0ABR0TV21_AURPU",100,222,7.38e-139,388,"A0ABR0TV21"
"KAK6008419.1","tr|A0ABR0TVB6|A0ABR0TVB6_AURPU",100,346,1.5e-135,388,"A0ABR0TVB6"
"KAK6004724.1","tr|A0ABR0TJZ0|A0ABR0TJZ0_AURPU",100,206,1.35e-139,387,"A0ABR0TJZ0"
"CAD0014987.1","tr|A0ABR0TG88|A0ABR0TG88_AURPU",89.1,211,7.55e-140,387,"A0ABR0TG88"
"CAR4721093.1","tr|A0ABR0TTI0|A0ABR0TTI0_AURPU",92.7,205,1.36e-138,387,"A0ABR0TTI0"
"KAK6002521.1","tr|A0ABR0TDL2|A0ABR0TDL2_AURPU",100,200,1.21e-139,386,"A0ABR0TDL2"
"KAK6003509.1","tr|A0ABR0TGF6|A0ABR0TGF6_AURPU",100,233,2.11e-138,386,"A0ABR0TGF6"
"KAK5999944.1","tr|A0ABR0T669|A0ABR0T669_AURPU",100,236,7.58e-138,385,"A0ABR0T669"
"KAK6003723.1","tr|A0ABR0TH03|A0ABR0TH03_AURPU",100,201,3.75e-139,385,"A0ABR0TH03"
"KAK6004274.1","tr|A0ABR0TIQ6|A0ABR0TIQ6_AURPU",100,219,1.47e-138,385,"A0ABR0TIQ6"
"THY10371.1","tr|A0ABR0TT63|A0ABR0TT63_AURPU",94.8,210,1.41e-138,384,"A0ABR0TT63"
"KAK6005942.1","tr|A0ABR0TNF4|A0ABR0TNF4_AURPU",100,202,1.16e-138,384,"A0ABR0TNF4"
"CAC9891826.1","tr|A0ABR0TBM8|A0ABR0TBM8_AURPU",86.3,240,5.76e-138,384,"A0ABR0TBM8"
"CAR4720688.1","tr|A0ABR0TUB2|A0ABR0TUB2_AURPU",95.3,213,8.94e-138,384,"A0ABR0TUB2"
"THV87646.1","tr|A0ABR0TEP4|A0ABR0TEP4_AURPU",92.1,215,7.69e-138,383,"A0ABR0TEP4"
"KAK6001934.1","tr|A0ABR0TC03|A0ABR0TC03_AURPU",100,205,4.18e-138,383,"A0ABR0TC03"
"KAK6004715.1","tr|A0ABR0TLE6|A0ABR0TLE6_AURPU",100,200,2.01e-138,383,"A0ABR0TLE6"
"KEQ87582.1","tr|A0ABR0TTH0|A0ABR0TTH0_AURPU",89.2,259,4.95e-136,382,"A0ABR0TTH0"
"CAD0025589.1","tr|A0A4S8ZPW6|A0A4S8ZPW6_AURPU",91.5,213,8.16e-138,382,"A0A4S8ZPW6"
"KAK6002924.1","tr|A0ABR0TES1|A0ABR0TES1_AURPU",100,204,1.58e-137,381,"A0ABR0TES1"
"CAD0015715.1","tr|A0ABR0T9E8|A0ABR0T9E8_AURPU",86.7,248,3.62e-135,381,"A0ABR0T9E8"
"CAD0043976.1","tr|A0A4S9WTE7|A0A4S9WTE7_AURPU",83.3,246,1.29e-136,381,"A0A4S9WTE7"
"KAK5999464.1","tr|A0ABR0T4V3|A0ABR0T4V3_AURPU",100,224,2.93e-136,380,"A0ABR0T4V3"
"CAD0013714.1","tr|A0ABR0THE1|A0ABR0THE1_AURPU",88.5,217,9.08e-137,380,"A0ABR0THE1"
"CAD0016622.1","tr|A0ABR0TTF3|A0ABR0TTF3_AURPU",91.9,223,1.01e-136,380,"A0ABR0TTF3"
"KAK6002344.1","tr|A0ABR0TD26|A0ABR0TD26_AURPU",100,202,1.11e-136,379,"A0ABR0TD26"
"KAK6006254.1","tr|A0ABR0TP77|A0ABR0TP77_AURPU",100,204,1.84e-136,379,"A0ABR0TP77"
"KAK6006980.1","tr|A0ABR0TSY0|A0ABR0TSY0_AURPU",100,244,1.51e-134,379,"A0ABR0TSY0"
"KEQ85513.1","tr|A0ABR0T9Y7|A0ABR0T9Y7_AURPU",90.9,209,3.82e-136,378,"A0ABR0T9Y7"
"THY81204.1","tr|A0ABR0TLF1|A0ABR0TLF1_AURPU",93,214,9.87e-135,378,"A0ABR0TLF1"
"THW56500.1","tr|A0ABR0TDB8|A0ABR0TDB8_AURPU",93,201,6.58e-136,377,"A0ABR0TDB8"
"THX75596.1","tr|A0ABR0TF39|A0ABR0TF39_AURPU",86.7,211,2.88e-135,377,"A0ABR0TF39"
"THZ38021.1","tr|A0ABR0TBP2|A0ABR0TBP2_AURPU",92.2,205,1.57e-134,377,"A0ABR0TBP2"
"KAK6006641.1","tr|A0ABR0TR99|A0ABR0TR99_AURPU",100,311,1.52e-132,377,"A0ABR0TR99"
"THX27104.1","tr|A0ABR0THS3|A0ABR0THS3_AURPU",90.9,208,3.96e-134,376,"A0ABR0THS3"
"KAK6002691.1","tr|A0ABR0TFJ4|A0ABR0TFJ4_AURPU",100,221,7.79e-135,376,"A0ABR0TFJ4"
"KEQ83566.1","tr|A0ABR0TD89|A0ABR0TD89_AURPU",98,201,2.43e-135,375,"A0ABR0TD89"
"THZ32194.1","tr|A0ABR0TQ90|A0ABR0TQ90_AURPU",94.1,202,3.98e-135,375,"A0ABR0TQ90"
"KAK6005808.1","tr|A0ABR0TMZ3|A0ABR0TMZ3_AURPU",100,392,5.7e-125,375,"A0ABR0TMZ3"
"CAC9891432.1","tr|A0ABR0TRJ6|A0ABR0TRJ6_AURPU",85.4,233,1.44e-134,375,"A0ABR0TRJ6"
"KAK6000082.1","tr|A0ABR0T7K6|A0ABR0T7K6_AURPU",100,205,3.84e-134,373,"A0ABR0T7K6"
"KAK6005016.1","tr|A0ABR0TM94|A0ABR0TM94_AURPU",100,492,5e-125,372,"A0ABR0TM94"
"CAD0019152.1","tr|A0ABR0TUT2|A0ABR0TUT2_AURPU",87.6,225,1.26e-133,372,"A0ABR0TUT2"
"CAD0055406.1","tr|A0ABR0T4P8|A0ABR0T4P8_AURPU",85.1,208,8.47e-134,372,"A0ABR0T4P8"
"KAK6005918.1","tr|A0ABR0TN93|A0ABR0TN93_AURPU",100,202,1.77e-133,371,"A0ABR0TN93"
"KAK6008570.1","tr|A0ABR0TXD8|A0ABR0TXD8_AURPU",100,294,1.69e-130,371,"A0ABR0TXD8"
"KAK6008625.1","tr|A0ABR0TVY6|A0ABR0TVY6_AURPU",100,212,2.66e-133,371,"A0ABR0TVY6"
"KAK6007899.1","tr|A0ABR0TUK1|A0ABR0TUK1_AURPU",100,206,6.87e-133,370,"A0ABR0TUK1"
"CAD0026017.1","tr|A0ABR0TQK6|A0ABR0TQK6_AURPU",91.3,218,6.33e-133,370,"A0ABR0TQK6"
"THY63748.1","tr|A0ABR0TP21|A0ABR0TP21_AURPU",90.2,215,2.38e-132,369,"A0ABR0TP21"
"THX54468.1","tr|A0ABR0TRI3|A0ABR0TRI3_AURPU",89.9,207,3.37e-130,369,"A0ABR0TRI3"
"THZ89156.1","tr|A0ABR0TSM0|A0ABR0TSM0_AURPU",86.9,236,1.02e-129,369,"A0ABR0TSM0"
"KAK6001232.1","tr|A0ABR0T9W9|A0ABR0T9W9_AURPU",100,284,3.3e-130,369,"A0ABR0T9W9"
"KAK6003617.1","tr|A0ABR0TGQ7|A0ABR0TGQ7_AURPU",100,206,1.97e-132,369,"A0ABR0TGQ7"
"KAK6005921.1","tr|A0ABR0TP97|A0ABR0TP97_AURPU",100,268,2.05e-130,369,"A0ABR0TP97"
"CAD0016669.1","tr|A0ABR0TT78|A0ABR0TT78_AURPU",83.1,231,9.88e-130,369,"A0ABR0TT78"
"THY35527.1","tr|A0ABR0TET2|A0ABR0TET2_AURPU",86.9,213,3.32e-132,368,"A0ABR0TET2"
"KAK6008309.1","tr|A0ABR0TV20|A0ABR0TV20_AURPU",100,206,3.97e-132,368,"A0ABR0TV20"
"CAD0029551.1","tr|A0ABR0TUS3|A0ABR0TUS3_AURPU",87,247,7.8e-131,368,"A0ABR0TUS3"
"THW49987.1","tr|A0ABR0TJ17|A0ABR0TJ17_AURPU",89.3,215,2.02e-131,367,"A0ABR0TJ17"
"THW58752.1","tr|A0ABR0TKQ4|A0ABR0TKQ4_AURPU",89.5,209,3.43e-131,367,"A0ABR0TKQ4"
"THY28301.1","tr|A0ABR0T591|A0ABR0T591_AURPU",90.7,236,1.11e-129,367,"A0ABR0T591"
"KAK5999510.1","tr|A0ABR0T635|A0ABR0T635_AURPU",100,211,8.24e-132,367,"A0ABR0T635"
"KAK6001230.1","tr|A0ABR0T9X3|A0ABR0T9X3_AURPU",100,223,2.9e-131,367,"A0ABR0T9X3"
"KAK6001462.1","tr|A0ABR0TBF9|A0ABR0TBF9_AURPU",100,201,1.11e-131,366,"A0ABR0TBF9"
"KEQ88041.1","tr|A0ABR0TVL8|A0ABR0TVL8_AURPU",90.8,206,1.22e-130,365,"A0ABR0TVL8"
"THX00062.1","tr|A0ABR0TAC4|A0ABR0TAC4_AURPU",85.7,223,4.73e-131,365,"A0ABR0TAC4"
"KAK6000123.1","tr|A0ABR0T6Q1|A0ABR0T6Q1_AURPU",100,237,4.78e-130,365,"A0ABR0T6Q1"
"KAK6004067.1","tr|A0ABR0TI27|A0ABR0TI27_AURPU",100,232,2.32e-130,365,"A0ABR0TI27"
"KAK6000095.1","tr|A0ABR0T7X2|A0ABR0T7X2_AURPU",100,266,8.32e-129,364,"A0ABR0T7X2"
"KAK6001063.1","tr|A0ABR0T9F8|A0ABR0T9F8_AURPU",100,215,1.85e-130,364,"A0ABR0T9F8"
"THV95428.1","tr|A0ABR0THP7|A0ABR0THP7_AURPU",89.3,205,1.41e-130,363,"A0ABR0THP7"
"KAK6007537.1","tr|A0ABR0TTX7|A0ABR0TTX7_AURPU",100,302,6.65e-127,362,"A0ABR0TTX7"
"THV64589.1","tr|A0ABR0TL86|A0ABR0TL86_AURPU",95.4,218,5.87e-126,360,"A0ABR0TL86"
"KAK6002420.1","tr|A0ABR0TEP5|A0ABR0TEP5_AURPU",100,219,8.33e-129,360,"A0ABR0TEP5"
"CAC9893225.1","tr|A0ABR0TTW9|A0ABR0TTW9_AURPU",84,225,5.22e-129,360,"A0ABR0TTW9"
"KEQ82397.1","tr|A0ABR0TBR8|A0ABR0TBR8_AURPU",90,229,1.02e-127,359,"A0ABR0TBR8"
"KAK6001673.1","tr|A0ABR0TB55|A0ABR0TB55_AURPU",100,253,3.02e-127,359,"A0ABR0TB55"
"KAK6004025.1","tr|A0ABR0TJE1|A0ABR0TJE1_AURPU",100,203,7.14e-129,359,"A0ABR0TJE1"
"KAK6004221.1","tr|A0ABR0TK20|A0ABR0TK20_AURPU",100,248,2.96e-127,359,"A0ABR0TK20"
"CAD0024770.1","tr|A0ABR0TAQ7|A0ABR0TAQ7_AURPU",93,201,1.87e-128,359,"A0ABR0TAQ7"
"KAK5999548.1","tr|A0ABR0T502|A0ABR0T502_AURPU",100,228,1.91e-127,358,"A0ABR0T502"
"KEQ87230.1","tr|A0ABR0TCN7|A0ABR0TCN7_AURPU",97.5,201,3.55e-128,357,"A0ABR0TCN7"
"CAD0058571.1","tr|A0ABR0TH01|A0ABR0TH01_AURPU",85.5,207,9.75e-128,357,"A0ABR0TH01"
"CAD0057159.1","tr|A0ABR0T5F6|A0ABR0T5F6_AURPU",83.7,257,9.23e-126,356,"A0ABR0T5F6"
"THV93028.1","tr|A0ABR0T9G0|A0ABR0T9G0_AURPU",84,243,9.54e-121,355,"A0ABR0T9G0"
"TIA58832.1","tr|A0ABR0TLN0|A0ABR0TLN0_AURPU",90,200,1.08e-125,355,"A0ABR0TLN0"
"KAK6005065.1","tr|A0ABR0TMC9|A0ABR0TMC9_AURPU",100,228,2.22e-126,355,"A0ABR0TMC9"
"CAD0057195.1","tr|A0ABR0T5A6|A0ABR0T5A6_AURPU",75.7,259,1.26e-124,355,"A0ABR0T5A6"
"KAK6006209.1","tr|A0ABR0TP40|A0ABR0TP40_AURPU",100,200,5.45e-127,354,"A0ABR0TP40"
"THW61574.1","tr|A0ABR0TL44|A0ABR0TL44_AURPU",89.1,211,8.34e-126,353,"A0ABR0TL44"
"CAC9893797.1","tr|A0A4S9BKZ2|A0A4S9BKZ2_AURPU",89.7,203,6.81e-127,353,"A0A4S9BKZ2"
"CAD0021890.1","tr|A0ABR0TS88|A0ABR0TS88_AURPU",91.5,212,3.6e-126,353,"A0ABR0TS88"
"CAD0057475.1","tr|A0ABR0TTF0|A0ABR0TTF0_AURPU",87.4,206,1.66e-126,353,"A0ABR0TTF0"
"THV88259.1","tr|A0ABR0T8J7|A0ABR0T8J7_AURPU",89.5,239,3.53e-123,352,"A0ABR0T8J7"
"CAC9894497.1","tr|A0ABR0TKS0|A0ABR0TKS0_AURPU",88.5,200,1.05e-125,352,"A0ABR0TKS0"
"CAD0053046.1","tr|A0ABR0TMU4|A0ABR0TMU4_AURPU",90.7,204,5.64e-126,352,"A0ABR0TMU4"
"KAK6001745.1","tr|A0ABR0TCU5|A0ABR0TCU5_AURPU",100,285,7.01e-123,351,"A0ABR0TCU5"
"KAK6003632.1","tr|A0ABR0TGR9|A0ABR0TGR9_AURPU",100,245,3.73e-124,351,"A0ABR0TGR9"
"THW53833.1","tr|A0ABR0TQ26|A0ABR0TQ26_AURPU",83,230,1.79e-124,350,"A0ABR0TQ26"
"THX79566.1","tr|A0ABR0TF22|A0ABR0TF22_AURPU",87.3,212,2.15e-125,350,"A0ABR0TF22"
"CAC9888599.1","tr|A0ABR0TPH2|A0ABR0TPH2_AURPU",90.1,212,8.97e-125,350,"A0ABR0TPH2"
"CAD0012112.1","tr|A0ABR0TJN7|A0ABR0TJN7_AURPU",75.4,256,9.02e-124,350,"A0ABR0TJN7"
"THY72285.1","tr|A0ABR0TAV7|A0ABR0TAV7_AURPU",86.8,219,9.86e-124,349,"A0ABR0TAV7"
"TIA39763.1","tr|A0ABR0TH22|A0ABR0TH22_AURPU",87.6,210,9.9e-123,348,"A0ABR0TH22"
"CAD0010924.1","tr|A0ABR0TP06|A0ABR0TP06_AURPU",87.9,207,1.5e-124,348,"A0ABR0TP06"
"CAD0024264.1","tr|A0ABR0TCB2|A0ABR0TCB2_AURPU",80.4,230,2.92e-124,348,"A0ABR0TCB2"
"THW69792.1","tr|A0ABR0TBB6|A0ABR0TBB6_AURPU",88.6,202,3.5e-124,347,"A0ABR0TBB6"
"THZ60847.1","tr|A0ABR0TS00|A0ABR0TS00_AURPU",82.2,208,5.34e-119,347,"A0ABR0TS00"
"KAK6000246.1","tr|A0ABR0T8I7|A0ABR0T8I7_AURPU",100,201,4.62e-124,347,"A0ABR0T8I7"
"KAK6000947.1","tr|A0ABR0T928|A0ABR0T928_AURPU",100,220,1.36e-123,347,"A0ABR0T928"
"THW47639.1","tr|A0ABR0TN59|A0ABR0TN59_AURPU",89.7,204,1.39e-122,346,"A0ABR0TN59"
"CAC9893583.1","tr|A0ABR0TT06|A0ABR0TT06_AURPU",81.9,226,7.75e-123,345,"A0ABR0TT06"
"CAD0058882.1","tr|A0ABR0TEA4|A0ABR0TEA4_AURPU",87.9,206,1.35e-123,345,"A0ABR0TEA4"
"CAR4717465.1","tr|A0ABR0TA74|A0ABR0TA74_AURPU",84.3,223,7.12e-123,345,"A0ABR0TA74"
"KAK6004948.1","tr|A0ABR0TKH3|A0ABR0TKH3_AURPU",100,259,1.16e-120,343,"A0ABR0TKH3"
"CAD0049596.1","tr|A0ABR0TGC1|A0ABR0TGC1_AURPU",75.9,232,1.11e-121,342,"A0ABR0TGC1"
"THY16092.1","tr|A0ABR0TUP5|A0ABR0TUP5_AURPU",86.1,238,7.28e-121,341,"A0ABR0TUP5"
"THX14342.1","tr|A0ABR0TE72|A0ABR0TE72_AURPU",90.3,237,2.08e-120,340,"A0ABR0TE72"
"KAK5999958.1","tr|A0ABR0T6A1|A0ABR0T6A1_AURPU",100,216,2.26e-120,339,"A0ABR0T6A1"
"KAK6003325.1","tr|A0ABR0TH85|A0ABR0TH85_AURPU",100,209,9.41e-121,339,"A0ABR0TH85"
"KAK6004183.1","tr|A0ABR0TIB2|A0ABR0TIB2_AURPU",100,229,4.19e-120,339,"A0ABR0TIB2"
"THW62406.1","tr|A0ABR0TD42|A0ABR0TD42_AURPU",88.8,205,1.22e-119,338,"A0ABR0TD42"
"KAK6002566.1","tr|A0ABR0TDQ2|A0ABR0TDQ2_AURPU",100,203,2.44e-120,338,"A0ABR0TDQ2"
"KAK6005168.1","tr|A0ABR0TL53|A0ABR0TL53_AURPU",100,240,2.71e-119,338,"A0ABR0TL53"
"CAD0029611.1","tr|A0ABR0TVR6|A0ABR0TVR6_AURPU",84.1,220,5.44e-120,337,"A0ABR0TVR6"
"CAD0037340.1","tr|A0ABR0T7L1|A0ABR0T7L1_AURPU",84,231,1.44e-119,337,"A0ABR0T7L1"
"CAD0026348.1","tr|A0ABR0TN42|A0ABR0TN42_AURPU",78.7,216,1.3e-119,336,"A0ABR0TN42"
"CAD0041155.1","tr|A0ABR0TQR2|A0ABR0TQR2_AURPU",87.8,205,1.11e-119,335,"A0ABR0TQR2"
"CAD0015499.1","tr|A0ABR0T8Z9|A0ABR0T8Z9_AURPU",80,240,3.17e-118,334,"A0ABR0T8Z9"
"CAD0025310.1","tr|A0ABR0TQ72|A0ABR0TQ72_AURPU",78.5,205,3.42e-119,334,"A0ABR0TQ72"
"KAK6001216.1","tr|A0ABR0T9V7|A0ABR0T9V7_AURPU",100,278,8.3e-116,332,"A0ABR0T9V7"
"KAK6001695.1","tr|A0ABR0TB74|A0ABR0TB74_AURPU",100,268,5.71e-116,332,"A0ABR0TB74"
"CAD0012123.1","tr|A0ABR0TI12|A0ABR0TI12_AURPU",79.3,222,4.32e-118,332,"A0ABR0TI12"
"THW68403.1","tr|A0ABR0TPF8|A0ABR0TPF8_AURPU",84.5,200,5.35e-118,331,"A0ABR0TPF8"
"THY06270.1","tr|A0ABR0TM38|A0ABR0TM38_AURPU",85.1,201,1.54e-117,330,"A0ABR0TM38"
"KAK6000869.1","tr|A0ABR0T919|A0ABR0T919_AURPU",100,263,2.29e-115,330,"A0ABR0T919"
"CAD0017942.1","tr|A0ABR0TCA0|A0ABR0TCA0_AURPU",81.8,225,1.51e-116,329,"A0ABR0TCA0"
"KAK6006954.1","tr|A0ABR0TRR9|A0ABR0TRR9_AURPU",100,310,5.4e-113,328,"A0ABR0TRR9"
"CAC9888596.1","tr|A0ABR0TPF3|A0ABR0TPF3_AURPU",79.8,213,9.41e-117,328,"A0ABR0TPF3"
"THW70387.1","tr|A0ABR0THX3|A0ABR0THX3_AURPU",75.9,212,4.7e-116,327,"A0ABR0THX3"
"KAK6008016.1","tr|A0ABR0TVV7|A0ABR0TVV7_AURPU",100,258,2.61e-114,327,"A0ABR0TVV7"
"CAD0014292.1","tr|A0A1A7MJ80|A0A1A7MJ80_AURPU",84.1,207,1.83e-116,327,"A0A1A7MJ80"
"CAD0058781.1","tr|A0ABR0T6P0|A0ABR0T6P0_AURPU",78.3,230,1.06e-115,327,"A0ABR0T6P0"
"KAK6005857.1","tr|A0ABR0TNY8|A0ABR0TNY8_AURPU",100,305,2.17e-112,326,"A0ABR0TNY8"
"CAD0011089.1","tr|A0ABR0TM54|A0ABR0TM54_AURPU",80.2,212,3.13e-115,325,"A0ABR0TM54"
"KAK6001078.1","tr|A0ABR0T9H3|A0ABR0T9H3_AURPU",100,202,4.87e-115,324,"A0ABR0T9H3"
"CAC9890639.1","tr|A0ABR0T5X9|A0ABR0T5X9_AURPU",84.5,206,6.22e-114,322,"A0ABR0T5X9"
"CAD0010122.1","tr|A0ABR0TBN9|A0ABR0TBN9_AURPU",76.6,235,6.11e-114,322,"A0ABR0TBN9"
"KAK5999459.1","tr|A0ABR0T539|A0ABR0T539_AURPU",100,356,6.95e-109,321,"A0ABR0T539"
"KAK6001001.1","tr|A0ABR0TAF3|A0ABR0TAF3_AURPU",100,203,8.68e-114,321,"A0ABR0TAF3"
"CAR1019758.1","tr|A0ABR0T984|A0ABR0T984_AURPU",90.6,212,1.83e-111,321,"A0ABR0T984"
"KAK6002305.1","tr|A0ABR0TEA2|A0ABR0TEA2_AURPU",100,215,6.07e-113,320,"A0ABR0TEA2"
"KAK6000088.1","tr|A0ABR0T6N2|A0ABR0T6N2_AURPU",100,206,6.27e-113,319,"A0ABR0T6N2"
"THV72996.1","tr|A0ABR0T7N8|A0ABR0T7N8_AURPU",82.1,207,1.08e-112,318,"A0ABR0T7N8"
"CAD0020316.1","tr|A0ABR0TEQ8|A0ABR0TEQ8_AURPU",84.2,215,1.15e-112,318,"A0ABR0TEQ8"
"CAD0052044.1","tr|A0ABR0TJH9|A0ABR0TJH9_AURPU",83.2,202,7.37e-113,318,"A0ABR0TJH9"
"THV86376.1","tr|A0ABR0T8Z7|A0ABR0T8Z7_AURPU",81.1,212,2.43e-111,317,"A0ABR0T8Z7"
"THV81912.1","tr|A0ABR0TQX5|A0ABR0TQX5_AURPU",89.6,222,3.26e-109,317,"A0ABR0TQX5"
"CAD0020216.1","tr|A0ABR0TEJ2|A0ABR0TEJ2_AURPU",86.1,201,1.83e-112,317,"A0ABR0TEJ2"
"KAK6006862.1","tr|A0ABR0TRY2|A0ABR0TRY2_AURPU",100,200,6.63e-112,316,"A0ABR0TRY2"
"KEQ89526.1","tr|A0ABR0TWZ0|A0ABR0TWZ0_AURPU",88.7,373,2.85e-106,315,"A0ABR0TWZ0"
"CAD0053011.1","tr|A0ABR0TRG7|A0ABR0TRG7_AURPU",71,221,9.75e-111,313,"A0ABR0TRG7"
"THV74722.1","tr|A0ABR0TCE2|A0ABR0TCE2_AURPU",74.4,207,1.46e-110,312,"A0ABR0TCE2"
"THX51545.1","tr|A0ABR0T5T0|A0ABR0T5T0_AURPU",74.3,230,1.6e-108,312,"A0ABR0T5T0"
"CAD0059114.1","tr|A0ABR0TF36|A0ABR0TF36_AURPU",71.7,237,1.21e-109,311,"A0ABR0TF36"
"CAD0011923.1","tr|A0ABR0TIY5|A0ABR0TIY5_AURPU",78.9,209,1.44e-109,310,"A0ABR0TIY5"
"KAK6006319.1","tr|A0ABR0TPF7|A0ABR0TPF7_AURPU",100,230,3.89e-107,306,"A0ABR0TPF7"
"CAC9886166.1","tr|A0ABR0TI46|A0ABR0TI46_AURPU",82.8,204,2.87e-108,306,"A0ABR0TI46"
"CAD0044156.1","tr|A0ABR0TSX1|A0ABR0TSX1_AURPU",75.3,223,1.02e-107,306,"A0ABR0TSX1"
"THV74833.1","tr|A0ABR0TU41|A0ABR0TU41_AURPU",87.3,213,2.49e-105,302,"A0ABR0TU41"
"THV76415.1","tr|A0ABR0TAT5|A0ABR0TAT5_AURPU",79.2,202,1.57e-106,302,"A0ABR0TAT5"
"THW39317.1","tr|A0ABR0T8J8|A0ABR0T8J8_AURPU",72.9,240,1.68e-105,301,"A0ABR0T8J8"
"KAK5999404.1","tr|A0ABR0T4P4|A0ABR0T4P4_AURPU",100,201,8.83e-106,301,"A0ABR0T4P4"
"CAC9894392.1","tr|A0ABR0TIX2|A0ABR0TIX2_AURPU",80.6,211,9.27e-106,301,"A0ABR0TIX2"
"CAD0039651.1","tr|A0ABR0T8I0|A0ABR0T8I0_AURPU",75.3,215,6.59e-105,301,"A0ABR0T8I0"
"CAC9890006.1","tr|A0ABR0T9L4|A0ABR0T9L4_AURPU",80.2,202,1.05e-104,297,"A0ABR0T9L4"
"CAD0010842.1","tr|A0ABR0TN16|A0ABR0TN16_AURPU",74.3,222,7.51e-104,296,"A0ABR0TN16"
"CAD0050161.1","tr|A0ABR0TQM7|A0ABR0TQM7_AURPU",75.5,204,2.93e-104,296,"A0ABR0TQM7"
"KAK5999866.1","tr|A0ABR0T5Z7|A0ABR0T5Z7_AURPU",100,241,4.48e-102,295,"A0ABR0T5Z7"
"CAD0027115.1","tr|A0ABR0TFU9|A0ABR0TFU9_AURPU",76.1,205,3.78e-104,295,"A0ABR0TFU9"
"KAK6000761.1","tr|A0ABR0T9T1|A0ABR0T9T1_AURPU",100,201,4.86e-103,294,"A0ABR0T9T1"
"KAK6006391.1","tr|A0ABR0TPP3|A0ABR0TPP3_AURPU",100,204,1.22e-102,293,"A0ABR0TPP3"
"KAK5999491.1","tr|A0ABR0T4Y9|A0ABR0T4Y9_AURPU",100,213,4.78e-102,292,"A0ABR0T4Y9"
"THV78124.1","tr|A0ABR0TGS4|A0ABR0TGS4_AURPU",81.1,217,1.98e-101,290,"A0ABR0TGS4"
"CAC9890605.1","tr|A0ABR0TEA0|A0ABR0TEA0_AURPU",78,205,2.79e-99,284,"A0ABR0TEA0"
"KAK6002453.1","tr|A0ABR0TDC9|A0ABR0TDC9_AURPU",100,217,4.72e-97,280,"A0ABR0TDC9"
"TIA40559.1","tr|A0ABR0TRG5|A0ABR0TRG5_AURPU",84.2,202,2.77e-97,279,"A0ABR0TRG5"
"KAK6001732.1","tr|A0ABR0TC75|A0ABR0TC75_AURPU",100,201,2.96e-97,279,"A0ABR0TC75"
"CAD0019288.1","tr|A0ABR0TUX2|A0ABR0TUX2_AURPU",74.6,209,3.89e-97,279,"A0ABR0TUX2"
"CAD0049249.1","tr|A0ABR0TDJ5|A0ABR0TDJ5_AURPU",72.9,203,5.86e-98,279,"A0ABR0TDJ5"
"THZ49801.1","tr|A0ABR0TG36|A0ABR0TG36_AURPU",82.8,221,4.92e-95,276,"A0ABR0TG36"
"CAD0027834.1","tr|A0ABR0T9V6|A0ABR0T9V6_AURPU",72.3,213,6.8e-96,276,"A0ABR0T9V6"
"CAD0031084.1","tr|A0ABR0TCJ5|A0ABR0TCJ5_AURPU",75.1,201,1.29e-95,274,"A0ABR0TCJ5"
"THX79253.1","tr|A0ABR0TGG2|A0ABR0TGG2_AURPU",86.9,245,6.71e-92,273,"A0ABR0TGG2"
"CAR1032343.1","tr|A0ABR0T5B6|A0ABR0T5B6_AURPU",79.5,200,9.91e-94,272,"A0ABR0T5B6"
"CAD0012462.1","tr|A0ABR0T6J6|A0ABR0T6J6_AURPU",72.4,210,1.47e-93,269,"A0ABR0T6J6"
"CAD0020735.1","tr|A0ABR0TJ15|A0ABR0TJ15_AURPU",74.2,209,2.1e-93,269,"A0ABR0TJ15"
"TIA14539.1","tr|A0ABR0T9Y1|A0ABR0T9Y1_AURPU",79.4,310,3.04e-89,268,"A0ABR0T9Y1"
"CAD0040204.1","tr|A0ABR0TRC4|A0ABR0TRC4_AURPU",72.3,206,5.97e-93,267,"A0ABR0TRC4"
"THY32484.1","tr|A0ABR0TEN8|A0ABR0TEN8_AURPU",90.9,219,6.67e-89,266,"A0ABR0TEN8"
"CAC9893184.1","tr|A0ABR0TTK2|A0ABR0TTK2_AURPU",72.6,208,4.56e-92,265,"A0ABR0TTK2"
"CAD0011211.1","tr|A0ABR0TMJ8|A0ABR0TMJ8_AURPU",87,215,2.98e-91,265,"A0ABR0TMJ8"
"KAK6003832.1","tr|A0ABR0TI81|A0ABR0TI81_AURPU",100,224,1.9e-90,264,"A0ABR0TI81"
"KAK6007931.1","tr|A0ABR0TUT5|A0ABR0TUT5_AURPU",100,212,2.29e-90,263,"A0ABR0TUT5"
"KAK6000405.1","tr|A0ABR0T7I7|A0ABR0T7I7_AURPU",100,205,2.16e-87,254,"A0ABR0T7I7"
"THV99294.1","tr|A0ABR0TE61|A0ABR0TE61_AURPU",71.7,212,1.58e-86,252,"A0ABR0TE61"
"KAK6004860.1","tr|A0ABR0TK76|A0ABR0TK76_AURPU",100,235,6.02e-85,251,"A0ABR0TK76"
"KAK6005987.1","tr|A0ABR0TNJ0|A0ABR0TNJ0_AURPU",100,276,1.02e-83,251,"A0ABR0TNJ0"
"KAK6001803.1","tr|A0ABR0TBI9|A0ABR0TBI9_AURPU",100,502,1.24e-77,250,"A0ABR0TBI9"
"THY36755.1","tr|A0ABR0TU36|A0ABR0TU36_AURPU",72.3,202,5e-85,249,"A0ABR0TU36"
"KAK6000063.1","tr|A0ABR0T6J3|A0ABR0T6J3_AURPU",100,208,5.11e-85,249,"A0ABR0T6J3"
"KAK6008873.1","tr|A0ABR0TWT6|A0ABR0TWT6_AURPU",100,208,2.07e-84,247,"A0ABR0TWT6"
"KAK6005364.1","tr|A0ABR0TMA1|A0ABR0TMA1_AURPU",100,214,6.39e-84,246,"A0ABR0TMA1"
"KAK6001488.1","tr|A0ABR0TAM0|A0ABR0TAM0_AURPU",100,423,8.08e-76,241,"A0ABR0TAM0"
"KAK6000096.1","tr|A0ABR0T839|A0ABR0T839_AURPU",100,234,1.41e-80,239,"A0ABR0T839"
"KAK6000347.1","tr|A0ABR0T7D3|A0ABR0T7D3_AURPU",100,236,1.31e-79,237,"A0ABR0T7D3"
"KAK6003486.1","tr|A0ABR0THV1|A0ABR0THV1_AURPU",100,253,1.2e-78,236,"A0ABR0THV1"
"KAK6001945.1","tr|A0ABR0TDA3|A0ABR0TDA3_AURPU",100,200,4.01e-78,231,"A0ABR0TDA3"
"KAK6005301.1","tr|A0ABR0TN11|A0ABR0TN11_AURPU",100,249,4.87e-76,229,"A0ABR0TN11"
"THW91880.1","tr|A0ABR0TTD3|A0ABR0TTD3_AURPU",83.2,244,1.47e-73,224,"A0ABR0TTD3"
"KAK6002506.1","tr|A0ABR0TDJ6|A0ABR0TDJ6_AURPU",100,202,2.36e-73,219,"A0ABR0TDJ6"
"CAD0044544.1","tr|A0ABR0TJB3|A0ABR0TJB3_AURPU",71,207,3.74e-73,218,"A0ABR0TJB3"
"KAK6008041.1","tr|A0ABR0TU81|A0ABR0TU81_AURPU",100,338,1.09e-67,214,"A0ABR0TU81"
"KAK6007519.1","tr|A0ABR0TSU5|A0ABR0TSU5_AURPU",100,293,3.05e-67,210,"A0ABR0TSU5"
"THY35473.1","tr|A0ABR0TEQ0|A0ABR0TEQ0_AURPU",74.8,202,1.64e-67,203,"A0ABR0TEQ0"
"KAK6004169.1","tr|A0ABR0TID0|A0ABR0TID0_AURPU",100,385,7.77e-60,197,"A0ABR0TID0"
"KAK6007842.1","tr|A0ABR0TU48|A0ABR0TU48_AURPU",100,429,1.06e-58,196,"A0ABR0TU48"
"KAK6004691.1","tr|A0ABR0TKS4|A0ABR0TKS4_AURPU",100,208,2.09e-62,191,"A0ABR0TKS4"
"KAK6004524.1","tr|A0ABR0TJV1|A0ABR0TJV1_AURPU",100,294,2.07e-59,190,"A0ABR0TJV1"
"KAK6000818.1","tr|A0ABR0T8Q2|A0ABR0T8Q2_AURPU",100,252,1.24e-56,180,"A0ABR0T8Q2"
"KAK6008217.1","tr|A0ABR0TV72|A0ABR0TV72_AURPU",100,205,3.39e-57,178,"A0ABR0TV72"
"KAK6001238.1","tr|A0ABR0T9Z3|A0ABR0T9Z3_AURPU",100,251,5.94e-54,173,"A0ABR0T9Z3"
"KAK6000194.1","tr|A0ABR0T756|A0ABR0T756_AURPU",100,227,3.82e-51,164,"A0ABR0T756"
"KAK5999481.1","tr|A0ABR0T696|A0ABR0T696_AURPU",100,352,2.72e-37,135,"A0ABR0T696"
"KAK6000169.1","tr|A0ABR0T6U2|A0ABR0T6U2_AURPU",100,200,3.51e-28,103,"A0ABR0T6U2"
